# Blender 3.4.1
# www.blender.org
o Mball.006
v -0.234921 -1.022902 1.801211
v -0.356180 -0.780386 1.801211
v -0.234921 -0.901644 1.801211
v -0.234921 -0.780386 1.801211
v -0.356180 -0.659128 1.801211
v -0.356180 -0.537869 1.801211
v -0.234921 -0.659128 1.922469
v -0.234921 -0.537869 1.922469
v -0.234921 -0.659128 1.801211
v -0.234921 -0.537869 1.801211
v -0.356180 -0.416611 1.801211
v -0.356180 -0.295353 1.801211
v -0.234921 -0.416611 1.922469
v -0.234921 -0.416611 1.801211
v -0.234921 -0.295353 1.801211
v -0.234921 -0.174095 1.801211
v -0.234921 -0.052836 1.801211
v -1.932537 -0.052836 0.952403
v -1.932537 -0.052836 0.831145
v -1.811279 -0.052836 1.194920
v -1.811279 -0.052836 1.073662
v -1.690021 -0.052836 1.194920
v -1.690021 -0.174095 1.073662
v -1.690021 -0.052836 1.073662
v -1.690021 -0.295353 0.952403
v -1.690021 -0.295353 0.831145
v -1.811279 -0.174095 0.952403
v -1.811279 -0.052836 0.952403
v -1.811279 -0.174095 0.831145
v -1.811279 -0.052836 0.831145
v -1.690021 -0.174095 0.952403
v -1.690021 -0.052836 0.952403
v -1.690021 -0.174095 0.831145
v -1.568762 -0.052836 1.316178
v -1.447504 -0.052836 1.316178
v -1.326246 -0.052836 1.316178
v -1.204988 -0.174095 1.316178
v -1.204988 -0.052836 1.316178
v -1.326246 -0.537869 0.831145
v -1.204988 -0.537869 0.952403
v -1.204988 -0.537869 0.831145
v -1.447504 -0.295353 1.073662
v -1.568762 -0.174095 1.194920
v -1.568762 -0.052836 1.194920
v -1.568762 -0.174095 1.073662
v -1.568762 -0.052836 1.073662
v -1.447504 -0.174095 1.194920
v -1.447504 -0.052836 1.194920
v -1.447504 -0.174095 1.073662
v -1.568762 -0.295353 0.952403
v -1.568762 -0.416611 0.831145
v -1.568762 -0.295353 0.831145
v -1.447504 -0.416611 0.952403
v -1.447504 -0.295353 0.952403
v -1.447504 -0.416611 0.831145
v -1.447504 -0.295353 0.831145
v -1.568762 -0.174095 0.952403
v -1.447504 -0.174095 0.952403
v -1.326246 -0.295353 1.073662
v -1.204988 -0.295353 1.194920
v -1.204988 -0.416611 1.073662
v -1.204988 -0.295353 1.073662
v -1.326246 -0.174095 1.194920
v -1.326246 -0.052836 1.194920
v -1.326246 -0.174095 1.073662
v -1.204988 -0.174095 1.194920
v -1.204988 -0.052836 1.194920
v -1.204988 -0.174095 1.073662
v -1.326246 -0.416611 0.952403
v -1.326246 -0.295353 0.952403
v -1.326246 -0.416611 0.831145
v -1.204988 -0.416611 0.952403
v -1.204988 -0.295353 0.952403
v -1.204988 -0.416611 0.831145
v -1.932537 -0.052836 0.709887
v -1.932537 -0.174095 0.588629
v -1.932537 -0.052836 0.588629
v -1.932537 -0.174095 0.467370
v -1.932537 -0.052836 0.467370
v -1.932537 -0.174095 0.346112
v -1.932537 -0.052836 0.346112
v -1.811279 -0.295353 0.709887
v -1.811279 -0.295353 0.588629
v -1.690021 -0.295353 0.709887
v -1.690021 -0.416611 0.588629
v -1.690021 -0.295353 0.588629
v -1.811279 -0.174095 0.709887
v -1.811279 -0.052836 0.709887
v -1.811279 -0.174095 0.588629
v -1.811279 -0.052836 0.588629
v -1.690021 -0.174095 0.709887
v -1.811279 -0.295353 0.467370
v -1.811279 -0.295353 0.346112
v -1.690021 -0.416611 0.467370
v -1.690021 -0.295353 0.467370
v -1.690021 -0.416611 0.346112
v -1.690021 -0.295353 0.346112
v -1.811279 -0.174095 0.467370
v -1.811279 -0.174095 0.346112
v -1.932537 -0.174095 0.224854
v -1.932537 -0.052836 0.224854
v -1.932537 -0.052836 0.103595
v -1.932537 -0.052836 -0.017663
v -1.811279 -0.295353 0.224854
v -1.811279 -0.295353 0.103595
v -1.690021 -0.416611 0.224854
v -1.690021 -0.295353 0.224854
v -1.690021 -0.416611 0.103595
v -1.690021 -0.295353 0.103595
v -1.811279 -0.174095 0.224854
v -1.811279 -0.052836 0.224854
v -1.811279 -0.174095 0.103595
v -1.811279 -0.052836 0.103595
v -1.811279 -0.295353 -0.017663
v -1.690021 -0.416611 -0.017663
v -1.690021 -0.295353 -0.017663
v -1.690021 -0.295353 -0.138921
v -1.811279 -0.174095 -0.017663
v -1.811279 -0.052836 -0.017663
v -1.811279 -0.174095 -0.138921
v -1.811279 -0.052836 -0.138921
v -1.690021 -0.174095 -0.017663
v -1.690021 -0.174095 -0.138921
v -1.690021 -0.052836 -0.138921
v -1.568762 -0.537869 0.588629
v -1.447504 -0.537869 0.709887
v -1.447504 -0.537869 0.588629
v -1.568762 -0.537869 0.467370
v -1.568762 -0.537869 0.346112
v -1.447504 -0.659128 0.467370
v -1.447504 -0.537869 0.467370
v -1.447504 -0.659128 0.346112
v -1.447504 -0.537869 0.346112
v -1.326246 -0.537869 0.709887
v -1.326246 -0.659128 0.588629
v -1.326246 -0.537869 0.588629
v -1.204988 -0.659128 0.709887
v -1.204988 -0.537869 0.709887
v -1.204988 -0.659128 0.588629
v -1.204988 -0.537869 0.588629
v -1.326246 -0.659128 0.467370
v -1.326246 -0.537869 0.467370
v -1.326246 -0.659128 0.346112
v -1.204988 -0.659128 0.467370
v -1.204988 -0.659128 0.346112
v -1.568762 -0.416611 0.709887
v -1.568762 -0.295353 0.709887
v -1.568762 -0.416611 0.588629
v -1.568762 -0.295353 0.588629
v -1.447504 -0.416611 0.709887
v -1.447504 -0.416611 0.588629
v -1.568762 -0.416611 0.467370
v -1.568762 -0.416611 0.346112
v -1.326246 -0.416611 0.709887
v -1.568762 -0.537869 0.224854
v -1.568762 -0.537869 0.103595
v -1.447504 -0.659128 0.224854
v -1.447504 -0.537869 0.224854
v -1.447504 -0.659128 0.103595
v -1.447504 -0.537869 0.103595
v -1.568762 -0.537869 -0.017663
v -1.447504 -0.537869 -0.017663
v -1.447504 -0.537869 -0.138921
v -1.326246 -0.659128 0.224854
v -1.326246 -0.659128 0.103595
v -1.326246 -0.537869 0.103595
v -1.204988 -0.659128 0.224854
v -1.204988 -0.659128 0.103595
v -1.326246 -0.659128 -0.017663
v -1.326246 -0.537869 -0.017663
v -1.326246 -0.659128 -0.138921
v -1.326246 -0.537869 -0.138921
v -1.204988 -0.659128 -0.017663
v -1.204988 -0.659128 -0.138921
v -1.204988 -0.537869 -0.138921
v -1.568762 -0.416611 0.224854
v -1.568762 -0.416611 0.103595
v -1.568762 -0.416611 -0.017663
v -1.568762 -0.295353 -0.017663
v -1.568762 -0.416611 -0.138921
v -1.568762 -0.295353 -0.138921
v -1.447504 -0.416611 -0.017663
v -1.447504 -0.416611 -0.138921
v -1.326246 -0.416611 -0.138921
v -0.477438 -1.022902 1.437436
v -0.477438 -1.022902 1.316178
v -0.356180 -1.022902 1.679953
v -0.356180 -1.144161 1.558695
v -0.356180 -1.022902 1.558695
v -0.234921 -1.144161 1.679953
v -0.234921 -1.022902 1.679953
v -0.234921 -1.144161 1.558695
v -0.234921 -1.022902 1.558695
v -0.234921 -1.265419 1.437436
v -0.234921 -1.265419 1.316178
v -0.356180 -1.144161 1.437436
v -0.356180 -1.022902 1.437436
v -0.356180 -1.144161 1.316178
v -0.356180 -1.022902 1.316178
v -0.234921 -1.144161 1.437436
v -0.234921 -1.144161 1.316178
v -0.477438 -1.022902 1.194920
v -0.477438 -1.022902 1.073662
v -0.477438 -1.022902 0.952403
v -0.477438 -1.022902 0.831145
v -0.234921 -1.265419 1.194920
v -0.234921 -1.265419 1.073662
v -0.356180 -1.144161 1.194920
v -0.356180 -1.022902 1.194920
v -0.356180 -1.144161 1.073662
v -0.356180 -1.022902 1.073662
v -0.234921 -1.144161 1.194920
v -0.234921 -1.144161 1.073662
v -0.234921 -1.265419 0.952403
v -0.234921 -1.265419 0.831145
v -0.356180 -1.144161 0.952403
v -0.356180 -1.022902 0.952403
v -0.356180 -1.144161 0.831145
v -0.356180 -1.022902 0.831145
v -0.234921 -1.144161 0.952403
v -0.234921 -1.144161 0.831145
v -0.719954 -0.659128 1.316178
v -0.719954 -0.537869 1.316178
v -0.962471 -0.295353 1.316178
v -1.083729 -0.174095 1.316178
v -1.083729 -0.052836 1.316178
v -0.962471 -0.174095 1.316178
v -0.962471 -0.052836 1.316178
v -0.841213 -0.416611 1.316178
v -0.841213 -0.295353 1.316178
v -0.719954 -0.295353 1.437436
v -0.719954 -0.416611 1.316178
v -0.719954 -0.295353 1.316178
v -0.841213 -0.052836 1.437436
v -0.841213 -0.174095 1.316178
v -0.841213 -0.052836 1.316178
v -0.719954 -0.174095 1.437436
v -0.719954 -0.052836 1.437436
v -0.719954 -0.174095 1.316178
v -0.719954 -0.052836 1.316178
v -0.962471 -0.537869 1.073662
v -1.083729 -0.537869 0.952403
v -1.083729 -0.659128 0.831145
v -1.083729 -0.537869 0.831145
v -0.962471 -0.659128 0.952403
v -0.962471 -0.537869 0.952403
v -0.962471 -0.659128 0.831145
v -0.962471 -0.537869 0.831145
v -0.719954 -0.780386 1.194920
v -0.719954 -0.780386 1.073662
v -0.841213 -0.537869 1.194920
v -0.841213 -0.659128 1.073662
v -0.841213 -0.537869 1.073662
v -0.719954 -0.659128 1.194920
v -0.719954 -0.537869 1.194920
v -0.719954 -0.659128 1.073662
v -0.719954 -0.537869 1.073662
v -0.841213 -0.780386 0.831145
v -0.719954 -0.780386 0.952403
v -0.719954 -0.780386 0.831145
v -0.841213 -0.659128 0.952403
v -0.841213 -0.537869 0.952403
v -0.841213 -0.659128 0.831145
v -0.719954 -0.659128 0.952403
v -0.719954 -0.659128 0.831145
v -1.083729 -0.295353 1.194920
v -1.083729 -0.416611 1.073662
v -1.083729 -0.295353 1.073662
v -0.962471 -0.416611 1.194920
v -0.962471 -0.295353 1.194920
v -0.962471 -0.416611 1.073662
v -0.962471 -0.295353 1.073662
v -1.083729 -0.174095 1.194920
v -0.962471 -0.174095 1.194920
v -1.083729 -0.416611 0.952403
v -0.962471 -0.416611 0.952403
v -0.841213 -0.416611 1.194920
v -0.841213 -0.295353 1.194920
v -0.841213 -0.416611 1.073662
v -0.719954 -0.416611 1.194920
v -0.477438 -0.780386 1.679953
v -0.477438 -0.901644 1.558695
v -0.477438 -0.780386 1.558695
v -0.598696 -0.537869 1.558695
v -0.477438 -0.659128 1.679953
v -0.477438 -0.537869 1.679953
v -0.477438 -0.659128 1.558695
v -0.477438 -0.537869 1.558695
v -0.598696 -0.780386 1.437436
v -0.598696 -0.901644 1.316178
v -0.598696 -0.780386 1.316178
v -0.477438 -0.901644 1.437436
v -0.477438 -0.780386 1.437436
v -0.477438 -0.901644 1.316178
v -0.477438 -0.780386 1.316178
v -0.598696 -0.659128 1.437436
v -0.598696 -0.537869 1.437436
v -0.598696 -0.659128 1.316178
v -0.598696 -0.537869 1.316178
v -0.477438 -0.659128 1.437436
v -0.477438 -0.537869 1.437436
v -0.356180 -0.901644 1.679953
v -0.356180 -0.780386 1.679953
v -0.356180 -0.901644 1.558695
v -0.356180 -0.780386 1.558695
v -0.234921 -0.901644 1.679953
v -0.234921 -0.780386 1.679953
v -0.356180 -0.659128 1.679953
v -0.356180 -0.537869 1.679953
v -0.356180 -0.901644 1.437436
v -0.598696 -0.416611 1.558695
v -0.598696 -0.295353 1.558695
v -0.477438 -0.416611 1.679953
v -0.477438 -0.295353 1.679953
v -0.477438 -0.416611 1.558695
v -0.477438 -0.295353 1.558695
v -0.477438 -0.174095 1.558695
v -0.477438 -0.052836 1.558695
v -0.598696 -0.416611 1.437436
v -0.598696 -0.295353 1.437436
v -0.598696 -0.416611 1.316178
v -0.598696 -0.295353 1.316178
v -0.477438 -0.295353 1.437436
v -0.598696 -0.174095 1.437436
v -0.598696 -0.052836 1.437436
v -0.477438 -0.174095 1.437436
v -0.477438 -0.052836 1.437436
v -0.356180 -0.416611 1.679953
v -0.356180 -0.295353 1.679953
v -0.356180 -0.295353 1.558695
v -0.234921 -0.295353 1.679953
v -0.356180 -0.174095 1.679953
v -0.356180 -0.052836 1.679953
v -0.356180 -0.174095 1.558695
v -0.356180 -0.052836 1.558695
v -0.234921 -0.174095 1.679953
v -0.234921 -0.052836 1.679953
v -0.234921 -0.052836 1.558695
v -0.598696 -0.901644 1.194920
v -0.598696 -0.780386 1.194920
v -0.598696 -0.901644 1.073662
v -0.598696 -0.780386 1.073662
v -0.477438 -0.901644 1.194920
v -0.477438 -0.901644 1.073662
v -0.598696 -0.659128 1.194920
v -0.598696 -0.901644 0.952403
v -0.598696 -0.780386 0.952403
v -0.598696 -0.901644 0.831145
v -0.598696 -0.780386 0.831145
v -0.477438 -0.901644 0.952403
v -0.477438 -0.901644 0.831145
v -0.477438 -1.022902 0.709887
v -0.234921 -1.265419 0.709887
v -0.234921 -1.265419 0.588629
v -0.356180 -1.144161 0.709887
v -0.356180 -1.022902 0.709887
v -0.356180 -1.022902 0.588629
v -0.234921 -1.144161 0.709887
v -0.234921 -1.022902 0.709887
v -0.234921 -1.144161 0.588629
v -0.234921 -1.022902 0.588629
v -0.356180 -1.022902 0.467370
v -0.234921 -1.144161 0.467370
v -0.234921 -1.022902 0.467370
v -0.234921 -1.022902 0.346112
v -0.962471 -0.780386 0.709887
v -0.962471 -0.780386 0.588629
v -1.083729 -0.659128 0.709887
v -1.083729 -0.537869 0.709887
v -1.083729 -0.659128 0.588629
v -0.962471 -0.659128 0.709887
v -0.962471 -0.659128 0.588629
v -1.083729 -0.780386 0.467370
v -1.083729 -0.780386 0.346112
v -0.962471 -0.780386 0.467370
v -0.962471 -0.780386 0.346112
v -1.083729 -0.659128 0.467370
v -1.083729 -0.659128 0.346112
v -0.962471 -0.659128 0.467370
v -0.962471 -0.659128 0.346112
v -0.841213 -0.780386 0.709887
v -0.841213 -0.780386 0.588629
v -0.719954 -0.780386 0.709887
v -0.719954 -0.780386 0.588629
v -0.841213 -0.659128 0.709887
v -0.841213 -0.780386 0.467370
v -0.841213 -0.780386 0.346112
v -0.719954 -0.780386 0.467370
v -0.719954 -0.780386 0.346112
v -0.962471 -0.780386 0.224854
v -1.083729 -0.659128 0.224854
v -1.083729 -0.659128 0.103595
v -0.962471 -0.659128 0.224854
v -0.962471 -0.659128 0.103595
v -1.083729 -0.659128 -0.017663
v -1.083729 -0.659128 -0.138921
v -1.083729 -0.537869 -0.138921
v -0.962471 -0.659128 -0.017663
v -0.962471 -0.659128 -0.138921
v -0.962471 -0.537869 -0.138921
v -0.841213 -0.780386 0.224854
v -0.719954 -0.780386 0.224854
v -0.841213 -0.659128 0.224854
v -0.841213 -0.659128 0.103595
v -0.719954 -0.659128 0.224854
v -0.719954 -0.659128 0.103595
v -0.841213 -0.659128 -0.017663
v -0.841213 -0.659128 -0.138921
v -0.841213 -0.537869 -0.138921
v -0.719954 -0.659128 -0.017663
v -0.719954 -0.659128 -0.138921
v -0.719954 -0.537869 -0.138921
v -0.598696 -0.901644 0.709887
v -0.598696 -0.780386 0.709887
v -0.598696 -0.901644 0.588629
v -0.598696 -0.780386 0.588629
v -0.477438 -0.901644 0.709887
v -0.477438 -0.901644 0.588629
v -0.477438 -0.780386 0.588629
v -0.598696 -0.780386 0.467370
v -0.598696 -0.780386 0.346112
v -0.477438 -0.901644 0.467370
v -0.477438 -0.780386 0.467370
v -0.477438 -0.780386 0.346112
v -0.356180 -0.901644 0.709887
v -0.356180 -0.901644 0.588629
v -0.356180 -0.901644 0.467370
v -0.356180 -0.780386 0.467370
v -0.356180 -0.901644 0.346112
v -0.356180 -0.780386 0.346112
v -0.234921 -0.901644 0.467370
v -0.234921 -0.901644 0.346112
v -0.234921 -0.780386 0.346112
v -0.598696 -0.780386 0.224854
v -0.477438 -0.780386 0.224854
v -0.598696 -0.659128 0.224854
v -0.598696 -0.659128 0.103595
v -0.477438 -0.659128 0.224854
v -0.477438 -0.659128 0.103595
v -0.598696 -0.659128 -0.017663
v -0.598696 -0.537869 -0.017663
v -0.598696 -0.659128 -0.138921
v -0.598696 -0.537869 -0.138921
v -0.477438 -0.659128 -0.017663
v -0.477438 -0.537869 -0.017663
v -0.477438 -0.537869 -0.138921
v -0.356180 -0.780386 0.224854
v -0.234921 -0.780386 0.224854
v -0.356180 -0.659128 0.224854
v -0.356180 -0.659128 0.103595
v -0.356180 -0.537869 0.103595
v -0.234921 -0.659128 0.224854
v -0.234921 -0.659128 0.103595
v -0.234921 -0.537869 0.103595
v -0.356180 -0.659128 -0.017663
v -0.356180 -0.537869 -0.017663
v -0.356180 -0.537869 -0.138921
v -0.234921 -0.537869 -0.017663
v -0.477438 -0.416611 -0.138921
v -0.356180 -0.416611 -0.017663
v -0.356180 -0.416611 -0.138921
v -0.356180 -0.295353 -0.138921
v -0.234921 -0.416611 -0.017663
v -0.234921 -0.416611 -0.138921
v -0.234921 -0.295353 -0.138921
v -0.234921 -0.174095 -0.138921
v -3.145120 0.917230 2.771277
v -3.145120 1.159746 2.892535
v -3.145120 1.038488 2.771277
v -3.145120 1.159746 2.771277
v -3.266378 1.281005 2.771277
v -3.266378 1.402263 2.771277
v -3.145120 1.281005 2.892535
v -3.145120 1.402263 2.892535
v -3.145120 1.281005 2.771277
v -3.145120 1.402263 2.771277
v -3.266378 1.523521 2.771277
v -3.266378 1.644779 2.771277
v -3.145120 1.523521 2.892535
v -3.145120 1.644779 2.892535
v -3.145120 1.523521 2.771277
v -3.145120 1.644779 2.771277
v -3.266378 1.766038 2.771277
v -3.266378 1.887296 2.771277
v -3.145120 1.766038 2.892535
v -3.145120 1.887296 2.892535
v -3.145120 1.766038 2.771277
v -3.145120 1.887296 2.771277
v -3.387636 0.917230 2.286244
v -3.266378 0.917230 2.528761
v -3.145120 0.795972 2.650019
v -3.145120 0.917230 2.650019
v -3.145120 0.795972 2.528761
v -3.145120 0.917230 2.528761
v -3.145120 0.674713 2.407502
v -3.145120 0.553455 2.286244
v -3.145120 0.674713 2.286244
v -3.266378 0.795972 2.407502
v -3.266378 0.917230 2.407502
v -3.266378 0.795972 2.286244
v -3.266378 0.917230 2.286244
v -3.145120 0.795972 2.407502
v -3.145120 0.917230 2.407502
v -3.145120 0.795972 2.286244
v -3.387636 0.917230 2.164986
v -3.387636 0.795972 2.043728
v -3.387636 0.917230 2.043728
v -3.387636 0.795972 1.922469
v -3.387636 0.917230 1.922469
v -3.387636 0.795972 1.801211
v -3.387636 0.917230 1.801211
v -3.266378 0.674713 2.164986
v -3.266378 0.674713 2.043728
v -3.145120 0.553455 2.164986
v -3.145120 0.674713 2.164986
v -3.145120 0.553455 2.043728
v -3.145120 0.674713 2.043728
v -3.266378 0.795972 2.164986
v -3.266378 0.917230 2.164986
v -3.266378 0.795972 2.043728
v -3.266378 0.917230 2.043728
v -3.145120 0.795972 2.164986
v -3.266378 0.674713 1.922469
v -3.266378 0.674713 1.801211
v -3.145120 0.553455 1.922469
v -3.145120 0.674713 1.922469
v -3.145120 0.553455 1.801211
v -3.145120 0.674713 1.801211
v -3.266378 0.795972 1.922469
v -3.266378 0.795972 1.801211
v -3.630153 1.402263 2.043728
v -3.630153 1.402263 1.922469
v -3.630153 1.402263 1.801211
v -3.630153 1.644779 2.164986
v -3.630153 1.523521 2.043728
v -3.630153 1.644779 2.043728
v -3.630153 1.766038 2.164986
v -3.630153 1.766038 2.043728
v -3.630153 1.887296 2.043728
v -3.630153 1.523521 1.922469
v -3.630153 1.644779 1.922469
v -3.630153 1.523521 1.801211
v -3.630153 1.644779 1.801211
v -3.630153 1.766038 1.922469
v -3.630153 1.887296 1.922469
v -3.630153 1.766038 1.801211
v -3.630153 1.887296 1.801211
v -3.387636 1.159746 2.528761
v -3.387636 1.281005 2.650019
v -3.387636 1.402263 2.650019
v -3.387636 1.281005 2.528761
v -3.387636 1.402263 2.528761
v -3.508894 1.159746 2.286244
v -3.387636 1.038488 2.407502
v -3.387636 1.159746 2.407502
v -3.387636 1.038488 2.286244
v -3.387636 1.159746 2.286244
v -3.508894 1.281005 2.407502
v -3.508894 1.402263 2.407502
v -3.508894 1.281005 2.286244
v -3.508894 1.402263 2.286244
v -3.387636 1.281005 2.407502
v -3.387636 1.402263 2.407502
v -3.387636 1.281005 2.286244
v -3.266378 1.038488 2.650019
v -3.266378 1.159746 2.650019
v -3.266378 1.038488 2.528761
v -3.266378 1.159746 2.528761
v -3.145120 1.038488 2.650019
v -3.145120 1.159746 2.650019
v -3.145120 1.038488 2.528761
v -3.266378 1.281005 2.650019
v -3.266378 1.402263 2.650019
v -3.266378 1.281005 2.528761
v -3.145120 1.281005 2.650019
v -3.266378 1.038488 2.407502
v -3.266378 1.159746 2.407502
v -3.266378 1.038488 2.286244
v -3.508894 1.523521 2.528761
v -3.508894 1.644779 2.528761
v -3.387636 1.523521 2.650019
v -3.387636 1.644779 2.650019
v -3.387636 1.523521 2.528761
v -3.387636 1.644779 2.528761
v -3.508894 1.766038 2.528761
v -3.508894 1.887296 2.528761
v -3.387636 1.766038 2.650019
v -3.387636 1.887296 2.650019
v -3.387636 1.766038 2.528761
v -3.387636 1.887296 2.528761
v -3.508894 1.523521 2.407502
v -3.508894 1.644779 2.407502
v -3.508894 1.523521 2.286244
v -3.508894 1.644779 2.286244
v -3.387636 1.523521 2.407502
v -3.508894 1.766038 2.407502
v -3.508894 1.887296 2.407502
v -3.508894 1.766038 2.286244
v -3.508894 1.887296 2.286244
v -3.387636 1.887296 2.407502
v -3.266378 1.523521 2.650019
v -3.266378 1.644779 2.650019
v -3.266378 1.766038 2.650019
v -3.266378 1.887296 2.650019
v -3.508894 1.038488 2.164986
v -3.508894 1.159746 2.164986
v -3.508894 1.038488 2.043728
v -3.508894 1.159746 2.043728
v -3.387636 1.038488 2.164986
v -3.387636 1.159746 2.164986
v -3.387636 1.038488 2.043728
v -3.508894 1.281005 2.164986
v -3.508894 1.402263 2.164986
v -3.508894 1.281005 2.043728
v -3.508894 1.402263 2.043728
v -3.508894 1.038488 1.922469
v -3.508894 1.159746 1.922469
v -3.508894 1.038488 1.801211
v -3.508894 1.159746 1.801211
v -3.387636 1.038488 1.922469
v -3.387636 1.038488 1.801211
v -3.508894 1.281005 1.922469
v -3.508894 1.402263 1.922469
v -3.508894 1.281005 1.801211
v -3.508894 1.402263 1.801211
v -3.508894 1.523521 2.164986
v -3.508894 1.644779 2.164986
v -3.508894 1.523521 2.043728
v -3.508894 1.644779 2.043728
v -3.508894 1.766038 2.164986
v -3.508894 1.887296 2.164986
v -3.508894 1.766038 2.043728
v -3.508894 1.887296 2.043728
v -3.508894 1.887296 1.922469
v -3.023861 0.795972 2.771277
v -3.023861 0.917230 2.771277
v -2.902603 0.917230 2.892535
v -2.902603 0.795972 2.771277
v -2.902603 0.917230 2.771277
v -2.781345 0.917230 3.013794
v -2.660087 0.917230 3.013794
v -2.781345 0.674713 2.771277
v -2.660087 0.674713 2.892535
v -2.660087 0.553455 2.771277
v -2.660087 0.674713 2.771277
v -2.781345 0.795972 2.892535
v -2.781345 0.917230 2.892535
v -2.781345 0.795972 2.771277
v -2.781345 0.917230 2.771277
v -2.660087 0.795972 2.892535
v -2.660087 0.917230 2.892535
v -2.660087 0.795972 2.771277
v -2.296312 0.432197 2.771277
v -2.175054 0.432197 2.771277
v -2.538828 0.795972 3.013794
v -2.538828 0.917230 3.013794
v -2.417570 0.917230 3.135052
v -2.417570 0.795972 3.013794
v -2.417570 0.917230 3.013794
v -2.538828 0.674713 2.892535
v -2.538828 0.553455 2.771277
v -2.538828 0.674713 2.771277
v -2.417570 0.553455 2.892535
v -2.417570 0.674713 2.892535
v -2.417570 0.553455 2.771277
v -2.417570 0.674713 2.771277
v -2.538828 0.795972 2.892535
v -2.538828 0.917230 2.892535
v -2.417570 0.795972 2.892535
v -2.175054 0.674713 3.013794
v -2.296312 0.917230 3.135052
v -2.296312 0.795972 3.013794
v -2.296312 0.917230 3.013794
v -2.175054 0.917230 3.135052
v -2.175054 0.795972 3.013794
v -2.175054 0.917230 3.013794
v -2.296312 0.553455 2.892535
v -2.296312 0.674713 2.892535
v -2.296312 0.553455 2.771277
v -2.175054 0.553455 2.892535
v -2.175054 0.674713 2.892535
v -2.175054 0.553455 2.771277
v -2.296312 0.795972 2.892535
v -2.175054 0.795972 2.892535
v -2.660087 1.402263 3.256310
v -2.660087 1.523521 3.256310
v -2.660087 1.644779 3.256310
v -2.660087 1.766038 3.256310
v -2.660087 1.887296 3.256310
v -2.902603 1.038488 3.013794
v -2.902603 1.159746 3.013794
v -3.023861 1.281005 3.013794
v -3.023861 1.402263 3.013794
v -2.902603 1.281005 3.013794
v -2.902603 1.402263 3.013794
v -3.023861 1.038488 2.892535
v -3.023861 1.159746 2.892535
v -3.023861 1.038488 2.771277
v -3.023861 1.159746 2.771277
v -2.902603 1.038488 2.892535
v -2.902603 1.159746 2.892535
v -2.902603 1.038488 2.771277
v -3.023861 1.281005 2.892535
v -3.023861 1.402263 2.892535
v -2.902603 1.281005 2.892535
v -2.781345 1.159746 3.135052
v -2.781345 1.038488 3.013794
v -2.781345 1.159746 3.013794
v -2.660087 1.038488 3.135052
v -2.660087 1.159746 3.135052
v -2.660087 1.038488 3.013794
v -2.660087 1.159746 3.013794
v -2.781345 1.281005 3.135052
v -2.781345 1.402263 3.135052
v -2.781345 1.281005 3.013794
v -2.781345 1.402263 3.013794
v -2.660087 1.281005 3.135052
v -2.660087 1.402263 3.135052
v -2.781345 1.038488 2.892535
v -3.023861 1.523521 3.013794
v -3.023861 1.644779 3.013794
v -2.902603 1.523521 3.135052
v -2.902603 1.644779 3.135052
v -2.902603 1.523521 3.013794
v -2.902603 1.644779 3.013794
v -3.023861 1.766038 3.013794
v -3.023861 1.887296 3.013794
v -2.902603 1.766038 3.135052
v -2.902603 1.887296 3.135052
v -2.902603 1.766038 3.013794
v -2.902603 1.887296 3.013794
v -3.023861 1.523521 2.892535
v -3.023861 1.644779 2.892535
v -3.023861 1.766038 2.892535
v -3.023861 1.887296 2.892535
v -2.781345 1.523521 3.135052
v -2.781345 1.644779 3.135052
v -2.781345 1.523521 3.013794
v -2.660087 1.523521 3.135052
v -2.660087 1.644779 3.135052
v -2.781345 1.766038 3.135052
v -2.781345 1.887296 3.135052
v -2.781345 1.887296 3.013794
v -2.660087 1.766038 3.135052
v -2.660087 1.887296 3.135052
v -2.417570 1.159746 3.256310
v -2.538828 1.281005 3.256310
v -2.538828 1.402263 3.256310
v -2.417570 1.281005 3.256310
v -2.417570 1.402263 3.256310
v -2.296312 1.159746 3.256310
v -2.175054 1.159746 3.256310
v -2.296312 1.281005 3.256310
v -2.296312 1.402263 3.256310
v -2.175054 1.281005 3.256310
v -2.175054 1.402263 3.256310
v -2.538828 1.523521 3.256310
v -2.538828 1.644779 3.256310
v -2.417570 1.523521 3.256310
v -2.417570 1.644779 3.256310
v -2.538828 1.766038 3.256310
v -2.538828 1.887296 3.256310
v -2.417570 1.766038 3.256310
v -2.417570 1.887296 3.256310
v -2.296312 1.523521 3.256310
v -2.296312 1.644779 3.256310
v -2.175054 1.523521 3.256310
v -2.175054 1.644779 3.256310
v -2.296312 1.766038 3.256310
v -2.296312 1.887296 3.256310
v -2.175054 1.766038 3.256310
v -2.175054 1.887296 3.256310
v -2.538828 1.038488 3.135052
v -2.538828 1.159746 3.135052
v -2.538828 1.038488 3.013794
v -2.417570 1.038488 3.135052
v -2.417570 1.159746 3.135052
v -2.417570 1.038488 3.013794
v -2.538828 1.281005 3.135052
v -2.538828 1.402263 3.135052
v -2.417570 1.281005 3.135052
v -2.296312 1.038488 3.135052
v -2.296312 1.159746 3.135052
v -2.175054 1.038488 3.135052
v -2.175054 1.159746 3.135052
v -2.538828 1.887296 3.135052
v -2.902603 0.432197 2.407502
v -2.902603 0.432197 2.286244
v -2.781345 0.432197 2.528761
v -2.660087 0.432197 2.528761
v -2.781345 0.432197 2.407502
v -2.781345 0.432197 2.286244
v -2.660087 0.310938 2.407502
v -2.660087 0.432197 2.407502
v -2.660087 0.310938 2.286244
v -2.660087 0.432197 2.286244
v -3.023861 0.674713 2.528761
v -2.902603 0.674713 2.650019
v -2.902603 0.553455 2.528761
v -2.902603 0.674713 2.528761
v -3.023861 0.795972 2.650019
v -3.023861 0.917230 2.650019
v -3.023861 0.795972 2.528761
v -2.902603 0.795972 2.650019
v -2.902603 0.795972 2.528761
v -3.023861 0.553455 2.407502
v -3.023861 0.674713 2.407502
v -3.023861 0.553455 2.286244
v -3.023861 0.674713 2.286244
v -2.902603 0.553455 2.407502
v -2.902603 0.674713 2.407502
v -2.902603 0.553455 2.286244
v -3.023861 0.795972 2.407502
v -2.781345 0.553455 2.650019
v -2.781345 0.674713 2.650019
v -2.781345 0.553455 2.528761
v -2.781345 0.674713 2.528761
v -2.660087 0.553455 2.650019
v -2.660087 0.674713 2.650019
v -2.660087 0.553455 2.528761
v -2.781345 0.795972 2.650019
v -2.781345 0.553455 2.407502
v -3.023861 0.432197 2.164986
v -3.023861 0.432197 2.043728
v -2.902603 0.432197 2.164986
v -2.902603 0.432197 2.043728
v -3.023861 0.432197 1.922469
v -3.023861 0.432197 1.801211
v -2.902603 0.432197 1.922469
v -2.902603 0.432197 1.801211
v -2.781345 0.310938 2.164986
v -2.781345 0.432197 2.164986
v -2.781345 0.310938 2.043728
v -2.781345 0.432197 2.043728
v -2.660087 0.310938 2.164986
v -2.660087 0.432197 2.164986
v -2.660087 0.310938 2.043728
v -2.781345 0.310938 1.922469
v -2.781345 0.432197 1.922469
v -2.781345 0.310938 1.801211
v -2.781345 0.432197 1.801211
v -2.660087 0.310938 1.922469
v -2.660087 0.310938 1.801211
v -3.023861 0.553455 2.164986
v -3.023861 0.553455 2.043728
v -2.902603 0.553455 2.164986
v -3.023861 0.553455 1.922469
v -3.023861 0.553455 1.801211
v -2.538828 0.432197 2.650019
v -2.538828 0.432197 2.528761
v -2.417570 0.432197 2.650019
v -2.417570 0.310938 2.528761
v -2.417570 0.432197 2.528761
v -2.538828 0.310938 2.407502
v -2.538828 0.432197 2.407502
v -2.538828 0.310938 2.286244
v -2.417570 0.310938 2.407502
v -2.417570 0.432197 2.407502
v -2.417570 0.310938 2.286244
v -2.296312 0.432197 2.650019
v -2.296312 0.310938 2.528761
v -2.296312 0.432197 2.528761
v -2.175054 0.432197 2.650019
v -2.175054 0.310938 2.528761
v -2.175054 0.432197 2.528761
v -2.296312 0.189680 2.286244
v -2.175054 0.189680 2.286244
v -2.296312 0.310938 2.407502
v -2.296312 0.310938 2.286244
v -2.175054 0.310938 2.407502
v -2.175054 0.310938 2.286244
v -2.538828 0.553455 2.650019
v -2.538828 0.553455 2.528761
v -2.417570 0.553455 2.650019
v -2.296312 0.553455 2.650019
v -2.538828 0.189680 2.043728
v -2.417570 0.189680 2.164986
v -2.417570 0.189680 2.043728
v -2.538828 0.310938 2.164986
v -2.538828 0.310938 2.043728
v -2.417570 0.310938 2.164986
v -2.417570 0.310938 2.043728
v -2.538828 0.189680 1.922469
v -2.538828 0.189680 1.801211
v -2.417570 0.189680 1.922469
v -2.417570 0.189680 1.801211
v -2.538828 0.310938 1.922469
v -2.538828 0.310938 1.801211
v -2.296312 0.189680 2.164986
v -2.296312 0.189680 2.043728
v -2.175054 0.189680 2.164986
v -2.175054 0.189680 2.043728
v -2.296312 0.310938 2.164986
v -2.296312 0.189680 1.922469
v -2.296312 0.189680 1.801211
v -2.175054 0.189680 1.922469
v -2.175054 0.189680 1.801211
v -3.266378 2.008554 2.771277
v -3.266378 2.129812 2.771277
v -3.145120 2.008554 2.892535
v -3.145120 2.129812 2.892535
v -3.145120 2.008554 2.771277
v -3.145120 2.129812 2.771277
v -3.145120 2.251070 2.892535
v -3.145120 2.251070 2.771277
v -3.145120 2.372329 2.771277
v -3.630153 2.008554 1.922469
v -3.630153 2.008554 1.801211
v -3.387636 2.008554 2.650019
v -3.387636 2.008554 2.528761
v -3.387636 2.129812 2.528761
v -3.387636 2.251070 2.528761
v -3.508894 2.008554 2.407502
v -3.508894 2.129812 2.407502
v -3.508894 2.008554 2.286244
v -3.508894 2.129812 2.286244
v -3.387636 2.008554 2.407502
v -3.387636 2.129812 2.407502
v -3.387636 2.129812 2.286244
v -3.508894 2.251070 2.286244
v -3.387636 2.251070 2.407502
v -3.387636 2.372329 2.407502
v -3.387636 2.251070 2.286244
v -3.387636 2.372329 2.286244
v -3.266378 2.008554 2.650019
v -3.266378 2.129812 2.650019
v -3.266378 2.008554 2.528761
v -3.266378 2.129812 2.528761
v -3.145120 2.129812 2.650019
v -3.266378 2.251070 2.650019
v -3.266378 2.251070 2.528761
v -3.266378 2.372329 2.528761
v -3.145120 2.251070 2.650019
v -3.145120 2.372329 2.650019
v -3.145120 2.251070 2.528761
v -3.145120 2.372329 2.528761
v -3.266378 2.251070 2.407502
v -3.266378 2.372329 2.407502
v -3.266378 2.372329 2.286244
v -3.266378 2.493587 2.528761
v -3.145120 2.493587 2.650019
v -3.145120 2.493587 2.528761
v -3.145120 2.614845 2.528761
v -3.266378 2.493587 2.407502
v -3.266378 2.493587 2.286244
v -3.266378 2.614845 2.286244
v -3.145120 2.493587 2.407502
v -3.145120 2.614845 2.407502
v -3.145120 2.493587 2.286244
v -3.145120 2.614845 2.286244
v -3.145120 2.736104 2.407502
v -3.145120 2.736104 2.286244
v -3.508894 2.008554 2.164986
v -3.508894 2.129812 2.164986
v -3.508894 2.008554 2.043728
v -3.508894 2.129812 2.043728
v -3.508894 2.251070 2.164986
v -3.508894 2.251070 2.043728
v -3.508894 2.372329 2.043728
v -3.387636 2.251070 2.164986
v -3.387636 2.372329 2.164986
v -3.387636 2.251070 2.043728
v -3.387636 2.372329 2.043728
v -3.508894 2.008554 1.922469
v -3.508894 2.129812 1.922469
v -3.508894 2.008554 1.801211
v -3.508894 2.129812 1.801211
v -3.508894 2.251070 1.922469
v -3.508894 2.372329 1.922469
v -3.508894 2.251070 1.801211
v -3.508894 2.372329 1.801211
v -3.387636 2.372329 1.922469
v -3.387636 2.372329 1.801211
v -3.266378 2.372329 2.164986
v -3.387636 2.493587 2.164986
v -3.387636 2.493587 2.043728
v -3.387636 2.493587 1.922469
v -3.387636 2.493587 1.801211
v -3.387636 2.614845 1.801211
v -3.266378 2.493587 2.164986
v -3.266378 2.614845 2.164986
v -3.266378 2.493587 2.043728
v -3.266378 2.614845 2.043728
v -3.145120 2.614845 2.164986
v -3.145120 2.614845 2.043728
v -3.266378 2.736104 2.043728
v -3.145120 2.736104 2.164986
v -3.145120 2.736104 2.043728
v -3.145120 2.857362 2.043728
v -3.266378 2.493587 1.922469
v -3.266378 2.614845 1.922469
v -3.266378 2.493587 1.801211
v -3.266378 2.614845 1.801211
v -3.266378 2.736104 1.922469
v -3.266378 2.736104 1.801211
v -3.145120 2.736104 1.922469
v -3.145120 2.857362 1.922469
v -3.145120 2.736104 1.801211
v -3.145120 2.857362 1.801211
v -3.023861 2.008554 3.013794
v -3.023861 2.129812 3.013794
v -2.902603 2.008554 3.013794
v -2.902603 2.129812 3.013794
v -2.902603 2.251070 3.013794
v -3.023861 2.008554 2.892535
v -3.023861 2.129812 2.892535
v -2.902603 2.129812 2.892535
v -3.023861 2.251070 2.892535
v -3.023861 2.372329 2.892535
v -3.023861 2.251070 2.771277
v -3.023861 2.372329 2.771277
v -2.902603 2.251070 2.892535
v -2.902603 2.372329 2.892535
v -2.902603 2.372329 2.771277
v -2.781345 2.008554 3.135052
v -2.781345 2.129812 3.135052
v -2.781345 2.008554 3.013794
v -2.781345 2.129812 3.013794
v -2.660087 2.008554 3.135052
v -2.660087 2.129812 3.135052
v -2.660087 2.129812 3.013794
v -2.781345 2.251070 3.013794
v -2.781345 2.372329 3.013794
v -2.660087 2.251070 3.135052
v -2.660087 2.251070 3.013794
v -2.660087 2.372329 3.013794
v -2.781345 2.251070 2.892535
v -2.781345 2.372329 2.892535
v -2.660087 2.372329 2.892535
v -3.023861 2.493587 2.771277
v -2.902603 2.493587 2.892535
v -2.902603 2.493587 2.771277
v -2.902603 2.614845 2.771277
v -2.660087 2.493587 3.013794
v -2.781345 2.493587 2.892535
v -2.781345 2.614845 2.892535
v -2.781345 2.493587 2.771277
v -2.781345 2.614845 2.771277
v -2.660087 2.493587 2.892535
v -2.660087 2.614845 2.892535
v -2.660087 2.614845 2.771277
v -2.781345 2.736104 2.771277
v -2.660087 2.736104 2.771277
v -2.538828 2.008554 3.256310
v -2.538828 2.129812 3.256310
v -2.417570 2.008554 3.256310
v -2.417570 2.129812 3.256310
v -2.417570 2.251070 3.256310
v -2.296312 2.008554 3.256310
v -2.296312 2.129812 3.256310
v -2.175054 2.008554 3.256310
v -2.175054 2.129812 3.256310
v -2.296312 2.251070 3.256310
v -2.175054 2.251070 3.256310
v -2.538828 2.008554 3.135052
v -2.538828 2.129812 3.135052
v -2.417570 2.129812 3.135052
v -2.538828 2.251070 3.135052
v -2.538828 2.372329 3.135052
v -2.538828 2.251070 3.013794
v -2.538828 2.372329 3.013794
v -2.417570 2.251070 3.135052
v -2.417570 2.372329 3.135052
v -2.417570 2.372329 3.013794
v -2.296312 2.251070 3.135052
v -2.296312 2.372329 3.135052
v -2.296312 2.372329 3.013794
v -2.175054 2.251070 3.135052
v -2.175054 2.372329 3.135052
v -2.538828 2.493587 3.013794
v -2.538828 2.614845 3.013794
v -2.417570 2.493587 3.013794
v -2.417570 2.614845 3.013794
v -2.538828 2.493587 2.892535
v -2.538828 2.614845 2.892535
v -2.538828 2.614845 2.771277
v -2.417570 2.614845 2.892535
v -2.538828 2.736104 2.892535
v -2.538828 2.736104 2.771277
v -2.538828 2.857362 2.771277
v -2.417570 2.736104 2.892535
v -2.417570 2.736104 2.771277
v -2.417570 2.857362 2.771277
v -2.296312 2.493587 3.135052
v -2.296312 2.493587 3.013794
v -2.296312 2.614845 3.013794
v -2.175054 2.493587 3.135052
v -2.175054 2.493587 3.013794
v -2.175054 2.614845 3.013794
v -2.296312 2.614845 2.892535
v -2.175054 2.614845 2.892535
v -2.296312 2.736104 2.892535
v -2.296312 2.736104 2.771277
v -2.296312 2.857362 2.771277
v -2.175054 2.736104 2.892535
v -2.175054 2.736104 2.771277
v -2.175054 2.857362 2.771277
v -3.023861 2.372329 2.650019
v -3.023861 2.493587 2.650019
v -3.023861 2.614845 2.650019
v -3.023861 2.493587 2.528761
v -3.023861 2.614845 2.528761
v -2.902603 2.493587 2.650019
v -2.902603 2.614845 2.650019
v -2.902603 2.614845 2.528761
v -3.023861 2.736104 2.528761
v -2.902603 2.736104 2.650019
v -2.902603 2.736104 2.528761
v -2.902603 2.857362 2.528761
v -3.023861 2.614845 2.407502
v -3.023861 2.736104 2.407502
v -3.023861 2.736104 2.286244
v -3.023861 2.857362 2.286244
v -2.902603 2.736104 2.407502
v -2.902603 2.857362 2.407502
v -2.902603 2.736104 2.286244
v -2.902603 2.857362 2.286244
v -2.781345 2.614845 2.650019
v -2.781345 2.736104 2.650019
v -2.781345 2.736104 2.528761
v -2.781345 2.857362 2.528761
v -2.660087 2.736104 2.650019
v -2.660087 2.857362 2.650019
v -2.660087 2.736104 2.528761
v -2.660087 2.857362 2.528761
v -2.781345 2.857362 2.407502
v -2.781345 2.857362 2.286244
v -2.660087 2.857362 2.407502
v -3.023861 2.736104 2.164986
v -3.023861 2.857362 2.164986
v -3.023861 2.736104 2.043728
v -3.023861 2.857362 2.043728
v -2.902603 2.857362 2.164986
v -2.902603 2.857362 2.043728
v -3.023861 2.857362 1.922469
v -3.023861 2.857362 1.801211
v -2.902603 2.857362 1.922469
v -2.538828 2.736104 2.650019
v -2.538828 2.857362 2.650019
v -2.538828 2.857362 2.528761
v -2.417570 2.857362 2.650019
v -2.417570 2.857362 2.528761
v -2.296312 2.857362 2.650019
v -2.175054 2.857362 2.650019
v -2.902603 2.978620 2.286244
v -2.660087 2.978620 2.528761
v -2.781345 2.978620 2.407502
v -2.781345 2.978620 2.286244
v -2.660087 2.978620 2.407502
v -2.660087 2.978620 2.286244
v -2.902603 2.978620 2.164986
v -2.902603 2.978620 2.043728
v -3.023861 2.978620 1.922469
v -3.023861 2.978620 1.801211
v -2.902603 2.978620 1.922469
v -2.902603 2.978620 1.801211
v -2.781345 2.978620 2.164986
v -2.781345 2.978620 2.043728
v -2.781345 3.099878 2.043728
v -2.660087 2.978620 2.164986
v -2.660087 3.099878 2.164986
v -2.660087 2.978620 2.043728
v -2.660087 3.099878 2.043728
v -2.781345 2.978620 1.922469
v -2.781345 3.099878 1.922469
v -2.781345 2.978620 1.801211
v -2.781345 3.099878 1.801211
v -2.660087 3.099878 1.922469
v -2.660087 3.099878 1.801211
v -2.538828 2.978620 2.528761
v -2.417570 2.978620 2.650019
v -2.417570 2.978620 2.528761
v -2.538828 2.978620 2.407502
v -2.538828 2.978620 2.286244
v -2.538828 3.099878 2.286244
v -2.417570 2.978620 2.407502
v -2.417570 3.099878 2.407502
v -2.417570 2.978620 2.286244
v -2.417570 3.099878 2.286244
v -2.296312 2.978620 2.650019
v -2.296312 2.978620 2.528761
v -2.175054 2.978620 2.650019
v -2.175054 2.978620 2.528761
v -2.296312 2.978620 2.407502
v -2.296312 3.099878 2.407502
v -2.296312 3.099878 2.286244
v -2.175054 2.978620 2.407502
v -2.175054 3.099878 2.407502
v -2.175054 3.099878 2.286244
v -2.538828 2.978620 2.164986
v -2.538828 3.099878 2.164986
v -2.538828 3.099878 2.043728
v -2.417570 3.099878 2.164986
v -2.417570 3.099878 2.043728
v -2.538828 3.099878 1.922469
v -2.538828 3.099878 1.801211
v -2.417570 3.099878 1.922469
v -2.417570 3.099878 1.801211
v -2.417570 3.221137 1.922469
v -2.417570 3.221137 1.801211
v -2.296312 3.099878 2.164986
v -2.296312 3.099878 2.043728
v -2.175054 3.099878 2.164986
v -2.175054 3.099878 2.043728
v -2.296312 3.221137 2.043728
v -2.175054 3.221137 2.043728
v -2.296312 3.099878 1.922469
v -2.296312 3.221137 1.922469
v -2.296312 3.221137 1.801211
v -2.175054 3.221137 1.922469
v -2.175054 3.221137 1.801211
v -3.387636 0.795972 1.679953
v -3.387636 0.917230 1.679953
v -3.387636 0.795972 1.558695
v -3.387636 0.917230 1.558695
v -3.387636 0.917230 1.437436
v -3.387636 0.917230 1.316178
v -3.266378 0.674713 1.679953
v -3.266378 0.674713 1.558695
v -3.145120 0.553455 1.679953
v -3.145120 0.674713 1.679953
v -3.145120 0.553455 1.558695
v -3.145120 0.674713 1.558695
v -3.266378 0.795972 1.679953
v -3.266378 0.795972 1.558695
v -3.266378 0.917230 1.558695
v -3.266378 0.674713 1.437436
v -3.145120 0.553455 1.437436
v -3.145120 0.674713 1.437436
v -3.145120 0.553455 1.316178
v -3.145120 0.674713 1.316178
v -3.266378 0.795972 1.437436
v -3.266378 0.917230 1.437436
v -3.266378 0.795972 1.316178
v -3.266378 0.917230 1.316178
v -3.145120 0.795972 1.437436
v -3.145120 0.795972 1.316178
v -3.145120 0.674713 1.194920
v -3.145120 0.674713 1.073662
v -3.266378 0.795972 1.194920
v -3.266378 0.917230 1.194920
v -3.266378 0.917230 1.073662
v -3.145120 0.795972 1.194920
v -3.145120 0.917230 1.194920
v -3.145120 0.795972 1.073662
v -3.145120 0.917230 1.073662
v -3.145120 0.795972 0.952403
v -3.145120 0.917230 0.952403
v -3.145120 0.917230 0.831145
v -3.630153 1.402263 1.679953
v -3.630153 1.402263 1.558695
v -3.630153 1.523521 1.679953
v -3.630153 1.644779 1.679953
v -3.630153 1.523521 1.558695
v -3.630153 1.644779 1.558695
v -3.630153 1.766038 1.679953
v -3.630153 1.887296 1.679953
v -3.630153 1.766038 1.558695
v -3.630153 1.887296 1.558695
v -3.630153 1.523521 1.437436
v -3.630153 1.644779 1.437436
v -3.630153 1.766038 1.437436
v -3.630153 1.887296 1.437436
v -3.508894 1.038488 1.679953
v -3.508894 1.159746 1.679953
v -3.508894 1.038488 1.558695
v -3.508894 1.159746 1.558695
v -3.387636 1.038488 1.679953
v -3.387636 1.038488 1.558695
v -3.508894 1.281005 1.679953
v -3.508894 1.402263 1.679953
v -3.508894 1.281005 1.558695
v -3.508894 1.402263 1.558695
v -3.508894 1.038488 1.437436
v -3.508894 1.159746 1.437436
v -3.508894 1.159746 1.316178
v -3.387636 1.038488 1.437436
v -3.387636 1.159746 1.437436
v -3.387636 1.038488 1.316178
v -3.387636 1.159746 1.316178
v -3.508894 1.281005 1.437436
v -3.508894 1.402263 1.437436
v -3.508894 1.281005 1.316178
v -3.508894 1.402263 1.316178
v -3.387636 1.281005 1.316178
v -3.266378 1.038488 1.316178
v -3.508894 1.523521 1.558695
v -3.508894 1.887296 1.558695
v -3.508894 1.523521 1.437436
v -3.508894 1.644779 1.437436
v -3.508894 1.523521 1.316178
v -3.508894 1.644779 1.316178
v -3.508894 1.766038 1.437436
v -3.508894 1.887296 1.437436
v -3.508894 1.766038 1.316178
v -3.508894 1.887296 1.316178
v -3.387636 1.038488 1.194920
v -3.387636 1.159746 1.194920
v -3.387636 1.159746 1.073662
v -3.508894 1.281005 1.194920
v -3.508894 1.402263 1.194920
v -3.508894 1.402263 1.073662
v -3.387636 1.281005 1.194920
v -3.387636 1.402263 1.194920
v -3.387636 1.281005 1.073662
v -3.387636 1.402263 1.073662
v -3.387636 1.281005 0.952403
v -3.387636 1.402263 0.952403
v -3.266378 1.038488 1.194920
v -3.266378 1.159746 1.194920
v -3.266378 1.038488 1.073662
v -3.266378 1.159746 1.073662
v -3.145120 1.038488 1.073662
v -3.266378 1.281005 1.073662
v -3.266378 1.038488 0.952403
v -3.266378 1.159746 0.952403
v -3.266378 1.159746 0.831145
v -3.145120 1.038488 0.952403
v -3.145120 1.159746 0.952403
v -3.145120 1.038488 0.831145
v -3.145120 1.159746 0.831145
v -3.266378 1.281005 0.952403
v -3.266378 1.402263 0.952403
v -3.266378 1.281005 0.831145
v -3.266378 1.402263 0.831145
v -3.145120 1.281005 0.831145
v -3.145120 1.402263 0.831145
v -3.508894 1.523521 1.194920
v -3.508894 1.644779 1.194920
v -3.508894 1.523521 1.073662
v -3.508894 1.644779 1.073662
v -3.387636 1.523521 1.073662
v -3.387636 1.644779 1.073662
v -3.508894 1.766038 1.194920
v -3.508894 1.887296 1.194920
v -3.508894 1.766038 1.073662
v -3.508894 1.887296 1.073662
v -3.387636 1.887296 1.194920
v -3.387636 1.766038 1.073662
v -3.387636 1.887296 1.073662
v -3.387636 1.523521 0.952403
v -3.387636 1.644779 0.952403
v -3.387636 1.766038 0.952403
v -3.387636 1.887296 0.952403
v -3.266378 1.523521 0.952403
v -3.266378 1.644779 0.952403
v -3.266378 1.523521 0.831145
v -3.266378 1.644779 0.831145
v -3.145120 1.523521 0.831145
v -3.266378 1.766038 0.952403
v -3.266378 1.887296 0.952403
v -3.266378 1.766038 0.831145
v -3.266378 1.887296 0.831145
v -3.145120 1.887296 0.831145
v -3.145120 1.159746 0.709887
v -3.145120 1.281005 0.709887
v -3.145120 1.402263 0.709887
v -3.266378 1.523521 0.709887
v -3.266378 1.644779 0.709887
v -3.145120 1.523521 0.709887
v -3.145120 1.644779 0.709887
v -3.145120 1.523521 0.588629
v -3.145120 1.644779 0.588629
v -3.266378 1.766038 0.709887
v -3.266378 1.887296 0.709887
v -3.145120 1.766038 0.709887
v -3.145120 1.887296 0.709887
v -3.145120 1.766038 0.588629
v -3.145120 1.887296 0.588629
v -3.023861 0.432197 1.679953
v -3.023861 0.432197 1.558695
v -2.902603 0.432197 1.679953
v -2.902603 0.432197 1.558695
v -3.023861 0.432197 1.437436
v -2.902603 0.432197 1.437436
v -2.902603 0.432197 1.316178
v -2.781345 0.310938 1.679953
v -2.781345 0.432197 1.679953
v -2.781345 0.310938 1.558695
v -2.781345 0.432197 1.558695
v -2.660087 0.310938 1.679953
v -2.660087 0.310938 1.558695
v -2.781345 0.310938 1.437436
v -2.781345 0.432197 1.437436
v -2.781345 0.310938 1.316178
v -2.781345 0.432197 1.316178
v -2.660087 0.310938 1.437436
v -2.660087 0.310938 1.316178
v -2.660087 0.432197 1.316178
v -3.023861 0.553455 1.679953
v -3.023861 0.553455 1.558695
v -3.023861 0.553455 1.437436
v -3.023861 0.553455 1.316178
v -3.023861 0.674713 1.316178
v -2.902603 0.553455 1.437436
v -2.902603 0.553455 1.316178
v -2.902603 0.432197 1.194920
v -2.781345 0.432197 1.194920
v -2.781345 0.432197 1.073662
v -2.660087 0.310938 1.194920
v -2.660087 0.432197 1.194920
v -2.660087 0.432197 1.073662
v -2.660087 0.432197 0.952403
v -3.023861 0.553455 1.194920
v -3.023861 0.674713 1.194920
v -3.023861 0.553455 1.073662
v -3.023861 0.674713 1.073662
v -2.902603 0.553455 1.194920
v -2.902603 0.553455 1.073662
v -2.902603 0.674713 1.073662
v -3.023861 0.795972 1.073662
v -3.023861 0.674713 0.952403
v -2.902603 0.553455 0.952403
v -2.902603 0.674713 0.952403
v -2.902603 0.674713 0.831145
v -3.023861 0.795972 0.952403
v -3.023861 0.917230 0.952403
v -3.023861 0.795972 0.831145
v -3.023861 0.917230 0.831145
v -2.902603 0.795972 0.952403
v -2.902603 0.795972 0.831145
v -2.902603 0.917230 0.831145
v -2.781345 0.553455 1.194920
v -2.781345 0.553455 1.073662
v -2.660087 0.553455 1.073662
v -2.781345 0.553455 0.952403
v -2.781345 0.674713 0.952403
v -2.781345 0.553455 0.831145
v -2.781345 0.674713 0.831145
v -2.660087 0.553455 0.952403
v -2.660087 0.553455 0.831145
v -2.660087 0.674713 0.831145
v -2.781345 0.795972 0.831145
v -2.660087 0.795972 0.831145
v -2.538828 0.189680 1.679953
v -2.538828 0.189680 1.558695
v -2.417570 0.189680 1.679953
v -2.417570 0.189680 1.558695
v -2.538828 0.310938 1.679953
v -2.538828 0.310938 1.558695
v -2.538828 0.189680 1.437436
v -2.417570 0.189680 1.437436
v -2.417570 0.189680 1.316178
v -2.538828 0.310938 1.437436
v -2.538828 0.310938 1.316178
v -2.417570 0.310938 1.437436
v -2.417570 0.310938 1.316178
v -2.296312 0.189680 1.679953
v -2.296312 0.189680 1.558695
v -2.175054 0.189680 1.679953
v -2.175054 0.189680 1.558695
v -2.296312 0.189680 1.437436
v -2.296312 0.189680 1.316178
v -2.175054 0.189680 1.437436
v -2.175054 0.189680 1.316178
v -2.296312 0.310938 1.316178
v -2.538828 0.310938 1.194920
v -2.538828 0.432197 1.194920
v -2.538828 0.310938 1.073662
v -2.538828 0.432197 1.073662
v -2.417570 0.310938 1.194920
v -2.417570 0.310938 1.073662
v -2.417570 0.432197 1.073662
v -2.538828 0.432197 0.952403
v -2.538828 0.432197 0.831145
v -2.417570 0.310938 0.952403
v -2.417570 0.432197 0.952403
v -2.417570 0.432197 0.831145
v -2.296312 0.189680 1.194920
v -2.175054 0.189680 1.194920
v -2.175054 0.189680 1.073662
v -2.296312 0.310938 1.194920
v -2.296312 0.310938 1.073662
v -2.175054 0.310938 1.194920
v -2.175054 0.310938 1.073662
v -2.175054 0.189680 0.952403
v -2.175054 0.189680 0.831145
v -2.296312 0.310938 0.952403
v -2.296312 0.432197 0.952403
v -2.296312 0.310938 0.831145
v -2.296312 0.432197 0.831145
v -2.175054 0.310938 0.952403
v -2.175054 0.310938 0.831145
v -2.175054 0.432197 0.831145
v -2.538828 0.553455 0.952403
v -2.538828 0.553455 0.831145
v -2.538828 0.674713 0.831145
v -2.417570 0.553455 0.831145
v -3.023861 1.038488 0.831145
v -3.023861 1.159746 0.831145
v -3.023861 0.917230 0.709887
v -2.902603 0.795972 0.709887
v -2.902603 0.917230 0.709887
v -2.660087 0.674713 0.709887
v -2.781345 0.795972 0.709887
v -2.781345 0.917230 0.709887
v -2.781345 0.917230 0.588629
v -2.660087 0.795972 0.709887
v -2.660087 0.917230 0.709887
v -2.660087 0.795972 0.588629
v -2.660087 0.917230 0.588629
v -2.660087 0.917230 0.467370
v -2.417570 0.432197 0.709887
v -2.175054 0.189680 0.709887
v -2.296312 0.432197 0.709887
v -2.296312 0.432197 0.588629
v -2.175054 0.310938 0.709887
v -2.175054 0.432197 0.709887
v -2.175054 0.310938 0.588629
v -2.175054 0.432197 0.588629
v -2.175054 0.310938 0.467370
v -2.175054 0.432197 0.467370
v -2.175054 0.432197 0.346112
v -2.538828 0.553455 0.709887
v -2.538828 0.674713 0.709887
v -2.538828 0.674713 0.588629
v -2.417570 0.553455 0.709887
v -2.417570 0.674713 0.709887
v -2.417570 0.553455 0.588629
v -2.417570 0.674713 0.588629
v -2.538828 0.795972 0.709887
v -2.538828 0.795972 0.588629
v -2.538828 0.917230 0.588629
v -2.417570 0.795972 0.588629
v -2.417570 0.917230 0.588629
v -2.538828 0.917230 0.467370
v -2.417570 0.795972 0.467370
v -2.417570 0.917230 0.467370
v -2.296312 0.553455 0.709887
v -2.296312 0.553455 0.588629
v -2.296312 0.674713 0.588629
v -2.175054 0.553455 0.588629
v -2.296312 0.795972 0.588629
v -2.296312 0.553455 0.467370
v -2.296312 0.674713 0.467370
v -2.175054 0.553455 0.467370
v -2.175054 0.674713 0.467370
v -2.175054 0.553455 0.346112
v -2.175054 0.674713 0.346112
v -2.296312 0.795972 0.467370
v -2.296312 0.917230 0.467370
v -2.296312 0.795972 0.346112
v -2.296312 0.917230 0.346112
v -2.175054 0.795972 0.467370
v -2.175054 0.795972 0.346112
v -2.175054 0.917230 0.346112
v -2.175054 0.674713 0.224854
v -2.175054 0.795972 0.224854
v -2.175054 0.917230 0.224854
v -3.023861 1.038488 0.709887
v -3.023861 1.159746 0.709887
v -3.023861 1.159746 0.588629
v -2.902603 1.038488 0.709887
v -2.902603 1.159746 0.709887
v -2.902603 1.038488 0.588629
v -2.902603 1.159746 0.588629
v -3.023861 1.281005 0.709887
v -3.023861 1.402263 0.709887
v -3.023861 1.281005 0.588629
v -3.023861 1.402263 0.588629
v -2.902603 1.281005 0.588629
v -2.902603 1.402263 0.588629
v -2.902603 1.281005 0.467370
v -2.902603 1.402263 0.467370
v -2.781345 1.038488 0.709887
v -2.781345 1.038488 0.588629
v -2.781345 1.159746 0.588629
v -2.660087 1.038488 0.588629
v -2.660087 1.159746 0.588629
v -2.781345 1.281005 0.588629
v -2.781345 1.159746 0.467370
v -2.660087 1.038488 0.467370
v -2.660087 1.159746 0.467370
v -2.781345 1.281005 0.467370
v -2.781345 1.402263 0.467370
v -2.781345 1.402263 0.346112
v -2.660087 1.281005 0.467370
v -2.660087 1.402263 0.467370
v -2.660087 1.281005 0.346112
v -2.660087 1.402263 0.346112
v -3.023861 1.523521 0.709887
v -3.023861 1.523521 0.588629
v -3.023861 1.644779 0.588629
v -2.902603 1.523521 0.588629
v -2.902603 1.644779 0.588629
v -3.023861 1.887296 0.709887
v -3.023861 1.766038 0.588629
v -3.023861 1.887296 0.588629
v -2.902603 1.766038 0.588629
v -2.902603 1.887296 0.588629
v -2.902603 1.523521 0.467370
v -2.902603 1.644779 0.467370
v -2.902603 1.766038 0.467370
v -2.902603 1.887296 0.467370
v -2.781345 1.523521 0.467370
v -2.781345 1.644779 0.467370
v -2.781345 1.523521 0.346112
v -2.781345 1.644779 0.346112
v -2.660087 1.523521 0.346112
v -2.660087 1.644779 0.346112
v -2.781345 1.766038 0.467370
v -2.781345 1.887296 0.467370
v -2.781345 1.766038 0.346112
v -2.781345 1.887296 0.346112
v -2.660087 1.887296 0.467370
v -2.660087 1.766038 0.346112
v -2.660087 1.887296 0.346112
v -2.538828 1.038488 0.467370
v -2.538828 1.159746 0.467370
v -2.538828 1.159746 0.346112
v -2.417570 1.038488 0.467370
v -2.417570 1.159746 0.467370
v -2.417570 1.038488 0.346112
v -2.417570 1.159746 0.346112
v -2.538828 1.281005 0.467370
v -2.538828 1.281005 0.346112
v -2.538828 1.402263 0.346112
v -2.417570 1.281005 0.346112
v -2.417570 1.402263 0.346112
v -2.296312 1.038488 0.467370
v -2.296312 1.038488 0.346112
v -2.296312 1.159746 0.346112
v -2.175054 1.038488 0.346112
v -2.175054 1.159746 0.346112
v -2.296312 1.281005 0.346112
v -2.296312 1.402263 0.346112
v -2.175054 1.281005 0.346112
v -2.538828 1.523521 0.346112
v -2.538828 1.644779 0.346112
v -2.417570 1.523521 0.346112
v -2.417570 1.644779 0.346112
v -2.538828 1.766038 0.346112
v -2.538828 1.887296 0.346112
v -2.417570 1.766038 0.346112
v -2.417570 1.887296 0.346112
v -2.296312 1.523521 0.346112
v -2.296312 1.644779 0.346112
v -2.296312 1.766038 0.346112
v -2.296312 1.887296 0.346112
v -2.175054 1.887296 0.346112
v -2.175054 1.038488 0.224854
v -2.175054 1.159746 0.224854
v -2.296312 1.281005 0.224854
v -2.296312 1.402263 0.224854
v -2.175054 1.281005 0.224854
v -2.175054 1.402263 0.224854
v -2.296312 1.523521 0.224854
v -2.296312 1.644779 0.224854
v -2.175054 1.523521 0.224854
v -2.175054 1.644779 0.224854
v -2.296312 1.766038 0.224854
v -2.296312 1.887296 0.224854
v -2.175054 1.766038 0.224854
v -2.175054 1.887296 0.224854
v -3.630153 2.008554 1.679953
v -3.630153 2.008554 1.558695
v -3.508894 2.008554 1.679953
v -3.508894 2.129812 1.679953
v -3.508894 2.008554 1.558695
v -3.508894 2.129812 1.558695
v -3.508894 2.251070 1.679953
v -3.508894 2.372329 1.679953
v -3.508894 2.251070 1.558695
v -3.508894 2.372329 1.558695
v -3.387636 2.372329 1.679953
v -3.387636 2.251070 1.558695
v -3.387636 2.372329 1.558695
v -3.508894 2.008554 1.437436
v -3.508894 2.129812 1.437436
v -3.508894 2.008554 1.316178
v -3.508894 2.129812 1.316178
v -3.387636 2.129812 1.316178
v -3.508894 2.251070 1.437436
v -3.508894 2.251070 1.316178
v -3.387636 2.251070 1.437436
v -3.387636 2.372329 1.437436
v -3.387636 2.251070 1.316178
v -3.387636 2.372329 1.316178
v -3.266378 2.372329 1.316178
v -3.387636 2.493587 1.679953
v -3.387636 2.614845 1.679953
v -3.387636 2.493587 1.558695
v -3.387636 2.493587 1.437436
v -3.387636 2.493587 1.316178
v -3.266378 2.493587 1.679953
v -3.266378 2.614845 1.679953
v -3.266378 2.493587 1.558695
v -3.266378 2.614845 1.558695
v -3.145120 2.614845 1.558695
v -3.266378 2.736104 1.679953
v -3.266378 2.736104 1.558695
v -3.145120 2.736104 1.679953
v -3.145120 2.857362 1.679953
v -3.145120 2.736104 1.558695
v -3.145120 2.857362 1.558695
v -3.266378 2.493587 1.437436
v -3.266378 2.614845 1.437436
v -3.266378 2.493587 1.316178
v -3.266378 2.614845 1.316178
v -3.145120 2.614845 1.437436
v -3.145120 2.614845 1.316178
v -3.145120 2.736104 1.437436
v -3.145120 2.736104 1.316178
v -3.508894 2.008554 1.194920
v -3.508894 2.129812 1.194920
v -3.387636 2.008554 1.194920
v -3.387636 2.129812 1.194920
v -3.387636 2.008554 1.073662
v -3.387636 2.129812 1.073662
v -3.387636 2.251070 1.194920
v -3.387636 2.372329 1.194920
v -3.387636 2.251070 1.073662
v -3.387636 2.008554 0.952403
v -3.387636 2.129812 0.952403
v -3.266378 2.129812 1.073662
v -3.266378 2.251070 1.194920
v -3.266378 2.372329 1.194920
v -3.266378 2.251070 1.073662
v -3.266378 2.372329 1.073662
v -3.145120 2.372329 1.073662
v -3.266378 2.008554 0.952403
v -3.266378 2.129812 0.952403
v -3.266378 2.008554 0.831145
v -3.266378 2.129812 0.831145
v -3.145120 2.008554 0.831145
v -3.145120 2.129812 0.831145
v -3.266378 2.251070 0.952403
v -3.266378 2.372329 0.952403
v -3.266378 2.251070 0.831145
v -3.145120 2.251070 0.952403
v -3.145120 2.372329 0.952403
v -3.145120 2.251070 0.831145
v -3.145120 2.372329 0.831145
v -3.266378 2.493587 1.194920
v -3.266378 2.614845 1.194920
v -3.266378 2.493587 1.073662
v -3.145120 2.493587 1.194920
v -3.145120 2.614845 1.194920
v -3.145120 2.493587 1.073662
v -3.145120 2.614845 1.073662
v -3.145120 2.736104 1.194920
v -3.145120 2.493587 0.952403
v -3.145120 2.008554 0.709887
v -3.145120 2.129812 0.709887
v -3.145120 2.251070 0.709887
v -3.023861 2.857362 1.679953
v -3.023861 2.736104 1.558695
v -3.023861 2.857362 1.558695
v -2.902603 2.857362 1.679953
v -2.902603 2.857362 1.558695
v -3.023861 2.736104 1.437436
v -3.023861 2.857362 1.437436
v -3.023861 2.736104 1.316178
v -3.023861 2.857362 1.316178
v -2.902603 2.857362 1.437436
v -2.902603 2.857362 1.316178
v -2.781345 2.857362 1.316178
v -3.023861 2.372329 0.952403
v -3.023861 2.251070 0.831145
v -3.023861 2.372329 0.831145
v -2.902603 2.372329 0.831145
v -3.023861 2.614845 1.194920
v -3.023861 2.493587 1.073662
v -3.023861 2.614845 1.073662
v -2.902603 2.614845 1.073662
v -3.023861 2.736104 1.194920
v -3.023861 2.857362 1.194920
v -3.023861 2.736104 1.073662
v -2.902603 2.736104 1.194920
v -2.902603 2.857362 1.194920
v -2.902603 2.736104 1.073662
v -2.902603 2.857362 1.073662
v -3.023861 2.493587 0.952403
v -3.023861 2.614845 0.952403
v -3.023861 2.493587 0.831145
v -3.023861 2.614845 0.831145
v -2.902603 2.614845 0.952403
v -2.902603 2.493587 0.831145
v -2.902603 2.614845 0.831145
v -2.902603 2.736104 0.952403
v -2.781345 2.857362 1.194920
v -2.781345 2.736104 1.073662
v -2.781345 2.857362 1.073662
v -2.660087 2.857362 1.194920
v -2.660087 2.857362 1.073662
v -2.781345 2.614845 0.952403
v -2.781345 2.493587 0.831145
v -2.781345 2.614845 0.831145
v -2.660087 2.614845 0.831145
v -2.781345 2.736104 0.952403
v -2.781345 2.857362 0.952403
v -2.781345 2.736104 0.831145
v -2.660087 2.736104 0.952403
v -2.660087 2.857362 0.952403
v -2.660087 2.736104 0.831145
v -2.538828 2.857362 1.073662
v -2.538828 2.736104 0.952403
v -2.538828 2.857362 0.952403
v -2.538828 2.736104 0.831145
v -2.538828 2.857362 0.831145
v -2.417570 2.857362 0.952403
v -2.417570 2.736104 0.831145
v -2.417570 2.857362 0.831145
v -2.296312 2.857362 0.952403
v -2.296312 2.736104 0.831145
v -2.296312 2.857362 0.831145
v -2.175054 2.857362 0.952403
v -2.175054 2.736104 0.831145
v -2.175054 2.857362 0.831145
v -3.023861 2.978620 1.679953
v -2.902603 2.978620 1.679953
v -2.902603 2.978620 1.558695
v -2.902603 2.978620 1.437436
v -2.902603 2.978620 1.316178
v -2.781345 2.978620 1.679953
v -2.781345 3.099878 1.679953
v -2.781345 2.978620 1.558695
v -2.781345 3.099878 1.558695
v -2.660087 3.099878 1.679953
v -2.660087 2.978620 1.558695
v -2.660087 3.099878 1.558695
v -2.781345 2.978620 1.437436
v -2.781345 2.978620 1.316178
v -2.660087 2.978620 1.437436
v -2.660087 3.099878 1.437436
v -2.660087 2.978620 1.316178
v -2.660087 3.099878 1.316178
v -2.781345 2.978620 1.194920
v -2.660087 2.978620 1.194920
v -2.660087 2.978620 1.073662
v -2.538828 3.099878 1.679953
v -2.538828 3.099878 1.558695
v -2.417570 3.099878 1.679953
v -2.417570 3.099878 1.558695
v -2.417570 3.221137 1.679953
v -2.538828 3.099878 1.437436
v -2.538828 2.978620 1.316178
v -2.538828 3.099878 1.316178
v -2.417570 3.099878 1.437436
v -2.417570 3.099878 1.316178
v -2.296312 3.099878 1.679953
v -2.296312 3.099878 1.558695
v -2.175054 3.099878 1.558695
v -2.296312 3.221137 1.679953
v -2.296312 3.221137 1.558695
v -2.175054 3.221137 1.679953
v -2.175054 3.221137 1.558695
v -2.296312 3.099878 1.437436
v -2.296312 3.099878 1.316178
v -2.175054 3.099878 1.437436
v -2.175054 3.099878 1.316178
v -2.538828 2.978620 1.194920
v -2.538828 3.099878 1.194920
v -2.538828 2.978620 1.073662
v -2.417570 2.978620 1.194920
v -2.417570 3.099878 1.194920
v -2.417570 2.978620 1.073662
v -2.538828 2.978620 0.952403
v -2.417570 2.978620 0.952403
v -2.296312 2.978620 1.194920
v -2.296312 3.099878 1.194920
v -2.296312 2.978620 1.073662
v -2.175054 2.978620 1.194920
v -2.175054 3.099878 1.194920
v -2.175054 2.978620 1.073662
v -2.175054 3.099878 1.073662
v -2.296312 2.978620 0.952403
v -2.175054 2.978620 0.952403
v -3.023861 2.008554 0.709887
v -3.023861 2.129812 0.709887
v -3.023861 2.008554 0.588629
v -3.023861 2.129812 0.588629
v -2.902603 2.129812 0.709887
v -2.902603 2.008554 0.588629
v -2.902603 2.129812 0.588629
v -3.023861 2.251070 0.709887
v -3.023861 2.372329 0.709887
v -2.902603 2.251070 0.709887
v -2.902603 2.372329 0.709887
v -2.902603 2.251070 0.588629
v -2.902603 2.372329 0.588629
v -2.902603 2.008554 0.467370
v -2.781345 2.008554 0.588629
v -2.781345 2.129812 0.588629
v -2.781345 2.372329 0.709887
v -2.781345 2.251070 0.588629
v -2.781345 2.372329 0.588629
v -2.660087 2.251070 0.588629
v -2.660087 2.372329 0.588629
v -2.781345 2.008554 0.467370
v -2.781345 2.129812 0.467370
v -2.660087 2.008554 0.467370
v -2.660087 2.129812 0.467370
v -2.660087 2.008554 0.346112
v -2.660087 2.129812 0.346112
v -2.781345 2.251070 0.467370
v -2.660087 2.251070 0.467370
v -2.660087 2.372329 0.467370
v -2.902603 2.493587 0.709887
v -2.781345 2.493587 0.709887
v -2.781345 2.614845 0.709887
v -2.781345 2.493587 0.588629
v -2.660087 2.493587 0.709887
v -2.660087 2.614845 0.709887
v -2.660087 2.493587 0.588629
v -2.660087 2.736104 0.709887
v -2.538828 2.372329 0.588629
v -2.417570 2.372329 0.588629
v -2.538828 2.129812 0.467370
v -2.538828 2.008554 0.346112
v -2.538828 2.129812 0.346112
v -2.417570 2.008554 0.346112
v -2.417570 2.129812 0.346112
v -2.538828 2.251070 0.467370
v -2.538828 2.372329 0.467370
v -2.538828 2.251070 0.346112
v -2.417570 2.251070 0.467370
v -2.417570 2.372329 0.467370
v -2.417570 2.251070 0.346112
v -2.296312 2.008554 0.346112
v -2.296312 2.129812 0.346112
v -2.175054 2.008554 0.346112
v -2.175054 2.129812 0.346112
v -2.296312 2.251070 0.467370
v -2.296312 2.372329 0.467370
v -2.296312 2.251070 0.346112
v -2.296312 2.372329 0.346112
v -2.175054 2.372329 0.467370
v -2.175054 2.251070 0.346112
v -2.175054 2.372329 0.346112
v -2.538828 2.493587 0.709887
v -2.538828 2.614845 0.709887
v -2.538828 2.493587 0.588629
v -2.538828 2.614845 0.588629
v -2.417570 2.614845 0.709887
v -2.417570 2.493587 0.588629
v -2.417570 2.614845 0.588629
v -2.538828 2.736104 0.709887
v -2.417570 2.736104 0.709887
v -2.417570 2.493587 0.467370
v -2.296312 2.614845 0.709887
v -2.296312 2.493587 0.588629
v -2.296312 2.614845 0.588629
v -2.175054 2.614845 0.709887
v -2.175054 2.493587 0.588629
v -2.175054 2.614845 0.588629
v -2.296312 2.736104 0.709887
v -2.175054 2.736104 0.709887
v -2.175054 2.857362 0.709887
v -2.296312 2.493587 0.467370
v -2.175054 2.493587 0.467370
v -2.053795 0.432197 2.771277
v -1.932537 0.432197 2.771277
v -2.053795 0.674713 3.013794
v -1.932537 0.674713 3.013794
v -2.053795 0.917230 3.135052
v -2.053795 0.795972 3.013794
v -2.053795 0.917230 3.013794
v -1.932537 0.917230 3.135052
v -1.932537 0.795972 3.013794
v -1.932537 0.917230 3.013794
v -2.053795 0.553455 2.892535
v -2.053795 0.674713 2.892535
v -2.053795 0.553455 2.771277
v -1.932537 0.553455 2.892535
v -1.932537 0.674713 2.892535
v -1.932537 0.553455 2.771277
v -1.932537 0.795972 2.892535
v -1.811279 0.917230 3.135052
v -1.811279 0.795972 3.013794
v -1.811279 0.917230 3.013794
v -1.690021 0.917230 3.135052
v -1.690021 0.795972 3.013794
v -1.690021 0.917230 3.013794
v -1.811279 0.553455 2.892535
v -1.811279 0.674713 2.892535
v -1.811279 0.553455 2.771277
v -1.811279 0.674713 2.771277
v -1.690021 0.674713 2.892535
v -1.690021 0.553455 2.771277
v -1.690021 0.674713 2.771277
v -1.811279 0.795972 2.892535
v -1.690021 0.795972 2.892535
v -1.568762 0.795972 3.013794
v -1.568762 0.917230 3.013794
v -1.447504 0.917230 3.013794
v -1.568762 0.674713 2.892535
v -1.568762 0.553455 2.771277
v -1.568762 0.674713 2.771277
v -1.447504 0.674713 2.771277
v -1.568762 0.795972 2.892535
v -1.568762 0.917230 2.892535
v -1.568762 0.795972 2.771277
v -1.447504 0.795972 2.892535
v -1.447504 0.917230 2.892535
v -1.447504 0.795972 2.771277
v -1.326246 0.674713 2.771277
v -1.326246 0.795972 2.892535
v -1.326246 0.917230 2.892535
v -1.326246 0.795972 2.771277
v -1.326246 0.917230 2.771277
v -1.204988 0.917230 2.892535
v -1.204988 0.795972 2.771277
v -1.204988 0.917230 2.771277
v -2.053795 1.159746 3.256310
v -1.932537 1.159746 3.256310
v -2.053795 1.281005 3.256310
v -2.053795 1.402263 3.256310
v -1.932537 1.281005 3.256310
v -1.932537 1.402263 3.256310
v -1.811279 1.159746 3.256310
v -1.690021 1.159746 3.256310
v -1.811279 1.281005 3.256310
v -1.811279 1.402263 3.256310
v -1.690021 1.281005 3.256310
v -1.690021 1.402263 3.256310
v -2.053795 1.523521 3.256310
v -2.053795 1.644779 3.256310
v -1.932537 1.523521 3.256310
v -1.932537 1.644779 3.256310
v -2.053795 1.766038 3.256310
v -2.053795 1.887296 3.256310
v -1.932537 1.766038 3.256310
v -1.932537 1.887296 3.256310
v -1.811279 1.523521 3.256310
v -1.811279 1.644779 3.256310
v -1.690021 1.523521 3.256310
v -1.690021 1.644779 3.256310
v -1.811279 1.766038 3.256310
v -1.811279 1.887296 3.256310
v -1.690021 1.766038 3.256310
v -1.690021 1.887296 3.256310
v -2.053795 1.038488 3.135052
v -2.053795 1.159746 3.135052
v -1.932537 1.038488 3.135052
v -1.932537 1.159746 3.135052
v -1.811279 1.038488 3.135052
v -1.811279 1.159746 3.135052
v -1.690021 1.038488 3.135052
v -1.690021 1.159746 3.135052
v -1.690021 1.038488 3.013794
v -1.690021 1.281005 3.135052
v -1.690021 1.402263 3.135052
v -1.568762 1.402263 3.256310
v -1.568762 1.523521 3.256310
v -1.568762 1.644779 3.256310
v -1.568762 1.766038 3.256310
v -1.568762 1.887296 3.256310
v -1.568762 1.038488 3.135052
v -1.568762 1.159746 3.135052
v -1.568762 1.038488 3.013794
v -1.568762 1.159746 3.013794
v -1.447504 1.159746 3.135052
v -1.447504 1.038488 3.013794
v -1.447504 1.159746 3.013794
v -1.568762 1.281005 3.135052
v -1.568762 1.402263 3.135052
v -1.447504 1.281005 3.135052
v -1.447504 1.402263 3.135052
v -1.447504 1.281005 3.013794
v -1.447504 1.038488 2.892535
v -1.326246 1.038488 3.013794
v -1.326246 1.159746 3.013794
v -1.204988 1.159746 3.013794
v -1.326246 1.281005 3.135052
v -1.326246 1.402263 3.135052
v -1.326246 1.281005 3.013794
v -1.326246 1.402263 3.013794
v -1.204988 1.281005 3.013794
v -1.204988 1.402263 3.013794
v -1.326246 1.038488 2.892535
v -1.326246 1.159746 2.892535
v -1.204988 1.038488 2.892535
v -1.204988 1.159746 2.892535
v -1.204988 1.038488 2.771277
v -1.204988 1.159746 2.771277
v -1.204988 1.281005 2.892535
v -1.204988 1.402263 2.892535
v -1.568762 1.523521 3.135052
v -1.568762 1.644779 3.135052
v -1.447504 1.523521 3.135052
v -1.447504 1.644779 3.135052
v -1.568762 1.766038 3.135052
v -1.568762 1.887296 3.135052
v -1.447504 1.766038 3.135052
v -1.447504 1.887296 3.135052
v -1.326246 1.523521 3.135052
v -1.326246 1.644779 3.135052
v -1.326246 1.523521 3.013794
v -1.326246 1.644779 3.013794
v -1.204988 1.523521 3.013794
v -1.204988 1.644779 3.013794
v -1.326246 1.766038 3.135052
v -1.326246 1.887296 3.135052
v -1.326246 1.766038 3.013794
v -1.326246 1.887296 3.013794
v -1.204988 1.766038 3.013794
v -1.204988 1.887296 3.013794
v -1.204988 1.523521 2.892535
v -1.204988 1.766038 2.892535
v -1.204988 1.887296 2.892535
v -2.053795 0.432197 2.650019
v -2.053795 0.310938 2.528761
v -2.053795 0.432197 2.528761
v -1.932537 0.432197 2.650019
v -1.932537 0.310938 2.528761
v -1.932537 0.432197 2.528761
v -2.053795 0.189680 2.286244
v -1.932537 0.189680 2.286244
v -2.053795 0.310938 2.407502
v -2.053795 0.310938 2.286244
v -1.932537 0.310938 2.407502
v -1.932537 0.310938 2.286244
v -1.811279 0.432197 2.650019
v -1.811279 0.310938 2.528761
v -1.811279 0.432197 2.528761
v -1.690021 0.432197 2.650019
v -1.690021 0.432197 2.528761
v -1.811279 0.310938 2.407502
v -1.811279 0.432197 2.407502
v -1.811279 0.310938 2.286244
v -1.690021 0.310938 2.407502
v -1.690021 0.432197 2.407502
v -1.690021 0.310938 2.286244
v -1.932537 0.553455 2.650019
v -1.811279 0.553455 2.650019
v -1.690021 0.553455 2.650019
v -2.053795 0.189680 2.164986
v -2.053795 0.189680 2.043728
v -1.932537 0.189680 2.164986
v -1.932537 0.189680 2.043728
v -1.932537 0.310938 2.164986
v -2.053795 0.189680 1.922469
v -2.053795 0.189680 1.801211
v -1.932537 0.189680 1.922469
v -1.932537 0.189680 1.801211
v -1.811279 0.189680 2.164986
v -1.811279 0.189680 2.043728
v -1.690021 0.189680 2.164986
v -1.690021 0.189680 2.043728
v -1.811279 0.310938 2.164986
v -1.690021 0.310938 2.164986
v -1.690021 0.310938 2.043728
v -1.811279 0.189680 1.922469
v -1.811279 0.189680 1.801211
v -1.690021 0.189680 1.922469
v -1.690021 0.189680 1.801211
v -1.568762 0.432197 2.650019
v -1.568762 0.432197 2.528761
v -1.447504 0.432197 2.528761
v -1.568762 0.310938 2.407502
v -1.568762 0.432197 2.407502
v -1.568762 0.310938 2.286244
v -1.568762 0.432197 2.286244
v -1.447504 0.432197 2.407502
v -1.447504 0.310938 2.286244
v -1.447504 0.432197 2.286244
v -1.326246 0.432197 2.407502
v -1.326246 0.432197 2.286244
v -1.204988 0.432197 2.286244
v -1.568762 0.553455 2.650019
v -1.568762 0.674713 2.650019
v -1.568762 0.553455 2.528761
v -1.447504 0.553455 2.650019
v -1.447504 0.674713 2.650019
v -1.447504 0.553455 2.528761
v -1.447504 0.553455 2.407502
v -1.326246 0.553455 2.650019
v -1.326246 0.674713 2.650019
v -1.326246 0.553455 2.528761
v -1.326246 0.674713 2.528761
v -1.204988 0.674713 2.650019
v -1.204988 0.553455 2.528761
v -1.204988 0.674713 2.528761
v -1.326246 0.795972 2.650019
v -1.204988 0.795972 2.650019
v -1.204988 0.917230 2.650019
v -1.204988 0.795972 2.528761
v -1.326246 0.553455 2.407502
v -1.326246 0.553455 2.286244
v -1.204988 0.553455 2.407502
v -1.204988 0.674713 2.407502
v -1.204988 0.553455 2.286244
v -1.204988 0.674713 2.286244
v -1.568762 0.189680 2.043728
v -1.568762 0.310938 2.164986
v -1.568762 0.310938 2.043728
v -1.447504 0.310938 2.164986
v -1.447504 0.432197 2.164986
v -1.447504 0.310938 2.043728
v -1.447504 0.432197 2.043728
v -1.568762 0.189680 1.922469
v -1.568762 0.189680 1.801211
v -1.447504 0.189680 1.801211
v -1.568762 0.310938 1.922469
v -1.568762 0.310938 1.801211
v -1.447504 0.310938 1.922469
v -1.447504 0.310938 1.801211
v -1.326246 0.432197 2.164986
v -1.326246 0.310938 2.043728
v -1.326246 0.432197 2.043728
v -1.204988 0.432197 2.164986
v -1.204988 0.432197 2.043728
v -1.326246 0.310938 1.922469
v -1.326246 0.432197 1.922469
v -1.326246 0.310938 1.801211
v -1.204988 0.310938 1.922469
v -1.204988 0.432197 1.922469
v -1.204988 0.310938 1.801211
v -1.204988 0.432197 1.801211
v -1.204988 0.553455 2.164986
v -1.204988 0.553455 2.043728
v -1.083729 0.917230 2.771277
v -1.083729 1.159746 2.892535
v -1.083729 1.038488 2.771277
v -1.083729 1.159746 2.771277
v -0.962471 1.159746 2.771277
v -1.083729 1.281005 2.892535
v -1.083729 1.402263 2.892535
v -1.083729 1.281005 2.771277
v -1.083729 1.402263 2.771277
v -0.962471 1.402263 2.892535
v -0.962471 1.281005 2.771277
v -0.962471 1.402263 2.771277
v -1.083729 1.523521 3.013794
v -1.083729 1.644779 3.013794
v -1.083729 1.766038 3.013794
v -1.083729 1.523521 2.892535
v -1.083729 1.644779 2.892535
v -0.962471 1.523521 2.892535
v -0.962471 1.644779 2.892535
v -0.962471 1.523521 2.771277
v -0.962471 1.644779 2.771277
v -1.083729 1.766038 2.892535
v -1.083729 1.887296 2.892535
v -0.962471 1.766038 2.892535
v -0.962471 1.887296 2.892535
v -0.962471 1.766038 2.771277
v -0.962471 1.887296 2.771277
v -1.083729 0.674713 2.528761
v -1.083729 0.795972 2.650019
v -1.083729 0.917230 2.650019
v -1.083729 0.795972 2.528761
v -1.083729 0.917230 2.528761
v -0.962471 0.917230 2.650019
v -0.962471 0.795972 2.528761
v -0.962471 0.917230 2.528761
v -1.083729 0.674713 2.407502
v -1.083729 0.553455 2.286244
v -1.083729 0.674713 2.286244
v -0.962471 0.674713 2.286244
v -1.083729 0.795972 2.407502
v -1.083729 0.795972 2.286244
v -0.962471 0.795972 2.407502
v -0.962471 0.917230 2.407502
v -0.962471 0.795972 2.286244
v -0.962471 0.917230 2.286244
v -0.841213 0.917230 2.407502
v -0.841213 0.917230 2.286244
v -1.083729 0.432197 2.043728
v -1.083729 0.432197 1.922469
v -1.083729 0.432197 1.801211
v -0.962471 0.432197 1.801211
v -1.083729 0.553455 2.164986
v -1.083729 0.674713 2.164986
v -1.083729 0.553455 2.043728
v -1.083729 0.674713 2.043728
v -0.962471 0.674713 2.164986
v -0.962471 0.553455 2.043728
v -0.962471 0.674713 2.043728
v -0.962471 0.795972 2.164986
v -0.962471 0.917230 2.164986
v -0.962471 0.795972 2.043728
v -1.083729 0.553455 1.922469
v -1.083729 0.553455 1.801211
v -0.962471 0.553455 1.922469
v -0.962471 0.674713 1.922469
v -0.962471 0.553455 1.801211
v -0.962471 0.674713 1.801211
v -0.962471 0.795972 1.922469
v -0.841213 0.795972 2.164986
v -0.841213 0.917230 2.164986
v -0.841213 0.795972 2.043728
v -0.841213 0.917230 2.043728
v -0.719954 0.917230 2.043728
v -0.841213 0.674713 1.922469
v -0.841213 0.674713 1.801211
v -0.841213 0.795972 1.922469
v -0.841213 0.917230 1.922469
v -0.841213 0.795972 1.801211
v -0.841213 0.917230 1.801211
v -0.719954 0.917230 1.922469
v -0.719954 0.795972 1.801211
v -0.719954 0.917230 1.801211
v -1.083729 1.038488 2.650019
v -1.083729 1.159746 2.650019
v -0.962471 1.038488 2.650019
v -0.962471 1.159746 2.650019
v -0.962471 1.038488 2.528761
v -0.962471 1.159746 2.528761
v -0.962471 1.281005 2.650019
v -0.962471 1.402263 2.650019
v -0.962471 1.038488 2.407502
v -0.841213 1.159746 2.650019
v -0.841213 1.038488 2.528761
v -0.841213 1.159746 2.528761
v -0.841213 1.281005 2.650019
v -0.841213 1.402263 2.650019
v -0.841213 1.281005 2.528761
v -0.841213 1.402263 2.528761
v -0.719954 1.402263 2.528761
v -0.841213 1.038488 2.407502
v -0.841213 1.159746 2.407502
v -0.841213 1.038488 2.286244
v -0.841213 1.159746 2.286244
v -0.719954 1.159746 2.407502
v -0.719954 1.038488 2.286244
v -0.719954 1.159746 2.286244
v -0.841213 1.281005 2.407502
v -0.841213 1.402263 2.407502
v -0.719954 1.281005 2.407502
v -0.719954 1.402263 2.407502
v -0.719954 1.281005 2.286244
v -0.719954 1.402263 2.286244
v -0.962471 1.523521 2.650019
v -0.962471 1.644779 2.650019
v -0.962471 1.766038 2.650019
v -0.962471 1.887296 2.650019
v -0.841213 1.523521 2.650019
v -0.841213 1.644779 2.650019
v -0.841213 1.523521 2.528761
v -0.841213 1.644779 2.528761
v -0.719954 1.523521 2.528761
v -0.719954 1.644779 2.528761
v -0.841213 1.766038 2.650019
v -0.841213 1.887296 2.650019
v -0.841213 1.766038 2.528761
v -0.841213 1.887296 2.528761
v -0.719954 1.766038 2.528761
v -0.719954 1.887296 2.528761
v -0.719954 1.523521 2.407502
v -0.719954 1.644779 2.407502
v -0.719954 1.523521 2.286244
v -0.719954 1.644779 2.286244
v -0.719954 1.766038 2.407502
v -0.719954 1.887296 2.407502
v -0.719954 1.766038 2.286244
v -0.719954 1.887296 2.286244
v -0.841213 1.038488 2.164986
v -0.841213 1.038488 2.043728
v -0.719954 1.038488 2.164986
v -0.719954 1.159746 2.164986
v -0.719954 1.038488 2.043728
v -0.719954 1.159746 2.043728
v -0.719954 1.281005 2.164986
v -0.719954 1.402263 2.164986
v -0.719954 1.281005 2.043728
v -0.719954 1.038488 1.922469
v -0.719954 1.159746 1.922469
v -0.719954 1.038488 1.801211
v -0.719954 1.159746 1.801211
v -0.719954 1.887296 2.164986
v -0.598696 1.402263 2.286244
v -0.598696 1.523521 2.286244
v -0.598696 1.644779 2.286244
v -0.598696 1.766038 2.286244
v -0.598696 1.887296 2.286244
v -0.598696 1.159746 2.043728
v -0.598696 1.281005 2.164986
v -0.598696 1.402263 2.164986
v -0.598696 1.281005 2.043728
v -0.598696 1.402263 2.043728
v -0.598696 1.159746 1.922469
v -0.598696 1.159746 1.801211
v -0.598696 1.281005 1.922469
v -0.598696 1.402263 1.922469
v -0.598696 1.281005 1.801211
v -0.598696 1.402263 1.801211
v -0.598696 1.523521 2.164986
v -0.598696 1.644779 2.164986
v -0.598696 1.523521 2.043728
v -0.598696 1.644779 2.043728
v -0.598696 1.766038 2.164986
v -0.598696 1.887296 2.164986
v -0.598696 1.766038 2.043728
v -0.598696 1.887296 2.043728
v -0.598696 1.523521 1.922469
v -0.598696 1.644779 1.922469
v -0.598696 1.523521 1.801211
v -0.598696 1.644779 1.801211
v -0.598696 1.766038 1.922469
v -0.598696 1.887296 1.922469
v -0.598696 1.766038 1.801211
v -0.598696 1.887296 1.801211
v -2.053795 2.008554 3.256310
v -2.053795 2.129812 3.256310
v -1.932537 2.008554 3.256310
v -1.932537 2.129812 3.256310
v -2.053795 2.251070 3.256310
v -1.932537 2.251070 3.256310
v -1.811279 2.008554 3.256310
v -1.811279 2.129812 3.256310
v -1.690021 2.008554 3.256310
v -1.690021 2.129812 3.256310
v -1.811279 2.251070 3.256310
v -2.053795 2.251070 3.135052
v -2.053795 2.372329 3.135052
v -1.932537 2.251070 3.135052
v -1.932537 2.372329 3.135052
v -1.932537 2.372329 3.013794
v -1.811279 2.129812 3.135052
v -1.690021 2.008554 3.135052
v -1.690021 2.129812 3.135052
v -1.811279 2.251070 3.135052
v -1.811279 2.372329 3.135052
v -1.811279 2.372329 3.013794
v -1.690021 2.251070 3.135052
v -1.690021 2.372329 3.135052
v -1.690021 2.372329 3.013794
v -2.053795 2.493587 3.135052
v -2.053795 2.493587 3.013794
v -2.053795 2.614845 3.013794
v -1.932537 2.493587 3.135052
v -1.932537 2.493587 3.013794
v -1.932537 2.614845 3.013794
v -2.053795 2.614845 2.892535
v -1.932537 2.614845 2.892535
v -2.053795 2.736104 2.892535
v -2.053795 2.736104 2.771277
v -2.053795 2.857362 2.771277
v -1.932537 2.736104 2.892535
v -1.932537 2.736104 2.771277
v -1.932537 2.857362 2.771277
v -1.811279 2.493587 3.013794
v -1.811279 2.614845 3.013794
v -1.690021 2.493587 3.013794
v -1.690021 2.614845 3.013794
v -1.811279 2.614845 2.892535
v -1.690021 2.493587 2.892535
v -1.690021 2.614845 2.892535
v -1.690021 2.614845 2.771277
v -1.811279 2.736104 2.892535
v -1.811279 2.736104 2.771277
v -1.811279 2.857362 2.771277
v -1.690021 2.736104 2.892535
v -1.690021 2.736104 2.771277
v -1.690021 2.857362 2.771277
v -1.568762 2.008554 3.256310
v -1.568762 2.008554 3.135052
v -1.568762 2.129812 3.135052
v -1.447504 2.008554 3.135052
v -1.447504 2.129812 3.135052
v -1.447504 2.008554 3.013794
v -1.447504 2.129812 3.013794
v -1.568762 2.251070 3.135052
v -1.568762 2.372329 3.135052
v -1.568762 2.251070 3.013794
v -1.568762 2.372329 3.013794
v -1.447504 2.251070 3.135052
v -1.447504 2.251070 3.013794
v -1.447504 2.372329 3.013794
v -1.447504 2.372329 2.892535
v -1.326246 2.008554 3.135052
v -1.326246 2.008554 3.013794
v -1.326246 2.129812 3.013794
v -1.204988 2.008554 3.013794
v -1.204988 2.129812 3.013794
v -1.326246 2.251070 3.013794
v -1.326246 2.372329 3.013794
v -1.326246 2.129812 2.892535
v -1.204988 2.008554 2.892535
v -1.204988 2.129812 2.892535
v -1.326246 2.251070 2.892535
v -1.326246 2.372329 2.892535
v -1.326246 2.372329 2.771277
v -1.204988 2.251070 2.892535
v -1.204988 2.372329 2.892535
v -1.204988 2.251070 2.771277
v -1.204988 2.372329 2.771277
v -1.568762 2.493587 3.013794
v -1.447504 2.493587 3.013794
v -1.568762 2.493587 2.892535
v -1.568762 2.614845 2.892535
v -1.568762 2.614845 2.771277
v -1.447504 2.493587 2.892535
v -1.447504 2.614845 2.892535
v -1.447504 2.493587 2.771277
v -1.447504 2.614845 2.771277
v -1.568762 2.736104 2.771277
v -1.447504 2.736104 2.771277
v -1.326246 2.493587 2.892535
v -1.326246 2.493587 2.771277
v -1.326246 2.614845 2.771277
v -1.204988 2.493587 2.771277
v -1.204988 2.614845 2.771277
v -2.053795 2.857362 2.650019
v -1.932537 2.857362 2.650019
v -1.811279 2.857362 2.650019
v -1.811279 2.857362 2.528761
v -1.690021 2.736104 2.650019
v -1.690021 2.857362 2.650019
v -1.690021 2.857362 2.528761
v -1.204988 2.372329 2.650019
v -1.447504 2.614845 2.650019
v -1.568762 2.736104 2.650019
v -1.568762 2.857362 2.650019
v -1.568762 2.857362 2.528761
v -1.447504 2.736104 2.650019
v -1.447504 2.857362 2.650019
v -1.447504 2.736104 2.528761
v -1.447504 2.857362 2.528761
v -1.568762 2.857362 2.407502
v -1.447504 2.857362 2.407502
v -1.447504 2.857362 2.286244
v -1.326246 2.614845 2.650019
v -1.326246 2.614845 2.528761
v -1.204988 2.493587 2.650019
v -1.204988 2.614845 2.650019
v -1.204988 2.614845 2.528761
v -1.326246 2.736104 2.650019
v -1.326246 2.736104 2.528761
v -1.326246 2.857362 2.528761
v -1.204988 2.736104 2.528761
v -1.204988 2.614845 2.407502
v -1.326246 2.736104 2.407502
v -1.326246 2.857362 2.407502
v -1.326246 2.857362 2.286244
v -1.204988 2.736104 2.407502
v -1.204988 2.857362 2.407502
v -1.204988 2.736104 2.286244
v -1.204988 2.857362 2.286244
v -1.326246 2.857362 2.164986
v -1.326246 2.857362 2.043728
v -1.204988 2.736104 2.164986
v -1.204988 2.857362 2.164986
v -1.204988 2.857362 2.043728
v -1.204988 2.857362 1.922469
v -1.204988 2.857362 1.801211
v -2.053795 2.978620 2.650019
v -2.053795 2.978620 2.528761
v -1.932537 2.978620 2.650019
v -1.932537 2.978620 2.528761
v -2.053795 2.978620 2.407502
v -2.053795 3.099878 2.407502
v -2.053795 3.099878 2.286244
v -1.932537 2.978620 2.407502
v -1.932537 3.099878 2.407502
v -1.932537 3.099878 2.286244
v -1.811279 2.978620 2.650019
v -1.811279 2.978620 2.528761
v -1.690021 2.978620 2.528761
v -1.811279 2.978620 2.407502
v -1.811279 3.099878 2.407502
v -1.811279 3.099878 2.286244
v -1.690021 2.978620 2.407502
v -1.690021 3.099878 2.407502
v -1.690021 2.978620 2.286244
v -1.690021 3.099878 2.286244
v -2.053795 3.099878 2.164986
v -2.053795 3.099878 2.043728
v -1.932537 3.099878 2.164986
v -1.932537 3.099878 2.043728
v -2.053795 3.221137 2.043728
v -1.932537 3.221137 2.043728
v -1.932537 3.099878 1.922469
v -2.053795 3.221137 1.922469
v -2.053795 3.221137 1.801211
v -1.932537 3.221137 1.922469
v -1.932537 3.221137 1.801211
v -1.811279 3.099878 2.164986
v -1.811279 3.099878 2.043728
v -1.690021 3.099878 2.164986
v -1.690021 3.099878 2.043728
v -1.811279 3.099878 1.922469
v -1.811279 3.099878 1.801211
v -1.690021 3.099878 1.922469
v -1.690021 3.099878 1.801211
v -1.811279 3.221137 1.922469
v -1.811279 3.221137 1.801211
v -1.568762 2.978620 2.528761
v -1.568762 2.978620 2.407502
v -1.568762 2.978620 2.286244
v -1.568762 3.099878 2.286244
v -1.447504 2.978620 2.407502
v -1.447504 2.978620 2.286244
v -1.326246 2.978620 2.286244
v -1.568762 2.978620 2.164986
v -1.568762 3.099878 2.164986
v -1.568762 2.978620 2.043728
v -1.568762 3.099878 2.043728
v -1.447504 2.978620 2.164986
v -1.447504 2.978620 2.043728
v -1.447504 3.099878 2.043728
v -1.568762 3.099878 1.922469
v -1.568762 3.099878 1.801211
v -1.447504 2.978620 1.922469
v -1.447504 3.099878 1.922469
v -1.447504 2.978620 1.801211
v -1.447504 3.099878 1.801211
v -1.326246 2.978620 2.164986
v -1.326246 2.978620 2.043728
v -1.204988 2.978620 2.043728
v -1.326246 2.978620 1.922469
v -1.326246 2.978620 1.801211
v -1.204988 2.978620 1.922469
v -1.204988 2.978620 1.801211
v -1.083729 2.008554 2.892535
v -1.083729 2.129812 2.892535
v -1.083729 2.008554 2.771277
v -1.083729 2.129812 2.771277
v -0.962471 2.008554 2.892535
v -0.962471 2.008554 2.771277
v -0.962471 2.129812 2.771277
v -1.083729 2.251070 2.892535
v -1.083729 2.251070 2.771277
v -1.083729 2.372329 2.771277
v -0.962471 2.251070 2.771277
v -0.962471 2.008554 2.650019
v -0.962471 2.129812 2.650019
v -0.962471 2.129812 2.528761
v -1.083729 2.251070 2.650019
v -1.083729 2.372329 2.650019
v -1.083729 2.372329 2.528761
v -0.962471 2.251070 2.650019
v -0.962471 2.372329 2.650019
v -0.962471 2.251070 2.528761
v -0.962471 2.372329 2.528761
v -0.962471 2.372329 2.407502
v -0.962471 2.372329 2.286244
v -0.841213 2.008554 2.650019
v -0.841213 2.129812 2.650019
v -0.841213 2.008554 2.528761
v -0.841213 2.129812 2.528761
v -0.719954 2.008554 2.528761
v -0.841213 2.251070 2.528761
v -0.841213 2.372329 2.528761
v -0.841213 2.008554 2.407502
v -0.841213 2.129812 2.407502
v -0.841213 2.129812 2.286244
v -0.719954 2.008554 2.407502
v -0.719954 2.129812 2.407502
v -0.719954 2.008554 2.286244
v -0.719954 2.129812 2.286244
v -0.841213 2.251070 2.407502
v -0.841213 2.372329 2.407502
v -0.841213 2.251070 2.286244
v -0.841213 2.372329 2.286244
v -0.719954 2.251070 2.286244
v -1.083729 2.493587 2.650019
v -1.083729 2.614845 2.650019
v -1.083729 2.493587 2.528761
v -1.083729 2.614845 2.528761
v -0.962471 2.493587 2.528761
v -1.083729 2.493587 2.407502
v -1.083729 2.614845 2.407502
v -1.083729 2.614845 2.286244
v -0.962471 2.493587 2.407502
v -0.962471 2.614845 2.407502
v -0.962471 2.493587 2.286244
v -0.962471 2.614845 2.286244
v -1.083729 2.736104 2.407502
v -1.083729 2.736104 2.286244
v -0.841213 2.493587 2.286244
v -0.719954 2.008554 2.164986
v -0.719954 2.129812 2.164986
v -0.719954 2.129812 2.043728
v -0.841213 2.251070 2.164986
v -0.841213 2.372329 2.164986
v -0.841213 2.372329 2.043728
v -0.719954 2.251070 2.164986
v -0.719954 2.372329 2.164986
v -0.719954 2.251070 2.043728
v -0.719954 2.372329 2.043728
v -0.719954 2.129812 1.922469
v -0.841213 2.372329 1.922469
v -0.719954 2.251070 1.922469
v -0.719954 2.372329 1.922469
v -0.719954 2.251070 1.801211
v -0.719954 2.372329 1.801211
v -1.083729 2.614845 2.164986
v -0.962471 2.493587 2.164986
v -0.962471 2.614845 2.164986
v -0.962471 2.614845 2.043728
v -1.083729 2.736104 2.164986
v -1.083729 2.857362 2.164986
v -1.083729 2.736104 2.043728
v -1.083729 2.857362 2.043728
v -0.962471 2.736104 2.164986
v -0.962471 2.736104 2.043728
v -0.962471 2.614845 1.922469
v -0.962471 2.614845 1.801211
v -1.083729 2.736104 1.922469
v -1.083729 2.857362 1.922469
v -1.083729 2.736104 1.801211
v -1.083729 2.857362 1.801211
v -0.962471 2.736104 1.922469
v -0.962471 2.736104 1.801211
v -0.841213 2.493587 2.164986
v -0.841213 2.614845 2.164986
v -0.841213 2.493587 2.043728
v -0.841213 2.614845 2.043728
v -0.841213 2.493587 1.922469
v -0.841213 2.614845 1.922469
v -0.841213 2.493587 1.801211
v -0.841213 2.614845 1.801211
v -0.719954 2.493587 1.922469
v -0.719954 2.493587 1.801211
v -0.598696 2.008554 2.164986
v -0.598696 2.129812 2.164986
v -0.598696 2.008554 2.043728
v -0.598696 2.129812 2.043728
v -0.598696 2.008554 1.922469
v -0.598696 2.129812 1.922469
v -0.598696 2.008554 1.801211
v -0.598696 2.129812 1.801211
v -0.598696 2.251070 1.922469
v -0.598696 2.251070 1.801211
v -2.053795 0.189680 1.679953
v -2.053795 0.189680 1.558695
v -1.932537 0.189680 1.679953
v -1.932537 0.189680 1.558695
v -2.053795 0.189680 1.437436
v -2.053795 0.189680 1.316178
v -1.932537 0.189680 1.437436
v -1.932537 0.068422 1.316178
v -1.932537 0.189680 1.316178
v -1.811279 0.189680 1.679953
v -1.811279 0.189680 1.558695
v -1.690021 0.189680 1.679953
v -1.690021 0.189680 1.558695
v -1.811279 0.068422 1.437436
v -1.811279 0.189680 1.437436
v -1.811279 0.068422 1.316178
v -1.811279 0.189680 1.316178
v -1.690021 0.068422 1.437436
v -1.690021 0.189680 1.437436
v -1.690021 0.068422 1.316178
v -2.053795 0.189680 1.194920
v -2.053795 0.068422 1.073662
v -2.053795 0.189680 1.073662
v -1.932537 0.068422 1.194920
v -1.932537 0.189680 1.194920
v -1.932537 0.068422 1.073662
v -1.932537 0.189680 1.073662
v -2.053795 0.068422 0.952403
v -2.053795 0.189680 0.952403
v -2.053795 0.068422 0.831145
v -2.053795 0.189680 0.831145
v -1.932537 0.068422 0.952403
v -1.932537 0.068422 0.831145
v -1.811279 0.068422 1.194920
v -1.811279 0.068422 1.073662
v -1.690021 0.068422 1.194920
v -1.811279 0.068422 0.952403
v -1.568762 0.189680 1.679953
v -1.568762 0.189680 1.558695
v -1.447504 0.189680 1.679953
v -1.447504 0.189680 1.558695
v -1.447504 0.310938 1.679953
v -1.568762 0.068422 1.437436
v -1.568762 0.189680 1.437436
v -1.568762 0.068422 1.316178
v -1.447504 0.068422 1.437436
v -1.447504 0.189680 1.437436
v -1.447504 0.068422 1.316178
v -1.326246 0.189680 1.679953
v -1.326246 0.189680 1.558695
v -1.204988 0.189680 1.558695
v -1.326246 0.310938 1.679953
v -1.326246 0.310938 1.558695
v -1.204988 0.310938 1.679953
v -1.204988 0.432197 1.679953
v -1.204988 0.310938 1.558695
v -1.326246 0.068422 1.437436
v -1.326246 0.189680 1.437436
v -1.326246 0.068422 1.316178
v -1.204988 0.068422 1.437436
v -1.204988 0.189680 1.437436
v -1.204988 0.068422 1.316178
v -1.568762 0.068422 1.194920
v -2.053795 0.068422 0.709887
v -2.053795 0.189680 0.709887
v -2.053795 0.068422 0.588629
v -2.053795 0.189680 0.588629
v -1.932537 0.068422 0.709887
v -1.932537 0.068422 0.588629
v -2.053795 0.310938 0.709887
v -2.053795 0.310938 0.588629
v -2.053795 0.068422 0.467370
v -2.053795 0.189680 0.467370
v -2.053795 0.068422 0.346112
v -2.053795 0.189680 0.346112
v -1.932537 0.068422 0.467370
v -1.932537 0.068422 0.346112
v -1.932537 0.189680 0.346112
v -2.053795 0.310938 0.467370
v -2.053795 0.432197 0.467370
v -2.053795 0.310938 0.346112
v -2.053795 0.432197 0.346112
v -2.053795 0.553455 0.346112
v -2.053795 0.674713 0.346112
v -2.053795 0.189680 0.224854
v -2.053795 0.189680 0.103595
v -1.932537 0.068422 0.224854
v -1.932537 0.189680 0.224854
v -1.932537 0.068422 0.103595
v -1.932537 0.189680 0.103595
v -2.053795 0.310938 0.224854
v -2.053795 0.432197 0.224854
v -2.053795 0.310938 0.103595
v -2.053795 0.432197 0.103595
v -1.932537 0.310938 0.103595
v -1.932537 0.432197 0.103595
v -1.932537 0.068422 -0.017663
v -1.932537 0.189680 -0.017663
v -1.932537 0.068422 -0.138921
v -1.932537 0.189680 -0.138921
v -1.932537 0.310938 -0.017663
v -1.932537 0.432197 -0.017663
v -1.932537 0.310938 -0.138921
v -1.932537 0.432197 -0.138921
v -1.811279 0.068422 -0.017663
v -1.811279 0.068422 -0.138921
v -1.811279 0.189680 -0.138921
v -1.811279 0.310938 -0.138921
v -1.811279 0.432197 -0.138921
v -2.053795 0.553455 0.224854
v -2.053795 0.674713 0.224854
v -2.053795 0.553455 0.103595
v -2.053795 0.674713 0.103595
v -1.932537 0.553455 0.103595
v -1.932537 0.674713 0.103595
v -2.053795 0.795972 0.224854
v -2.053795 0.917230 0.224854
v -2.053795 0.795972 0.103595
v -2.053795 0.917230 0.103595
v -1.932537 0.795972 0.103595
v -1.932537 0.917230 0.103595
v -1.932537 0.553455 -0.017663
v -1.932537 0.674713 -0.017663
v -1.932537 0.553455 -0.138921
v -1.932537 0.674713 -0.138921
v -1.932537 0.795972 -0.017663
v -1.932537 0.917230 -0.017663
v -1.811279 0.917230 0.103595
v -1.811279 0.674713 -0.017663
v -1.811279 0.553455 -0.138921
v -1.811279 0.674713 -0.138921
v -1.811279 0.795972 -0.017663
v -1.811279 0.917230 -0.017663
v -1.811279 0.795972 -0.138921
v -1.811279 0.917230 -0.138921
v -1.690021 0.917230 -0.017663
v -1.690021 0.795972 -0.138921
v -1.690021 0.917230 -0.138921
v -1.568762 0.917230 -0.138921
v -2.053795 1.887296 0.346112
v -1.932537 1.887296 0.346112
v -1.690021 1.644779 0.346112
v -1.811279 1.766038 0.346112
v -1.811279 1.887296 0.346112
v -1.690021 1.766038 0.346112
v -1.690021 1.887296 0.346112
v -2.053795 1.038488 0.224854
v -2.053795 1.159746 0.224854
v -2.053795 1.038488 0.103595
v -1.932537 1.038488 0.224854
v -1.932537 1.159746 0.224854
v -1.932537 1.038488 0.103595
v -1.932537 1.159746 0.103595
v -2.053795 1.281005 0.224854
v -2.053795 1.402263 0.224854
v -1.932537 1.281005 0.224854
v -1.932537 1.402263 0.224854
v -1.932537 1.281005 0.103595
v -1.811279 1.038488 0.103595
v -1.811279 1.159746 0.103595
v -1.690021 1.038488 0.103595
v -1.690021 1.159746 0.103595
v -1.811279 1.281005 0.224854
v -1.811279 1.402263 0.224854
v -1.811279 1.281005 0.103595
v -1.811279 1.402263 0.103595
v -1.690021 1.402263 0.224854
v -1.690021 1.281005 0.103595
v -1.690021 1.402263 0.103595
v -1.811279 1.038488 -0.017663
v -1.690021 1.038488 -0.017663
v -1.690021 1.159746 -0.017663
v -1.690021 1.038488 -0.138921
v -2.053795 1.523521 0.224854
v -2.053795 1.644779 0.224854
v -1.932537 1.523521 0.224854
v -1.932537 1.644779 0.224854
v -2.053795 1.766038 0.224854
v -2.053795 1.887296 0.224854
v -1.932537 1.766038 0.224854
v -1.932537 1.887296 0.224854
v -1.811279 1.523521 0.224854
v -1.811279 1.644779 0.224854
v -1.690021 1.523521 0.224854
v -1.690021 1.644779 0.224854
v -1.811279 1.766038 0.224854
v -1.811279 1.887296 0.224854
v -1.690021 1.766038 0.224854
v -1.568762 1.644779 0.346112
v -1.447504 1.644779 0.346112
v -1.568762 1.766038 0.346112
v -1.568762 1.887296 0.346112
v -1.447504 1.887296 0.467370
v -1.447504 1.766038 0.346112
v -1.447504 1.887296 0.346112
v -1.204988 1.766038 0.588629
v -1.204988 1.887296 0.588629
v -1.326246 1.644779 0.467370
v -1.326246 1.523521 0.346112
v -1.326246 1.644779 0.346112
v -1.204988 1.644779 0.467370
v -1.204988 1.523521 0.346112
v -1.204988 1.644779 0.346112
v -1.326246 1.766038 0.467370
v -1.326246 1.887296 0.467370
v -1.326246 1.766038 0.346112
v -1.326246 1.887296 0.346112
v -1.204988 1.766038 0.467370
v -1.204988 1.887296 0.467370
v -1.568762 1.159746 0.103595
v -1.568762 1.402263 0.224854
v -1.568762 1.281005 0.103595
v -1.568762 1.402263 0.103595
v -1.447504 1.402263 0.224854
v -1.447504 1.281005 0.103595
v -1.447504 1.402263 0.103595
v -1.568762 1.038488 -0.017663
v -1.568762 1.159746 -0.017663
v -1.568762 1.038488 -0.138921
v -1.568762 1.159746 -0.138921
v -1.447504 1.159746 -0.017663
v -1.447504 1.038488 -0.138921
v -1.447504 1.159746 -0.138921
v -1.568762 1.281005 -0.017663
v -1.447504 1.281005 -0.017663
v -1.326246 1.402263 0.224854
v -1.326246 1.281005 0.103595
v -1.326246 1.402263 0.103595
v -1.204988 1.402263 0.224854
v -1.204988 1.281005 0.103595
v -1.204988 1.402263 0.103595
v -1.326246 1.159746 -0.017663
v -1.326246 1.159746 -0.138921
v -1.204988 1.159746 -0.138921
v -1.326246 1.281005 -0.017663
v -1.326246 1.281005 -0.138921
v -1.204988 1.281005 -0.017663
v -1.204988 1.281005 -0.138921
v -1.568762 1.523521 0.224854
v -1.568762 1.644779 0.224854
v -1.447504 1.523521 0.224854
v -1.447504 1.644779 0.224854
v -1.326246 1.523521 0.224854
v -1.326246 1.644779 0.224854
v -1.204988 1.523521 0.224854
v -1.083729 0.189680 1.558695
v -0.962471 0.189680 1.558695
v -1.083729 0.310938 1.679953
v -1.083729 0.432197 1.679953
v -1.083729 0.310938 1.558695
v -1.083729 0.432197 1.558695
v -0.962471 0.432197 1.679953
v -0.962471 0.310938 1.558695
v -0.962471 0.432197 1.558695
v -1.083729 0.068422 1.437436
v -1.083729 0.189680 1.437436
v -1.083729 0.068422 1.316178
v -0.962471 0.068422 1.437436
v -0.962471 0.189680 1.437436
v -0.962471 0.068422 1.316178
v -0.962471 0.310938 1.437436
v -0.841213 0.310938 1.558695
v -0.841213 0.432197 1.558695
v -0.841213 0.068422 1.437436
v -0.841213 0.189680 1.437436
v -0.841213 0.068422 1.316178
v -0.719954 0.068422 1.437436
v -0.719954 0.189680 1.437436
v -0.841213 0.310938 1.437436
v -0.841213 0.432197 1.437436
v -0.719954 0.310938 1.437436
v -0.719954 0.432197 1.437436
v -0.962471 0.553455 1.679953
v -0.962471 0.674713 1.679953
v -0.962471 0.553455 1.558695
v -0.841213 0.553455 1.679953
v -0.841213 0.674713 1.679953
v -0.841213 0.553455 1.558695
v -0.841213 0.674713 1.558695
v -0.719954 0.553455 1.558695
v -0.719954 0.674713 1.558695
v -0.841213 0.795972 1.679953
v -0.841213 0.795972 1.558695
v -0.719954 0.795972 1.679953
v -0.719954 0.917230 1.679953
v -0.719954 0.795972 1.558695
v -0.719954 0.917230 1.558695
v -0.841213 0.553455 1.437436
v -0.719954 0.553455 1.437436
v -0.719954 0.674713 1.437436
v -0.719954 0.795972 1.437436
v -0.719954 0.917230 1.437436
v -0.477438 0.068422 1.558695
v -0.598696 0.068422 1.437436
v -0.598696 0.189680 1.437436
v -0.598696 0.189680 1.316178
v -0.477438 0.068422 1.437436
v -0.477438 0.189680 1.437436
v -0.477438 0.189680 1.316178
v -0.598696 0.310938 1.437436
v -0.598696 0.432197 1.437436
v -0.598696 0.310938 1.316178
v -0.598696 0.432197 1.316178
v -0.477438 0.310938 1.316178
v -0.477438 0.432197 1.316178
v -0.356180 0.068422 1.558695
v -0.356180 0.189680 1.558695
v -0.234921 0.068422 1.679953
v -0.234921 0.068422 1.558695
v -0.234921 0.189680 1.558695
v -0.356180 0.068422 1.437436
v -0.356180 0.189680 1.437436
v -0.356180 0.189680 1.316178
v -0.234921 0.189680 1.437436
v -0.356180 0.310938 1.437436
v -0.356180 0.310938 1.316178
v -0.356180 0.432197 1.316178
v -0.234921 0.310938 1.437436
v -0.234921 0.310938 1.316178
v -0.234921 0.432197 1.316178
v -0.598696 0.917230 1.558695
v -0.598696 0.553455 1.437436
v -0.598696 0.674713 1.437436
v -0.598696 0.553455 1.316178
v -0.598696 0.674713 1.316178
v -0.477438 0.553455 1.316178
v -0.477438 0.674713 1.316178
v -0.598696 0.795972 1.437436
v -0.598696 0.917230 1.437436
v -0.598696 0.795972 1.316178
v -0.598696 0.917230 1.316178
v -0.477438 0.795972 1.316178
v -0.477438 0.432197 1.194920
v -0.356180 0.432197 1.194920
v -0.234921 0.432197 1.194920
v -0.234921 0.432197 1.073662
v -0.477438 0.553455 1.194920
v -0.477438 0.674713 1.194920
v -0.477438 0.674713 1.073662
v -0.598696 0.795972 1.194920
v -0.598696 0.917230 1.194920
v -0.477438 0.795972 1.194920
v -0.477438 0.917230 1.194920
v -0.477438 0.795972 1.073662
v -0.477438 0.917230 1.073662
v -0.477438 0.917230 0.952403
v -0.356180 0.553455 1.194920
v -0.356180 0.674713 1.194920
v -0.356180 0.553455 1.073662
v -0.356180 0.674713 1.073662
v -0.234921 0.553455 1.194920
v -0.234921 0.553455 1.073662
v -0.234921 0.674713 1.073662
v -0.356180 0.795972 1.073662
v -0.356180 0.917230 1.073662
v -0.356180 0.674713 0.952403
v -0.234921 0.553455 0.952403
v -0.234921 0.674713 0.952403
v -0.234921 0.674713 0.831145
v -0.356180 0.795972 0.952403
v -0.356180 0.917230 0.952403
v -0.356180 0.795972 0.831145
v -0.356180 0.917230 0.831145
v -0.234921 0.795972 0.952403
v -0.234921 0.795972 0.831145
v -0.234921 0.917230 0.831145
v -0.719954 1.038488 1.679953
v -0.719954 1.159746 1.679953
v -0.719954 1.038488 1.558695
v -0.719954 1.766038 1.316178
v -0.719954 1.887296 1.316178
v -0.719954 1.402263 0.952403
v -0.719954 1.402263 0.831145
v -0.962471 1.766038 0.831145
v -0.962471 1.887296 0.831145
v -0.719954 1.644779 1.194920
v -0.719954 1.523521 1.073662
v -0.719954 1.644779 1.073662
v -0.841213 1.887296 1.073662
v -0.719954 1.766038 1.194920
v -0.719954 1.887296 1.194920
v -0.719954 1.766038 1.073662
v -0.719954 1.887296 1.073662
v -0.841213 1.644779 0.952403
v -0.841213 1.523521 0.831145
v -0.841213 1.644779 0.831145
v -0.719954 1.523521 0.952403
v -0.719954 1.644779 0.952403
v -0.719954 1.523521 0.831145
v -0.719954 1.644779 0.831145
v -0.841213 1.766038 0.952403
v -0.841213 1.887296 0.952403
v -0.841213 1.766038 0.831145
v -0.841213 1.887296 0.831145
v -0.719954 1.766038 0.952403
v -0.719954 1.887296 0.952403
v -0.598696 1.038488 1.679953
v -0.598696 1.159746 1.679953
v -0.598696 1.038488 1.558695
v -0.598696 1.159746 1.558695
v -0.598696 1.281005 1.679953
v -0.598696 1.402263 1.679953
v -0.598696 1.281005 1.558695
v -0.598696 1.402263 1.558695
v -0.598696 1.038488 1.437436
v -0.598696 1.159746 1.437436
v -0.598696 1.038488 1.316178
v -0.598696 1.159746 1.316178
v -0.598696 1.281005 1.437436
v -0.598696 1.402263 1.437436
v -0.598696 1.281005 1.316178
v -0.598696 1.402263 1.316178
v -0.598696 1.523521 1.679953
v -0.598696 1.644779 1.679953
v -0.598696 1.523521 1.558695
v -0.598696 1.644779 1.558695
v -0.598696 1.766038 1.679953
v -0.598696 1.887296 1.679953
v -0.598696 1.766038 1.558695
v -0.598696 1.887296 1.558695
v -0.598696 1.523521 1.437436
v -0.598696 1.644779 1.437436
v -0.598696 1.523521 1.316178
v -0.598696 1.644779 1.316178
v -0.598696 1.766038 1.437436
v -0.598696 1.887296 1.437436
v -0.598696 1.766038 1.316178
v -0.598696 1.887296 1.316178
v -0.598696 1.038488 1.194920
v -0.598696 1.159746 1.194920
v -0.598696 1.038488 1.073662
v -0.598696 1.159746 1.073662
v -0.477438 1.038488 1.194920
v -0.477438 1.038488 1.073662
v -0.477438 1.159746 1.073662
v -0.598696 1.281005 1.194920
v -0.598696 1.402263 1.194920
v -0.598696 1.281005 1.073662
v -0.598696 1.402263 1.073662
v -0.598696 1.159746 0.952403
v -0.598696 1.159746 0.831145
v -0.477438 1.038488 0.952403
v -0.477438 1.159746 0.952403
v -0.477438 1.038488 0.831145
v -0.477438 1.159746 0.831145
v -0.598696 1.281005 0.952403
v -0.598696 1.402263 0.952403
v -0.598696 1.281005 0.831145
v -0.598696 1.402263 0.831145
v -0.477438 1.281005 0.831145
v -0.356180 1.038488 0.952403
v -0.356180 1.038488 0.831145
v -0.598696 1.523521 1.194920
v -0.598696 1.644779 1.194920
v -0.598696 1.523521 1.073662
v -0.598696 1.644779 1.073662
v -0.598696 1.766038 1.194920
v -0.598696 1.523521 0.952403
v -0.234921 0.674713 0.709887
v -0.356180 0.917230 0.709887
v -0.356180 0.917230 0.588629
v -0.234921 0.795972 0.709887
v -0.234921 0.917230 0.709887
v -0.234921 0.795972 0.588629
v -0.234921 0.917230 0.588629
v -0.234921 0.795972 0.467370
v -0.234921 0.917230 0.467370
v -0.234921 0.795972 0.346112
v -0.234921 0.917230 0.346112
v -0.234921 0.795972 0.224854
v -0.234921 0.917230 0.224854
v -0.234921 0.795972 0.103595
v -0.234921 0.917230 0.103595
v -0.234921 0.674713 -0.138921
v -0.356180 0.917230 -0.017663
v -0.356180 0.917230 -0.138921
v -0.234921 0.795972 -0.017663
v -0.234921 0.917230 -0.017663
v -0.234921 0.795972 -0.138921
v -0.234921 0.917230 -0.138921
v -1.083729 1.402263 0.346112
v -0.962471 1.402263 0.467370
v -0.962471 1.402263 0.346112
v -0.841213 1.402263 0.588629
v -0.719954 1.402263 0.709887
v -0.719954 1.281005 0.588629
v -0.719954 1.402263 0.588629
v -0.841213 1.402263 0.467370
v -0.841213 1.281005 0.346112
v -0.841213 1.402263 0.346112
v -0.719954 1.281005 0.467370
v -0.719954 1.402263 0.467370
v -0.719954 1.281005 0.346112
v -0.719954 1.402263 0.346112
v -1.083729 1.644779 0.588629
v -0.962471 1.644779 0.709887
v -0.962471 1.523521 0.588629
v -0.962471 1.644779 0.588629
v -1.083729 1.766038 0.709887
v -1.083729 1.887296 0.709887
v -1.083729 1.766038 0.588629
v -1.083729 1.887296 0.588629
v -0.962471 1.766038 0.709887
v -0.962471 1.887296 0.709887
v -0.962471 1.766038 0.588629
v -1.083729 1.523521 0.467370
v -1.083729 1.644779 0.467370
v -1.083729 1.523521 0.346112
v -1.083729 1.644779 0.346112
v -0.962471 1.523521 0.467370
v -0.962471 1.644779 0.467370
v -0.962471 1.523521 0.346112
v -1.083729 1.766038 0.467370
v -0.841213 1.523521 0.709887
v -0.841213 1.644779 0.709887
v -0.841213 1.523521 0.588629
v -0.841213 1.644779 0.588629
v -0.719954 1.523521 0.709887
v -0.719954 1.523521 0.588629
v -0.841213 1.766038 0.709887
v -0.841213 1.523521 0.467370
v -1.083729 1.402263 0.224854
v -1.083729 1.281005 0.103595
v -1.083729 1.402263 0.103595
v -0.962471 1.281005 0.224854
v -0.962471 1.402263 0.224854
v -0.962471 1.281005 0.103595
v -0.962471 1.402263 0.103595
v -1.083729 1.159746 -0.138921
v -0.962471 1.159746 -0.138921
v -1.083729 1.281005 -0.017663
v -1.083729 1.281005 -0.138921
v -0.962471 1.281005 -0.017663
v -0.962471 1.281005 -0.138921
v -0.719954 1.159746 0.103595
v -0.841213 1.281005 0.224854
v -0.841213 1.402263 0.224854
v -0.841213 1.281005 0.103595
v -0.719954 1.281005 0.224854
v -0.719954 1.281005 0.103595
v -0.841213 1.159746 -0.017663
v -0.841213 1.159746 -0.138921
v -0.719954 1.159746 -0.017663
v -0.719954 1.159746 -0.138921
v -0.841213 1.281005 -0.017663
v -0.841213 1.281005 -0.138921
v -0.719954 1.281005 -0.017663
v -1.083729 1.523521 0.224854
v -0.477438 1.038488 0.709887
v -0.477438 1.159746 0.709887
v -0.477438 1.159746 0.588629
v -0.598696 1.281005 0.709887
v -0.598696 1.402263 0.709887
v -0.598696 1.281005 0.588629
v -0.598696 1.402263 0.588629
v -0.477438 1.281005 0.709887
v -0.477438 1.281005 0.588629
v -0.598696 1.159746 0.346112
v -0.477438 1.159746 0.467370
v -0.477438 1.159746 0.346112
v -0.598696 1.281005 0.467370
v -0.598696 1.281005 0.346112
v -0.477438 1.281005 0.467370
v -0.477438 1.281005 0.346112
v -0.356180 1.038488 0.709887
v -0.356180 1.159746 0.709887
v -0.356180 1.038488 0.588629
v -0.356180 1.159746 0.588629
v -0.234921 1.038488 0.588629
v -0.356180 1.038488 0.467370
v -0.356180 1.159746 0.467370
v -0.356180 1.038488 0.346112
v -0.356180 1.159746 0.346112
v -0.234921 1.038488 0.467370
v -0.234921 1.038488 0.346112
v -0.598696 1.159746 0.224854
v -0.598696 1.159746 0.103595
v -0.477438 1.038488 0.224854
v -0.477438 1.159746 0.224854
v -0.477438 1.038488 0.103595
v -0.477438 1.159746 0.103595
v -0.598696 1.281005 0.224854
v -0.598696 1.281005 0.103595
v -0.598696 1.159746 -0.017663
v -0.598696 1.038488 -0.138921
v -0.598696 1.159746 -0.138921
v -0.477438 1.038488 -0.017663
v -0.477438 1.159746 -0.017663
v -0.477438 1.038488 -0.138921
v -0.477438 1.159746 -0.138921
v -0.356180 1.038488 0.224854
v -0.356180 1.159746 0.224854
v -0.356180 1.038488 0.103595
v -0.234921 1.038488 0.224854
v -0.234921 1.038488 0.103595
v -0.356180 1.038488 -0.017663
v -0.356180 1.038488 -0.138921
v -0.234921 1.038488 -0.017663
v -2.053795 2.857362 0.952403
v -2.053795 2.857362 0.831145
v -1.932537 2.857362 0.952403
v -1.932537 2.736104 0.831145
v -1.932537 2.857362 0.831145
v -1.690021 2.857362 1.073662
v -1.811279 2.857362 0.952403
v -1.811279 2.736104 0.831145
v -1.811279 2.857362 0.831145
v -1.690021 2.857362 0.952403
v -1.690021 2.736104 0.831145
v -1.690021 2.857362 0.831145
v -1.204988 2.857362 1.679953
v -1.204988 2.857362 1.558695
v -1.326246 2.857362 1.437436
v -1.326246 2.857362 1.316178
v -1.204988 2.736104 1.437436
v -1.204988 2.857362 1.437436
v -1.204988 2.736104 1.316178
v -1.204988 2.857362 1.316178
v -1.204988 2.372329 0.831145
v -1.568762 2.857362 1.073662
v -1.447504 2.857362 1.194920
v -1.447504 2.736104 1.073662
v -1.447504 2.857362 1.073662
v -1.568762 2.614845 0.831145
v -1.447504 2.614845 0.831145
v -1.568762 2.736104 0.952403
v -1.568762 2.857362 0.952403
v -1.568762 2.736104 0.831145
v -1.568762 2.857362 0.831145
v -1.447504 2.736104 0.952403
v -1.447504 2.857362 0.952403
v -1.447504 2.736104 0.831145
v -1.204988 2.614845 1.194920
v -1.204988 2.614845 1.073662
v -1.326246 2.736104 1.194920
v -1.326246 2.857362 1.194920
v -1.326246 2.736104 1.073662
v -1.326246 2.857362 1.073662
v -1.204988 2.736104 1.194920
v -1.204988 2.857362 1.194920
v -1.204988 2.736104 1.073662
v -1.326246 2.614845 0.952403
v -1.326246 2.493587 0.831145
v -1.326246 2.614845 0.831145
v -1.204988 2.493587 0.952403
v -1.204988 2.614845 0.952403
v -1.204988 2.493587 0.831145
v -1.204988 2.614845 0.831145
v -1.326246 2.736104 0.952403
v -1.326246 2.736104 0.831145
v -1.204988 2.736104 0.952403
v -2.053795 3.099878 1.558695
v -1.932537 3.099878 1.558695
v -2.053795 3.221137 1.679953
v -2.053795 3.221137 1.558695
v -1.932537 3.221137 1.679953
v -1.932537 3.221137 1.558695
v -2.053795 3.099878 1.437436
v -2.053795 3.099878 1.316178
v -1.932537 3.099878 1.437436
v -1.932537 3.099878 1.316178
v -1.811279 3.099878 1.679953
v -1.811279 3.099878 1.558695
v -1.690021 3.099878 1.679953
v -1.690021 3.099878 1.558695
v -1.811279 3.221137 1.679953
v -1.811279 3.221137 1.558695
v -1.811279 3.099878 1.437436
v -1.811279 3.099878 1.316178
v -1.690021 3.099878 1.437436
v -1.690021 2.978620 1.316178
v -1.690021 3.099878 1.316178
v -2.053795 3.099878 1.194920
v -2.053795 2.978620 1.073662
v -2.053795 3.099878 1.073662
v -1.932537 2.978620 1.194920
v -1.932537 3.099878 1.194920
v -1.932537 2.978620 1.073662
v -1.932537 3.099878 1.073662
v -2.053795 2.978620 0.952403
v -1.932537 2.978620 0.952403
v -1.811279 2.978620 1.194920
v -1.811279 3.099878 1.194920
v -1.811279 2.978620 1.073662
v -1.690021 2.978620 1.194920
v -1.690021 3.099878 1.194920
v -1.690021 2.978620 1.073662
v -1.811279 2.978620 0.952403
v -1.690021 2.978620 0.952403
v -1.568762 3.099878 1.679953
v -1.568762 3.099878 1.558695
v -1.447504 2.978620 1.679953
v -1.447504 3.099878 1.679953
v -1.447504 2.978620 1.558695
v -1.447504 3.099878 1.558695
v -1.568762 2.978620 1.437436
v -1.568762 3.099878 1.437436
v -1.568762 2.978620 1.316178
v -1.568762 3.099878 1.316178
v -1.447504 2.978620 1.437436
v -1.447504 3.099878 1.437436
v -1.447504 2.978620 1.316178
v -1.326246 2.978620 1.679953
v -1.326246 2.978620 1.558695
v -1.204988 2.978620 1.679953
v -1.204988 2.978620 1.558695
v -1.326246 2.978620 1.437436
v -1.326246 2.978620 1.316178
v -1.204988 2.978620 1.437436
v -1.568762 2.978620 1.194920
v -1.568762 2.978620 1.073662
v -1.447504 2.978620 1.194920
v -1.447504 2.978620 1.073662
v -1.326246 2.978620 1.194920
v -2.053795 2.008554 0.346112
v -2.053795 2.129812 0.346112
v -1.932537 2.008554 0.346112
v -1.932537 2.129812 0.346112
v -2.053795 2.372329 0.467370
v -2.053795 2.251070 0.346112
v -2.053795 2.372329 0.346112
v -1.932537 2.251070 0.467370
v -1.932537 2.372329 0.467370
v -1.932537 2.251070 0.346112
v -1.932537 2.372329 0.346112
v -1.690021 2.372329 0.588629
v -1.811279 2.008554 0.346112
v -1.811279 2.129812 0.346112
v -1.690021 2.129812 0.467370
v -1.690021 2.008554 0.346112
v -1.690021 2.129812 0.346112
v -1.811279 2.251070 0.467370
v -1.811279 2.372329 0.467370
v -1.811279 2.251070 0.346112
v -1.690021 2.251070 0.467370
v -1.690021 2.372329 0.467370
v -1.690021 2.251070 0.346112
v -2.053795 2.614845 0.709887
v -2.053795 2.493587 0.588629
v -2.053795 2.614845 0.588629
v -1.932537 2.614845 0.709887
v -1.932537 2.493587 0.588629
v -1.932537 2.614845 0.588629
v -2.053795 2.736104 0.709887
v -2.053795 2.857362 0.709887
v -1.932537 2.736104 0.709887
v -1.932537 2.857362 0.709887
v -2.053795 2.493587 0.467370
v -1.932537 2.493587 0.467370
v -1.811279 2.614845 0.709887
v -1.811279 2.493587 0.588629
v -1.811279 2.614845 0.588629
v -1.690021 2.614845 0.709887
v -1.690021 2.493587 0.588629
v -1.690021 2.614845 0.588629
v -1.811279 2.736104 0.709887
v -1.690021 2.736104 0.709887
v -1.811279 2.493587 0.467370
v -1.690021 2.493587 0.467370
v -1.447504 2.129812 0.588629
v -1.568762 2.251070 0.588629
v -1.568762 2.372329 0.588629
v -1.447504 2.372329 0.709887
v -1.447504 2.251070 0.588629
v -1.447504 2.372329 0.588629
v -1.568762 2.008554 0.467370
v -1.568762 2.129812 0.467370
v -1.568762 2.008554 0.346112
v -1.568762 2.129812 0.346112
v -1.447504 2.008554 0.467370
v -1.447504 2.129812 0.467370
v -1.447504 2.008554 0.346112
v -1.568762 2.251070 0.467370
v -1.568762 2.372329 0.467370
v -1.447504 2.251070 0.467370
v -1.326246 2.008554 0.588629
v -1.326246 2.129812 0.588629
v -1.204988 2.008554 0.709887
v -1.204988 2.129812 0.709887
v -1.204988 2.008554 0.588629
v -1.204988 2.129812 0.588629
v -1.326246 2.251070 0.709887
v -1.326246 2.372329 0.709887
v -1.326246 2.251070 0.588629
v -1.326246 2.372329 0.588629
v -1.204988 2.251070 0.709887
v -1.204988 2.372329 0.709887
v -1.204988 2.251070 0.588629
v -1.326246 2.008554 0.467370
v -1.326246 2.129812 0.467370
v -1.204988 2.008554 0.467370
v -1.568762 2.493587 0.709887
v -1.568762 2.614845 0.709887
v -1.568762 2.493587 0.588629
v -1.568762 2.614845 0.588629
v -1.447504 2.493587 0.709887
v -1.447504 2.614845 0.709887
v -1.447504 2.493587 0.588629
v -1.568762 2.736104 0.709887
v -1.326246 2.493587 0.709887
v -1.326246 2.614845 0.709887
v -1.204988 2.493587 0.709887
v -0.719954 2.129812 1.558695
v -0.841213 2.372329 1.679953
v -0.841213 2.372329 1.558695
v -0.719954 2.251070 1.679953
v -0.719954 2.372329 1.679953
v -0.719954 2.251070 1.558695
v -0.719954 2.372329 1.558695
v -0.719954 2.008554 1.437436
v -0.719954 2.129812 1.437436
v -0.719954 2.008554 1.316178
v -0.719954 2.129812 1.316178
v -0.841213 2.372329 1.437436
v -0.841213 2.251070 1.316178
v -0.841213 2.372329 1.316178
v -0.719954 2.251070 1.437436
v -0.719954 2.372329 1.437436
v -0.719954 2.251070 1.316178
v -0.719954 2.372329 1.316178
v -0.962471 2.614845 1.679953
v -0.962471 2.614845 1.558695
v -1.083729 2.736104 1.679953
v -1.083729 2.857362 1.679953
v -1.083729 2.736104 1.558695
v -1.083729 2.857362 1.558695
v -0.962471 2.736104 1.679953
v -0.962471 2.736104 1.558695
v -1.083729 2.614845 1.316178
v -0.962471 2.493587 1.437436
v -0.962471 2.614845 1.437436
v -0.962471 2.493587 1.316178
v -0.962471 2.614845 1.316178
v -1.083729 2.736104 1.437436
v -1.083729 2.857362 1.437436
v -1.083729 2.736104 1.316178
v -0.962471 2.736104 1.437436
v -0.962471 2.736104 1.316178
v -0.841213 2.493587 1.679953
v -0.841213 2.614845 1.679953
v -0.841213 2.493587 1.558695
v -0.841213 2.614845 1.558695
v -0.719954 2.493587 1.679953
v -0.841213 2.493587 1.437436
v -0.841213 2.614845 1.437436
v -0.841213 2.493587 1.316178
v -0.962471 2.372329 1.194920
v -0.962471 2.251070 1.073662
v -0.962471 2.372329 1.073662
v -1.083729 2.129812 0.831145
v -0.962471 2.008554 0.952403
v -0.962471 2.129812 0.952403
v -0.962471 2.008554 0.831145
v -0.962471 2.129812 0.831145
v -1.083729 2.251070 0.952403
v -1.083729 2.372329 0.952403
v -1.083729 2.251070 0.831145
v -1.083729 2.372329 0.831145
v -0.962471 2.251070 0.952403
v -0.962471 2.372329 0.952403
v -0.962471 2.251070 0.831145
v -0.841213 2.129812 1.194920
v -0.841213 2.008554 1.073662
v -0.841213 2.129812 1.073662
v -0.719954 2.008554 1.194920
v -0.719954 2.129812 1.194920
v -0.719954 2.008554 1.073662
v -0.719954 2.129812 1.073662
v -0.841213 2.251070 1.194920
v -0.841213 2.372329 1.194920
v -0.841213 2.251070 1.073662
v -0.841213 2.372329 1.073662
v -0.719954 2.251070 1.194920
v -0.841213 2.008554 0.952403
v -0.841213 2.129812 0.952403
v -0.841213 2.008554 0.831145
v -0.841213 2.251070 0.952403
v -1.083729 2.614845 1.194920
v -1.083729 2.493587 1.073662
v -1.083729 2.614845 1.073662
v -0.962471 2.493587 1.194920
v -0.962471 2.614845 1.194920
v -0.962471 2.493587 1.073662
v -0.962471 2.614845 1.073662
v -1.083729 2.736104 1.194920
v -1.083729 2.493587 0.952403
v -1.083729 2.614845 0.952403
v -1.083729 2.493587 0.831145
v -0.962471 2.493587 0.952403
v -0.841213 2.493587 1.194920
v -0.598696 2.008554 1.679953
v -0.598696 2.129812 1.679953
v -0.598696 2.008554 1.558695
v -0.598696 2.129812 1.558695
v -0.598696 2.251070 1.679953
v -0.598696 2.251070 1.558695
v -0.598696 2.008554 1.437436
v -0.598696 2.129812 1.437436
v -0.598696 2.008554 1.316178
v -1.083729 2.008554 0.709887
v -1.083729 2.129812 0.709887
v -1.083729 2.008554 0.588629
v -0.962471 2.008554 0.709887
v -0.962471 2.129812 0.709887
v -1.083729 2.251070 0.709887
v -1.083729 2.372329 0.709887
v -1.690021 -0.295353 -0.260179
v -1.811279 -0.052836 -0.260179
v -1.690021 -0.174095 -0.260179
v -1.690021 -0.052836 -0.260179
v -1.690021 -0.174095 -0.381438
v -1.690021 -0.052836 -0.381438
v -1.690021 -0.052836 -0.502696
v -1.326246 -0.537869 -0.260179
v -1.204988 -0.537869 -0.260179
v -1.204988 -0.537869 -0.381438
v -1.568762 -0.416611 -0.260179
v -1.568762 -0.295353 -0.260179
v -1.568762 -0.295353 -0.381438
v -1.447504 -0.416611 -0.260179
v -1.447504 -0.295353 -0.260179
v -1.447504 -0.416611 -0.381438
v -1.447504 -0.295353 -0.381438
v -1.568762 -0.174095 -0.260179
v -1.568762 -0.174095 -0.381438
v -1.568762 -0.052836 -0.381438
v -1.568762 -0.295353 -0.502696
v -1.447504 -0.295353 -0.502696
v -1.568762 -0.174095 -0.502696
v -1.568762 -0.052836 -0.502696
v -1.568762 -0.174095 -0.623954
v -1.568762 -0.052836 -0.623954
v -1.447504 -0.174095 -0.502696
v -1.447504 -0.174095 -0.623954
v -1.447504 -0.052836 -0.623954
v -1.326246 -0.416611 -0.260179
v -1.326246 -0.416611 -0.381438
v -1.326246 -0.295353 -0.381438
v -1.204988 -0.416611 -0.260179
v -1.204988 -0.416611 -0.381438
v -1.326246 -0.416611 -0.502696
v -1.326246 -0.295353 -0.502696
v -1.326246 -0.295353 -0.623954
v -1.204988 -0.416611 -0.502696
v -1.204988 -0.295353 -0.502696
v -1.204988 -0.295353 -0.623954
v -1.326246 -0.174095 -0.502696
v -1.326246 -0.174095 -0.623954
v -1.204988 -0.174095 -0.623954
v -1.568762 -0.052836 -0.745212
v -1.568762 -0.052836 -0.866471
v -1.447504 -0.174095 -0.745212
v -1.447504 -0.052836 -0.745212
v -1.447504 -0.052836 -0.866471
v -1.568762 -0.052836 -0.987729
v -1.568762 -0.052836 -1.108987
v -1.447504 -0.052836 -0.987729
v -1.447504 -0.174095 -1.108987
v -1.447504 -0.052836 -1.108987
v -1.204988 -0.295353 -0.745212
v -1.326246 -0.174095 -0.745212
v -1.326246 -0.052836 -0.745212
v -1.326246 -0.174095 -0.866471
v -1.326246 -0.052836 -0.866471
v -1.204988 -0.174095 -0.745212
v -1.204988 -0.174095 -0.866471
v -1.204988 -0.295353 -1.108987
v -1.326246 -0.174095 -0.987729
v -1.326246 -0.052836 -0.987729
v -1.326246 -0.174095 -1.108987
v -1.326246 -0.052836 -1.108987
v -1.204988 -0.174095 -0.987729
v -1.204988 -0.174095 -1.108987
v -1.690021 -0.052836 -1.351504
v -1.690021 -0.052836 -1.472762
v -1.690021 -0.052836 -1.594020
v -1.690021 -0.052836 -1.715278
v -1.690021 -0.052836 -1.836537
v -1.690021 -0.052836 -1.957795
v -1.568762 -0.052836 -1.230245
v -1.568762 -0.174095 -1.351504
v -1.568762 -0.052836 -1.351504
v -1.447504 -0.174095 -1.230245
v -1.447504 -0.052836 -1.230245
v -1.447504 -0.174095 -1.351504
v -1.447504 -0.052836 -1.351504
v -1.447504 -0.295353 -1.472762
v -1.447504 -0.295353 -1.594020
v -1.568762 -0.174095 -1.472762
v -1.568762 -0.052836 -1.472762
v -1.568762 -0.174095 -1.594020
v -1.568762 -0.052836 -1.594020
v -1.447504 -0.174095 -1.472762
v -1.447504 -0.174095 -1.594020
v -1.326246 -0.295353 -1.351504
v -1.204988 -0.295353 -1.230245
v -1.204988 -0.295353 -1.351504
v -1.326246 -0.174095 -1.230245
v -1.326246 -0.174095 -1.351504
v -1.204988 -0.174095 -1.230245
v -1.204988 -0.174095 -1.351504
v -1.326246 -0.295353 -1.472762
v -1.326246 -0.295353 -1.594020
v -1.204988 -0.295353 -1.472762
v -1.204988 -0.295353 -1.594020
v -1.326246 -0.174095 -1.472762
v -1.447504 -0.295353 -1.715278
v -1.447504 -0.295353 -1.836537
v -1.568762 -0.174095 -1.715278
v -1.568762 -0.052836 -1.715278
v -1.568762 -0.174095 -1.836537
v -1.568762 -0.052836 -1.836537
v -1.447504 -0.174095 -1.715278
v -1.447504 -0.174095 -1.836537
v -1.568762 -0.174095 -1.957795
v -1.568762 -0.052836 -1.957795
v -1.568762 -0.052836 -2.079053
v -1.447504 -0.174095 -1.957795
v -1.447504 -0.052836 -1.957795
v -1.447504 -0.174095 -2.079053
v -1.447504 -0.052836 -2.079053
v -1.326246 -0.295353 -1.715278
v -1.326246 -0.295353 -1.836537
v -1.204988 -0.295353 -1.715278
v -1.204988 -0.295353 -1.836537
v -1.326246 -0.174095 -1.836537
v -1.326246 -0.295353 -1.957795
v -1.326246 -0.295353 -2.079053
v -1.204988 -0.295353 -1.957795
v -1.204988 -0.295353 -2.079053
v -1.326246 -0.174095 -1.957795
v -1.326246 -0.174095 -2.079053
v -1.326246 -0.052836 -2.079053
v -1.204988 -0.174095 -2.079053
v -1.083729 -0.537869 -0.260179
v -1.083729 -0.537869 -0.381438
v -0.962471 -0.537869 -0.260179
v -0.962471 -0.537869 -0.381438
v -0.841213 -0.537869 -0.260179
v -0.841213 -0.537869 -0.381438
v -0.719954 -0.537869 -0.260179
v -0.719954 -0.537869 -0.381438
v -1.083729 -0.416611 -0.381438
v -0.962471 -0.416611 -0.381438
v -1.083729 -0.416611 -0.502696
v -1.083729 -0.295353 -0.502696
v -1.083729 -0.295353 -0.623954
v -0.962471 -0.416611 -0.502696
v -0.962471 -0.295353 -0.502696
v -0.962471 -0.295353 -0.623954
v -0.841213 -0.416611 -0.381438
v -0.719954 -0.416611 -0.260179
v -0.719954 -0.416611 -0.381438
v -0.841213 -0.416611 -0.502696
v -0.841213 -0.295353 -0.502696
v -0.841213 -0.295353 -0.623954
v -0.719954 -0.416611 -0.502696
v -0.719954 -0.295353 -0.502696
v -0.719954 -0.295353 -0.623954
v -0.719954 -0.174095 -0.623954
v -1.083729 -0.295353 -0.745212
v -1.083729 -0.295353 -0.866471
v -0.962471 -0.295353 -0.745212
v -0.962471 -0.295353 -0.866471
v -1.083729 -0.174095 -0.745212
v -1.083729 -0.174095 -0.866471
v -0.962471 -0.174095 -0.745212
v -0.962471 -0.174095 -0.866471
v -1.083729 -0.295353 -0.987729
v -1.083729 -0.295353 -1.108987
v -0.962471 -0.295353 -0.987729
v -0.962471 -0.295353 -1.108987
v -1.083729 -0.174095 -0.987729
v -1.083729 -0.174095 -1.108987
v -0.841213 -0.295353 -0.745212
v -0.841213 -0.295353 -0.866471
v -0.719954 -0.295353 -0.745212
v -0.841213 -0.174095 -0.745212
v -0.841213 -0.174095 -0.866471
v -0.719954 -0.174095 -0.745212
v -0.719954 -0.174095 -0.866471
v -0.841213 -0.295353 -0.987729
v -0.841213 -0.295353 -1.108987
v -0.719954 -0.295353 -0.987729
v -0.719954 -0.295353 -1.108987
v -0.841213 -0.174095 -0.987729
v -0.719954 -0.174095 -0.987729
v -0.719954 -0.174095 -1.108987
v -0.598696 -0.537869 -0.260179
v -0.477438 -0.537869 -0.260179
v -0.598696 -0.416611 -0.260179
v -0.598696 -0.416611 -0.381438
v -0.598696 -0.295353 -0.381438
v -0.477438 -0.416611 -0.260179
v -0.477438 -0.295353 -0.260179
v -0.477438 -0.416611 -0.381438
v -0.477438 -0.295353 -0.381438
v -0.598696 -0.416611 -0.502696
v -0.598696 -0.295353 -0.502696
v -0.598696 -0.295353 -0.623954
v -0.477438 -0.295353 -0.502696
v -0.598696 -0.174095 -0.502696
v -0.598696 -0.174095 -0.623954
v -0.477438 -0.174095 -0.502696
v -0.477438 -0.174095 -0.623954
v -0.477438 -0.052836 -0.623954
v -0.356180 -0.416611 -0.260179
v -0.356180 -0.295353 -0.260179
v -0.356180 -0.295353 -0.381438
v -0.234921 -0.295353 -0.260179
v -0.234921 -0.295353 -0.381438
v -0.356180 -0.174095 -0.381438
v -0.356180 -0.052836 -0.381438
v -0.234921 -0.174095 -0.260179
v -0.234921 -0.052836 -0.260179
v -0.234921 -0.174095 -0.381438
v -0.234921 -0.052836 -0.381438
v -0.356180 -0.295353 -0.502696
v -0.356180 -0.174095 -0.502696
v -0.356180 -0.052836 -0.502696
v -0.356180 -0.174095 -0.623954
v -0.356180 -0.052836 -0.623954
v -0.234921 -0.052836 -0.502696
v -0.598696 -0.174095 -0.745212
v -0.598696 -0.052836 -0.745212
v -0.598696 -0.174095 -0.866471
v -0.598696 -0.052836 -0.866471
v -0.477438 -0.174095 -0.745212
v -0.477438 -0.052836 -0.745212
v -0.477438 -0.052836 -0.866471
v -0.598696 -0.174095 -0.987729
v -0.598696 -0.052836 -0.987729
v -0.598696 -0.174095 -1.108987
v -0.477438 -0.174095 -0.987729
v -0.477438 -0.052836 -0.987729
v -0.477438 -0.174095 -1.108987
v -0.477438 -0.052836 -1.108987
v -0.356180 -0.052836 -0.745212
v -0.356180 -0.052836 -0.866471
v -0.356180 -0.052836 -0.987729
v -0.356180 -0.052836 -1.108987
v -1.083729 -0.295353 -1.230245
v -1.083729 -0.295353 -1.351504
v -0.962471 -0.295353 -1.230245
v -0.962471 -0.295353 -1.351504
v -1.083729 -0.295353 -1.472762
v -1.083729 -0.295353 -1.594020
v -0.962471 -0.295353 -1.472762
v -0.962471 -0.295353 -1.594020
v -0.841213 -0.295353 -1.230245
v -0.841213 -0.295353 -1.351504
v -0.719954 -0.295353 -1.230245
v -0.719954 -0.295353 -1.351504
v -0.719954 -0.174095 -1.230245
v -0.841213 -0.295353 -1.472762
v -0.841213 -0.295353 -1.594020
v -0.719954 -0.295353 -1.472762
v -0.719954 -0.295353 -1.594020
v -1.083729 -0.295353 -1.715278
v -1.083729 -0.295353 -1.836537
v -0.962471 -0.295353 -1.715278
v -0.962471 -0.295353 -1.836537
v -1.083729 -0.295353 -1.957795
v -1.083729 -0.295353 -2.079053
v -0.962471 -0.295353 -1.957795
v -0.962471 -0.295353 -2.079053
v -1.083729 -0.174095 -2.079053
v -0.841213 -0.295353 -1.715278
v -0.841213 -0.295353 -1.836537
v -0.719954 -0.295353 -1.715278
v -0.719954 -0.295353 -1.836537
v -0.841213 -0.295353 -1.957795
v -0.841213 -0.295353 -2.079053
v -0.719954 -0.295353 -1.957795
v -0.719954 -0.295353 -2.079053
v -0.719954 -0.174095 -2.079053
v -0.598696 -0.295353 -1.230245
v -0.598696 -0.295353 -1.351504
v -0.477438 -0.295353 -1.351504
v -0.598696 -0.174095 -1.230245
v -0.598696 -0.174095 -1.351504
v -0.477438 -0.174095 -1.230245
v -0.477438 -0.052836 -1.230245
v -0.477438 -0.174095 -1.351504
v -0.598696 -0.295353 -1.472762
v -0.598696 -0.295353 -1.594020
v -0.477438 -0.295353 -1.472762
v -0.477438 -0.295353 -1.594020
v -0.477438 -0.174095 -1.472762
v -0.477438 -0.174095 -1.594020
v -0.356180 -0.174095 -1.230245
v -0.356180 -0.052836 -1.230245
v -0.356180 -0.174095 -1.351504
v -0.356180 -0.052836 -1.351504
v -0.234921 -0.052836 -1.230245
v -0.234921 -0.052836 -1.351504
v -0.356180 -0.174095 -1.472762
v -0.356180 -0.052836 -1.472762
v -0.356180 -0.174095 -1.594020
v -0.356180 -0.052836 -1.594020
v -0.234921 -0.052836 -1.472762
v -0.234921 -0.052836 -1.594020
v -0.598696 -0.295353 -1.715278
v -0.598696 -0.295353 -1.836537
v -0.477438 -0.295353 -1.715278
v -0.477438 -0.295353 -1.836537
v -0.477438 -0.174095 -1.715278
v -0.477438 -0.174095 -1.836537
v -0.598696 -0.295353 -1.957795
v -0.598696 -0.295353 -2.079053
v -0.477438 -0.295353 -1.957795
v -0.598696 -0.174095 -1.957795
v -0.598696 -0.174095 -2.079053
v -0.477438 -0.174095 -1.957795
v -0.477438 -0.174095 -2.079053
v -0.477438 -0.052836 -2.079053
v -0.356180 -0.174095 -1.715278
v -0.356180 -0.052836 -1.715278
v -0.356180 -0.174095 -1.836537
v -0.356180 -0.052836 -1.836537
v -0.234921 -0.052836 -1.715278
v -0.234921 -0.052836 -1.836537
v -0.356180 -0.174095 -1.957795
v -0.356180 -0.052836 -1.957795
v -0.356180 -0.174095 -2.079053
v -0.356180 -0.052836 -2.079053
v -0.234921 -0.052836 -1.957795
v -0.234921 -0.052836 -2.079053
v -1.568762 -0.052836 -2.200311
v -1.447504 -0.052836 -2.200311
v -1.447504 -0.052836 -2.321570
v -1.326246 -0.174095 -2.200311
v -1.326246 -0.052836 -2.200311
v -1.326246 -0.052836 -2.321570
v -1.204988 -0.174095 -2.200311
v -1.204988 -0.052836 -2.200311
v -1.204988 -0.174095 -2.321570
v -1.204988 -0.052836 -2.321570
v -1.204988 -0.052836 -2.442828
v -1.083729 -0.295353 -2.200311
v -0.962471 -0.295353 -2.200311
v -1.083729 -0.174095 -2.200311
v -1.083729 -0.174095 -2.321570
v -1.083729 -0.052836 -2.321570
v -0.962471 -0.174095 -2.200311
v -0.962471 -0.174095 -2.321570
v -0.962471 -0.052836 -2.321570
v -1.083729 -0.052836 -2.442828
v -0.962471 -0.052836 -2.442828
v -0.841213 -0.295353 -2.200311
v -0.719954 -0.295353 -2.200311
v -0.841213 -0.174095 -2.200311
v -0.841213 -0.174095 -2.321570
v -0.841213 -0.052836 -2.321570
v -0.719954 -0.174095 -2.200311
v -0.719954 -0.052836 -2.200311
v -0.719954 -0.174095 -2.321570
v -0.719954 -0.052836 -2.321570
v -0.841213 -0.052836 -2.442828
v -0.719954 -0.052836 -2.442828
v -0.598696 -0.174095 -2.200311
v -0.598696 -0.052836 -2.200311
v -0.598696 -0.052836 -2.321570
v -0.477438 -0.174095 -2.200311
v -0.477438 -0.052836 -2.200311
v -0.477438 -0.052836 -2.321570
v -0.598696 -0.052836 -2.442828
v -0.356180 -0.052836 -2.200311
v -1.811279 0.068422 -0.260179
v -1.811279 0.189680 -0.260179
v -1.811279 0.068422 -0.381438
v -1.811279 0.189680 -0.381438
v -1.690021 0.068422 -0.260179
v -1.690021 0.068422 -0.381438
v -1.690021 0.189680 -0.381438
v -1.811279 0.310938 -0.260179
v -1.811279 0.432197 -0.260179
v -1.811279 0.310938 -0.381438
v -1.811279 0.432197 -0.381438
v -1.690021 0.310938 -0.381438
v -1.690021 0.432197 -0.381438
v -1.690021 0.068422 -0.502696
v -1.690021 0.189680 -0.502696
v -1.690021 0.068422 -0.623954
v -1.690021 0.189680 -0.623954
v -1.690021 0.310938 -0.502696
v -1.690021 0.432197 -0.502696
v -1.690021 0.310938 -0.623954
v -1.690021 0.432197 -0.623954
v -1.811279 0.553455 -0.260179
v -1.811279 0.674713 -0.260179
v -1.811279 0.553455 -0.381438
v -1.690021 0.553455 -0.260179
v -1.690021 0.674713 -0.260179
v -1.690021 0.553455 -0.381438
v -1.690021 0.674713 -0.381438
v -1.811279 0.795972 -0.260179
v -1.690021 0.795972 -0.260179
v -1.690021 0.917230 -0.260179
v -1.690021 0.795972 -0.381438
v -1.690021 0.553455 -0.502696
v -1.690021 0.674713 -0.502696
v -1.690021 0.553455 -0.623954
v -1.690021 0.674713 -0.623954
v -1.690021 0.189680 -0.745212
v -1.690021 0.189680 -0.866471
v -1.690021 0.310938 -0.745212
v -1.690021 0.432197 -0.745212
v -1.690021 0.310938 -0.866471
v -1.690021 0.432197 -0.866471
v -1.690021 0.189680 -0.987729
v -1.690021 0.068422 -1.108987
v -1.690021 0.189680 -1.108987
v -1.811279 0.310938 -1.108987
v -1.811279 0.432197 -1.108987
v -1.690021 0.310938 -0.987729
v -1.690021 0.432197 -0.987729
v -1.690021 0.310938 -1.108987
v -1.690021 0.432197 -1.108987
v -1.690021 0.553455 -0.745212
v -1.690021 0.674713 -0.745212
v -1.690021 0.553455 -0.866471
v -1.690021 0.674713 -0.866471
v -1.690021 0.795972 -0.866471
v -1.811279 0.553455 -1.108987
v -1.811279 0.674713 -1.108987
v -1.690021 0.553455 -0.987729
v -1.690021 0.674713 -0.987729
v -1.690021 0.553455 -1.108987
v -1.690021 0.674713 -1.108987
v -1.811279 0.795972 -1.108987
v -1.690021 0.795972 -0.987729
v -1.690021 0.917230 -0.987729
v -1.690021 0.795972 -1.108987
v -1.690021 0.917230 -1.108987
v -1.568762 0.068422 -0.502696
v -1.568762 0.068422 -0.623954
v -1.568762 0.189680 -0.623954
v -1.568762 0.674713 -0.381438
v -1.568762 0.795972 -0.260179
v -1.568762 0.917230 -0.260179
v -1.568762 0.795972 -0.381438
v -1.568762 0.917230 -0.381438
v -1.447504 0.917230 -0.381438
v -1.568762 0.674713 -0.502696
v -1.568762 0.674713 -0.623954
v -1.568762 0.795972 -0.502696
v -1.568762 0.917230 -0.502696
v -1.568762 0.795972 -0.623954
v -1.568762 0.917230 -0.623954
v -1.447504 0.917230 -0.502696
v -1.447504 0.917230 -0.623954
v -1.568762 0.068422 -0.745212
v -1.568762 0.189680 -0.745212
v -1.568762 0.068422 -0.866471
v -1.568762 0.189680 -0.866471
v -1.568762 0.068422 -0.987729
v -1.568762 0.189680 -0.987729
v -1.568762 0.068422 -1.108987
v -1.568762 0.189680 -1.108987
v -1.568762 0.674713 -0.745212
v -1.568762 0.674713 -0.866471
v -1.568762 0.795972 -0.745212
v -1.568762 0.917230 -0.745212
v -1.568762 0.795972 -0.866471
v -1.568762 0.917230 -0.866471
v -1.447504 0.917230 -0.745212
v -1.447504 0.917230 -0.866471
v -1.568762 0.795972 -0.987729
v -1.568762 0.917230 -0.987729
v -1.568762 0.917230 -1.108987
v -1.690021 1.038488 -1.108987
v -1.568762 1.038488 -0.260179
v -1.568762 1.038488 -0.381438
v -1.447504 1.038488 -0.260179
v -1.447504 1.159746 -0.260179
v -1.447504 1.038488 -0.381438
v -1.447504 1.038488 -0.502696
v -1.447504 1.038488 -0.623954
v -1.326246 1.038488 -0.260179
v -1.326246 1.159746 -0.260179
v -1.326246 1.038488 -0.381438
v -1.326246 1.159746 -0.381438
v -1.204988 1.159746 -0.260179
v -1.204988 1.038488 -0.381438
v -1.204988 1.159746 -0.381438
v -1.326246 1.038488 -0.502696
v -1.326246 1.038488 -0.623954
v -1.204988 1.038488 -0.502696
v -1.204988 1.159746 -0.502696
v -1.204988 1.038488 -0.623954
v -1.204988 1.159746 -0.623954
v -1.568762 1.038488 -0.866471
v -1.447504 1.038488 -0.745212
v -1.447504 1.038488 -0.866471
v -1.447504 1.159746 -0.866471
v -1.568762 1.038488 -0.987729
v -1.568762 1.159746 -0.987729
v -1.568762 1.038488 -1.108987
v -1.568762 1.159746 -1.108987
v -1.447504 1.038488 -0.987729
v -1.447504 1.159746 -0.987729
v -1.447504 1.159746 -1.108987
v -1.568762 1.281005 -1.108987
v -1.447504 1.281005 -0.987729
v -1.447504 1.281005 -1.108987
v -1.326246 1.038488 -0.745212
v -1.326246 1.159746 -0.745212
v -1.326246 1.038488 -0.866471
v -1.326246 1.159746 -0.866471
v -1.204988 1.038488 -0.745212
v -1.204988 1.159746 -0.745212
v -1.204988 1.159746 -0.866471
v -1.204988 1.281005 -0.866471
v -1.326246 1.159746 -0.987729
v -1.204988 1.159746 -0.987729
v -1.326246 1.281005 -0.987729
v -1.326246 1.281005 -1.108987
v -1.326246 1.402263 -1.108987
v -1.204988 1.281005 -0.987729
v -1.204988 1.402263 -0.987729
v -1.204988 1.281005 -1.108987
v -1.204988 1.402263 -1.108987
v -1.932537 0.432197 -1.351504
v -1.932537 0.310938 -1.472762
v -1.932537 0.432197 -1.472762
v -1.932537 0.310938 -1.594020
v -1.932537 0.432197 -1.594020
v -1.811279 0.189680 -1.230245
v -1.811279 0.189680 -1.351504
v -1.690021 0.068422 -1.230245
v -1.690021 0.189680 -1.230245
v -1.690021 0.068422 -1.351504
v -1.690021 0.189680 -1.351504
v -1.811279 0.310938 -1.230245
v -1.811279 0.432197 -1.230245
v -1.811279 0.310938 -1.351504
v -1.811279 0.432197 -1.351504
v -1.690021 0.310938 -1.230245
v -1.811279 0.068422 -1.472762
v -1.811279 0.189680 -1.472762
v -1.811279 0.068422 -1.594020
v -1.811279 0.189680 -1.594020
v -1.690021 0.068422 -1.472762
v -1.690021 0.189680 -1.472762
v -1.690021 0.068422 -1.594020
v -1.811279 0.310938 -1.472762
v -1.811279 0.432197 -1.472762
v -1.811279 0.310938 -1.594020
v -1.932537 0.553455 -1.351504
v -1.932537 0.674713 -1.351504
v -1.932537 0.795972 -1.351504
v -1.932537 0.553455 -1.472762
v -1.932537 0.674713 -1.472762
v -1.932537 0.553455 -1.594020
v -1.932537 0.674713 -1.594020
v -1.932537 0.795972 -1.472762
v -1.932537 0.917230 -1.472762
v -1.932537 0.795972 -1.594020
v -1.932537 0.917230 -1.594020
v -1.811279 0.553455 -1.230245
v -1.811279 0.674713 -1.230245
v -1.811279 0.553455 -1.351504
v -1.811279 0.674713 -1.351504
v -1.811279 0.795972 -1.230245
v -1.811279 0.917230 -1.230245
v -1.811279 0.795972 -1.351504
v -1.811279 0.917230 -1.351504
v -1.690021 0.795972 -1.230245
v -1.690021 0.917230 -1.230245
v -1.811279 0.795972 -1.472762
v -1.811279 0.917230 -1.472762
v -1.811279 0.917230 -1.594020
v -1.932537 0.310938 -1.715278
v -1.932537 0.432197 -1.715278
v -1.932537 0.310938 -1.836537
v -1.932537 0.432197 -1.836537
v -1.932537 0.432197 -1.957795
v -1.932537 0.432197 -2.079053
v -1.811279 0.068422 -1.715278
v -1.811279 0.189680 -1.715278
v -1.811279 0.068422 -1.836537
v -1.811279 0.189680 -1.836537
v -1.690021 0.068422 -1.715278
v -1.690021 0.068422 -1.836537
v -1.690021 0.189680 -1.836537
v -1.811279 0.310938 -1.715278
v -1.811279 0.310938 -1.836537
v -1.811279 0.432197 -1.836537
v -1.811279 0.189680 -1.957795
v -1.811279 0.189680 -2.079053
v -1.690021 0.068422 -1.957795
v -1.690021 0.189680 -1.957795
v -1.690021 0.068422 -2.079053
v -1.690021 0.189680 -2.079053
v -1.811279 0.310938 -1.957795
v -1.811279 0.432197 -1.957795
v -1.811279 0.310938 -2.079053
v -1.811279 0.432197 -2.079053
v -1.690021 0.310938 -2.079053
v -1.932537 0.553455 -1.715278
v -1.932537 0.674713 -1.715278
v -1.932537 0.553455 -1.836537
v -1.932537 0.674713 -1.836537
v -1.932537 0.795972 -1.715278
v -1.932537 0.917230 -1.715278
v -1.932537 0.795972 -1.836537
v -1.932537 0.917230 -1.836537
v -1.932537 0.553455 -1.957795
v -1.932537 0.674713 -1.957795
v -1.932537 0.553455 -2.079053
v -1.932537 0.674713 -2.079053
v -1.932537 0.795972 -1.957795
v -1.932537 0.917230 -1.957795
v -1.811279 0.917230 -1.715278
v -1.811279 0.917230 -1.836537
v -1.811279 0.674713 -1.957795
v -1.811279 0.553455 -2.079053
v -1.811279 0.674713 -2.079053
v -1.811279 0.795972 -1.957795
v -1.811279 0.917230 -1.957795
v -1.811279 0.795972 -2.079053
v -1.811279 0.917230 -2.079053
v -1.690021 0.917230 -2.079053
v -1.568762 0.068422 -1.230245
v -1.568762 0.068422 -1.351504
v -1.568762 0.068422 -1.957795
v -1.568762 0.068422 -2.079053
v -1.811279 1.038488 -1.230245
v -1.811279 1.038488 -1.351504
v -1.690021 1.038488 -1.230245
v -1.690021 1.159746 -1.230245
v -1.690021 1.038488 -1.351504
v -1.690021 1.159746 -1.351504
v -1.690021 1.281005 -1.351504
v -1.811279 1.038488 -1.472762
v -1.811279 1.159746 -1.472762
v -1.811279 1.038488 -1.594020
v -1.811279 1.159746 -1.594020
v -1.690021 1.038488 -1.472762
v -1.690021 1.159746 -1.472762
v -1.690021 1.159746 -1.594020
v -1.690021 1.281005 -1.472762
v -1.690021 1.281005 -1.594020
v -1.811279 1.038488 -1.715278
v -1.811279 1.159746 -1.715278
v -1.811279 1.038488 -1.836537
v -1.811279 1.159746 -1.836537
v -1.690021 1.159746 -1.715278
v -1.690021 1.159746 -1.836537
v -1.690021 1.281005 -1.715278
v -1.690021 1.281005 -1.836537
v -1.811279 1.038488 -1.957795
v -1.811279 1.159746 -1.957795
v -1.811279 1.038488 -2.079053
v -1.690021 1.038488 -1.957795
v -1.690021 1.159746 -1.957795
v -1.690021 1.038488 -2.079053
v -1.690021 1.159746 -2.079053
v -1.690021 1.281005 -1.957795
v -1.690021 1.281005 -2.079053
v -1.568762 1.038488 -1.230245
v -1.568762 1.159746 -1.230245
v -1.568762 1.159746 -1.351504
v -1.568762 1.281005 -1.230245
v -1.568762 1.281005 -1.351504
v -1.568762 1.402263 -1.351504
v -1.447504 1.281005 -1.230245
v -1.447504 1.402263 -1.230245
v -1.447504 1.281005 -1.351504
v -1.447504 1.402263 -1.351504
v -1.568762 1.281005 -1.472762
v -1.568762 1.402263 -1.472762
v -1.568762 1.281005 -1.594020
v -1.568762 1.402263 -1.594020
v -1.447504 1.402263 -1.472762
v -1.447504 1.402263 -1.594020
v -1.326246 1.281005 -1.230245
v -1.326246 1.402263 -1.230245
v -1.326246 1.402263 -1.351504
v -1.204988 1.402263 -1.230245
v -1.204988 1.402263 -1.351504
v -1.326246 1.402263 -1.472762
v -1.447504 1.523521 -1.472762
v -1.447504 1.523521 -1.594020
v -1.326246 1.523521 -1.351504
v -1.204988 1.523521 -1.230245
v -1.204988 1.523521 -1.351504
v -1.326246 1.523521 -1.472762
v -1.326246 1.523521 -1.594020
v -1.204988 1.523521 -1.472762
v -1.204988 1.523521 -1.594020
v -1.568762 1.281005 -1.715278
v -1.568762 1.402263 -1.715278
v -1.568762 1.281005 -1.836537
v -1.568762 1.402263 -1.836537
v -1.447504 1.402263 -1.715278
v -1.447504 1.402263 -1.836537
v -1.568762 1.159746 -2.079053
v -1.568762 1.281005 -1.957795
v -1.568762 1.402263 -1.957795
v -1.568762 1.281005 -2.079053
v -1.568762 1.402263 -2.079053
v -1.447504 1.402263 -1.957795
v -1.447504 1.281005 -2.079053
v -1.447504 1.402263 -2.079053
v -1.326246 1.402263 -1.836537
v -1.326246 1.402263 -1.957795
v -1.326246 1.402263 -2.079053
v -1.204988 1.402263 -2.079053
v -1.447504 1.523521 -1.715278
v -1.447504 1.523521 -1.836537
v -1.326246 1.523521 -1.715278
v -1.326246 1.523521 -1.836537
v -1.204988 1.523521 -1.715278
v -1.204988 1.523521 -1.836537
v -1.326246 1.523521 -1.957795
v -1.326246 1.523521 -2.079053
v -1.204988 1.523521 -1.957795
v -1.204988 1.523521 -2.079053
v -0.234921 0.068422 -0.260179
v -0.234921 0.068422 -0.381438
v -0.234921 0.189680 -0.381438
v -0.234921 0.310938 -0.381438
v -0.234921 0.432197 -0.381438
v -0.356180 0.068422 -0.502696
v -0.356180 0.068422 -0.623954
v -0.356180 0.189680 -0.623954
v -0.234921 0.068422 -0.502696
v -0.234921 0.189680 -0.502696
v -0.234921 0.068422 -0.623954
v -0.234921 0.189680 -0.623954
v -0.234921 0.310938 -0.502696
v -0.234921 0.432197 -0.502696
v -0.234921 0.310938 -0.623954
v -0.234921 0.432197 -0.623954
v -0.477438 0.917230 -0.260179
v -0.477438 0.917230 -0.381438
v -0.477438 0.917230 -0.502696
v -0.477438 0.917230 -0.623954
v -0.234921 0.553455 -0.260179
v -0.234921 0.674713 -0.260179
v -0.234921 0.553455 -0.381438
v -0.234921 0.674713 -0.381438
v -0.356180 0.795972 -0.260179
v -0.356180 0.917230 -0.260179
v -0.356180 0.795972 -0.381438
v -0.356180 0.917230 -0.381438
v -0.234921 0.795972 -0.260179
v -0.234921 0.917230 -0.260179
v -0.234921 0.795972 -0.381438
v -0.234921 0.553455 -0.502696
v -0.234921 0.674713 -0.502696
v -0.234921 0.553455 -0.623954
v -0.234921 0.674713 -0.623954
v -0.356180 0.795972 -0.502696
v -0.356180 0.917230 -0.502696
v -0.356180 0.795972 -0.623954
v -0.356180 0.917230 -0.623954
v -0.234921 0.795972 -0.502696
v -0.234921 0.795972 -0.623954
v -0.477438 0.068422 -0.745212
v -0.477438 0.068422 -0.866471
v -0.356180 0.068422 -0.745212
v -0.356180 0.189680 -0.745212
v -0.356180 0.068422 -0.866471
v -0.356180 0.189680 -0.866471
v -0.234921 0.189680 -0.745212
v -0.234921 0.189680 -0.866471
v -0.234921 0.310938 -0.745212
v -0.234921 0.432197 -0.745212
v -0.234921 0.310938 -0.866471
v -0.234921 0.432197 -0.866471
v -0.356180 0.068422 -0.987729
v -0.356180 0.189680 -0.987729
v -0.356180 0.068422 -1.108987
v -0.234921 0.068422 -0.987729
v -0.234921 0.189680 -0.987729
v -0.234921 0.068422 -1.108987
v -0.234921 0.189680 -1.108987
v -0.234921 0.310938 -0.987729
v -0.234921 0.432197 -0.987729
v -0.234921 0.310938 -1.108987
v -0.477438 0.917230 -0.745212
v -0.234921 0.553455 -0.745212
v -0.234921 0.674713 -0.745212
v -0.234921 0.553455 -0.866471
v -0.234921 0.674713 -0.866471
v -0.356180 0.795972 -0.745212
v -0.356180 0.917230 -0.745212
v -0.356180 0.795972 -0.866471
v -0.356180 0.917230 -0.866471
v -0.234921 0.795972 -0.745212
v -0.234921 0.795972 -0.866471
v -0.234921 0.917230 -0.866471
v -0.234921 0.553455 -0.987729
v -0.234921 0.674713 -0.987729
v -0.356180 0.917230 -0.987729
v -0.234921 0.795972 -0.987729
v -0.234921 0.917230 -0.987729
v -0.234921 0.795972 -1.108987
v -0.234921 0.917230 -1.108987
v -1.083729 1.159746 -0.260179
v -1.083729 1.159746 -0.381438
v -0.962471 1.159746 -0.260179
v -0.962471 1.159746 -0.381438
v -1.083729 1.159746 -0.502696
v -1.083729 1.159746 -0.623954
v -0.962471 1.159746 -0.502696
v -0.962471 1.159746 -0.623954
v -0.841213 1.159746 -0.260179
v -0.841213 1.159746 -0.381438
v -0.719954 1.038488 -0.260179
v -0.719954 1.159746 -0.260179
v -0.719954 1.038488 -0.381438
v -0.719954 1.159746 -0.381438
v -0.841213 1.159746 -0.502696
v -0.841213 1.159746 -0.623954
v -0.719954 1.038488 -0.502696
v -0.719954 1.159746 -0.502696
v -0.719954 1.038488 -0.623954
v -0.719954 1.159746 -0.623954
v -1.083729 1.159746 -0.745212
v -1.083729 1.159746 -0.866471
v -0.962471 1.159746 -0.745212
v -0.962471 1.159746 -0.866471
v -1.083729 1.281005 -0.866471
v -0.962471 1.281005 -0.866471
v -1.083729 1.281005 -0.987729
v -1.083729 1.402263 -0.987729
v -1.083729 1.402263 -1.108987
v -0.962471 1.281005 -0.987729
v -0.962471 1.402263 -0.987729
v -0.962471 1.402263 -1.108987
v -0.841213 1.159746 -0.745212
v -0.841213 1.159746 -0.866471
v -0.719954 1.159746 -0.745212
v -0.719954 1.159746 -0.866471
v -0.841213 1.281005 -0.866471
v -0.719954 1.281005 -0.866471
v -0.841213 1.281005 -0.987729
v -0.841213 1.402263 -0.987729
v -0.841213 1.402263 -1.108987
v -0.719954 1.281005 -0.987729
v -0.719954 1.402263 -0.987729
v -0.719954 1.281005 -1.108987
v -0.719954 1.402263 -1.108987
v -0.598696 1.038488 -0.260179
v -0.598696 1.159746 -0.260179
v -0.598696 1.038488 -0.381438
v -0.477438 1.038488 -0.260179
v -0.477438 1.038488 -0.381438
v -0.598696 1.038488 -0.502696
v -0.598696 1.038488 -0.623954
v -0.598696 1.159746 -0.623954
v -0.477438 1.038488 -0.502696
v -0.477438 1.038488 -0.623954
v -0.356180 1.038488 -0.260179
v -0.598696 1.038488 -0.745212
v -0.598696 1.159746 -0.745212
v -0.598696 1.038488 -0.866471
v -0.598696 1.159746 -0.866471
v -0.477438 1.038488 -0.745212
v -0.477438 1.038488 -0.866471
v -0.477438 1.159746 -0.866471
v -0.598696 1.281005 -0.866471
v -0.598696 1.159746 -0.987729
v -0.477438 1.038488 -0.987729
v -0.477438 1.159746 -0.987729
v -0.477438 1.159746 -1.108987
v -0.598696 1.281005 -0.987729
v -0.598696 1.281005 -1.108987
v -0.598696 1.402263 -1.108987
v -0.477438 1.281005 -0.987729
v -0.477438 1.281005 -1.108987
v -0.477438 1.402263 -1.108987
v -0.356180 1.038488 -0.745212
v -0.356180 1.038488 -0.866471
v -0.356180 1.038488 -0.987729
v -0.356180 1.159746 -0.987729
v -0.356180 1.038488 -1.108987
v -0.356180 1.159746 -1.108987
v -0.234921 1.038488 -0.987729
v -0.234921 1.038488 -1.108987
v -0.234921 1.159746 -1.108987
v -0.356180 1.281005 -1.108987
v -0.356180 0.068422 -1.230245
v -0.234921 0.068422 -1.230245
v -0.234921 0.189680 -1.230245
v -0.234921 0.068422 -1.351504
v -0.234921 0.189680 -1.351504
v -0.234921 0.068422 -1.472762
v -0.234921 0.068422 -1.594020
v -0.234921 0.068422 -1.715278
v -0.234921 0.068422 -1.836537
v -0.356180 0.068422 -2.079053
v -0.234921 0.068422 -1.957795
v -0.234921 0.068422 -2.079053
v -0.234921 0.189680 -2.079053
v -1.083729 1.402263 -1.230245
v -0.962471 1.402263 -1.230245
v -0.841213 1.402263 -1.230245
v -0.719954 1.402263 -1.230245
v -1.083729 1.523521 -1.230245
v -1.083729 1.523521 -1.351504
v -0.962471 1.523521 -1.230245
v -0.962471 1.523521 -1.351504
v -1.083729 1.523521 -1.472762
v -1.083729 1.523521 -1.594020
v -0.962471 1.523521 -1.472762
v -0.962471 1.523521 -1.594020
v -0.841213 1.523521 -1.230245
v -0.841213 1.523521 -1.351504
v -0.719954 1.523521 -1.230245
v -0.719954 1.523521 -1.351504
v -0.841213 1.523521 -1.472762
v -0.841213 1.523521 -1.594020
v -0.719954 1.523521 -1.472762
v -0.719954 1.523521 -1.594020
v -1.083729 1.402263 -2.079053
v -0.719954 1.402263 -2.079053
v -1.083729 1.523521 -1.715278
v -1.083729 1.523521 -1.836537
v -0.962471 1.523521 -1.715278
v -0.962471 1.523521 -1.836537
v -1.083729 1.523521 -1.957795
v -1.083729 1.523521 -2.079053
v -0.962471 1.523521 -1.957795
v -0.962471 1.523521 -2.079053
v -0.841213 1.523521 -1.715278
v -0.841213 1.523521 -1.836537
v -0.719954 1.523521 -1.715278
v -0.719954 1.523521 -1.836537
v -0.841213 1.523521 -1.957795
v -0.841213 1.523521 -2.079053
v -0.719954 1.523521 -1.957795
v -0.719954 1.523521 -2.079053
v -0.598696 1.402263 -1.230245
v -0.598696 1.402263 -1.351504
v -0.477438 1.281005 -1.230245
v -0.477438 1.402263 -1.230245
v -0.477438 1.402263 -1.351504
v -0.598696 1.402263 -1.472762
v -0.477438 1.402263 -1.472762
v -0.477438 1.402263 -1.594020
v -0.356180 1.159746 -1.230245
v -0.234921 1.038488 -1.230245
v -0.234921 1.159746 -1.230245
v -0.234921 1.038488 -1.351504
v -0.234921 1.159746 -1.351504
v -0.356180 1.281005 -1.230245
v -0.356180 1.402263 -1.230245
v -0.356180 1.281005 -1.351504
v -0.356180 1.402263 -1.351504
v -0.234921 1.281005 -1.230245
v -0.234921 1.281005 -1.351504
v -0.234921 1.159746 -1.472762
v -0.234921 1.159746 -1.594020
v -0.356180 1.281005 -1.472762
v -0.356180 1.402263 -1.472762
v -0.356180 1.402263 -1.594020
v -0.234921 1.281005 -1.472762
v -0.234921 1.402263 -1.472762
v -0.234921 1.281005 -1.594020
v -0.234921 1.402263 -1.594020
v -0.598696 1.523521 -1.230245
v -0.598696 1.523521 -1.351504
v -0.598696 1.523521 -1.472762
v -0.598696 1.523521 -1.594020
v -0.477438 1.523521 -1.472762
v -0.477438 1.523521 -1.594020
v -0.477438 1.402263 -1.715278
v -0.477438 1.402263 -1.836537
v -0.598696 1.402263 -1.957795
v -0.598696 1.402263 -2.079053
v -0.477438 1.402263 -1.957795
v -0.477438 1.281005 -2.079053
v -0.477438 1.402263 -2.079053
v -0.234921 1.159746 -1.715278
v -0.234921 1.159746 -1.836537
v -0.356180 1.402263 -1.715278
v -0.356180 1.402263 -1.836537
v -0.234921 1.281005 -1.715278
v -0.234921 1.402263 -1.715278
v -0.234921 1.281005 -1.836537
v -0.234921 1.402263 -1.836537
v -0.356180 1.159746 -2.079053
v -0.234921 1.038488 -1.957795
v -0.234921 1.159746 -1.957795
v -0.234921 1.038488 -2.079053
v -0.234921 1.159746 -2.079053
v -0.356180 1.281005 -1.957795
v -0.356180 1.402263 -1.957795
v -0.356180 1.281005 -2.079053
v -0.356180 1.402263 -2.079053
v -0.234921 1.281005 -1.957795
v -0.234921 1.402263 -1.957795
v -0.234921 1.281005 -2.079053
v -0.598696 1.523521 -1.715278
v -0.598696 1.523521 -1.836537
v -0.477438 1.523521 -1.715278
v -0.477438 1.523521 -1.836537
v -0.598696 1.523521 -1.957795
v -0.598696 1.523521 -2.079053
v -0.477438 1.523521 -1.957795
v -1.690021 0.068422 -2.200311
v -1.690021 0.189680 -2.200311
v -1.811279 0.310938 -2.200311
v -1.811279 0.432197 -2.200311
v -1.690021 0.310938 -2.200311
v -1.690021 0.432197 -2.200311
v -1.690021 0.310938 -2.321570
v -1.690021 0.432197 -2.321570
v -1.811279 0.553455 -2.200311
v -1.811279 0.674713 -2.200311
v -1.690021 0.553455 -2.200311
v -1.690021 0.674713 -2.200311
v -1.690021 0.553455 -2.321570
v -1.690021 0.674713 -2.321570
v -1.811279 0.795972 -2.200311
v -1.811279 0.917230 -2.200311
v -1.690021 0.795972 -2.200311
v -1.690021 0.917230 -2.200311
v -1.690021 0.795972 -2.321570
v -1.690021 0.917230 -2.321570
v -1.568762 0.068422 -2.200311
v -1.568762 0.189680 -2.200311
v -1.568762 0.068422 -2.321570
v -1.568762 0.189680 -2.321570
v -1.447504 0.068422 -2.200311
v -1.447504 0.068422 -2.321570
v -1.447504 0.189680 -2.321570
v -1.568762 0.310938 -2.200311
v -1.568762 0.310938 -2.321570
v -1.568762 0.432197 -2.321570
v -1.568762 0.189680 -2.442828
v -1.447504 0.068422 -2.442828
v -1.447504 0.189680 -2.442828
v -1.568762 0.310938 -2.442828
v -1.568762 0.432197 -2.442828
v -1.447504 0.310938 -2.442828
v -1.447504 0.432197 -2.442828
v -1.447504 0.310938 -2.564086
v -1.447504 0.432197 -2.564086
v -1.326246 0.068422 -2.321570
v -1.204988 0.068422 -2.321570
v -1.326246 0.068422 -2.442828
v -1.326246 0.189680 -2.442828
v -1.326246 0.189680 -2.564086
v -1.204988 0.068422 -2.442828
v -1.204988 0.189680 -2.442828
v -1.204988 0.189680 -2.564086
v -1.326246 0.310938 -2.442828
v -1.326246 0.310938 -2.564086
v -1.326246 0.432197 -2.564086
v -1.204988 0.310938 -2.564086
v -1.204988 0.432197 -2.564086
v -1.568762 0.553455 -2.321570
v -1.568762 0.674713 -2.321570
v -1.568762 0.795972 -2.321570
v -1.568762 0.917230 -2.321570
v -1.568762 0.553455 -2.442828
v -1.568762 0.674713 -2.442828
v -1.447504 0.553455 -2.442828
v -1.447504 0.674713 -2.442828
v -1.447504 0.553455 -2.564086
v -1.447504 0.674713 -2.564086
v -1.568762 0.795972 -2.442828
v -1.568762 0.917230 -2.442828
v -1.447504 0.795972 -2.442828
v -1.447504 0.917230 -2.442828
v -1.447504 0.795972 -2.564086
v -1.447504 0.917230 -2.564086
v -1.326246 0.553455 -2.564086
v -1.326246 0.674713 -2.564086
v -1.204988 0.553455 -2.564086
v -1.204988 0.674713 -2.564086
v -1.326246 0.917230 -2.442828
v -1.326246 0.795972 -2.564086
v -1.326246 0.917230 -2.564086
v -1.204988 0.795972 -2.564086
v -1.204988 0.917230 -2.564086
v -1.690021 1.038488 -2.200311
v -1.690021 1.159746 -2.200311
v -1.690021 1.038488 -2.321570
v -1.568762 1.038488 -2.200311
v -1.568762 1.159746 -2.200311
v -1.568762 1.038488 -2.321570
v -1.568762 1.159746 -2.321570
v -1.447504 1.159746 -2.200311
v -1.447504 1.038488 -2.321570
v -1.447504 1.159746 -2.321570
v -1.568762 1.281005 -2.200311
v -1.447504 1.281005 -2.200311
v -1.447504 1.402263 -2.200311
v -1.447504 1.281005 -2.321570
v -1.568762 1.038488 -2.442828
v -1.447504 1.038488 -2.442828
v -1.447504 1.159746 -2.442828
v -1.326246 1.159746 -2.321570
v -1.326246 1.281005 -2.200311
v -1.326246 1.402263 -2.200311
v -1.326246 1.281005 -2.321570
v -1.326246 1.402263 -2.321570
v -1.204988 1.402263 -2.200311
v -1.204988 1.281005 -2.321570
v -1.204988 1.402263 -2.321570
v -1.326246 1.038488 -2.442828
v -1.326246 1.159746 -2.442828
v -1.326246 1.038488 -2.564086
v -1.204988 1.038488 -2.442828
v -1.204988 1.159746 -2.442828
v -1.204988 1.038488 -2.564086
v -1.326246 1.281005 -2.442828
v -1.204988 1.281005 -2.442828
v -1.083729 0.068422 -2.442828
v -1.083729 0.189680 -2.442828
v -1.083729 0.068422 -2.564086
v -1.083729 0.189680 -2.564086
v -0.962471 0.068422 -2.442828
v -0.962471 0.068422 -2.564086
v -0.962471 0.189680 -2.564086
v -1.083729 0.310938 -2.564086
v -1.083729 0.432197 -2.564086
v -0.962471 0.310938 -2.564086
v -0.962471 0.432197 -2.564086
v -0.841213 0.068422 -2.442828
v -0.841213 0.068422 -2.564086
v -0.841213 0.189680 -2.564086
v -0.719954 0.068422 -2.442828
v -0.719954 0.189680 -2.442828
v -0.719954 0.068422 -2.564086
v -0.719954 0.189680 -2.564086
v -0.841213 0.310938 -2.564086
v -0.841213 0.432197 -2.564086
v -0.719954 0.310938 -2.564086
v -0.719954 0.432197 -2.564086
v -1.083729 0.553455 -2.564086
v -1.083729 0.674713 -2.564086
v -1.083729 0.795972 -2.564086
v -1.083729 0.917230 -2.564086
v -0.962471 0.795972 -2.564086
v -0.962471 0.917230 -2.564086
v -0.719954 0.553455 -2.564086
v -0.719954 0.674713 -2.564086
v -0.841213 0.795972 -2.564086
v -0.841213 0.917230 -2.564086
v -0.719954 0.795972 -2.564086
v -0.719954 0.917230 -2.564086
v -1.083729 0.432197 -2.685344
v -0.962471 0.432197 -2.685344
v -0.841213 0.432197 -2.685344
v -0.719954 0.432197 -2.685344
v -1.083729 0.553455 -2.685344
v -1.083729 0.674713 -2.685344
v -0.962471 0.553455 -2.685344
v -0.962471 0.674713 -2.685344
v -1.083729 0.795972 -2.685344
v -0.962471 0.795972 -2.685344
v -0.841213 0.553455 -2.685344
v -0.841213 0.674713 -2.685344
v -0.719954 0.553455 -2.685344
v -0.719954 0.674713 -2.685344
v -0.841213 0.795972 -2.685344
v -0.719954 0.795972 -2.685344
v -0.598696 0.068422 -2.321570
v -0.477438 0.068422 -2.200311
v -0.477438 0.068422 -2.321570
v -0.477438 0.189680 -2.321570
v -0.598696 0.068422 -2.442828
v -0.598696 0.189680 -2.442828
v -0.598696 0.189680 -2.564086
v -0.477438 0.068422 -2.442828
v -0.477438 0.189680 -2.442828
v -0.598696 0.310938 -2.442828
v -0.598696 0.310938 -2.564086
v -0.598696 0.432197 -2.564086
v -0.477438 0.310938 -2.442828
v -0.477438 0.432197 -2.442828
v -0.477438 0.310938 -2.564086
v -0.477438 0.432197 -2.564086
v -0.356180 0.068422 -2.200311
v -0.356180 0.189680 -2.200311
v -0.356180 0.068422 -2.321570
v -0.356180 0.189680 -2.321570
v -0.234921 0.068422 -2.200311
v -0.234921 0.189680 -2.200311
v -0.234921 0.189680 -2.321570
v -0.356180 0.310938 -2.321570
v -0.234921 0.310938 -2.200311
v -0.234921 0.432197 -2.200311
v -0.234921 0.310938 -2.321570
v -0.234921 0.432197 -2.321570
v -0.356180 0.189680 -2.442828
v -0.356180 0.310938 -2.442828
v -0.356180 0.432197 -2.442828
v -0.234921 0.310938 -2.442828
v -0.234921 0.432197 -2.442828
v -0.598696 0.553455 -2.564086
v -0.598696 0.674713 -2.564086
v -0.477438 0.553455 -2.442828
v -0.477438 0.674713 -2.442828
v -0.477438 0.553455 -2.564086
v -0.477438 0.674713 -2.564086
v -0.598696 0.917230 -2.442828
v -0.598696 0.795972 -2.564086
v -0.598696 0.917230 -2.564086
v -0.477438 0.795972 -2.442828
v -0.477438 0.917230 -2.442828
v -0.477438 0.795972 -2.564086
v -0.477438 0.917230 -2.564086
v -0.234921 0.553455 -2.321570
v -0.234921 0.674713 -2.321570
v -0.356180 0.917230 -2.321570
v -0.234921 0.795972 -2.200311
v -0.234921 0.917230 -2.200311
v -0.234921 0.795972 -2.321570
v -0.234921 0.917230 -2.321570
v -0.356180 0.553455 -2.442828
v -0.356180 0.674713 -2.442828
v -0.234921 0.553455 -2.442828
v -0.234921 0.674713 -2.442828
v -0.356180 0.795972 -2.442828
v -0.356180 0.917230 -2.442828
v -0.234921 0.795972 -2.442828
v -0.234921 0.917230 -2.442828
v -1.083729 1.402263 -2.200311
v -1.083729 1.281005 -2.321570
v -1.083729 1.402263 -2.321570
v -0.962471 1.402263 -2.200311
v -0.962471 1.281005 -2.321570
v -0.962471 1.402263 -2.321570
v -1.083729 1.038488 -2.442828
v -1.083729 1.159746 -2.442828
v -1.083729 1.038488 -2.564086
v -1.083729 1.159746 -2.564086
v -0.962471 1.159746 -2.442828
v -0.962471 1.038488 -2.564086
v -0.962471 1.159746 -2.564086
v -1.083729 1.281005 -2.442828
v -0.962471 1.281005 -2.442828
v -0.841213 1.402263 -2.200311
v -0.841213 1.281005 -2.321570
v -0.841213 1.402263 -2.321570
v -0.719954 1.402263 -2.200311
v -0.719954 1.281005 -2.321570
v -0.719954 1.402263 -2.321570
v -0.841213 1.159746 -2.442828
v -0.841213 1.038488 -2.564086
v -0.841213 1.159746 -2.564086
v -0.719954 1.038488 -2.442828
v -0.719954 1.159746 -2.442828
v -0.719954 1.038488 -2.564086
v -0.719954 1.159746 -2.564086
v -0.841213 1.281005 -2.442828
v -0.719954 1.281005 -2.442828
v -1.083729 1.523521 -2.200311
v -0.962471 1.523521 -2.200311
v -0.841213 1.523521 -2.200311
v -0.719954 1.523521 -2.200311
v -0.598696 1.159746 -2.321570
v -0.477438 1.159746 -2.200311
v -0.477438 1.038488 -2.321570
v -0.477438 1.159746 -2.321570
v -0.598696 1.281005 -2.200311
v -0.598696 1.402263 -2.200311
v -0.598696 1.281005 -2.321570
v -0.598696 1.402263 -2.321570
v -0.477438 1.281005 -2.200311
v -0.477438 1.402263 -2.200311
v -0.477438 1.281005 -2.321570
v -0.598696 1.038488 -2.442828
v -0.598696 1.159746 -2.442828
v -0.598696 1.038488 -2.564086
v -0.477438 1.038488 -2.442828
v -0.477438 1.159746 -2.442828
v -0.598696 1.281005 -2.442828
v -0.356180 1.038488 -2.200311
v -0.356180 1.159746 -2.200311
v -0.356180 1.038488 -2.321570
v -0.356180 1.159746 -2.321570
v -0.234921 1.038488 -2.200311
v -0.234921 1.159746 -2.200311
v -0.234921 1.038488 -2.321570
v -0.356180 1.281005 -2.200311
v -0.356180 1.038488 -2.442828
v -0.113663 -1.144161 1.801211
v -0.113663 -1.022902 1.801211
v 0.007595 -1.022902 1.922469
v 0.007595 -1.144161 1.801211
v 0.007595 -1.022902 1.801211
v 0.128853 -1.022902 1.922469
v 0.128853 -1.144161 1.801211
v 0.128853 -1.022902 1.801211
v 0.250112 -1.022902 1.922469
v 0.250112 -1.144161 1.801211
v 0.250112 -1.022902 1.801211
v 0.371370 -1.022902 1.922469
v 0.371370 -1.144161 1.801211
v 0.371370 -1.022902 1.801211
v 0.492628 -1.022902 1.922469
v 0.492628 -1.144161 1.801211
v 0.492628 -1.022902 1.801211
v 0.613886 -1.022902 1.922469
v 0.613886 -1.144161 1.801211
v 0.613886 -1.022902 1.801211
v 0.735145 -1.144161 1.801211
v 0.735145 -1.022902 1.801211
v 0.007595 -0.780386 2.043728
v 0.007595 -0.659128 2.043728
v 0.007595 -0.537869 2.043728
v -0.113663 -0.901644 1.922469
v -0.113663 -0.780386 1.922469
v -0.113663 -0.901644 1.801211
v -0.113663 -0.780386 1.801211
v 0.007595 -0.901644 1.922469
v 0.007595 -0.780386 1.922469
v 0.007595 -0.901644 1.801211
v -0.113663 -0.659128 1.922469
v -0.113663 -0.537869 1.922469
v -0.113663 -0.659128 1.801211
v 0.007595 -0.659128 1.922469
v 0.007595 -0.537869 1.922469
v 0.128853 -0.780386 2.043728
v 0.250112 -0.780386 2.043728
v 0.128853 -0.659128 2.043728
v 0.128853 -0.537869 2.043728
v 0.250112 -0.659128 2.043728
v 0.250112 -0.537869 2.043728
v 0.128853 -0.901644 1.922469
v 0.128853 -0.780386 1.922469
v 0.250112 -0.901644 1.922469
v 0.250112 -0.780386 1.922469
v 0.007595 -0.416611 2.043728
v -0.113663 -0.416611 1.922469
v -0.113663 -0.295353 1.922469
v -0.113663 -0.416611 1.801211
v -0.113663 -0.295353 1.801211
v 0.007595 -0.416611 1.922469
v 0.007595 -0.295353 1.922469
v -0.113663 -0.174095 1.922469
v -0.113663 -0.174095 1.801211
v -0.113663 -0.052836 1.801211
v 0.007595 -0.174095 1.922469
v 0.007595 -0.174095 1.801211
v 0.007595 -0.052836 1.801211
v 0.128853 -0.416611 2.043728
v 0.128853 -0.295353 2.043728
v 0.250112 -0.416611 2.043728
v 0.250112 -0.295353 2.043728
v 0.128853 -0.416611 1.922469
v 0.128853 -0.295353 1.922469
v 0.250112 -0.295353 1.922469
v 0.128853 -0.174095 1.922469
v 0.128853 -0.052836 1.922469
v 0.128853 -0.174095 1.801211
v 0.128853 -0.052836 1.801211
v 0.250112 -0.174095 1.922469
v 0.250112 -0.052836 1.922469
v 0.250112 -0.052836 1.801211
v 0.371370 -0.780386 2.043728
v 0.492628 -0.780386 2.043728
v 0.371370 -0.659128 2.043728
v 0.371370 -0.537869 2.043728
v 0.492628 -0.659128 2.043728
v 0.492628 -0.537869 2.043728
v 0.371370 -0.901644 1.922469
v 0.371370 -0.780386 1.922469
v 0.492628 -0.901644 1.922469
v 0.492628 -0.780386 1.922469
v 0.613886 -0.780386 2.043728
v 0.613886 -0.659128 2.043728
v 0.613886 -0.537869 2.043728
v 0.613886 -0.901644 1.922469
v 0.613886 -0.780386 1.922469
v 0.613886 -0.901644 1.801211
v 0.735145 -0.901644 1.922469
v 0.735145 -0.780386 1.922469
v 0.735145 -0.901644 1.801211
v 0.735145 -0.780386 1.801211
v 0.613886 -0.659128 1.922469
v 0.613886 -0.537869 1.922469
v 0.735145 -0.659128 1.922469
v 0.735145 -0.537869 1.922469
v 0.735145 -0.537869 1.801211
v 0.371370 -0.416611 2.043728
v 0.371370 -0.295353 2.043728
v 0.492628 -0.416611 2.043728
v 0.492628 -0.295353 2.043728
v 0.371370 -0.295353 1.922469
v 0.492628 -0.416611 1.922469
v 0.492628 -0.295353 1.922469
v 0.371370 -0.174095 1.922469
v 0.371370 -0.052836 1.922469
v 0.371370 -0.052836 1.801211
v 0.492628 -0.174095 1.922469
v 0.492628 -0.052836 1.922469
v 0.492628 -0.174095 1.801211
v 0.492628 -0.052836 1.801211
v 0.613886 -0.416611 2.043728
v 0.613886 -0.416611 1.922469
v 0.613886 -0.295353 1.922469
v 0.613886 -0.295353 1.801211
v 0.735145 -0.416611 1.922469
v 0.735145 -0.295353 1.922469
v 0.735145 -0.416611 1.801211
v 0.735145 -0.295353 1.801211
v 0.613886 -0.174095 1.922469
v 0.613886 -0.174095 1.801211
v 0.613886 -0.052836 1.801211
v 0.735145 -0.174095 1.801211
v 0.735145 -0.052836 1.801211
v 0.856403 -1.022902 1.801211
v 0.856403 -0.780386 1.922469
v 0.856403 -0.901644 1.801211
v 0.856403 -0.780386 1.801211
v 0.977661 -0.901644 1.801211
v 0.977661 -0.780386 1.801211
v 0.856403 -0.659128 1.922469
v 0.856403 -0.537869 1.922469
v 0.856403 -0.659128 1.801211
v 0.856403 -0.537869 1.801211
v 0.977661 -0.659128 1.801211
v 0.977661 -0.537869 1.801211
v 0.856403 -0.416611 1.801211
v 0.856403 -0.295353 1.801211
v 0.977661 -0.416611 1.801211
v 0.977661 -0.295353 1.801211
v 0.856403 -0.174095 1.801211
v 0.735145 -2.478002 0.831145
v 0.492628 -1.992968 0.831145
v 0.735145 -1.992968 1.073662
v 0.613886 -2.235485 0.831145
v 0.735145 -2.235485 0.952403
v 0.735145 -2.356743 0.831145
v 0.735145 -2.235485 0.831145
v 0.613886 -1.992968 0.952403
v 0.613886 -2.114227 0.831145
v 0.613886 -1.992968 0.831145
v 0.735145 -2.114227 0.952403
v 0.735145 -1.992968 0.952403
v 0.735145 -2.114227 0.831145
v 0.735145 -1.992968 0.831145
v 0.250112 -1.992968 0.346112
v 0.250112 -1.992968 0.224854
v 0.250112 -2.114227 0.103595
v 0.250112 -1.992968 0.103595
v 0.250112 -2.114227 -0.017663
v 0.250112 -1.992968 -0.017663
v 0.250112 -2.114227 -0.138921
v 0.250112 -1.992968 -0.138921
v 0.492628 -2.478002 0.467370
v 0.492628 -2.478002 0.346112
v 0.613886 -2.478002 0.588629
v 0.735145 -2.599260 0.709887
v 0.735145 -2.478002 0.709887
v 0.735145 -2.599260 0.588629
v 0.735145 -2.478002 0.588629
v 0.735145 -2.720518 0.467370
v 0.735145 -2.720518 0.346112
v 0.613886 -2.599260 0.467370
v 0.613886 -2.478002 0.467370
v 0.613886 -2.599260 0.346112
v 0.613886 -2.478002 0.346112
v 0.735145 -2.599260 0.467370
v 0.735145 -2.478002 0.467370
v 0.735145 -2.599260 0.346112
v 0.492628 -2.235485 0.709887
v 0.492628 -2.356743 0.588629
v 0.492628 -2.235485 0.588629
v 0.371370 -1.992968 0.588629
v 0.492628 -2.114227 0.709887
v 0.492628 -1.992968 0.709887
v 0.492628 -2.114227 0.588629
v 0.492628 -1.992968 0.588629
v 0.371370 -2.235485 0.467370
v 0.371370 -2.356743 0.346112
v 0.371370 -2.235485 0.346112
v 0.492628 -2.356743 0.467370
v 0.492628 -2.235485 0.467370
v 0.492628 -2.356743 0.346112
v 0.492628 -2.235485 0.346112
v 0.371370 -2.114227 0.467370
v 0.371370 -1.992968 0.467370
v 0.371370 -2.114227 0.346112
v 0.371370 -1.992968 0.346112
v 0.492628 -2.114227 0.467370
v 0.492628 -1.992968 0.467370
v 0.613886 -2.356743 0.709887
v 0.613886 -2.235485 0.709887
v 0.613886 -2.356743 0.588629
v 0.613886 -2.235485 0.588629
v 0.735145 -2.356743 0.709887
v 0.735145 -2.235485 0.709887
v 0.735145 -2.356743 0.588629
v 0.613886 -2.114227 0.709887
v 0.613886 -1.992968 0.709887
v 0.613886 -2.356743 0.467370
v 0.492628 -2.599260 0.224854
v 0.492628 -2.478002 0.224854
v 0.492628 -2.599260 0.103595
v 0.492628 -2.478002 0.103595
v 0.492628 -2.599260 -0.017663
v 0.492628 -2.478002 -0.017663
v 0.492628 -2.599260 -0.138921
v 0.492628 -2.478002 -0.138921
v 0.613886 -2.720518 0.224854
v 0.613886 -2.720518 0.103595
v 0.735145 -2.841776 0.224854
v 0.735145 -2.720518 0.224854
v 0.735145 -2.841776 0.103595
v 0.735145 -2.720518 0.103595
v 0.613886 -2.599260 0.224854
v 0.613886 -2.478002 0.224854
v 0.613886 -2.599260 0.103595
v 0.735145 -2.599260 0.224854
v 0.613886 -2.720518 -0.017663
v 0.613886 -2.720518 -0.138921
v 0.735145 -2.841776 -0.017663
v 0.735145 -2.720518 -0.017663
v 0.735145 -2.841776 -0.138921
v 0.735145 -2.720518 -0.138921
v 0.613886 -2.599260 -0.017663
v 0.613886 -2.599260 -0.138921
v 0.371370 -2.356743 0.224854
v 0.371370 -2.235485 0.224854
v 0.371370 -2.356743 0.103595
v 0.371370 -2.235485 0.103595
v 0.492628 -2.356743 0.224854
v 0.492628 -2.356743 0.103595
v 0.371370 -2.114227 0.224854
v 0.371370 -1.992968 0.224854
v 0.371370 -2.114227 0.103595
v 0.371370 -1.992968 0.103595
v 0.371370 -2.356743 -0.017663
v 0.371370 -2.235485 -0.017663
v 0.371370 -2.356743 -0.138921
v 0.371370 -2.235485 -0.138921
v 0.492628 -2.356743 -0.017663
v 0.492628 -2.356743 -0.138921
v 0.371370 -2.114227 -0.017663
v 0.371370 -2.114227 -0.138921
v 1.220178 -2.114227 1.316178
v 1.220178 -1.992968 1.316178
v 0.977661 -2.720518 0.831145
v 0.856403 -2.599260 0.831145
v 0.856403 -2.478002 0.831145
v 0.977661 -2.478002 0.952403
v 0.977661 -2.599260 0.831145
v 0.977661 -2.478002 0.831145
v 1.098919 -2.478002 1.073662
v 1.220178 -2.478002 1.073662
v 1.098919 -2.720518 0.831145
v 1.220178 -2.720518 0.952403
v 1.220178 -2.841776 0.831145
v 1.220178 -2.720518 0.831145
v 1.098919 -2.599260 0.952403
v 1.098919 -2.478002 0.952403
v 1.098919 -2.599260 0.831145
v 1.098919 -2.478002 0.831145
v 1.220178 -2.599260 0.952403
v 1.220178 -2.478002 0.952403
v 1.220178 -2.599260 0.831145
v 0.856403 -2.235485 1.073662
v 0.977661 -2.356743 1.073662
v 0.977661 -2.235485 1.073662
v 0.856403 -2.114227 1.073662
v 0.856403 -1.992968 1.073662
v 0.977661 -2.114227 1.194920
v 0.977661 -1.992968 1.194920
v 0.977661 -2.114227 1.073662
v 0.977661 -1.992968 1.073662
v 0.856403 -2.356743 0.952403
v 0.856403 -2.235485 0.952403
v 0.856403 -2.356743 0.831145
v 0.856403 -2.235485 0.831145
v 0.977661 -2.356743 0.952403
v 0.977661 -2.235485 0.952403
v 0.977661 -2.356743 0.831145
v 0.856403 -2.114227 0.952403
v 0.856403 -1.992968 0.952403
v 1.098919 -2.235485 1.194920
v 1.098919 -2.356743 1.073662
v 1.098919 -2.235485 1.073662
v 1.220178 -2.356743 1.194920
v 1.220178 -2.235485 1.194920
v 1.220178 -2.356743 1.073662
v 1.220178 -2.235485 1.073662
v 1.098919 -2.114227 1.194920
v 1.098919 -1.992968 1.194920
v 1.098919 -2.114227 1.073662
v 1.220178 -2.114227 1.194920
v 1.220178 -1.992968 1.194920
v 1.098919 -2.356743 0.952403
v 1.462694 -2.235485 1.316178
v 1.341436 -2.114227 1.316178
v 1.341436 -1.992968 1.316178
v 1.462694 -2.114227 1.316178
v 1.462694 -1.992968 1.316178
v 1.583952 -2.235485 1.316178
v 1.705211 -2.235485 1.316178
v 1.583952 -2.114227 1.316178
v 1.583952 -1.992968 1.316178
v 1.705211 -2.114227 1.316178
v 1.705211 -1.992968 1.316178
v 1.341436 -2.599260 1.073662
v 1.341436 -2.478002 1.073662
v 1.462694 -2.478002 1.194920
v 1.462694 -2.599260 1.073662
v 1.462694 -2.478002 1.073662
v 1.341436 -2.720518 0.952403
v 1.341436 -2.841776 0.831145
v 1.341436 -2.720518 0.831145
v 1.462694 -2.720518 0.952403
v 1.462694 -2.841776 0.831145
v 1.462694 -2.720518 0.831145
v 1.341436 -2.599260 0.952403
v 1.341436 -2.478002 0.952403
v 1.462694 -2.599260 0.952403
v 1.583952 -2.478002 1.194920
v 1.583952 -2.599260 1.073662
v 1.583952 -2.478002 1.073662
v 1.705211 -2.478002 1.194920
v 1.705211 -2.599260 1.073662
v 1.705211 -2.478002 1.073662
v 1.583952 -2.720518 0.952403
v 1.583952 -2.841776 0.831145
v 1.583952 -2.720518 0.831145
v 1.705211 -2.720518 0.952403
v 1.705211 -2.841776 0.831145
v 1.705211 -2.720518 0.831145
v 1.583952 -2.599260 0.952403
v 1.705211 -2.599260 0.952403
v 1.341436 -2.356743 1.194920
v 1.341436 -2.235485 1.194920
v 1.341436 -2.356743 1.073662
v 1.462694 -2.356743 1.194920
v 1.462694 -2.235485 1.194920
v 1.462694 -2.356743 1.073662
v 1.341436 -2.114227 1.194920
v 1.462694 -2.114227 1.194920
v 1.583952 -2.356743 1.194920
v 1.583952 -2.235485 1.194920
v 1.705211 -2.356743 1.194920
v 1.705211 -2.235485 1.194920
v 0.977661 -2.963034 0.346112
v 1.220178 -2.963034 0.588629
v 1.098919 -2.963034 0.467370
v 1.098919 -2.963034 0.346112
v 1.220178 -2.963034 0.467370
v 1.220178 -3.084292 0.346112
v 1.220178 -2.963034 0.346112
v 0.856403 -2.963034 0.103595
v 0.977661 -2.963034 0.224854
v 0.977661 -2.963034 0.103595
v 0.856403 -2.963034 -0.017663
v 0.856403 -2.963034 -0.138921
v 0.977661 -2.963034 -0.017663
v 0.977661 -2.963034 -0.138921
v 1.098919 -3.084292 0.224854
v 1.098919 -2.963034 0.224854
v 1.098919 -3.084292 0.103595
v 1.098919 -2.963034 0.103595
v 1.220178 -3.084292 0.224854
v 1.220178 -2.963034 0.224854
v 1.220178 -3.084292 0.103595
v 1.098919 -3.084292 -0.017663
v 1.098919 -2.963034 -0.017663
v 1.098919 -3.084292 -0.138921
v 1.098919 -2.963034 -0.138921
v 1.220178 -3.084292 -0.017663
v 1.220178 -3.084292 -0.138921
v 1.341436 -2.963034 0.709887
v 1.341436 -2.963034 0.588629
v 1.462694 -2.963034 0.709887
v 1.462694 -2.963034 0.588629
v 1.341436 -3.084292 0.467370
v 1.341436 -2.963034 0.467370
v 1.341436 -3.084292 0.346112
v 1.341436 -2.963034 0.346112
v 1.462694 -3.084292 0.467370
v 1.462694 -2.963034 0.467370
v 1.462694 -3.084292 0.346112
v 1.583952 -2.963034 0.709887
v 1.583952 -3.084292 0.588629
v 1.583952 -2.963034 0.588629
v 1.705211 -2.963034 0.709887
v 1.705211 -3.084292 0.588629
v 1.705211 -2.963034 0.588629
v 1.583952 -3.084292 0.467370
v 1.583952 -2.963034 0.467370
v 1.583952 -3.084292 0.346112
v 1.705211 -3.084292 0.467370
v 1.705211 -3.084292 0.346112
v 1.462694 -3.205551 0.103595
v 1.341436 -3.084292 0.224854
v 1.341436 -3.084292 0.103595
v 1.462694 -3.084292 0.224854
v 1.462694 -3.084292 0.103595
v 1.462694 -3.205551 -0.017663
v 1.462694 -3.205551 -0.138921
v 1.341436 -3.084292 -0.017663
v 1.341436 -3.084292 -0.138921
v 1.462694 -3.084292 -0.017663
v 1.462694 -3.084292 -0.138921
v 1.583952 -3.205551 0.103595
v 1.705211 -3.205551 0.224854
v 1.705211 -3.205551 0.103595
v 1.583952 -3.084292 0.224854
v 1.583952 -3.084292 0.103595
v 1.705211 -3.084292 0.224854
v 1.705211 -3.084292 0.103595
v 1.583952 -3.205551 -0.017663
v 1.583952 -3.205551 -0.138921
v 1.705211 -3.205551 -0.017663
v 1.705211 -3.205551 -0.138921
v 0.856403 -2.720518 0.709887
v 0.856403 -2.720518 0.588629
v 0.977661 -2.720518 0.709887
v 0.977661 -2.841776 0.588629
v 0.977661 -2.720518 0.588629
v 0.856403 -2.599260 0.709887
v 0.856403 -2.478002 0.709887
v 0.856403 -2.599260 0.588629
v 0.977661 -2.599260 0.709887
v 0.856403 -2.841776 0.467370
v 0.856403 -2.720518 0.467370
v 0.856403 -2.841776 0.346112
v 0.856403 -2.720518 0.346112
v 0.977661 -2.841776 0.467370
v 0.977661 -2.720518 0.467370
v 0.977661 -2.841776 0.346112
v 0.856403 -2.599260 0.467370
v 1.098919 -2.841776 0.709887
v 1.098919 -2.720518 0.709887
v 1.098919 -2.841776 0.588629
v 1.098919 -2.720518 0.588629
v 1.220178 -2.841776 0.709887
v 1.220178 -2.720518 0.709887
v 1.220178 -2.841776 0.588629
v 1.098919 -2.841776 0.467370
v 1.098919 -2.841776 0.346112
v 1.220178 -2.841776 0.467370
v 0.856403 -2.841776 0.224854
v 0.856403 -2.720518 0.224854
v 0.856403 -2.841776 0.103595
v 0.977661 -2.841776 0.224854
v 0.977661 -2.841776 0.103595
v 0.856403 -2.841776 -0.017663
v 0.856403 -2.841776 -0.138921
v 1.341436 -2.841776 0.709887
v 1.341436 -2.841776 0.588629
v 1.462694 -2.841776 0.709887
v 1.583952 -2.841776 0.709887
v 1.705211 -2.841776 0.709887
v 0.007595 -1.507935 1.316178
v 0.128853 -1.507935 1.316178
v 0.250112 -1.507935 1.437436
v 0.250112 -1.507935 1.316178
v -0.113663 -1.265419 1.558695
v 0.007595 -1.265419 1.679953
v 0.007595 -1.386677 1.558695
v 0.007595 -1.265419 1.558695
v -0.113663 -1.144161 1.679953
v -0.113663 -1.022902 1.679953
v -0.113663 -1.144161 1.558695
v 0.007595 -1.144161 1.679953
v 0.007595 -1.144161 1.558695
v -0.113663 -1.386677 1.437436
v -0.113663 -1.265419 1.437436
v -0.113663 -1.386677 1.316178
v -0.113663 -1.265419 1.316178
v 0.007595 -1.386677 1.437436
v 0.007595 -1.265419 1.437436
v 0.007595 -1.386677 1.316178
v -0.113663 -1.144161 1.437436
v 0.128853 -1.265419 1.679953
v 0.128853 -1.386677 1.558695
v 0.128853 -1.265419 1.558695
v 0.250112 -1.265419 1.679953
v 0.250112 -1.386677 1.558695
v 0.250112 -1.265419 1.558695
v 0.128853 -1.144161 1.679953
v 0.250112 -1.144161 1.679953
v 0.128853 -1.386677 1.437436
v 0.128853 -1.386677 1.316178
v 0.250112 -1.386677 1.437436
v 0.250112 -1.386677 1.316178
v 0.007595 -1.507935 1.194920
v 0.007595 -1.507935 1.073662
v 0.007595 -1.507935 0.952403
v 0.007595 -1.507935 0.831145
v 0.128853 -1.507935 1.194920
v 0.128853 -1.629194 1.073662
v 0.128853 -1.507935 1.073662
v 0.250112 -1.629194 1.194920
v 0.250112 -1.507935 1.194920
v 0.250112 -1.629194 1.073662
v 0.250112 -1.507935 1.073662
v 0.250112 -1.750452 0.831145
v 0.128853 -1.629194 0.952403
v 0.128853 -1.507935 0.952403
v 0.128853 -1.629194 0.831145
v 0.128853 -1.507935 0.831145
v 0.250112 -1.629194 0.952403
v 0.250112 -1.629194 0.831145
v -0.113663 -1.386677 1.194920
v -0.113663 -1.265419 1.194920
v -0.113663 -1.386677 1.073662
v -0.113663 -1.265419 1.073662
v 0.007595 -1.386677 1.194920
v 0.007595 -1.386677 1.073662
v -0.113663 -1.386677 0.952403
v -0.113663 -1.265419 0.952403
v -0.113663 -1.386677 0.831145
v -0.113663 -1.265419 0.831145
v 0.007595 -1.386677 0.952403
v 0.007595 -1.386677 0.831145
v 0.371370 -1.507935 1.437436
v 0.371370 -1.629194 1.316178
v 0.371370 -1.507935 1.316178
v 0.492628 -1.507935 1.437436
v 0.492628 -1.629194 1.316178
v 0.492628 -1.507935 1.316178
v 0.613886 -1.507935 1.437436
v 0.613886 -1.629194 1.316178
v 0.613886 -1.507935 1.316178
v 0.735145 -1.507935 1.437436
v 0.735145 -1.629194 1.316178
v 0.735145 -1.507935 1.316178
v 0.371370 -1.265419 1.679953
v 0.371370 -1.386677 1.558695
v 0.371370 -1.265419 1.558695
v 0.492628 -1.265419 1.679953
v 0.492628 -1.386677 1.558695
v 0.492628 -1.265419 1.558695
v 0.371370 -1.144161 1.679953
v 0.492628 -1.144161 1.679953
v 0.371370 -1.386677 1.437436
v 0.492628 -1.386677 1.437436
v 0.613886 -1.265419 1.679953
v 0.613886 -1.386677 1.558695
v 0.613886 -1.265419 1.558695
v 0.735145 -1.265419 1.679953
v 0.735145 -1.386677 1.558695
v 0.735145 -1.265419 1.558695
v 0.613886 -1.144161 1.679953
v 0.735145 -1.144161 1.679953
v 0.735145 -1.022902 1.679953
v 0.613886 -1.386677 1.437436
v 0.735145 -1.386677 1.437436
v 0.371370 -1.750452 1.073662
v 0.492628 -1.750452 1.073662
v 0.371370 -1.629194 1.194920
v 0.371370 -1.507935 1.194920
v 0.371370 -1.629194 1.073662
v 0.492628 -1.629194 1.194920
v 0.492628 -1.629194 1.073662
v 0.371370 -1.750452 0.952403
v 0.371370 -1.871710 0.831145
v 0.371370 -1.750452 0.831145
v 0.492628 -1.871710 0.952403
v 0.492628 -1.750452 0.952403
v 0.492628 -1.871710 0.831145
v 0.492628 -1.750452 0.831145
v 0.371370 -1.629194 0.952403
v 0.371370 -1.629194 0.831145
v 0.613886 -1.750452 1.194920
v 0.613886 -1.871710 1.073662
v 0.613886 -1.750452 1.073662
v 0.735145 -1.750452 1.194920
v 0.735145 -1.871710 1.073662
v 0.735145 -1.750452 1.073662
v 0.613886 -1.629194 1.194920
v 0.613886 -1.629194 1.073662
v 0.735145 -1.629194 1.194920
v 0.613886 -1.871710 0.952403
v 0.613886 -1.750452 0.952403
v 0.613886 -1.871710 0.831145
v 0.735145 -1.871710 0.952403
v -0.113663 -0.052836 1.679953
v 0.007595 -0.052836 1.679953
v 0.613886 -0.052836 1.679953
v 0.735145 -0.174095 1.679953
v 0.735145 -0.052836 1.679953
v 0.735145 -0.052836 1.558695
v 0.007595 -1.507935 0.709887
v 0.007595 -1.507935 0.588629
v 0.250112 -1.750452 0.709887
v 0.250112 -1.750452 0.588629
v 0.128853 -1.629194 0.709887
v 0.128853 -1.507935 0.709887
v 0.128853 -1.629194 0.588629
v 0.128853 -1.507935 0.588629
v 0.250112 -1.629194 0.709887
v 0.250112 -1.629194 0.588629
v 0.250112 -1.507935 0.588629
v 0.250112 -1.871710 0.467370
v 0.250112 -1.750452 0.467370
v 0.250112 -1.871710 0.346112
v 0.250112 -1.750452 0.346112
v 0.128853 -1.507935 0.467370
v 0.128853 -1.507935 0.346112
v 0.250112 -1.629194 0.467370
v 0.250112 -1.507935 0.467370
v 0.250112 -1.629194 0.346112
v 0.250112 -1.507935 0.346112
v -0.113663 -1.386677 0.709887
v -0.113663 -1.265419 0.709887
v -0.113663 -1.386677 0.588629
v -0.113663 -1.265419 0.588629
v 0.007595 -1.386677 0.709887
v 0.007595 -1.386677 0.588629
v 0.007595 -1.265419 0.588629
v -0.113663 -1.144161 0.588629
v -0.113663 -1.265419 0.467370
v 0.007595 -1.386677 0.467370
v 0.007595 -1.265419 0.467370
v 0.007595 -1.265419 0.346112
v -0.113663 -1.144161 0.467370
v -0.113663 -1.022902 0.467370
v -0.113663 -1.144161 0.346112
v -0.113663 -1.022902 0.346112
v 0.007595 -1.144161 0.467370
v 0.007595 -1.144161 0.346112
v 0.007595 -1.022902 0.346112
v 0.128853 -1.386677 0.588629
v 0.128853 -1.386677 0.467370
v 0.128853 -1.265419 0.467370
v 0.128853 -1.386677 0.346112
v 0.128853 -1.265419 0.346112
v 0.128853 -1.144161 0.346112
v 0.250112 -1.871710 0.224854
v 0.250112 -1.750452 0.224854
v 0.250112 -1.871710 0.103595
v 0.250112 -1.750452 0.103595
v 0.128853 -1.507935 0.224854
v 0.250112 -1.629194 0.224854
v 0.250112 -1.507935 0.224854
v 0.250112 -1.629194 0.103595
v 0.250112 -1.507935 0.103595
v 0.250112 -1.871710 -0.017663
v 0.250112 -1.750452 -0.017663
v 0.250112 -1.871710 -0.138921
v 0.250112 -1.750452 -0.138921
v 0.250112 -1.629194 -0.017663
v 0.250112 -1.507935 -0.017663
v 0.250112 -1.629194 -0.138921
v 0.250112 -1.507935 -0.138921
v 0.007595 -1.144161 0.224854
v 0.007595 -1.022902 0.224854
v 0.128853 -1.386677 0.224854
v 0.128853 -1.265419 0.224854
v 0.128853 -1.265419 0.103595
v 0.250112 -1.386677 0.224854
v 0.250112 -1.265419 0.224854
v 0.250112 -1.386677 0.103595
v 0.250112 -1.265419 0.103595
v 0.128853 -1.144161 0.224854
v 0.128853 -1.022902 0.224854
v 0.128853 -1.144161 0.103595
v 0.128853 -1.022902 0.103595
v 0.250112 -1.144161 0.103595
v 0.250112 -1.022902 0.103595
v 0.250112 -1.386677 -0.017663
v 0.250112 -1.265419 -0.017663
v 0.250112 -1.386677 -0.138921
v 0.250112 -1.265419 -0.138921
v 0.250112 -1.144161 -0.017663
v 0.250112 -1.022902 -0.017663
v 0.250112 -1.144161 -0.138921
v 0.250112 -1.022902 -0.138921
v 0.371370 -1.871710 0.709887
v 0.371370 -1.750452 0.709887
v 0.371370 -1.871710 0.588629
v 0.371370 -1.750452 0.588629
v 0.492628 -1.871710 0.709887
v 0.492628 -1.871710 0.588629
v 0.371370 -1.871710 0.467370
v 0.371370 -1.750452 0.467370
v 0.371370 -1.871710 0.346112
v 0.371370 -1.022902 -0.138921
v -0.113663 -0.901644 0.346112
v -0.113663 -0.780386 0.346112
v 0.007595 -0.901644 0.346112
v 0.250112 -0.052836 0.346112
v -0.113663 -0.901644 0.224854
v -0.113663 -0.780386 0.224854
v 0.007595 -0.901644 0.224854
v 0.007595 -0.780386 0.224854
v 0.007595 -0.780386 0.103595
v -0.113663 -0.659128 0.224854
v -0.113663 -0.659128 0.103595
v -0.113663 -0.537869 0.103595
v 0.007595 -0.659128 0.224854
v 0.007595 -0.659128 0.103595
v 0.007595 -0.537869 0.103595
v -0.113663 -0.537869 -0.017663
v 0.128853 -0.901644 0.224854
v 0.128853 -0.780386 0.224854
v 0.128853 -0.901644 0.103595
v 0.128853 -0.780386 0.103595
v 0.250112 -0.901644 0.103595
v 0.250112 -0.780386 0.103595
v 0.128853 -0.659128 0.103595
v 0.128853 -0.537869 0.103595
v 0.250112 -0.659128 0.103595
v 0.250112 -0.537869 0.103595
v 0.250112 -0.901644 -0.017663
v 0.250112 -0.780386 -0.017663
v 0.250112 -0.901644 -0.138921
v 0.250112 -0.659128 -0.017663
v -0.113663 -0.416611 0.103595
v 0.007595 -0.416611 0.103595
v 0.007595 -0.295353 0.103595
v 0.007595 -0.174095 0.103595
v 0.007595 -0.052836 0.103595
v -0.113663 -0.416611 -0.017663
v -0.113663 -0.295353 -0.017663
v -0.113663 -0.416611 -0.138921
v -0.113663 -0.295353 -0.138921
v 0.007595 -0.416611 -0.017663
v 0.007595 -0.295353 -0.017663
v -0.113663 -0.174095 -0.017663
v -0.113663 -0.174095 -0.138921
v -0.113663 -0.052836 -0.138921
v 0.007595 -0.174095 -0.017663
v 0.007595 -0.052836 -0.017663
v 0.007595 -0.174095 -0.138921
v 0.007595 -0.052836 -0.138921
v 0.128853 -0.416611 0.103595
v 0.128853 -0.295353 0.103595
v 0.250112 -0.416611 0.103595
v 0.250112 -0.295353 0.103595
v 0.128853 -0.052836 0.224854
v 0.128853 -0.174095 0.103595
v 0.128853 -0.052836 0.103595
v 0.250112 -0.174095 0.224854
v 0.250112 -0.052836 0.224854
v 0.250112 -0.174095 0.103595
v 0.250112 -0.052836 0.103595
v 0.371370 -0.052836 0.346112
v 0.492628 -0.052836 0.467370
v 0.492628 -0.174095 0.346112
v 0.492628 -0.052836 0.346112
v 0.735145 -0.052836 0.588629
v 0.613886 -0.052836 0.467370
v 0.613886 -0.174095 0.346112
v 0.613886 -0.052836 0.346112
v 0.735145 -0.052836 0.467370
v 0.735145 -0.174095 0.346112
v 0.735145 -0.052836 0.346112
v 0.371370 -0.659128 0.103595
v 0.371370 -0.537869 0.103595
v 0.492628 -0.537869 0.103595
v 0.371370 -0.901644 -0.017663
v 0.371370 -0.780386 -0.017663
v 0.371370 -0.901644 -0.138921
v 0.371370 -0.780386 -0.138921
v 0.492628 -0.780386 -0.138921
v 0.371370 -0.659128 -0.017663
v 0.371370 -0.537869 -0.017663
v 0.371370 -0.659128 -0.138921
v 0.492628 -0.659128 -0.017663
v 0.492628 -0.537869 -0.017663
v 0.492628 -0.659128 -0.138921
v 0.492628 -0.537869 -0.138921
v 0.613886 -0.537869 -0.017663
v 0.613886 -0.659128 -0.138921
v 0.613886 -0.537869 -0.138921
v 0.735145 -0.537869 -0.138921
v 0.371370 -0.295353 0.224854
v 0.371370 -0.416611 0.103595
v 0.371370 -0.295353 0.103595
v 0.492628 -0.295353 0.224854
v 0.492628 -0.416611 0.103595
v 0.492628 -0.295353 0.103595
v 0.371370 -0.174095 0.224854
v 0.371370 -0.052836 0.224854
v 0.371370 -0.174095 0.103595
v 0.492628 -0.174095 0.224854
v 0.492628 -0.052836 0.224854
v 0.492628 -0.416611 -0.017663
v 0.613886 -0.295353 0.224854
v 0.613886 -0.416611 0.103595
v 0.613886 -0.295353 0.103595
v 0.735145 -0.295353 0.224854
v 0.735145 -0.416611 0.103595
v 0.735145 -0.295353 0.103595
v 0.613886 -0.174095 0.224854
v 0.735145 -0.174095 0.224854
v 0.613886 -0.416611 -0.017663
v 0.613886 -0.416611 -0.138921
v 0.735145 -0.416611 -0.017663
v 0.735145 -0.295353 -0.017663
v 0.735145 -0.416611 -0.138921
v 0.856403 -1.750452 1.316178
v 0.977661 -1.750452 1.316178
v 0.856403 -1.507935 1.437436
v 0.856403 -1.629194 1.316178
v 0.856403 -1.507935 1.316178
v 0.977661 -1.507935 1.437436
v 0.977661 -1.629194 1.316178
v 0.977661 -1.507935 1.316178
v 1.098919 -1.871710 1.316178
v 1.098919 -1.750452 1.316178
v 1.220178 -1.871710 1.316178
v 1.220178 -1.750452 1.316178
v 1.098919 -1.507935 1.437436
v 1.098919 -1.629194 1.316178
v 1.098919 -1.507935 1.316178
v 1.220178 -1.507935 1.437436
v 1.220178 -1.629194 1.316178
v 1.220178 -1.507935 1.316178
v 0.856403 -1.265419 1.679953
v 0.856403 -1.386677 1.558695
v 0.856403 -1.265419 1.558695
v 0.977661 -1.386677 1.558695
v 0.977661 -1.265419 1.558695
v 0.856403 -1.144161 1.679953
v 0.856403 -1.022902 1.679953
v 0.856403 -1.144161 1.558695
v 0.977661 -1.144161 1.679953
v 0.977661 -1.022902 1.679953
v 0.977661 -1.144161 1.558695
v 0.977661 -1.022902 1.558695
v 0.856403 -1.386677 1.437436
v 0.977661 -1.386677 1.437436
v 0.977661 -1.265419 1.437436
v 1.098919 -1.265419 1.558695
v 1.098919 -1.022902 1.679953
v 1.098919 -1.144161 1.558695
v 1.098919 -1.022902 1.558695
v 1.220178 -1.144161 1.558695
v 1.220178 -1.022902 1.558695
v 1.098919 -1.386677 1.437436
v 1.098919 -1.265419 1.437436
v 1.220178 -1.386677 1.437436
v 1.220178 -1.265419 1.437436
v 1.098919 -1.144161 1.437436
v 1.220178 -1.144161 1.437436
v 1.220178 -1.022902 1.437436
v 0.856403 -1.871710 1.194920
v 0.856403 -1.750452 1.194920
v 0.856403 -1.871710 1.073662
v 0.856403 -1.750452 1.073662
v 0.977661 -1.871710 1.194920
v 0.977661 -1.750452 1.194920
v 0.977661 -1.871710 1.073662
v 0.856403 -1.629194 1.194920
v 1.098919 -1.871710 1.194920
v 1.098919 -1.750452 1.194920
v 1.220178 -1.871710 1.194920
v 1.341436 -1.871710 1.316178
v 1.341436 -1.750452 1.316178
v 1.462694 -1.871710 1.316178
v 1.462694 -1.750452 1.316178
v 1.341436 -1.507935 1.437436
v 1.341436 -1.629194 1.316178
v 1.341436 -1.507935 1.316178
v 1.462694 -1.629194 1.316178
v 1.462694 -1.507935 1.316178
v 1.583952 -1.871710 1.316178
v 1.583952 -1.750452 1.316178
v 1.705211 -1.871710 1.316178
v 1.705211 -1.750452 1.316178
v 1.583952 -1.629194 1.316178
v 1.583952 -1.507935 1.316178
v 1.705211 -1.629194 1.316178
v 1.705211 -1.507935 1.316178
v 1.341436 -1.386677 1.437436
v 1.341436 -1.265419 1.437436
v 1.341436 -1.386677 1.316178
v 1.462694 -1.386677 1.437436
v 1.462694 -1.265419 1.437436
v 1.462694 -1.386677 1.316178
v 1.462694 -1.265419 1.316178
v 1.341436 -1.144161 1.437436
v 1.341436 -1.022902 1.437436
v 1.341436 -1.022902 1.316178
v 1.462694 -1.144161 1.437436
v 1.462694 -1.022902 1.437436
v 1.462694 -1.144161 1.316178
v 1.462694 -1.022902 1.316178
v 1.583952 -1.386677 1.316178
v 1.583952 -1.265419 1.316178
v 1.705211 -1.386677 1.316178
v 1.705211 -1.265419 1.316178
v 1.583952 -1.144161 1.316178
v 1.583952 -1.022902 1.316178
v 1.705211 -1.144161 1.316178
v 1.705211 -1.022902 1.316178
v 1.705211 -1.022902 1.194920
v 0.856403 -0.901644 1.679953
v 0.977661 -0.901644 1.679953
v 0.977661 -0.780386 1.679953
v 0.977661 -0.659128 1.679953
v 0.977661 -0.537869 1.679953
v 1.098919 -0.901644 1.679953
v 1.098919 -0.780386 1.679953
v 1.098919 -0.901644 1.558695
v 1.098919 -0.780386 1.558695
v 1.220178 -0.901644 1.558695
v 1.220178 -0.780386 1.558695
v 1.098919 -0.659128 1.679953
v 1.098919 -0.537869 1.679953
v 1.098919 -0.659128 1.558695
v 1.098919 -0.537869 1.558695
v 1.220178 -0.659128 1.558695
v 1.220178 -0.537869 1.558695
v 1.220178 -0.901644 1.437436
v 1.220178 -0.780386 1.437436
v 1.220178 -0.659128 1.437436
v 1.220178 -0.537869 1.437436
v 1.220178 -0.537869 1.316178
v 0.856403 -0.295353 1.679953
v 0.977661 -0.416611 1.679953
v 0.977661 -0.295353 1.679953
v 0.977661 -0.295353 1.558695
v 0.856403 -0.174095 1.679953
v 0.856403 -0.052836 1.679953
v 0.856403 -0.174095 1.558695
v 0.856403 -0.052836 1.558695
v 0.977661 -0.174095 1.679953
v 0.977661 -0.174095 1.558695
v 0.977661 -0.052836 1.558695
v 0.856403 -0.052836 1.437436
v 0.977661 -0.174095 1.437436
v 0.977661 -0.052836 1.437436
v 0.977661 -0.052836 1.316178
v 1.098919 -0.416611 1.679953
v 1.098919 -0.295353 1.679953
v 1.098919 -0.416611 1.558695
v 1.098919 -0.295353 1.558695
v 1.220178 -0.416611 1.558695
v 1.098919 -0.174095 1.558695
v 1.098919 -0.416611 1.437436
v 1.098919 -0.295353 1.437436
v 1.098919 -0.295353 1.316178
v 1.220178 -0.416611 1.437436
v 1.220178 -0.295353 1.437436
v 1.220178 -0.416611 1.316178
v 1.220178 -0.295353 1.316178
v 1.098919 -0.174095 1.437436
v 1.098919 -0.052836 1.437436
v 1.098919 -0.174095 1.316178
v 1.098919 -0.052836 1.316178
v 1.220178 -0.174095 1.316178
v 0.977661 -0.052836 1.194920
v 0.977661 -0.052836 1.073662
v 0.977661 -0.052836 0.952403
v 0.977661 -0.052836 0.831145
v 1.220178 -0.416611 1.194920
v 1.220178 -0.295353 1.194920
v 1.220178 -0.295353 1.073662
v 1.098919 -0.174095 1.194920
v 1.098919 -0.052836 1.194920
v 1.098919 -0.174095 1.073662
v 1.098919 -0.052836 1.073662
v 1.220178 -0.174095 1.194920
v 1.220178 -0.174095 1.073662
v 1.220178 -0.295353 0.952403
v 1.098919 -0.174095 0.952403
v 1.098919 -0.052836 0.952403
v 1.098919 -0.174095 0.831145
v 1.098919 -0.052836 0.831145
v 1.220178 -0.174095 0.952403
v 1.220178 -0.052836 0.952403
v 1.220178 -0.174095 0.831145
v 1.220178 -0.052836 0.831145
v 1.341436 -0.901644 1.437436
v 1.341436 -0.780386 1.437436
v 1.341436 -0.901644 1.316178
v 1.341436 -0.780386 1.316178
v 1.462694 -0.901644 1.316178
v 1.462694 -0.780386 1.316178
v 1.341436 -0.659128 1.437436
v 1.341436 -0.537869 1.437436
v 1.341436 -0.659128 1.316178
v 1.341436 -0.537869 1.316178
v 1.462694 -0.659128 1.316178
v 1.462694 -0.537869 1.316178
v 1.583952 -0.901644 1.316178
v 1.583952 -0.780386 1.316178
v 1.705211 -0.901644 1.316178
v 1.341436 -0.416611 1.316178
v 1.462694 -0.780386 1.194920
v 1.341436 -0.537869 1.194920
v 1.462694 -0.659128 1.194920
v 1.462694 -0.537869 1.194920
v 1.462694 -0.537869 1.073662
v 1.583952 -0.901644 1.194920
v 1.583952 -0.780386 1.194920
v 1.705211 -0.901644 1.194920
v 1.705211 -0.780386 1.194920
v 1.705211 -0.780386 1.073662
v 1.583952 -0.659128 1.194920
v 1.583952 -0.537869 1.194920
v 1.583952 -0.659128 1.073662
v 1.583952 -0.537869 1.073662
v 1.705211 -0.659128 1.194920
v 1.705211 -0.659128 1.073662
v 1.705211 -0.537869 1.073662
v 1.583952 -0.537869 0.952403
v 1.705211 -0.659128 0.952403
v 1.705211 -0.537869 0.952403
v 1.705211 -0.537869 0.831145
v 1.341436 -0.416611 1.194920
v 1.341436 -0.295353 1.194920
v 1.341436 -0.416611 1.073662
v 1.341436 -0.295353 1.073662
v 1.462694 -0.416611 1.194920
v 1.462694 -0.416611 1.073662
v 1.462694 -0.295353 1.073662
v 1.341436 -0.295353 0.952403
v 1.341436 -0.295353 0.831145
v 1.462694 -0.416611 0.952403
v 1.462694 -0.295353 0.952403
v 1.462694 -0.416611 0.831145
v 1.462694 -0.295353 0.831145
v 1.341436 -0.174095 0.952403
v 1.341436 -0.174095 0.831145
v 1.583952 -0.416611 1.073662
v 1.583952 -0.416611 0.952403
v 1.583952 -0.416611 0.831145
v 1.583952 -0.295353 0.831145
v 1.705211 -0.416611 0.952403
v 1.705211 -0.416611 0.831145
v 0.856403 -0.052836 0.709887
v 0.856403 -0.052836 0.588629
v 0.977661 -0.052836 0.709887
v 0.977661 -0.052836 0.588629
v 0.856403 -0.052836 0.467370
v 0.856403 -0.174095 0.346112
v 0.856403 -0.052836 0.346112
v 0.977661 -0.174095 0.467370
v 0.977661 -0.052836 0.467370
v 0.977661 -0.174095 0.346112
v 0.977661 -0.052836 0.346112
v 1.098919 -0.174095 0.709887
v 1.098919 -0.052836 0.709887
v 1.098919 -0.174095 0.588629
v 1.098919 -0.052836 0.588629
v 1.220178 -0.174095 0.709887
v 1.220178 -0.174095 0.588629
v 1.098919 -0.174095 0.467370
v 1.098919 -0.052836 0.467370
v 1.098919 -0.174095 0.346112
v 1.220178 -0.174095 0.467370
v 1.220178 -0.174095 0.346112
v 0.856403 -0.295353 0.224854
v 0.856403 -0.295353 0.103595
v 0.977661 -0.295353 0.103595
v 0.856403 -0.174095 0.224854
v 0.856403 -0.174095 0.103595
v 0.977661 -0.174095 0.224854
v 0.977661 -0.174095 0.103595
v 0.856403 -0.416611 -0.017663
v 0.856403 -0.295353 -0.017663
v 0.856403 -0.416611 -0.138921
v 0.856403 -0.295353 -0.138921
v 0.977661 -0.295353 -0.017663
v 0.977661 -0.295353 -0.138921
v 1.098919 -0.295353 0.103595
v 1.098919 -0.174095 0.224854
v 1.098919 -0.174095 0.103595
v 1.220178 -0.174095 0.224854
v 1.220178 -0.174095 0.103595
v 1.098919 -0.295353 -0.017663
v 1.098919 -0.295353 -0.138921
v 1.220178 -0.295353 -0.138921
v 1.098919 -0.174095 -0.017663
v 1.098919 -0.174095 -0.138921
v 1.220178 -0.174095 -0.017663
v 1.220178 -0.174095 -0.138921
v 1.341436 -0.295353 0.709887
v 1.462694 -0.295353 0.709887
v 1.462694 -0.295353 0.588629
v 1.341436 -0.174095 0.709887
v 1.341436 -0.174095 0.588629
v 1.462694 -0.174095 0.709887
v 1.462694 -0.174095 0.588629
v 1.341436 -0.174095 0.467370
v 1.341436 -0.174095 0.346112
v 1.462694 -0.174095 0.467370
v 1.462694 -0.174095 0.346112
v 1.583952 -0.416611 0.709887
v 1.583952 -0.295353 0.709887
v 1.583952 -0.295353 0.588629
v 1.705211 -0.416611 0.709887
v 1.705211 -0.295353 0.709887
v 1.705211 -0.295353 0.588629
v 1.583952 -0.174095 0.588629
v 1.583952 -0.295353 0.467370
v 1.705211 -0.295353 0.467370
v 1.583952 -0.174095 0.467370
v 1.583952 -0.174095 0.346112
v 1.705211 -0.174095 0.467370
v 1.705211 -0.174095 0.346112
v 1.341436 -0.174095 0.224854
v 1.341436 -0.174095 0.103595
v 1.462694 -0.174095 0.224854
v 1.462694 -0.174095 0.103595
v 1.341436 -0.174095 -0.017663
v 1.341436 -0.174095 -0.138921
v 1.462694 -0.174095 -0.017663
v 1.462694 -0.174095 -0.138921
v 1.583952 -0.174095 0.224854
v 1.583952 -0.174095 0.103595
v 1.705211 -0.174095 0.224854
v 1.705211 -0.174095 0.103595
v 1.583952 -0.174095 -0.017663
v 1.583952 -0.174095 -0.138921
v 1.705211 -0.174095 -0.017663
v 1.705211 -0.174095 -0.138921
v 1.826469 -2.235485 1.316178
v 1.947727 -2.235485 1.316178
v 1.826469 -2.114227 1.316178
v 1.826469 -1.992968 1.316178
v 1.947727 -2.114227 1.316178
v 1.947727 -1.992968 1.316178
v 2.068985 -2.235485 1.316178
v 2.068985 -2.114227 1.316178
v 2.068985 -1.992968 1.316178
v 2.190244 -2.114227 1.316178
v 2.190244 -1.992968 1.316178
v 1.826469 -2.478002 1.194920
v 1.826469 -2.599260 1.073662
v 1.826469 -2.478002 1.073662
v 1.947727 -2.478002 1.194920
v 1.947727 -2.599260 1.073662
v 1.947727 -2.478002 1.073662
v 1.826469 -2.720518 0.952403
v 1.826469 -2.841776 0.831145
v 1.826469 -2.720518 0.831145
v 1.947727 -2.720518 0.952403
v 1.947727 -2.841776 0.831145
v 1.947727 -2.720518 0.831145
v 1.826469 -2.599260 0.952403
v 1.947727 -2.599260 0.952403
v 2.068985 -2.478002 1.194920
v 2.068985 -2.599260 1.073662
v 2.068985 -2.478002 1.073662
v 2.190244 -2.599260 1.073662
v 2.190244 -2.478002 1.073662
v 2.068985 -2.720518 0.952403
v 2.068985 -2.841776 0.831145
v 2.068985 -2.720518 0.831145
v 2.190244 -2.720518 0.952403
v 2.190244 -2.841776 0.831145
v 2.190244 -2.720518 0.831145
v 2.068985 -2.599260 0.952403
v 2.190244 -2.599260 0.952403
v 2.190244 -2.478002 0.952403
v 1.826469 -2.356743 1.194920
v 1.826469 -2.235485 1.194920
v 1.947727 -2.356743 1.194920
v 1.947727 -2.235485 1.194920
v 2.068985 -2.356743 1.194920
v 2.068985 -2.235485 1.194920
v 2.068985 -2.356743 1.073662
v 2.190244 -2.356743 1.194920
v 2.190244 -2.235485 1.194920
v 2.190244 -2.356743 1.073662
v 2.068985 -2.114227 1.194920
v 2.190244 -2.114227 1.194920
v 2.190244 -1.992968 1.194920
v 2.311502 -1.992968 1.316178
v 2.311502 -2.478002 1.073662
v 2.311502 -2.720518 0.952403
v 2.311502 -2.720518 0.831145
v 2.432760 -2.720518 0.831145
v 2.311502 -2.599260 0.952403
v 2.311502 -2.478002 0.952403
v 2.311502 -2.599260 0.831145
v 2.432760 -2.599260 0.952403
v 2.432760 -2.478002 0.952403
v 2.432760 -2.599260 0.831145
v 2.432760 -2.478002 0.831145
v 2.554018 -2.478002 0.952403
v 2.554018 -2.599260 0.831145
v 2.554018 -2.478002 0.831145
v 2.675277 -2.478002 0.831145
v 2.311502 -2.356743 1.194920
v 2.311502 -2.235485 1.194920
v 2.311502 -2.356743 1.073662
v 2.311502 -2.235485 1.073662
v 2.432760 -2.235485 1.194920
v 2.432760 -2.356743 1.073662
v 2.432760 -2.235485 1.073662
v 2.311502 -2.114227 1.194920
v 2.311502 -1.992968 1.194920
v 2.432760 -2.114227 1.194920
v 2.432760 -1.992968 1.194920
v 2.432760 -2.114227 1.073662
v 2.432760 -1.992968 1.073662
v 2.311502 -2.356743 0.952403
v 2.432760 -2.356743 0.952403
v 2.432760 -2.235485 0.952403
v 2.554018 -2.235485 1.073662
v 2.554018 -1.992968 1.194920
v 2.554018 -2.114227 1.073662
v 2.554018 -1.992968 1.073662
v 2.675277 -2.114227 1.073662
v 2.675277 -1.992968 1.073662
v 2.554018 -2.356743 0.952403
v 2.554018 -2.235485 0.952403
v 2.554018 -2.356743 0.831145
v 2.675277 -2.356743 0.952403
v 2.675277 -2.235485 0.952403
v 2.675277 -2.356743 0.831145
v 2.675277 -2.235485 0.831145
v 2.554018 -2.114227 0.952403
v 2.675277 -2.114227 0.952403
v 2.675277 -1.992968 0.952403
v 2.675277 -2.114227 0.831145
v 1.826469 -2.963034 0.709887
v 1.826469 -3.084292 0.588629
v 1.826469 -2.963034 0.588629
v 1.947727 -2.963034 0.709887
v 1.947727 -2.963034 0.588629
v 1.826469 -3.084292 0.467370
v 1.826469 -2.963034 0.467370
v 1.826469 -3.084292 0.346112
v 1.947727 -3.084292 0.467370
v 1.947727 -2.963034 0.467370
v 1.947727 -3.084292 0.346112
v 2.068985 -2.963034 0.709887
v 2.068985 -2.963034 0.588629
v 2.190244 -2.963034 0.588629
v 2.068985 -3.084292 0.467370
v 2.068985 -2.963034 0.467370
v 2.068985 -3.084292 0.346112
v 2.190244 -3.084292 0.467370
v 2.190244 -2.963034 0.467370
v 2.190244 -3.084292 0.346112
v 2.190244 -2.963034 0.346112
v 1.826469 -3.205551 0.224854
v 1.826469 -3.205551 0.103595
v 1.947727 -3.205551 0.103595
v 1.826469 -3.084292 0.224854
v 1.826469 -3.084292 0.103595
v 1.947727 -3.084292 0.224854
v 1.947727 -3.084292 0.103595
v 1.826469 -3.205551 -0.017663
v 1.826469 -3.205551 -0.138921
v 1.947727 -3.205551 -0.017663
v 1.947727 -3.205551 -0.138921
v 1.947727 -3.084292 -0.017663
v 2.068985 -3.084292 0.224854
v 2.068985 -3.084292 0.103595
v 2.190244 -3.084292 0.224854
v 2.190244 -3.084292 0.103595
v 2.068985 -3.205551 -0.017663
v 2.068985 -3.205551 -0.138921
v 2.068985 -3.084292 -0.017663
v 2.068985 -3.084292 -0.138921
v 2.190244 -3.084292 -0.017663
v 2.190244 -3.084292 -0.138921
v 2.311502 -2.963034 0.588629
v 2.311502 -2.963034 0.467370
v 2.311502 -3.084292 0.346112
v 2.311502 -2.963034 0.346112
v 2.432760 -2.963034 0.467370
v 2.432760 -2.963034 0.346112
v 2.554018 -2.963034 0.346112
v 2.311502 -3.084292 0.224854
v 2.311502 -2.963034 0.224854
v 2.311502 -3.084292 0.103595
v 2.311502 -2.963034 0.103595
v 2.432760 -2.963034 0.224854
v 2.432760 -3.084292 0.103595
v 2.432760 -2.963034 0.103595
v 2.311502 -3.084292 -0.017663
v 2.311502 -3.084292 -0.138921
v 2.432760 -3.084292 -0.017663
v 2.432760 -2.963034 -0.017663
v 2.432760 -3.084292 -0.138921
v 2.432760 -2.963034 -0.138921
v 2.554018 -2.963034 0.224854
v 2.554018 -2.963034 0.103595
v 2.554018 -2.963034 -0.017663
v 2.554018 -2.963034 -0.138921
v 1.826469 -2.841776 0.709887
v 1.947727 -2.841776 0.709887
v 2.068985 -2.841776 0.709887
v 2.068985 -2.841776 0.588629
v 2.190244 -2.841776 0.709887
v 2.190244 -2.720518 0.709887
v 2.190244 -2.841776 0.588629
v 2.311502 -2.841776 0.709887
v 2.311502 -2.720518 0.709887
v 2.311502 -2.841776 0.588629
v 2.432760 -2.841776 0.709887
v 2.432760 -2.720518 0.709887
v 2.432760 -2.841776 0.588629
v 2.432760 -2.720518 0.588629
v 2.432760 -2.599260 0.709887
v 2.311502 -2.841776 0.467370
v 2.432760 -2.841776 0.467370
v 2.432760 -2.841776 0.346112
v 2.554018 -2.720518 0.709887
v 2.554018 -2.841776 0.588629
v 2.554018 -2.720518 0.588629
v 2.675277 -2.720518 0.588629
v 2.554018 -2.599260 0.709887
v 2.554018 -2.478002 0.709887
v 2.554018 -2.599260 0.588629
v 2.675277 -2.599260 0.709887
v 2.675277 -2.478002 0.709887
v 2.675277 -2.599260 0.588629
v 2.675277 -2.478002 0.588629
v 2.554018 -2.841776 0.467370
v 2.554018 -2.720518 0.467370
v 2.554018 -2.841776 0.346112
v 2.554018 -2.720518 0.346112
v 2.675277 -2.720518 0.467370
v 2.675277 -2.841776 0.346112
v 2.675277 -2.720518 0.346112
v 2.675277 -2.599260 0.467370
v 2.675277 -2.356743 0.709887
v 2.554018 -2.841776 0.224854
v 2.554018 -2.841776 0.103595
v 2.675277 -2.841776 0.224854
v 2.675277 -2.720518 0.224854
v 2.675277 -2.841776 0.103595
v 2.675277 -2.720518 0.103595
v 2.554018 -2.841776 -0.017663
v 2.554018 -2.841776 -0.138921
v 2.675277 -2.841776 -0.017663
v 2.675277 -2.841776 -0.138921
v 2.796535 -2.356743 0.831145
v 2.796535 -2.235485 0.831145
v 2.917793 -2.235485 0.831145
v 2.796535 -2.114227 0.952403
v 2.796535 -1.992968 0.952403
v 2.796535 -2.114227 0.831145
v 2.796535 -1.992968 0.831145
v 2.917793 -2.114227 0.831145
v 2.917793 -1.992968 0.831145
v 2.796535 -2.478002 0.709887
v 2.796535 -2.599260 0.588629
v 2.796535 -2.478002 0.588629
v 2.917793 -2.478002 0.588629
v 2.796535 -2.720518 0.467370
v 2.796535 -2.720518 0.346112
v 2.796535 -2.599260 0.467370
v 2.796535 -2.478002 0.467370
v 2.796535 -2.599260 0.346112
v 2.796535 -2.478002 0.346112
v 2.917793 -2.478002 0.467370
v 2.917793 -2.599260 0.346112
v 2.917793 -2.478002 0.346112
v 3.039052 -2.478002 0.346112
v 2.796535 -2.356743 0.709887
v 2.796535 -2.235485 0.709887
v 2.796535 -2.356743 0.588629
v 2.917793 -2.356743 0.709887
v 2.917793 -2.235485 0.709887
v 2.917793 -2.356743 0.588629
v 2.917793 -2.235485 0.588629
v 2.917793 -2.114227 0.709887
v 2.917793 -1.992968 0.709887
v 2.917793 -2.114227 0.588629
v 2.917793 -2.356743 0.467370
v 2.917793 -2.235485 0.467370
v 2.917793 -2.356743 0.346112
v 3.039052 -2.235485 0.588629
v 3.039052 -2.114227 0.709887
v 3.039052 -1.992968 0.709887
v 3.039052 -2.114227 0.588629
v 3.039052 -1.992968 0.588629
v 3.039052 -2.356743 0.467370
v 3.039052 -2.235485 0.467370
v 3.039052 -2.356743 0.346112
v 3.039052 -2.235485 0.346112
v 3.039052 -2.114227 0.467370
v 3.039052 -1.992968 0.467370
v 3.039052 -2.114227 0.346112
v 3.039052 -1.992968 0.346112
v 3.160310 -1.992968 0.467370
v 3.160310 -2.114227 0.346112
v 3.160310 -1.992968 0.346112
v 2.796535 -2.720518 0.224854
v 2.796535 -2.841776 0.103595
v 2.796535 -2.720518 0.103595
v 2.917793 -2.720518 0.103595
v 2.796535 -2.599260 0.224854
v 2.796535 -2.599260 0.103595
v 2.917793 -2.599260 0.224854
v 2.917793 -2.478002 0.224854
v 2.917793 -2.599260 0.103595
v 2.917793 -2.478002 0.103595
v 2.796535 -2.841776 -0.017663
v 2.796535 -2.720518 -0.017663
v 2.796535 -2.841776 -0.138921
v 2.796535 -2.720518 -0.138921
v 2.917793 -2.720518 -0.017663
v 2.917793 -2.720518 -0.138921
v 2.917793 -2.599260 -0.017663
v 2.917793 -2.478002 -0.017663
v 2.917793 -2.599260 -0.138921
v 2.917793 -2.478002 -0.138921
v 3.039052 -2.478002 0.224854
v 3.039052 -2.478002 0.103595
v 3.039052 -2.478002 -0.017663
v 3.039052 -2.478002 -0.138921
v 3.039052 -2.356743 0.224854
v 3.039052 -2.235485 0.224854
v 3.039052 -2.356743 0.103595
v 3.039052 -2.235485 0.103595
v 3.160310 -2.235485 0.224854
v 3.160310 -2.235485 0.103595
v 3.039052 -2.114227 0.224854
v 3.160310 -2.114227 0.224854
v 3.160310 -1.992968 0.224854
v 3.160310 -2.114227 0.103595
v 3.160310 -1.992968 0.103595
v 3.039052 -2.356743 -0.017663
v 3.039052 -2.235485 -0.017663
v 3.039052 -2.356743 -0.138921
v 3.160310 -2.356743 -0.017663
v 3.160310 -2.235485 -0.017663
v 3.160310 -2.356743 -0.138921
v 3.160310 -2.235485 -0.138921
v 3.160310 -2.114227 -0.017663
v 3.160310 -1.992968 -0.017663
v 3.160310 -2.114227 -0.138921
v 3.160310 -1.992968 -0.138921
v 3.281568 -1.992968 -0.017663
v 3.281568 -1.992968 -0.138921
v 1.826469 -1.871710 1.316178
v 1.826469 -1.750452 1.316178
v 1.947727 -1.871710 1.316178
v 1.947727 -1.750452 1.316178
v 1.826469 -1.629194 1.316178
v 1.826469 -1.507935 1.316178
v 1.947727 -1.629194 1.316178
v 1.947727 -1.507935 1.316178
v 2.068985 -1.871710 1.316178
v 2.068985 -1.750452 1.316178
v 2.190244 -1.871710 1.316178
v 2.190244 -1.750452 1.316178
v 2.068985 -1.629194 1.316178
v 2.068985 -1.507935 1.316178
v 2.190244 -1.629194 1.316178
v 2.190244 -1.507935 1.316178
v 1.826469 -1.386677 1.316178
v 1.826469 -1.265419 1.316178
v 1.947727 -1.386677 1.316178
v 1.947727 -1.265419 1.316178
v 1.826469 -1.144161 1.316178
v 1.826469 -1.022902 1.316178
v 1.947727 -1.144161 1.316178
v 1.947727 -1.022902 1.316178
v 2.068985 -1.386677 1.316178
v 2.068985 -1.265419 1.316178
v 2.190244 -1.386677 1.316178
v 2.190244 -1.265419 1.316178
v 2.068985 -1.144161 1.316178
v 2.190244 -1.144161 1.316178
v 1.826469 -1.022902 1.194920
v 1.947727 -1.144161 1.194920
v 1.947727 -1.022902 1.194920
v 2.190244 -1.386677 1.194920
v 2.190244 -1.265419 1.194920
v 2.068985 -1.144161 1.194920
v 2.068985 -1.022902 1.194920
v 2.190244 -1.144161 1.194920
v 2.190244 -1.022902 1.194920
v 2.190244 -1.022902 1.073662
v 2.311502 -1.871710 1.316178
v 2.311502 -1.750452 1.316178
v 2.311502 -1.629194 1.316178
v 2.311502 -1.507935 1.316178
v 2.311502 -1.386677 1.316178
v 2.311502 -1.871710 1.194920
v 2.311502 -1.750452 1.194920
v 2.432760 -1.871710 1.194920
v 2.432760 -1.750452 1.194920
v 2.311502 -1.629194 1.194920
v 2.311502 -1.507935 1.194920
v 2.432760 -1.629194 1.194920
v 2.432760 -1.507935 1.194920
v 2.554018 -1.871710 1.194920
v 2.554018 -1.750452 1.194920
v 2.554018 -1.871710 1.073662
v 2.554018 -1.750452 1.073662
v 2.675277 -1.871710 1.073662
v 2.675277 -1.750452 1.073662
v 2.554018 -1.629194 1.194920
v 2.554018 -1.507935 1.194920
v 2.554018 -1.629194 1.073662
v 2.554018 -1.507935 1.073662
v 2.675277 -1.629194 1.073662
v 2.675277 -1.507935 1.073662
v 2.675277 -1.871710 0.952403
v 2.675277 -1.750452 0.952403
v 2.675277 -1.629194 0.952403
v 2.675277 -1.507935 0.952403
v 2.311502 -1.386677 1.194920
v 2.311502 -1.265419 1.194920
v 2.432760 -1.386677 1.194920
v 2.432760 -1.265419 1.194920
v 2.432760 -1.265419 1.073662
v 2.311502 -1.144161 1.194920
v 2.311502 -1.022902 1.194920
v 2.311502 -1.144161 1.073662
v 2.311502 -1.022902 1.073662
v 2.432760 -1.144161 1.194920
v 2.432760 -1.144161 1.073662
v 2.432760 -1.022902 1.073662
v 2.432760 -1.022902 0.952403
v 2.554018 -1.386677 1.194920
v 2.554018 -1.265419 1.194920
v 2.554018 -1.386677 1.073662
v 2.554018 -1.265419 1.073662
v 2.675277 -1.386677 1.073662
v 2.675277 -1.265419 1.073662
v 2.554018 -1.144161 1.073662
v 2.554018 -1.022902 1.073662
v 2.554018 -1.265419 0.952403
v 2.675277 -1.386677 0.952403
v 2.675277 -1.265419 0.952403
v 2.554018 -1.144161 0.952403
v 2.554018 -1.022902 0.952403
v 2.554018 -1.022902 0.831145
v 2.675277 -1.144161 0.952403
v 2.675277 -1.022902 0.952403
v 2.675277 -1.144161 0.831145
v 2.675277 -1.022902 0.831145
v 1.826469 -0.901644 1.194920
v 1.826469 -0.780386 1.194920
v 1.826469 -0.780386 1.073662
v 1.947727 -0.901644 1.194920
v 1.947727 -0.780386 1.194920
v 1.947727 -0.901644 1.073662
v 1.947727 -0.780386 1.073662
v 1.826469 -0.659128 1.073662
v 1.947727 -0.659128 1.073662
v 1.826469 -0.659128 0.952403
v 1.826469 -0.537869 0.952403
v 1.826469 -0.537869 0.831145
v 1.947727 -0.659128 0.952403
v 1.947727 -0.537869 0.952403
v 1.947727 -0.537869 0.831145
v 2.068985 -0.901644 1.194920
v 2.068985 -0.901644 1.073662
v 2.068985 -0.780386 1.073662
v 2.190244 -0.901644 1.194920
v 2.190244 -0.901644 1.073662
v 2.190244 -0.780386 1.073662
v 2.068985 -0.659128 1.073662
v 2.068985 -0.780386 0.952403
v 2.190244 -0.780386 0.952403
v 2.068985 -0.659128 0.952403
v 2.068985 -0.537869 0.952403
v 2.068985 -0.659128 0.831145
v 2.068985 -0.537869 0.831145
v 2.190244 -0.659128 0.952403
v 2.190244 -0.659128 0.831145
v 2.190244 -0.537869 0.831145
v 1.826469 -0.416611 0.831145
v 1.947727 -0.416611 0.831145
v 2.068985 -0.416611 0.831145
v 2.311502 -0.901644 1.073662
v 2.311502 -0.780386 1.073662
v 2.432760 -0.901644 1.073662
v 2.311502 -0.901644 0.952403
v 2.311502 -0.780386 0.952403
v 2.311502 -0.780386 0.831145
v 2.432760 -0.901644 0.952403
v 2.432760 -0.780386 0.952403
v 2.432760 -0.901644 0.831145
v 2.432760 -0.780386 0.831145
v 2.311502 -0.659128 0.952403
v 2.311502 -0.659128 0.831145
v 2.311502 -0.537869 0.831145
v 2.432760 -0.659128 0.831145
v 2.554018 -0.901644 0.952403
v 2.554018 -0.901644 0.831145
v 2.554018 -0.780386 0.831145
v 2.675277 -0.901644 0.831145
v 2.675277 -0.780386 0.831145
v 2.554018 -0.659128 0.831145
v 2.068985 -0.537869 0.709887
v 2.190244 -0.537869 0.709887
v 1.826469 -0.416611 0.709887
v 1.826469 -0.295353 0.709887
v 1.826469 -0.416611 0.588629
v 1.826469 -0.295353 0.588629
v 1.947727 -0.416611 0.709887
v 1.947727 -0.416611 0.588629
v 1.947727 -0.295353 0.588629
v 1.826469 -0.295353 0.467370
v 1.826469 -0.295353 0.346112
v 1.947727 -0.295353 0.467370
v 1.947727 -0.295353 0.346112
v 1.826469 -0.174095 0.467370
v 1.826469 -0.174095 0.346112
v 1.947727 -0.174095 0.346112
v 2.068985 -0.416611 0.709887
v 2.068985 -0.416611 0.588629
v 2.068985 -0.295353 0.588629
v 2.190244 -0.416611 0.709887
v 2.190244 -0.416611 0.588629
v 2.068985 -0.416611 0.467370
v 2.068985 -0.295353 0.467370
v 2.068985 -0.295353 0.346112
v 2.190244 -0.416611 0.467370
v 2.190244 -0.295353 0.467370
v 2.190244 -0.295353 0.346112
v 2.068985 -0.174095 0.346112
v 1.826469 -0.174095 0.224854
v 1.826469 -0.174095 0.103595
v 1.947727 -0.174095 0.224854
v 1.947727 -0.174095 0.103595
v 1.826469 -0.174095 -0.017663
v 1.826469 -0.174095 -0.138921
v 1.947727 -0.174095 -0.017663
v 1.947727 -0.174095 -0.138921
v 2.068985 -0.295353 0.224854
v 2.190244 -0.295353 0.224854
v 2.190244 -0.295353 0.103595
v 2.068985 -0.174095 0.224854
v 2.068985 -0.174095 0.103595
v 2.190244 -0.174095 0.224854
v 2.190244 -0.174095 0.103595
v 2.190244 -0.295353 -0.017663
v 2.068985 -0.174095 -0.017663
v 2.068985 -0.174095 -0.138921
v 2.190244 -0.174095 -0.017663
v 2.190244 -0.174095 -0.138921
v 2.311502 -0.659128 0.709887
v 2.311502 -0.537869 0.709887
v 2.311502 -0.537869 0.588629
v 2.432760 -0.659128 0.709887
v 2.432760 -0.537869 0.709887
v 2.432760 -0.537869 0.588629
v 2.432760 -0.537869 0.467370
v 2.554018 -0.780386 0.709887
v 2.675277 -0.901644 0.709887
v 2.675277 -0.780386 0.709887
v 2.675277 -0.780386 0.588629
v 2.554018 -0.659128 0.709887
v 2.554018 -0.537869 0.709887
v 2.554018 -0.659128 0.588629
v 2.554018 -0.537869 0.588629
v 2.675277 -0.659128 0.709887
v 2.675277 -0.659128 0.588629
v 2.675277 -0.780386 0.467370
v 2.554018 -0.659128 0.467370
v 2.554018 -0.537869 0.467370
v 2.554018 -0.537869 0.346112
v 2.675277 -0.659128 0.467370
v 2.675277 -0.537869 0.467370
v 2.675277 -0.659128 0.346112
v 2.675277 -0.537869 0.346112
v 2.311502 -0.416611 0.709887
v 2.311502 -0.416611 0.588629
v 2.432760 -0.416611 0.588629
v 2.311502 -0.416611 0.467370
v 2.311502 -0.295353 0.467370
v 2.311502 -0.416611 0.346112
v 2.311502 -0.295353 0.346112
v 2.432760 -0.416611 0.467370
v 2.432760 -0.416611 0.346112
v 2.432760 -0.295353 0.346112
v 2.554018 -0.416611 0.467370
v 2.554018 -0.416611 0.346112
v 2.554018 -0.537869 0.224854
v 2.675277 -0.537869 0.224854
v 2.675277 -0.537869 0.103595
v 2.675277 -0.537869 -0.017663
v 2.675277 -0.537869 -0.138921
v 2.311502 -0.295353 0.224854
v 2.311502 -0.295353 0.103595
v 2.432760 -0.416611 0.224854
v 2.432760 -0.295353 0.224854
v 2.432760 -0.416611 0.103595
v 2.432760 -0.295353 0.103595
v 2.311502 -0.295353 -0.017663
v 2.311502 -0.295353 -0.138921
v 2.432760 -0.416611 -0.017663
v 2.432760 -0.295353 -0.017663
v 2.432760 -0.295353 -0.138921
v 2.311502 -0.174095 -0.017663
v 2.311502 -0.174095 -0.138921
v 2.554018 -0.416611 0.224854
v 2.554018 -0.416611 0.103595
v 2.675277 -0.416611 0.224854
v 2.675277 -0.416611 0.103595
v 2.554018 -0.416611 -0.017663
v 2.554018 -0.295353 -0.017663
v 2.554018 -0.416611 -0.138921
v 2.554018 -0.295353 -0.138921
v 2.675277 -0.416611 -0.017663
v 2.675277 -0.416611 -0.138921
v 2.796535 -1.871710 0.952403
v 2.796535 -1.750452 0.952403
v 2.796535 -1.871710 0.831145
v 2.796535 -1.750452 0.831145
v 2.917793 -1.871710 0.831145
v 2.917793 -1.750452 0.831145
v 2.796535 -1.629194 0.952403
v 2.796535 -1.507935 0.952403
v 2.796535 -1.629194 0.831145
v 2.796535 -1.507935 0.831145
v 2.917793 -1.629194 0.831145
v 2.917793 -1.507935 0.831145
v 2.796535 -1.386677 0.952403
v 2.796535 -1.265419 0.952403
v 2.796535 -1.386677 0.831145
v 2.796535 -1.265419 0.831145
v 2.917793 -1.386677 0.831145
v 2.917793 -1.265419 0.831145
v 2.796535 -1.144161 0.952403
v 2.796535 -1.144161 0.831145
v 2.796535 -1.022902 0.831145
v 2.917793 -1.144161 0.831145
v 2.796535 -0.901644 0.831145
v 2.917793 -1.871710 0.709887
v 2.917793 -1.750452 0.709887
v 2.917793 -1.629194 0.709887
v 2.917793 -1.507935 0.709887
v 3.039052 -1.871710 0.709887
v 3.039052 -1.750452 0.709887
v 3.039052 -1.871710 0.588629
v 3.039052 -1.750452 0.588629
v 3.039052 -1.629194 0.709887
v 3.039052 -1.507935 0.709887
v 3.039052 -1.629194 0.588629
v 3.039052 -1.507935 0.588629
v 3.039052 -1.871710 0.467370
v 3.039052 -1.750452 0.467370
v 3.160310 -1.871710 0.467370
v 3.160310 -1.750452 0.467370
v 3.160310 -1.871710 0.346112
v 3.160310 -1.750452 0.346112
v 3.039052 -1.629194 0.467370
v 3.039052 -1.507935 0.467370
v 3.160310 -1.629194 0.467370
v 3.160310 -1.507935 0.467370
v 3.160310 -1.629194 0.346112
v 3.160310 -1.507935 0.346112
v 2.917793 -1.386677 0.709887
v 2.917793 -1.265419 0.709887
v 2.917793 -1.265419 0.588629
v 2.796535 -1.144161 0.709887
v 2.796535 -1.022902 0.709887
v 2.796535 -1.022902 0.588629
v 2.917793 -1.144161 0.709887
v 2.917793 -1.022902 0.709887
v 2.917793 -1.144161 0.588629
v 2.917793 -1.022902 0.588629
v 2.917793 -1.022902 0.467370
v 3.039052 -1.386677 0.709887
v 3.039052 -1.265419 0.709887
v 3.039052 -1.386677 0.588629
v 3.039052 -1.265419 0.588629
v 3.039052 -1.144161 0.588629
v 3.039052 -1.022902 0.588629
v 3.039052 -1.386677 0.467370
v 3.039052 -1.265419 0.467370
v 3.039052 -1.265419 0.346112
v 3.160310 -1.386677 0.467370
v 3.160310 -1.265419 0.467370
v 3.160310 -1.386677 0.346112
v 3.160310 -1.265419 0.346112
v 3.039052 -1.144161 0.467370
v 3.039052 -1.022902 0.467370
v 3.039052 -1.144161 0.346112
v 3.039052 -1.022902 0.346112
v 3.160310 -1.144161 0.346112
v 3.160310 -1.871710 0.224854
v 3.160310 -1.750452 0.224854
v 3.160310 -1.871710 0.103595
v 3.160310 -1.750452 0.103595
v 3.160310 -1.629194 0.224854
v 3.160310 -1.507935 0.224854
v 3.160310 -1.629194 0.103595
v 3.160310 -1.507935 0.103595
v 3.160310 -1.871710 -0.017663
v 3.160310 -1.386677 0.224854
v 3.160310 -1.265419 0.224854
v 3.160310 -1.386677 0.103595
v 3.160310 -1.265419 0.103595
v 3.039052 -1.144161 0.224854
v 3.039052 -1.022902 0.224854
v 3.039052 -1.022902 0.103595
v 3.160310 -1.144161 0.224854
v 3.160310 -1.022902 0.224854
v 3.160310 -1.144161 0.103595
v 3.160310 -1.022902 0.103595
v 3.160310 -1.386677 -0.017663
v 3.160310 -1.265419 -0.017663
v 3.160310 -1.386677 -0.138921
v 3.160310 -1.265419 -0.138921
v 3.039052 -1.022902 -0.017663
v 3.039052 -1.022902 -0.138921
v 3.160310 -1.144161 -0.017663
v 3.160310 -1.022902 -0.017663
v 3.160310 -1.144161 -0.138921
v 3.160310 -1.022902 -0.138921
v 3.281568 -1.750452 0.224854
v 3.281568 -1.871710 0.103595
v 3.281568 -1.750452 0.103595
v 3.281568 -1.629194 0.224854
v 3.281568 -1.629194 0.103595
v 3.281568 -1.507935 0.103595
v 3.281568 -1.871710 -0.017663
v 3.281568 -1.750452 -0.017663
v 3.281568 -1.871710 -0.138921
v 3.281568 -1.750452 -0.138921
v 3.281568 -1.629194 -0.017663
v 3.281568 -1.507935 -0.017663
v 3.281568 -1.629194 -0.138921
v 3.281568 -1.507935 -0.138921
v 3.281568 -1.386677 0.103595
v 3.281568 -1.386677 -0.017663
v 3.281568 -1.386677 -0.138921
v 2.796535 -0.901644 0.709887
v 2.796535 -0.780386 0.709887
v 2.796535 -0.901644 0.588629
v 2.796535 -0.780386 0.588629
v 2.917793 -0.901644 0.588629
v 2.796535 -0.901644 0.467370
v 2.796535 -0.780386 0.467370
v 2.796535 -0.780386 0.346112
v 2.917793 -0.901644 0.467370
v 2.917793 -0.780386 0.467370
v 2.917793 -0.901644 0.346112
v 2.917793 -0.780386 0.346112
v 2.796535 -0.659128 0.467370
v 2.796535 -0.659128 0.346112
v 2.796535 -0.537869 0.346112
v 2.917793 -0.659128 0.346112
v 3.039052 -0.901644 0.467370
v 3.039052 -0.901644 0.346112
v 2.917793 -0.901644 0.224854
v 2.917793 -0.780386 0.224854
v 2.917793 -0.780386 0.103595
v 2.796535 -0.659128 0.224854
v 2.796535 -0.537869 0.224854
v 2.796535 -0.659128 0.103595
v 2.796535 -0.537869 0.103595
v 2.917793 -0.659128 0.224854
v 2.917793 -0.659128 0.103595
v 2.917793 -0.780386 -0.017663
v 2.917793 -0.780386 -0.138921
v 2.796535 -0.659128 -0.017663
v 2.796535 -0.537869 -0.017663
v 2.796535 -0.659128 -0.138921
v 2.796535 -0.537869 -0.138921
v 2.917793 -0.659128 -0.017663
v 2.917793 -0.659128 -0.138921
v 3.039052 -0.901644 0.224854
v 3.039052 -0.780386 0.224854
v 3.039052 -0.901644 0.103595
v 3.039052 -0.780386 0.103595
v 3.039052 -0.901644 -0.017663
v 3.039052 -0.780386 -0.017663
v 3.039052 -0.901644 -0.138921
v 3.039052 -0.780386 -0.138921
v 0.007595 0.068422 1.801211
v 0.128853 0.068422 1.801211
v 0.250112 0.068422 1.801211
v 0.371370 0.068422 1.801211
v 0.492628 0.068422 1.801211
v 0.613886 0.068422 1.801211
v -0.113663 0.068422 1.679953
v -0.113663 0.189680 1.679953
v -0.113663 0.068422 1.558695
v -0.113663 0.189680 1.558695
v 0.007595 0.068422 1.679953
v 0.007595 0.189680 1.679953
v 0.007595 0.189680 1.558695
v -0.113663 0.189680 1.437436
v 0.007595 0.189680 1.437436
v -0.113663 0.310938 1.437436
v -0.113663 0.310938 1.316178
v -0.113663 0.432197 1.316178
v 0.007595 0.310938 1.437436
v 0.007595 0.310938 1.316178
v 0.128853 0.068422 1.679953
v 0.128853 0.189680 1.679953
v 0.128853 0.189680 1.558695
v 0.250112 0.068422 1.679953
v 0.250112 0.189680 1.679953
v 0.250112 0.189680 1.558695
v 0.128853 0.310938 1.558695
v 0.250112 0.310938 1.558695
v 0.128853 0.189680 1.437436
v 0.250112 0.189680 1.437436
v 0.128853 0.310938 1.437436
v 0.128853 0.310938 1.316178
v 0.250112 0.310938 1.437436
v 0.250112 0.310938 1.316178
v -0.113663 0.310938 1.194920
v -0.113663 0.432197 1.194920
v -0.113663 0.432197 1.073662
v 0.007595 0.310938 1.194920
v 0.007595 0.432197 1.194920
v 0.007595 0.432197 1.073662
v -0.113663 0.432197 0.952403
v 0.007595 0.432197 0.952403
v 0.007595 0.432197 0.831145
v 0.128853 0.310938 1.194920
v 0.128853 0.432197 1.194920
v 0.128853 0.310938 1.073662
v 0.128853 0.432197 1.073662
v 0.250112 0.310938 1.194920
v 0.250112 0.310938 1.073662
v 0.250112 0.432197 1.073662
v 0.128853 0.432197 0.952403
v 0.128853 0.432197 0.831145
v 0.250112 0.310938 0.952403
v 0.250112 0.432197 0.952403
v 0.250112 0.310938 0.831145
v 0.250112 0.432197 0.831145
v -0.113663 0.553455 1.073662
v -0.113663 0.553455 0.952403
v -0.113663 0.674713 0.952403
v -0.113663 0.553455 0.831145
v -0.113663 0.674713 0.831145
v 0.007595 0.553455 0.952403
v 0.007595 0.553455 0.831145
v 0.371370 0.068422 1.679953
v 0.371370 0.189680 1.679953
v 0.371370 0.189680 1.558695
v 0.492628 0.068422 1.679953
v 0.492628 0.189680 1.679953
v 0.492628 0.189680 1.558695
v 0.371370 0.189680 1.437436
v 0.492628 0.189680 1.437436
v 0.492628 0.189680 1.316178
v 0.371370 0.310938 1.437436
v 0.371370 0.310938 1.316178
v 0.492628 0.310938 1.437436
v 0.492628 0.310938 1.316178
v 0.613886 0.068422 1.679953
v 0.613886 0.189680 1.679953
v 0.613886 0.068422 1.558695
v 0.613886 0.189680 1.558695
v 0.735145 0.068422 1.679953
v 0.735145 0.068422 1.558695
v 0.735145 0.189680 1.558695
v 0.613886 0.189680 1.437436
v 0.613886 0.189680 1.316178
v 0.735145 0.068422 1.437436
v 0.735145 0.189680 1.437436
v 0.735145 0.068422 1.316178
v 0.735145 0.189680 1.316178
v 0.613886 0.310938 1.316178
v 0.371370 0.310938 1.194920
v 0.371370 0.310938 1.073662
v 0.492628 0.310938 1.194920
v 0.492628 0.310938 1.073662
v 0.492628 0.189680 0.831145
v 0.371370 0.310938 0.952403
v 0.371370 0.310938 0.831145
v 0.492628 0.310938 0.952403
v 0.492628 0.310938 0.831145
v 0.613886 0.189680 1.194920
v 0.613886 0.189680 1.073662
v 0.735145 0.189680 1.194920
v 0.735145 0.189680 1.073662
v 0.613886 0.310938 1.194920
v 0.613886 0.310938 1.073662
v 0.613886 0.189680 0.952403
v 0.613886 0.189680 0.831145
v 0.735145 0.189680 0.952403
v 0.735145 0.068422 0.831145
v 0.735145 0.189680 0.831145
v 0.613886 0.310938 0.952403
v 0.613886 0.310938 0.831145
v 0.007595 0.432197 0.709887
v 0.007595 0.432197 0.588629
v 0.007595 0.432197 0.467370
v 0.007595 0.432197 0.346112
v 0.250112 0.189680 0.588629
v 0.128853 0.310938 0.709887
v 0.128853 0.432197 0.709887
v 0.128853 0.310938 0.588629
v 0.128853 0.432197 0.588629
v 0.250112 0.310938 0.709887
v 0.250112 0.432197 0.709887
v 0.250112 0.310938 0.588629
v 0.128853 0.189680 0.346112
v 0.250112 0.189680 0.467370
v 0.250112 0.068422 0.346112
v 0.250112 0.189680 0.346112
v 0.128853 0.310938 0.467370
v 0.128853 0.432197 0.467370
v 0.128853 0.310938 0.346112
v 0.128853 0.432197 0.346112
v 0.250112 0.310938 0.467370
v 0.250112 0.310938 0.346112
v -0.113663 0.553455 0.709887
v -0.113663 0.674713 0.709887
v -0.113663 0.553455 0.588629
v -0.113663 0.674713 0.588629
v 0.007595 0.553455 0.709887
v 0.007595 0.553455 0.588629
v 0.007595 0.674713 0.588629
v -0.113663 0.795972 0.709887
v -0.113663 0.795972 0.588629
v -0.113663 0.674713 0.467370
v -0.113663 0.674713 0.346112
v 0.007595 0.553455 0.467370
v 0.007595 0.674713 0.467370
v 0.007595 0.553455 0.346112
v 0.007595 0.674713 0.346112
v -0.113663 0.795972 0.467370
v -0.113663 0.795972 0.346112
v -0.113663 0.917230 0.346112
v 0.007595 0.068422 0.103595
v 0.007595 0.189680 0.103595
v 0.007595 0.310938 0.224854
v 0.007595 0.432197 0.224854
v 0.007595 0.310938 0.103595
v 0.007595 0.432197 0.103595
v -0.113663 0.068422 -0.138921
v -0.113663 0.189680 -0.138921
v 0.007595 0.068422 -0.017663
v 0.007595 0.189680 -0.017663
v 0.007595 0.068422 -0.138921
v 0.007595 0.189680 -0.138921
v -0.113663 0.432197 -0.017663
v -0.113663 0.310938 -0.138921
v -0.113663 0.432197 -0.138921
v 0.007595 0.310938 -0.017663
v 0.007595 0.432197 -0.017663
v 0.007595 0.310938 -0.138921
v 0.007595 0.432197 -0.138921
v 0.128853 0.068422 0.224854
v 0.128853 0.189680 0.224854
v 0.128853 0.068422 0.103595
v 0.128853 0.189680 0.103595
v 0.250112 0.068422 0.224854
v 0.250112 0.189680 0.224854
v 0.128853 0.310938 0.224854
v 0.128853 0.432197 0.224854
v 0.128853 0.310938 0.103595
v -0.113663 0.674713 0.224854
v -0.113663 0.553455 0.103595
v -0.113663 0.674713 0.103595
v 0.007595 0.553455 0.224854
v 0.007595 0.674713 0.224854
v 0.007595 0.553455 0.103595
v 0.007595 0.674713 0.103595
v -0.113663 0.795972 0.224854
v -0.113663 0.917230 0.224854
v -0.113663 0.795972 0.103595
v -0.113663 0.553455 -0.017663
v -0.113663 0.674713 -0.017663
v -0.113663 0.553455 -0.138921
v -0.113663 0.674713 -0.138921
v 0.007595 0.553455 -0.017663
v -0.113663 0.795972 -0.017663
v -0.113663 0.795972 -0.138921
v 0.371370 0.189680 0.709887
v 0.371370 0.189680 0.588629
v 0.492628 0.189680 0.709887
v 0.492628 0.068422 0.588629
v 0.492628 0.189680 0.588629
v 0.371370 0.310938 0.709887
v 0.371370 0.310938 0.588629
v 0.492628 0.310938 0.709887
v 0.371370 0.068422 0.467370
v 0.371370 0.189680 0.467370
v 0.371370 0.068422 0.346112
v 0.371370 0.189680 0.346112
v 0.492628 0.068422 0.467370
v 0.492628 0.189680 0.467370
v 0.492628 0.068422 0.346112
v 0.613886 0.068422 0.709887
v 0.613886 0.189680 0.709887
v 0.613886 0.068422 0.588629
v 0.613886 0.189680 0.588629
v 0.735145 0.068422 0.709887
v 0.735145 0.189680 0.709887
v 0.735145 0.068422 0.588629
v 0.613886 0.068422 0.467370
v 0.735145 0.068422 0.467370
v 0.856403 0.068422 1.558695
v 0.856403 0.068422 1.437436
v 0.856403 0.068422 1.316178
v 0.856403 0.189680 1.316178
v 0.977661 0.068422 1.437436
v 0.977661 0.068422 1.316178
v 0.856403 0.068422 1.194920
v 0.856403 0.189680 1.194920
v 0.856403 0.068422 1.073662
v 0.856403 0.189680 1.073662
v 0.977661 0.068422 1.194920
v 0.977661 0.068422 1.073662
v 0.856403 0.068422 0.952403
v 0.856403 0.189680 0.952403
v 0.856403 0.068422 0.831145
v 0.856403 0.189680 0.831145
v 0.977661 0.068422 0.952403
v 0.977661 0.068422 0.831145
v 0.856403 0.068422 0.709887
v 0.856403 0.068422 0.588629
v 0.977661 0.068422 0.709887
v 0.250112 -2.114227 -0.260179
v 0.250112 -1.992968 -0.260179
v 0.250112 -2.114227 -0.381438
v 0.250112 -1.992968 -0.381438
v 0.250112 -1.992968 -0.502696
v 0.492628 -2.599260 -0.260179
v 0.492628 -2.478002 -0.260179
v 0.492628 -2.599260 -0.381438
v 0.492628 -2.478002 -0.381438
v 0.492628 -2.599260 -0.502696
v 0.492628 -2.478002 -0.502696
v 0.492628 -2.478002 -0.623954
v 0.613886 -2.720518 -0.260179
v 0.613886 -2.720518 -0.381438
v 0.735145 -2.841776 -0.260179
v 0.735145 -2.720518 -0.260179
v 0.735145 -2.841776 -0.381438
v 0.735145 -2.720518 -0.381438
v 0.613886 -2.599260 -0.260179
v 0.613886 -2.599260 -0.381438
v 0.613886 -2.720518 -0.502696
v 0.735145 -2.841776 -0.502696
v 0.735145 -2.720518 -0.502696
v 0.735145 -2.720518 -0.623954
v 0.613886 -2.599260 -0.502696
v 0.613886 -2.478002 -0.502696
v 0.613886 -2.599260 -0.623954
v 0.613886 -2.478002 -0.623954
v 0.735145 -2.599260 -0.502696
v 0.735145 -2.599260 -0.623954
v 0.371370 -2.356743 -0.260179
v 0.371370 -2.235485 -0.260179
v 0.371370 -2.356743 -0.381438
v 0.371370 -2.235485 -0.381438
v 0.492628 -2.356743 -0.260179
v 0.492628 -2.356743 -0.381438
v 0.371370 -2.114227 -0.260179
v 0.371370 -2.114227 -0.381438
v 0.371370 -1.992968 -0.381438
v 0.371370 -2.356743 -0.502696
v 0.371370 -2.235485 -0.502696
v 0.371370 -2.235485 -0.623954
v 0.492628 -2.356743 -0.502696
v 0.492628 -2.235485 -0.502696
v 0.492628 -2.356743 -0.623954
v 0.492628 -2.235485 -0.623954
v 0.371370 -2.114227 -0.502696
v 0.371370 -1.992968 -0.502696
v 0.371370 -2.114227 -0.623954
v 0.371370 -1.992968 -0.623954
v 0.492628 -2.478002 -0.745212
v 0.735145 -2.720518 -0.745212
v 0.613886 -2.599260 -0.745212
v 0.613886 -2.478002 -0.745212
v 0.613886 -2.478002 -0.866471
v 0.735145 -2.599260 -0.745212
v 0.735145 -2.478002 -0.745212
v 0.735145 -2.599260 -0.866471
v 0.735145 -2.478002 -0.866471
v 0.735145 -2.599260 -0.987729
v 0.735145 -2.478002 -0.987729
v 0.735145 -2.478002 -1.108987
v 0.371370 -2.235485 -0.745212
v 0.492628 -2.356743 -0.745212
v 0.492628 -2.235485 -0.745212
v 0.492628 -2.356743 -0.866471
v 0.492628 -2.235485 -0.866471
v 0.371370 -2.114227 -0.745212
v 0.371370 -1.992968 -0.745212
v 0.371370 -1.992968 -0.866471
v 0.492628 -2.114227 -0.745212
v 0.492628 -1.992968 -0.745212
v 0.492628 -2.114227 -0.866471
v 0.492628 -1.992968 -0.866471
v 0.492628 -2.235485 -0.987729
v 0.492628 -2.114227 -0.987729
v 0.492628 -1.992968 -0.987729
v 0.613886 -2.356743 -0.745212
v 0.613886 -2.356743 -0.866471
v 0.613886 -2.235485 -0.866471
v 0.735145 -2.356743 -0.866471
v 0.613886 -2.356743 -0.987729
v 0.613886 -2.235485 -0.987729
v 0.613886 -2.235485 -1.108987
v 0.735145 -2.356743 -0.987729
v 0.735145 -2.235485 -0.987729
v 0.735145 -2.356743 -1.108987
v 0.735145 -2.235485 -1.108987
v 0.613886 -2.114227 -0.987729
v 0.613886 -1.992968 -0.987729
v 0.613886 -2.114227 -1.108987
v 0.613886 -1.992968 -1.108987
v 0.735145 -2.114227 -1.108987
v 0.735145 -1.992968 -1.108987
v 0.735145 -2.235485 -1.230245
v 0.613886 -1.992968 -1.230245
v 0.735145 -2.114227 -1.230245
v 0.735145 -1.992968 -1.230245
v 0.735145 -1.992968 -1.351504
v 0.856403 -2.963034 -0.260179
v 0.856403 -2.963034 -0.381438
v 0.977661 -2.963034 -0.260179
v 0.977661 -2.963034 -0.381438
v 0.977661 -2.963034 -0.502696
v 0.977661 -2.963034 -0.623954
v 1.098919 -3.084292 -0.260179
v 1.098919 -2.963034 -0.260179
v 1.098919 -3.084292 -0.381438
v 1.098919 -2.963034 -0.381438
v 1.220178 -3.084292 -0.260179
v 1.220178 -3.084292 -0.381438
v 1.098919 -3.084292 -0.502696
v 1.098919 -2.963034 -0.502696
v 1.098919 -2.963034 -0.623954
v 1.220178 -3.084292 -0.502696
v 1.220178 -2.963034 -0.502696
v 1.220178 -3.084292 -0.623954
v 1.220178 -2.963034 -0.623954
v 1.098919 -2.963034 -0.745212
v 1.220178 -2.963034 -0.745212
v 1.220178 -2.963034 -0.866471
v 1.462694 -3.205551 -0.260179
v 1.462694 -3.205551 -0.381438
v 1.341436 -3.084292 -0.260179
v 1.341436 -3.084292 -0.381438
v 1.462694 -3.084292 -0.260179
v 1.462694 -3.084292 -0.381438
v 1.341436 -3.084292 -0.502696
v 1.341436 -3.084292 -0.623954
v 1.341436 -2.963034 -0.623954
v 1.462694 -3.084292 -0.502696
v 1.462694 -3.084292 -0.623954
v 1.583952 -3.205551 -0.260179
v 1.583952 -3.205551 -0.381438
v 1.705211 -3.205551 -0.260179
v 1.705211 -3.205551 -0.381438
v 1.583952 -3.084292 -0.381438
v 1.705211 -3.084292 -0.381438
v 1.705211 -3.205551 -0.502696
v 1.583952 -3.084292 -0.502696
v 1.583952 -3.084292 -0.623954
v 1.705211 -3.084292 -0.502696
v 1.705211 -3.084292 -0.623954
v 1.341436 -3.084292 -0.745212
v 1.341436 -2.963034 -0.745212
v 1.341436 -2.963034 -0.866471
v 1.462694 -3.084292 -0.745212
v 1.462694 -2.963034 -0.745212
v 1.462694 -2.963034 -0.866471
v 1.341436 -2.963034 -0.987729
v 1.462694 -2.963034 -0.987729
v 1.583952 -3.084292 -0.745212
v 1.583952 -2.963034 -0.745212
v 1.583952 -3.084292 -0.866471
v 1.583952 -2.963034 -0.866471
v 1.705211 -3.084292 -0.745212
v 1.705211 -3.084292 -0.866471
v 1.705211 -2.963034 -0.866471
v 1.583952 -2.963034 -0.987729
v 1.705211 -2.963034 -0.987729
v 0.856403 -2.841776 -0.260179
v 0.856403 -2.841776 -0.381438
v 0.977661 -2.841776 -0.381438
v 0.856403 -2.841776 -0.502696
v 0.856403 -2.720518 -0.502696
v 0.856403 -2.841776 -0.623954
v 0.856403 -2.720518 -0.623954
v 0.977661 -2.841776 -0.502696
v 0.977661 -2.841776 -0.623954
v 1.098919 -2.841776 -0.623954
v 0.856403 -2.841776 -0.745212
v 0.856403 -2.720518 -0.745212
v 0.856403 -2.720518 -0.866471
v 0.977661 -2.841776 -0.745212
v 0.977661 -2.720518 -0.745212
v 0.977661 -2.841776 -0.866471
v 0.977661 -2.720518 -0.866471
v 0.856403 -2.599260 -0.745212
v 0.856403 -2.599260 -0.866471
v 0.856403 -2.720518 -0.987729
v 0.977661 -2.720518 -0.987729
v 0.977661 -2.720518 -1.108987
v 0.856403 -2.599260 -0.987729
v 0.856403 -2.478002 -0.987729
v 0.856403 -2.599260 -1.108987
v 0.856403 -2.478002 -1.108987
v 0.977661 -2.599260 -0.987729
v 0.977661 -2.599260 -1.108987
v 0.977661 -2.478002 -1.108987
v 1.098919 -2.841776 -0.745212
v 1.098919 -2.841776 -0.866471
v 1.098919 -2.720518 -0.866471
v 1.220178 -2.841776 -0.745212
v 1.220178 -2.841776 -0.866471
v 1.098919 -2.841776 -0.987729
v 1.098919 -2.720518 -0.987729
v 1.098919 -2.720518 -1.108987
v 1.220178 -2.841776 -0.987729
v 1.220178 -2.720518 -0.987729
v 1.220178 -2.841776 -1.108987
v 1.220178 -2.720518 -1.108987
v 1.098919 -2.599260 -1.108987
v 1.098919 -2.478002 -1.108987
v 1.220178 -2.599260 -1.108987
v 0.856403 -2.356743 -1.108987
v 0.856403 -2.235485 -1.108987
v 1.341436 -2.841776 -0.866471
v 1.341436 -2.841776 -0.987729
v 1.341436 -2.841776 -1.108987
v 1.341436 -2.720518 -1.108987
v 1.462694 -2.841776 -0.987729
v 1.462694 -2.841776 -1.108987
v 1.462694 -2.720518 -1.108987
v 1.583952 -2.841776 -0.987729
v 1.583952 -2.841776 -1.108987
v 1.583952 -2.720518 -1.108987
v 1.705211 -2.841776 -0.987729
v 1.705211 -2.841776 -1.108987
v 1.705211 -2.720518 -1.108987
v 0.856403 -2.478002 -1.230245
v 0.977661 -2.478002 -1.230245
v 1.220178 -2.720518 -1.230245
v 1.098919 -2.599260 -1.230245
v 1.098919 -2.478002 -1.230245
v 1.098919 -2.478002 -1.351504
v 1.220178 -2.599260 -1.230245
v 1.220178 -2.478002 -1.230245
v 1.220178 -2.478002 -1.351504
v 0.856403 -2.356743 -1.230245
v 0.856403 -2.235485 -1.230245
v 0.856403 -2.235485 -1.351504
v 0.977661 -2.356743 -1.230245
v 0.977661 -2.235485 -1.230245
v 0.977661 -2.356743 -1.351504
v 0.977661 -2.235485 -1.351504
v 0.856403 -2.114227 -1.230245
v 0.856403 -1.992968 -1.230245
v 0.856403 -2.114227 -1.351504
v 0.856403 -1.992968 -1.351504
v 0.977661 -2.114227 -1.351504
v 0.977661 -1.992968 -1.351504
v 0.977661 -2.114227 -1.472762
v 0.977661 -1.992968 -1.472762
v 1.098919 -2.356743 -1.230245
v 1.098919 -2.356743 -1.351504
v 1.098919 -2.235485 -1.351504
v 1.220178 -2.356743 -1.351504
v 1.220178 -2.235485 -1.351504
v 1.098919 -2.114227 -1.351504
v 1.098919 -2.235485 -1.472762
v 1.220178 -2.356743 -1.472762
v 1.220178 -2.235485 -1.472762
v 1.098919 -2.114227 -1.472762
v 1.098919 -1.992968 -1.472762
v 1.220178 -2.114227 -1.472762
v 1.220178 -1.992968 -1.472762
v 1.220178 -2.114227 -1.594020
v 1.220178 -1.992968 -1.594020
v 1.341436 -2.720518 -1.230245
v 1.462694 -2.720518 -1.230245
v 1.341436 -2.599260 -1.230245
v 1.341436 -2.478002 -1.230245
v 1.341436 -2.599260 -1.351504
v 1.341436 -2.478002 -1.351504
v 1.462694 -2.599260 -1.230245
v 1.462694 -2.599260 -1.351504
v 1.462694 -2.478002 -1.351504
v 1.462694 -2.478002 -1.472762
v 1.583952 -2.720518 -1.230245
v 1.705211 -2.720518 -1.230245
v 1.583952 -2.599260 -1.230245
v 1.583952 -2.599260 -1.351504
v 1.583952 -2.478002 -1.351504
v 1.705211 -2.599260 -1.230245
v 1.705211 -2.599260 -1.351504
v 1.705211 -2.478002 -1.351504
v 1.583952 -2.478002 -1.472762
v 1.705211 -2.478002 -1.472762
v 1.341436 -2.356743 -1.351504
v 1.462694 -2.356743 -1.351504
v 1.341436 -2.356743 -1.472762
v 1.341436 -2.235485 -1.472762
v 1.462694 -2.356743 -1.472762
v 1.462694 -2.235485 -1.472762
v 1.462694 -2.235485 -1.594020
v 1.341436 -2.114227 -1.472762
v 1.341436 -2.114227 -1.594020
v 1.341436 -1.992968 -1.594020
v 1.462694 -2.114227 -1.472762
v 1.462694 -2.114227 -1.594020
v 1.462694 -1.992968 -1.594020
v 1.583952 -2.356743 -1.472762
v 1.583952 -2.235485 -1.472762
v 1.583952 -2.235485 -1.594020
v 1.705211 -2.356743 -1.472762
v 1.705211 -2.235485 -1.472762
v 1.705211 -2.235485 -1.594020
v 1.583952 -2.114227 -1.594020
v 1.583952 -1.992968 -1.594020
v 1.705211 -2.114227 -1.594020
v 1.705211 -1.992968 -1.594020
v 1.462694 -1.992968 -1.715278
v 1.583952 -1.992968 -1.715278
v 1.705211 -1.992968 -1.715278
v 0.250112 -1.871710 -0.260179
v 0.250112 -1.750452 -0.260179
v 0.250112 -1.871710 -0.381438
v 0.250112 -1.750452 -0.381438
v 0.250112 -1.629194 -0.260179
v 0.250112 -1.507935 -0.260179
v 0.250112 -1.629194 -0.381438
v 0.250112 -1.507935 -0.381438
v 0.250112 -1.871710 -0.502696
v 0.250112 -1.750452 -0.502696
v 0.250112 -1.871710 -0.623954
v 0.250112 -1.750452 -0.623954
v 0.250112 -1.629194 -0.502696
v 0.250112 -1.507935 -0.502696
v 0.250112 -1.629194 -0.623954
v 0.250112 -1.507935 -0.623954
v 0.250112 -1.386677 -0.260179
v 0.250112 -1.265419 -0.260179
v 0.250112 -1.386677 -0.381438
v 0.250112 -1.265419 -0.381438
v 0.250112 -1.144161 -0.260179
v 0.250112 -1.022902 -0.260179
v 0.250112 -1.144161 -0.381438
v 0.250112 -1.386677 -0.502696
v 0.250112 -1.265419 -0.502696
v 0.250112 -1.386677 -0.623954
v 0.371370 -1.871710 -0.502696
v 0.371370 -1.871710 -0.623954
v 0.371370 -1.750452 -0.623954
v 0.371370 -1.629194 -0.623954
v 0.371370 -1.507935 -0.623954
v 0.371370 -1.265419 -0.381438
v 0.371370 -1.144161 -0.260179
v 0.371370 -1.022902 -0.260179
v 0.371370 -1.144161 -0.381438
v 0.371370 -1.022902 -0.381438
v 0.371370 -1.386677 -0.502696
v 0.371370 -1.265419 -0.502696
v 0.371370 -1.386677 -0.623954
v 0.371370 -1.265419 -0.623954
v 0.371370 -1.144161 -0.502696
v 0.371370 -1.022902 -0.502696
v 0.371370 -1.144161 -0.623954
v 0.371370 -1.022902 -0.623954
v 0.492628 -1.022902 -0.502696
v 0.492628 -1.144161 -0.623954
v 0.492628 -1.022902 -0.623954
v 0.371370 -1.871710 -0.745212
v 0.371370 -1.750452 -0.745212
v 0.371370 -1.871710 -0.866471
v 0.371370 -1.750452 -0.866471
v 0.492628 -1.871710 -0.866471
v 0.492628 -1.750452 -0.866471
v 0.371370 -1.629194 -0.745212
v 0.371370 -1.507935 -0.745212
v 0.371370 -1.629194 -0.866471
v 0.371370 -1.507935 -0.866471
v 0.492628 -1.629194 -0.866471
v 0.492628 -1.507935 -0.866471
v 0.492628 -1.871710 -0.987729
v 0.492628 -1.750452 -0.987729
v 0.492628 -1.871710 -1.108987
v 0.492628 -1.750452 -1.108987
v 0.492628 -1.629194 -0.987729
v 0.492628 -1.507935 -0.987729
v 0.492628 -1.629194 -1.108987
v 0.492628 -1.507935 -1.108987
v 0.613886 -1.871710 -0.987729
v 0.613886 -1.871710 -1.108987
v 0.613886 -1.750452 -1.108987
v 0.613886 -1.629194 -1.108987
v 0.613886 -1.507935 -1.108987
v 0.371370 -1.386677 -0.745212
v 0.371370 -1.265419 -0.745212
v 0.371370 -1.386677 -0.866471
v 0.371370 -1.265419 -0.866471
v 0.492628 -1.265419 -0.745212
v 0.492628 -1.386677 -0.866471
v 0.492628 -1.265419 -0.866471
v 0.371370 -1.144161 -0.745212
v 0.492628 -1.144161 -0.745212
v 0.492628 -1.022902 -0.745212
v 0.492628 -1.144161 -0.866471
v 0.492628 -1.022902 -0.866471
v 0.492628 -1.386677 -0.987729
v 0.492628 -1.265419 -0.987729
v 0.492628 -1.386677 -1.108987
v 0.492628 -1.144161 -0.987729
v 0.613886 -1.022902 -0.745212
v 0.613886 -1.144161 -0.866471
v 0.613886 -1.022902 -0.866471
v 0.613886 -1.386677 -0.987729
v 0.613886 -1.265419 -0.987729
v 0.613886 -1.386677 -1.108987
v 0.613886 -1.265419 -1.108987
v 0.735145 -1.386677 -1.108987
v 0.735145 -1.265419 -1.108987
v 0.613886 -1.144161 -0.987729
v 0.613886 -1.022902 -0.987729
v 0.613886 -1.144161 -1.108987
v 0.613886 -1.022902 -1.108987
v 0.735145 -1.022902 -0.987729
v 0.735145 -1.144161 -1.108987
v 0.735145 -1.022902 -1.108987
v -0.113663 -0.174095 -0.260179
v -0.113663 -0.052836 -0.260179
v 0.371370 -0.901644 -0.260179
v 0.371370 -0.780386 -0.260179
v 0.371370 -0.901644 -0.381438
v 0.492628 -0.901644 -0.260179
v 0.492628 -0.780386 -0.260179
v 0.492628 -0.901644 -0.381438
v 0.492628 -0.780386 -0.381438
v 0.492628 -0.659128 -0.260179
v 0.492628 -0.659128 -0.381438
v 0.371370 -0.901644 -0.502696
v 0.492628 -0.901644 -0.502696
v 0.492628 -0.780386 -0.502696
v 0.492628 -0.901644 -0.623954
v 0.492628 -0.780386 -0.623954
v 0.613886 -0.780386 -0.381438
v 0.613886 -0.659128 -0.260179
v 0.613886 -0.537869 -0.260179
v 0.613886 -0.659128 -0.381438
v 0.613886 -0.537869 -0.381438
v 0.735145 -0.537869 -0.260179
v 0.735145 -0.659128 -0.381438
v 0.735145 -0.537869 -0.381438
v 0.613886 -0.780386 -0.502696
v 0.613886 -0.901644 -0.623954
v 0.613886 -0.780386 -0.623954
v 0.735145 -0.780386 -0.623954
v 0.613886 -0.659128 -0.502696
v 0.613886 -0.659128 -0.623954
v 0.735145 -0.659128 -0.502696
v 0.735145 -0.537869 -0.502696
v 0.735145 -0.659128 -0.623954
v 0.735145 -0.537869 -0.623954
v 0.735145 -0.416611 -0.260179
v 0.735145 -0.416611 -0.381438
v 0.492628 -0.901644 -0.745212
v 0.613886 -0.901644 -0.745212
v 0.613886 -0.780386 -0.745212
v 0.613886 -0.901644 -0.866471
v 0.613886 -0.780386 -0.866471
v 0.735145 -0.780386 -0.745212
v 0.735145 -0.901644 -0.866471
v 0.735145 -0.780386 -0.866471
v 0.735145 -0.659128 -0.745212
v 0.735145 -0.659128 -0.866471
v 0.613886 -0.901644 -0.987729
v 0.735145 -0.901644 -0.987729
v 0.735145 -0.780386 -0.987729
v 0.735145 -0.901644 -1.108987
v 0.613886 -1.871710 -1.230245
v 0.613886 -1.750452 -1.230245
v 0.735145 -1.871710 -1.230245
v 0.735145 -1.750452 -1.230245
v 0.735145 -1.871710 -1.351504
v 0.735145 -1.750452 -1.351504
v 0.613886 -1.629194 -1.230245
v 0.613886 -1.507935 -1.230245
v 0.735145 -1.629194 -1.230245
v 0.735145 -1.507935 -1.230245
v 0.735145 -1.629194 -1.351504
v 0.735145 -1.507935 -1.351504
v 0.613886 -1.386677 -1.230245
v 0.735145 -1.386677 -1.230245
v 0.735145 -1.265419 -1.230245
v 0.735145 -1.386677 -1.351504
v 0.735145 -1.265419 -1.351504
v 0.735145 -1.144161 -1.230245
v 0.735145 -1.022902 -1.230245
v 0.856403 -1.022902 -1.108987
v 0.856403 -0.537869 -0.381438
v 0.856403 -0.537869 -0.502696
v 0.856403 -0.659128 -0.623954
v 0.856403 -0.537869 -0.623954
v 0.977661 -0.537869 -0.623954
v 0.856403 -0.416611 -0.260179
v 0.856403 -0.295353 -0.260179
v 0.856403 -0.416611 -0.381438
v 0.977661 -0.416611 -0.260179
v 0.977661 -0.295353 -0.260179
v 0.977661 -0.416611 -0.381438
v 0.977661 -0.295353 -0.381438
v 0.856403 -0.416611 -0.502696
v 0.856403 -0.416611 -0.623954
v 0.977661 -0.416611 -0.502696
v 0.977661 -0.295353 -0.502696
v 0.977661 -0.416611 -0.623954
v 1.098919 -0.295353 -0.260179
v 1.098919 -0.295353 -0.381438
v 1.220178 -0.295353 -0.260179
v 1.220178 -0.295353 -0.381438
v 1.220178 -0.174095 -0.260179
v 1.220178 -0.174095 -0.381438
v 1.098919 -0.416611 -0.502696
v 1.098919 -0.295353 -0.502696
v 1.098919 -0.416611 -0.623954
v 1.098919 -0.295353 -0.623954
v 1.220178 -0.295353 -0.502696
v 1.220178 -0.416611 -0.623954
v 1.220178 -0.295353 -0.623954
v 1.220178 -0.174095 -0.502696
v 0.856403 -0.780386 -0.866471
v 0.856403 -0.659128 -0.745212
v 0.856403 -0.537869 -0.745212
v 0.856403 -0.659128 -0.866471
v 0.856403 -0.537869 -0.866471
v 0.977661 -0.537869 -0.745212
v 0.977661 -0.659128 -0.866471
v 0.977661 -0.537869 -0.866471
v 0.856403 -0.901644 -0.987729
v 0.856403 -0.780386 -0.987729
v 0.856403 -0.901644 -1.108987
v 0.856403 -0.780386 -1.108987
v 0.977661 -0.780386 -0.987729
v 0.977661 -0.780386 -1.108987
v 0.856403 -0.659128 -0.987729
v 0.977661 -0.659128 -0.987729
v 0.977661 -0.537869 -0.987729
v 0.977661 -0.659128 -1.108987
v 0.977661 -0.537869 -1.108987
v 1.098919 -0.537869 -0.866471
v 1.098919 -0.537869 -0.987729
v 1.098919 -0.659128 -1.108987
v 1.098919 -0.537869 -1.108987
v 1.220178 -0.537869 -0.987729
v 1.220178 -0.537869 -1.108987
v 0.977661 -0.416611 -0.745212
v 0.977661 -0.416611 -0.866471
v 1.098919 -0.416611 -0.745212
v 1.098919 -0.416611 -0.866471
v 1.220178 -0.416611 -0.745212
v 1.220178 -0.295353 -0.745212
v 1.220178 -0.416611 -0.866471
v 1.220178 -0.295353 -0.866471
v 1.098919 -0.416611 -0.987729
v 1.220178 -0.416611 -0.987729
v 1.220178 -0.416611 -1.108987
v 1.341436 -0.174095 -0.260179
v 1.341436 -0.174095 -0.381438
v 1.462694 -0.174095 -0.260179
v 1.462694 -0.174095 -0.381438
v 1.341436 -0.295353 -0.502696
v 1.341436 -0.295353 -0.623954
v 1.462694 -0.295353 -0.502696
v 1.462694 -0.295353 -0.623954
v 1.341436 -0.174095 -0.502696
v 1.462694 -0.174095 -0.502696
v 1.462694 -0.174095 -0.623954
v 1.583952 -0.174095 -0.260179
v 1.583952 -0.174095 -0.381438
v 1.705211 -0.174095 -0.260179
v 1.705211 -0.174095 -0.381438
v 1.583952 -0.295353 -0.623954
v 1.583952 -0.174095 -0.502696
v 1.583952 -0.174095 -0.623954
v 1.705211 -0.174095 -0.502696
v 1.705211 -0.174095 -0.623954
v 1.341436 -0.295353 -0.745212
v 1.341436 -0.416611 -0.866471
v 1.341436 -0.295353 -0.866471
v 1.462694 -0.295353 -0.745212
v 1.462694 -0.295353 -0.866471
v 1.341436 -0.416611 -0.987729
v 1.341436 -0.295353 -0.987729
v 1.341436 -0.416611 -1.108987
v 1.341436 -0.295353 -1.108987
v 1.462694 -0.295353 -0.987729
v 1.462694 -0.295353 -1.108987
v 1.583952 -0.295353 -0.745212
v 1.583952 -0.295353 -0.866471
v 1.705211 -0.295353 -0.745212
v 1.705211 -0.295353 -0.866471
v 1.583952 -0.174095 -0.745212
v 1.705211 -0.174095 -0.745212
v 1.583952 -0.295353 -0.987729
v 1.583952 -0.295353 -1.108987
v 1.705211 -0.295353 -0.987729
v 1.705211 -0.295353 -1.108987
v 1.583952 -0.174095 -1.108987
v 1.705211 -0.174095 -1.108987
v 0.856403 -1.871710 -1.351504
v 0.856403 -1.750452 -1.351504
v 0.977661 -1.871710 -1.351504
v 0.977661 -1.750452 -1.351504
v 0.856403 -1.629194 -1.351504
v 0.856403 -1.507935 -1.351504
v 0.856403 -1.750452 -1.472762
v 0.977661 -1.871710 -1.472762
v 0.977661 -1.750452 -1.472762
v 0.856403 -1.629194 -1.472762
v 0.856403 -1.507935 -1.472762
v 0.977661 -1.629194 -1.472762
v 0.977661 -1.507935 -1.472762
v 0.977661 -1.507935 -1.594020
v 1.098919 -1.871710 -1.472762
v 1.098919 -1.750452 -1.472762
v 1.098919 -1.871710 -1.594020
v 1.098919 -1.750452 -1.594020
v 1.220178 -1.871710 -1.472762
v 1.220178 -1.871710 -1.594020
v 1.220178 -1.750452 -1.594020
v 1.098919 -1.629194 -1.472762
v 1.098919 -1.507935 -1.472762
v 1.098919 -1.629194 -1.594020
v 1.098919 -1.507935 -1.594020
v 1.220178 -1.629194 -1.594020
v 0.856403 -1.265419 -1.230245
v 0.856403 -1.386677 -1.351504
v 0.856403 -1.265419 -1.351504
v 0.977661 -1.265419 -1.351504
v 0.856403 -1.144161 -1.230245
v 0.856403 -1.022902 -1.230245
v 0.856403 -1.144161 -1.351504
v 0.856403 -1.022902 -1.351504
v 0.977661 -1.144161 -1.351504
v 0.977661 -1.022902 -1.351504
v 0.856403 -1.386677 -1.472762
v 0.856403 -1.265419 -1.472762
v 0.977661 -1.386677 -1.472762
v 0.977661 -1.265419 -1.472762
v 0.977661 -1.386677 -1.594020
v 0.977661 -1.265419 -1.594020
v 0.977661 -1.144161 -1.472762
v 0.977661 -1.022902 -1.472762
v 0.977661 -1.144161 -1.594020
v 0.977661 -1.022902 -1.594020
v 1.098919 -1.386677 -1.594020
v 1.098919 -1.265419 -1.594020
v 1.098919 -1.144161 -1.594020
v 1.220178 -1.871710 -1.715278
v 1.220178 -1.750452 -1.715278
v 1.098919 -1.629194 -1.715278
v 1.098919 -1.507935 -1.715278
v 1.220178 -1.629194 -1.715278
v 1.220178 -1.507935 -1.715278
v 1.220178 -1.629194 -1.836537
v 1.220178 -1.507935 -1.836537
v 1.220178 -1.507935 -1.957795
v 0.977661 -1.144161 -1.715278
v 0.977661 -1.022902 -1.715278
v 0.977661 -1.144161 -1.836537
v 0.977661 -1.022902 -1.836537
v 0.977661 -1.022902 -1.957795
v 0.977661 -1.144161 -2.079053
v 0.977661 -1.022902 -2.079053
v 1.098919 -1.386677 -1.715278
v 1.098919 -1.265419 -1.715278
v 1.098919 -1.386677 -1.836537
v 1.098919 -1.265419 -1.836537
v 1.220178 -1.386677 -1.715278
v 1.220178 -1.386677 -1.836537
v 1.220178 -1.265419 -1.836537
v 1.098919 -1.144161 -1.715278
v 1.098919 -1.144161 -1.836537
v 1.098919 -1.022902 -1.836537
v 1.098919 -1.265419 -1.957795
v 1.098919 -1.265419 -2.079053
v 1.220178 -1.386677 -1.957795
v 1.220178 -1.265419 -1.957795
v 1.220178 -1.386677 -2.079053
v 1.220178 -1.265419 -2.079053
v 1.098919 -1.144161 -1.957795
v 1.098919 -1.022902 -1.957795
v 1.098919 -1.144161 -2.079053
v 1.098919 -1.022902 -2.079053
v 1.341436 -1.871710 -1.594020
v 1.462694 -1.871710 -1.594020
v 1.341436 -1.871710 -1.715278
v 1.341436 -1.750452 -1.715278
v 1.341436 -1.750452 -1.836537
v 1.462694 -1.871710 -1.715278
v 1.462694 -1.750452 -1.715278
v 1.462694 -1.750452 -1.836537
v 1.341436 -1.629194 -1.715278
v 1.341436 -1.629194 -1.836537
v 1.341436 -1.507935 -1.836537
v 1.462694 -1.629194 -1.836537
v 1.341436 -1.629194 -1.957795
v 1.341436 -1.507935 -1.957795
v 1.341436 -1.507935 -2.079053
v 1.462694 -1.629194 -1.957795
v 1.462694 -1.507935 -1.957795
v 1.462694 -1.629194 -2.079053
v 1.462694 -1.507935 -2.079053
v 1.583952 -1.871710 -1.715278
v 1.583952 -1.750452 -1.715278
v 1.583952 -1.750452 -1.836537
v 1.705211 -1.871710 -1.715278
v 1.705211 -1.750452 -1.715278
v 1.705211 -1.871710 -1.836537
v 1.705211 -1.750452 -1.836537
v 1.583952 -1.629194 -1.836537
v 1.583952 -1.750452 -1.957795
v 1.705211 -1.750452 -1.957795
v 1.583952 -1.629194 -1.957795
v 1.583952 -1.629194 -2.079053
v 1.583952 -1.507935 -2.079053
v 1.705211 -1.629194 -1.957795
v 1.705211 -1.629194 -2.079053
v 1.341436 -1.386677 -1.957795
v 1.341436 -1.386677 -2.079053
v 0.856403 -0.901644 -1.230245
v 0.856403 -0.780386 -1.230245
v 0.856403 -0.901644 -1.351504
v 0.977661 -0.901644 -1.230245
v 0.977661 -0.780386 -1.230245
v 0.977661 -0.901644 -1.351504
v 0.977661 -0.780386 -1.351504
v 0.977661 -0.659128 -1.230245
v 0.977661 -0.659128 -1.351504
v 0.977661 -0.901644 -1.472762
v 0.977661 -0.780386 -1.472762
v 0.977661 -0.901644 -1.594020
v 0.977661 -0.780386 -1.594020
v 0.977661 -0.659128 -1.472762
v 0.977661 -0.659128 -1.594020
v 0.977661 -0.537869 -1.594020
v 1.098919 -0.659128 -1.230245
v 1.098919 -0.537869 -1.230245
v 1.098919 -0.659128 -1.351504
v 1.098919 -0.537869 -1.351504
v 1.220178 -0.537869 -1.230245
v 1.220178 -0.537869 -1.351504
v 1.098919 -0.659128 -1.472762
v 1.098919 -0.537869 -1.472762
v 1.098919 -0.659128 -1.594020
v 1.098919 -0.537869 -1.594020
v 1.220178 -0.537869 -1.472762
v 1.220178 -0.416611 -1.230245
v 1.220178 -0.416611 -1.351504
v 1.220178 -0.295353 -1.351504
v 1.098919 -0.416611 -1.472762
v 1.098919 -0.416611 -1.594020
v 1.098919 -0.295353 -1.594020
v 1.220178 -0.416611 -1.472762
v 1.220178 -0.295353 -1.472762
v 1.220178 -0.416611 -1.594020
v 1.220178 -0.295353 -1.594020
v 1.220178 -0.174095 -1.594020
v 0.977661 -0.901644 -1.715278
v 0.977661 -0.780386 -1.715278
v 0.977661 -0.901644 -1.836537
v 0.977661 -0.780386 -1.836537
v 0.977661 -0.659128 -1.715278
v 0.977661 -0.537869 -1.715278
v 0.977661 -0.659128 -1.836537
v 0.977661 -0.537869 -1.836537
v 0.856403 -0.780386 -2.079053
v 0.977661 -0.901644 -1.957795
v 0.977661 -0.780386 -1.957795
v 0.977661 -0.901644 -2.079053
v 0.977661 -0.780386 -2.079053
v 0.856403 -0.659128 -1.957795
v 0.856403 -0.537869 -1.957795
v 0.856403 -0.659128 -2.079053
v 0.856403 -0.537869 -2.079053
v 0.977661 -0.659128 -1.957795
v 0.977661 -0.537869 -1.957795
v 0.977661 -0.659128 -2.079053
v 0.977661 -0.537869 -2.079053
v 1.098919 -0.537869 -1.715278
v 0.977661 -0.416611 -1.715278
v 0.977661 -0.416611 -1.836537
v 0.977661 -0.295353 -1.836537
v 0.856403 -0.416611 -2.079053
v 0.856403 -0.295353 -2.079053
v 0.977661 -0.416611 -1.957795
v 0.977661 -0.295353 -1.957795
v 0.977661 -0.416611 -2.079053
v 0.977661 -0.295353 -2.079053
v 0.856403 -0.174095 -2.079053
v 0.977661 -0.174095 -1.957795
v 0.977661 -0.052836 -1.957795
v 0.977661 -0.174095 -2.079053
v 0.977661 -0.052836 -2.079053
v 1.098919 -0.416611 -1.715278
v 1.098919 -0.295353 -1.715278
v 1.098919 -0.416611 -1.836537
v 1.098919 -0.295353 -1.836537
v 1.220178 -0.295353 -1.715278
v 1.098919 -0.174095 -1.715278
v 1.098919 -0.174095 -1.836537
v 1.098919 -0.052836 -1.836537
v 1.220178 -0.174095 -1.715278
v 1.220178 -0.052836 -1.715278
v 1.220178 -0.174095 -1.836537
v 1.220178 -0.052836 -1.836537
v 1.098919 -0.295353 -1.957795
v 1.098919 -0.174095 -1.957795
v 1.098919 -0.052836 -1.957795
v 1.098919 -0.052836 -2.079053
v 1.220178 -0.052836 -1.957795
v 1.341436 -0.416611 -1.230245
v 1.341436 -0.295353 -1.230245
v 1.341436 -0.416611 -1.351504
v 1.341436 -0.295353 -1.351504
v 1.462694 -0.295353 -1.230245
v 1.462694 -0.295353 -1.351504
v 1.462694 -0.174095 -1.230245
v 1.462694 -0.174095 -1.351504
v 1.341436 -0.295353 -1.472762
v 1.341436 -0.295353 -1.594020
v 1.462694 -0.295353 -1.472762
v 1.341436 -0.174095 -1.472762
v 1.341436 -0.174095 -1.594020
v 1.341436 -0.052836 -1.594020
v 1.462694 -0.174095 -1.472762
v 1.462694 -0.052836 -1.472762
v 1.462694 -0.174095 -1.594020
v 1.462694 -0.052836 -1.594020
v 1.583952 -0.295353 -1.230245
v 1.583952 -0.174095 -1.230245
v 1.583952 -0.174095 -1.351504
v 1.583952 -0.052836 -1.351504
v 1.705211 -0.174095 -1.230245
v 1.705211 -0.174095 -1.351504
v 1.705211 -0.052836 -1.351504
v 1.583952 -0.174095 -1.472762
v 1.583952 -0.052836 -1.472762
v 1.583952 -0.052836 -1.594020
v 1.705211 -0.052836 -1.472762
v 1.341436 -0.174095 -1.715278
v 1.341436 -0.052836 -1.715278
v 1.462694 -0.052836 -1.715278
v 0.977661 -1.144161 -2.200311
v 0.977661 -1.022902 -2.200311
v 0.977661 -1.144161 -2.321570
v 0.977661 -1.022902 -2.321570
v 0.977661 -1.144161 -2.442828
v 0.977661 -1.022902 -2.442828
v 0.977661 -1.144161 -2.564086
v 0.977661 -1.022902 -2.564086
v 1.098919 -1.265419 -2.200311
v 1.098919 -1.265419 -2.321570
v 1.220178 -1.386677 -2.200311
v 1.220178 -1.265419 -2.200311
v 1.220178 -1.386677 -2.321570
v 1.220178 -1.265419 -2.321570
v 1.098919 -1.144161 -2.200311
v 1.098919 -1.144161 -2.321570
v 1.098919 -1.265419 -2.442828
v 1.098919 -1.265419 -2.564086
v 1.220178 -1.386677 -2.442828
v 1.220178 -1.265419 -2.442828
v 1.220178 -1.386677 -2.564086
v 1.220178 -1.265419 -2.564086
v 1.098919 -1.144161 -2.442828
v 1.098919 -1.144161 -2.564086
v 0.977661 -1.144161 -2.685344
v 0.977661 -1.022902 -2.685344
v 0.977661 -1.144161 -2.806603
v 0.977661 -1.022902 -2.806603
v 0.977661 -1.022902 -2.927861
v 0.977661 -1.022902 -3.049119
v 1.098919 -1.265419 -2.685344
v 1.098919 -1.265419 -2.806603
v 1.220178 -1.386677 -2.685344
v 1.220178 -1.265419 -2.685344
v 1.220178 -1.386677 -2.806603
v 1.220178 -1.265419 -2.806603
v 1.098919 -1.144161 -2.685344
v 1.098919 -1.144161 -2.806603
v 1.098919 -1.022902 -2.806603
v 1.220178 -1.144161 -2.806603
v 1.220178 -1.265419 -2.927861
v 1.220178 -1.265419 -3.049119
v 1.098919 -1.144161 -2.927861
v 1.098919 -1.022902 -2.927861
v 1.098919 -1.144161 -3.049119
v 1.098919 -1.022902 -3.049119
v 1.220178 -1.144161 -2.927861
v 1.220178 -1.144161 -3.049119
v 1.220178 -1.022902 -3.049119
v 1.341436 -1.507935 -2.200311
v 1.341436 -1.507935 -2.321570
v 1.462694 -1.507935 -2.200311
v 1.462694 -1.507935 -2.321570
v 1.341436 -1.507935 -2.442828
v 1.341436 -1.507935 -2.564086
v 1.462694 -1.507935 -2.442828
v 1.462694 -1.507935 -2.564086
v 1.583952 -1.629194 -2.200311
v 1.583952 -1.507935 -2.200311
v 1.583952 -1.629194 -2.321570
v 1.583952 -1.507935 -2.321570
v 1.705211 -1.629194 -2.200311
v 1.705211 -1.629194 -2.321570
v 1.583952 -1.629194 -2.442828
v 1.583952 -1.507935 -2.442828
v 1.583952 -1.507935 -2.564086
v 1.705211 -1.629194 -2.442828
v 1.705211 -1.507935 -2.442828
v 1.705211 -1.629194 -2.564086
v 1.705211 -1.507935 -2.564086
v 1.341436 -1.386677 -2.200311
v 1.341436 -1.386677 -2.321570
v 1.341436 -1.386677 -2.442828
v 1.341436 -1.386677 -2.564086
v 1.341436 -1.507935 -2.685344
v 1.462694 -1.507935 -2.685344
v 1.462694 -1.507935 -2.806603
v 1.462694 -1.507935 -2.927861
v 1.583952 -1.507935 -2.685344
v 1.583952 -1.507935 -2.806603
v 1.705211 -1.629194 -2.685344
v 1.705211 -1.507935 -2.685344
v 1.705211 -1.507935 -2.806603
v 1.583952 -1.507935 -2.927861
v 1.583952 -1.507935 -3.049119
v 1.705211 -1.507935 -2.927861
v 1.705211 -1.507935 -3.049119
v 1.341436 -1.386677 -2.685344
v 1.341436 -1.386677 -2.806603
v 1.341436 -1.265419 -2.806603
v 1.462694 -1.386677 -2.685344
v 1.462694 -1.386677 -2.806603
v 1.341436 -1.386677 -2.927861
v 1.341436 -1.265419 -2.927861
v 1.341436 -1.386677 -3.049119
v 1.341436 -1.265419 -3.049119
v 1.462694 -1.386677 -2.927861
v 1.462694 -1.386677 -3.049119
v 1.462694 -1.265419 -3.049119
v 1.583952 -1.386677 -2.927861
v 1.583952 -1.386677 -3.049119
v 1.705211 -1.386677 -3.049119
v 0.856403 -0.901644 -2.200311
v 0.856403 -0.780386 -2.200311
v 0.856403 -0.901644 -2.321570
v 0.856403 -0.780386 -2.321570
v 0.977661 -0.901644 -2.200311
v 0.977661 -0.780386 -2.200311
v 0.977661 -0.901644 -2.321570
v 0.856403 -0.659128 -2.200311
v 0.856403 -0.537869 -2.200311
v 0.856403 -0.659128 -2.321570
v 0.856403 -0.537869 -2.321570
v 0.856403 -0.901644 -2.442828
v 0.856403 -0.780386 -2.442828
v 0.856403 -0.901644 -2.564086
v 0.856403 -0.780386 -2.564086
v 0.977661 -0.901644 -2.442828
v 0.977661 -0.901644 -2.564086
v 0.856403 -0.659128 -2.442828
v 0.856403 -0.537869 -2.442828
v 0.856403 -0.659128 -2.564086
v 0.856403 -0.537869 -2.564086
v 0.856403 -0.416611 -2.200311
v 0.856403 -0.295353 -2.200311
v 0.856403 -0.416611 -2.321570
v 0.856403 -0.295353 -2.321570
v 0.856403 -0.174095 -2.200311
v 0.856403 -0.052836 -2.200311
v 0.856403 -0.174095 -2.321570
v 0.856403 -0.052836 -2.321570
v 0.977661 -0.174095 -2.200311
v 0.977661 -0.052836 -2.200311
v 0.977661 -0.052836 -2.321570
v 0.856403 -0.416611 -2.442828
v 0.856403 -0.295353 -2.442828
v 0.856403 -0.416611 -2.564086
v 0.856403 -0.295353 -2.564086
v 0.856403 -0.174095 -2.442828
v 0.856403 -0.052836 -2.442828
v 0.856403 -0.174095 -2.564086
v 0.856403 -0.052836 -2.564086
v 0.977661 -0.052836 -2.442828
v 0.856403 -0.901644 -2.685344
v 0.856403 -0.780386 -2.685344
v 0.856403 -0.901644 -2.806603
v 0.856403 -0.780386 -2.806603
v 0.977661 -0.901644 -2.685344
v 0.977661 -0.901644 -2.806603
v 0.856403 -0.659128 -2.685344
v 0.856403 -0.537869 -2.685344
v 0.856403 -0.659128 -2.806603
v 0.856403 -0.537869 -2.806603
v 0.856403 -0.901644 -2.927861
v 0.856403 -0.780386 -2.927861
v 0.856403 -0.780386 -3.049119
v 0.977661 -0.901644 -2.927861
v 0.977661 -0.780386 -2.927861
v 0.977661 -0.901644 -3.049119
v 0.977661 -0.780386 -3.049119
v 0.856403 -0.659128 -2.927861
v 0.856403 -0.537869 -2.927861
v 0.856403 -0.659128 -3.049119
v 0.856403 -0.537869 -3.049119
v 0.977661 -0.659128 -3.049119
v 0.977661 -0.537869 -3.049119
v 1.098919 -0.901644 -3.049119
v 0.856403 -0.416611 -2.685344
v 0.856403 -0.295353 -2.685344
v 0.856403 -0.416611 -2.806603
v 0.856403 -0.295353 -2.806603
v 0.856403 -0.174095 -2.685344
v 0.856403 -0.052836 -2.685344
v 0.856403 -0.174095 -2.806603
v 0.856403 -0.052836 -2.806603
v 0.977661 -0.052836 -2.685344
v 0.977661 -0.052836 -2.806603
v 0.856403 -0.416611 -2.927861
v 0.856403 -0.295353 -2.927861
v 0.856403 -0.416611 -3.049119
v 0.856403 -0.295353 -3.049119
v 0.977661 -0.416611 -3.049119
v 0.977661 -0.295353 -3.049119
v 0.856403 -0.174095 -2.927861
v 0.856403 -0.052836 -2.927861
v 0.856403 -0.174095 -3.049119
v 0.977661 -0.174095 -2.927861
v 0.977661 -0.052836 -2.927861
v 0.977661 -0.174095 -3.049119
v 0.977661 -0.052836 -3.049119
v 1.098919 -0.052836 -3.049119
v 1.220178 -1.265419 -3.170377
v 1.098919 -1.022902 -3.170377
v 1.220178 -1.144161 -3.170377
v 1.220178 -1.022902 -3.170377
v 1.220178 -1.144161 -3.291636
v 1.220178 -1.022902 -3.291636
v 1.341436 -1.265419 -3.170377
v 1.341436 -1.265419 -3.291636
v 1.462694 -1.386677 -3.170377
v 1.462694 -1.265419 -3.170377
v 1.462694 -1.265419 -3.291636
v 1.341436 -1.144161 -3.170377
v 1.341436 -1.144161 -3.291636
v 1.341436 -1.022902 -3.291636
v 1.462694 -1.144161 -3.291636
v 1.462694 -1.022902 -3.291636
v 1.341436 -1.022902 -3.412894
v 1.462694 -1.144161 -3.412894
v 1.462694 -1.022902 -3.412894
v 1.462694 -1.022902 -3.534152
v 1.583952 -1.386677 -3.170377
v 1.583952 -1.265419 -3.170377
v 1.583952 -1.265419 -3.291636
v 1.705211 -1.386677 -3.170377
v 1.705211 -1.265419 -3.170377
v 1.705211 -1.386677 -3.291636
v 1.705211 -1.265419 -3.291636
v 1.583952 -1.144161 -3.291636
v 1.705211 -1.144161 -3.291636
v 1.705211 -1.265419 -3.412894
v 1.583952 -1.144161 -3.412894
v 1.583952 -1.022902 -3.412894
v 1.583952 -1.022902 -3.534152
v 1.705211 -1.144161 -3.412894
v 1.705211 -1.022902 -3.412894
v 1.705211 -1.144161 -3.534152
v 1.705211 -1.022902 -3.534152
v 0.977661 -0.901644 -3.170377
v 0.977661 -0.780386 -3.170377
v 0.977661 -0.659128 -3.170377
v 0.977661 -0.537869 -3.170377
v 0.977661 -0.659128 -3.291636
v 0.977661 -0.537869 -3.291636
v 1.098919 -0.901644 -3.170377
v 1.098919 -0.780386 -3.170377
v 1.098919 -0.901644 -3.291636
v 1.098919 -0.780386 -3.291636
v 1.220178 -0.901644 -3.170377
v 1.220178 -0.901644 -3.291636
v 1.220178 -0.780386 -3.291636
v 1.098919 -0.659128 -3.170377
v 1.098919 -0.659128 -3.291636
v 1.098919 -0.537869 -3.291636
v 1.220178 -0.659128 -3.291636
v 1.220178 -0.901644 -3.412894
v 1.220178 -0.780386 -3.412894
v 1.098919 -0.659128 -3.412894
v 1.098919 -0.537869 -3.412894
v 1.220178 -0.659128 -3.412894
v 1.220178 -0.537869 -3.412894
v 1.220178 -0.659128 -3.534152
v 1.220178 -0.537869 -3.534152
v 0.977661 -0.416611 -3.170377
v 0.977661 -0.295353 -3.170377
v 0.977661 -0.416611 -3.291636
v 0.977661 -0.295353 -3.291636
v 0.977661 -0.174095 -3.170377
v 0.977661 -0.052836 -3.170377
v 1.098919 -0.295353 -3.170377
v 1.098919 -0.416611 -3.291636
v 1.098919 -0.295353 -3.291636
v 1.220178 -0.295353 -3.291636
v 1.098919 -0.174095 -3.170377
v 1.098919 -0.052836 -3.170377
v 1.098919 -0.174095 -3.291636
v 1.098919 -0.052836 -3.291636
v 1.220178 -0.174095 -3.291636
v 1.220178 -0.052836 -3.291636
v 1.098919 -0.416611 -3.412894
v 1.098919 -0.295353 -3.412894
v 1.220178 -0.416611 -3.412894
v 1.220178 -0.295353 -3.412894
v 1.220178 -0.416611 -3.534152
v 1.220178 -0.295353 -3.534152
v 1.220178 -0.174095 -3.412894
v 1.220178 -0.052836 -3.412894
v 1.341436 -0.901644 -3.291636
v 1.341436 -0.901644 -3.412894
v 1.341436 -0.780386 -3.412894
v 1.341436 -0.901644 -3.534152
v 1.341436 -0.780386 -3.534152
v 1.462694 -0.901644 -3.412894
v 1.462694 -0.901644 -3.534152
v 1.462694 -0.780386 -3.534152
v 1.341436 -0.659128 -3.412894
v 1.341436 -0.659128 -3.534152
v 1.341436 -0.537869 -3.534152
v 1.462694 -0.659128 -3.534152
v 1.462694 -0.537869 -3.534152
v 1.583952 -0.901644 -3.534152
v 1.583952 -0.780386 -3.534152
v 1.705211 -0.901644 -3.534152
v 1.341436 -0.295353 -3.412894
v 1.341436 -0.416611 -3.534152
v 1.341436 -0.295353 -3.534152
v 1.462694 -0.416611 -3.534152
v 1.462694 -0.295353 -3.534152
v 1.341436 -0.174095 -3.412894
v 1.341436 -0.052836 -3.412894
v 1.341436 -0.174095 -3.534152
v 1.341436 -0.052836 -3.534152
v 1.462694 -0.052836 -3.412894
v 1.462694 -0.174095 -3.534152
v 1.462694 -0.052836 -3.534152
v 1.583952 -0.174095 -3.534152
v 1.583952 -0.052836 -3.534152
v 1.705211 -0.052836 -3.534152
v 1.462694 -0.780386 -3.655411
v 1.462694 -0.659128 -3.655411
v 1.462694 -0.537869 -3.655411
v 1.583952 -0.901644 -3.655411
v 1.583952 -0.780386 -3.655411
v 1.705211 -0.901644 -3.655411
v 1.705211 -0.780386 -3.655411
v 1.583952 -0.659128 -3.655411
v 1.583952 -0.537869 -3.655411
v 1.705211 -0.659128 -3.655411
v 1.705211 -0.537869 -3.655411
v 1.462694 -0.416611 -3.655411
v 1.462694 -0.295353 -3.655411
v 1.462694 -0.174095 -3.655411
v 1.583952 -0.416611 -3.655411
v 1.583952 -0.295353 -3.655411
v 1.705211 -0.416611 -3.655411
v 1.705211 -0.295353 -3.655411
v 1.583952 -0.174095 -3.655411
v 1.583952 -0.052836 -3.655411
v 1.705211 -0.174095 -3.655411
v 1.705211 -0.052836 -3.655411
v 1.826469 -3.205551 -0.260179
v 1.826469 -3.205551 -0.381438
v 1.947727 -3.205551 -0.260179
v 1.947727 -3.205551 -0.381438
v 1.826469 -3.084292 -0.381438
v 1.947727 -3.084292 -0.260179
v 1.947727 -3.084292 -0.381438
v 1.826469 -3.205551 -0.502696
v 1.826469 -3.084292 -0.502696
v 1.826469 -3.084292 -0.623954
v 1.947727 -3.084292 -0.502696
v 1.947727 -3.084292 -0.623954
v 2.068985 -3.205551 -0.260179
v 2.068985 -3.084292 -0.260179
v 2.068985 -3.084292 -0.381438
v 2.190244 -3.084292 -0.260179
v 2.190244 -3.084292 -0.381438
v 2.068985 -3.084292 -0.502696
v 2.068985 -3.084292 -0.623954
v 2.190244 -3.084292 -0.502696
v 2.190244 -3.084292 -0.623954
v 2.190244 -2.963034 -0.623954
v 1.826469 -3.084292 -0.745212
v 1.826469 -3.084292 -0.866471
v 1.826469 -2.963034 -0.866471
v 1.947727 -3.084292 -0.745212
v 1.947727 -2.963034 -0.745212
v 1.947727 -3.084292 -0.866471
v 1.947727 -2.963034 -0.866471
v 1.826469 -2.963034 -0.987729
v 1.947727 -2.963034 -0.987729
v 2.068985 -3.084292 -0.745212
v 2.068985 -2.963034 -0.745212
v 2.068985 -2.963034 -0.866471
v 2.190244 -3.084292 -0.745212
v 2.190244 -2.963034 -0.745212
v 2.190244 -2.963034 -0.866471
v 2.068985 -2.963034 -0.987729
v 2.311502 -3.084292 -0.260179
v 2.311502 -3.084292 -0.381438
v 2.311502 -2.963034 -0.381438
v 2.432760 -3.084292 -0.260179
v 2.432760 -2.963034 -0.260179
v 2.432760 -3.084292 -0.381438
v 2.432760 -2.963034 -0.381438
v 2.311502 -3.084292 -0.502696
v 2.311502 -2.963034 -0.502696
v 2.311502 -3.084292 -0.623954
v 2.311502 -2.963034 -0.623954
v 2.432760 -2.963034 -0.502696
v 2.432760 -2.963034 -0.623954
v 2.554018 -2.963034 -0.260179
v 2.554018 -2.963034 -0.381438
v 2.554018 -2.963034 -0.502696
v 2.554018 -2.963034 -0.623954
v 2.311502 -2.963034 -0.745212
v 2.311502 -2.963034 -0.866471
v 2.432760 -2.963034 -0.745212
v 1.826469 -2.841776 -0.987729
v 1.826469 -2.841776 -1.108987
v 1.826469 -2.720518 -1.108987
v 1.947727 -2.841776 -0.987729
v 1.947727 -2.841776 -1.108987
v 1.947727 -2.720518 -1.108987
v 2.068985 -2.841776 -0.866471
v 2.190244 -2.841776 -0.866471
v 2.068985 -2.841776 -0.987729
v 2.068985 -2.841776 -1.108987
v 2.068985 -2.720518 -1.108987
v 2.190244 -2.841776 -0.987729
v 2.190244 -2.720518 -0.987729
v 2.190244 -2.841776 -1.108987
v 2.190244 -2.720518 -1.108987
v 2.432760 -2.841776 -0.623954
v 2.554018 -2.841776 -0.260179
v 2.554018 -2.841776 -0.381438
v 2.675277 -2.841776 -0.260179
v 2.675277 -2.841776 -0.381438
v 2.675277 -2.720518 -0.381438
v 2.554018 -2.841776 -0.502696
v 2.554018 -2.841776 -0.623954
v 2.554018 -2.720518 -0.623954
v 2.675277 -2.841776 -0.502696
v 2.675277 -2.720518 -0.502696
v 2.675277 -2.841776 -0.623954
v 2.675277 -2.720518 -0.623954
v 2.311502 -2.841776 -0.745212
v 2.311502 -2.841776 -0.866471
v 2.432760 -2.841776 -0.745212
v 2.432760 -2.841776 -0.866471
v 2.432760 -2.720518 -0.866471
v 2.311502 -2.841776 -0.987729
v 2.311502 -2.720518 -0.987729
v 2.311502 -2.720518 -1.108987
v 2.432760 -2.841776 -0.987729
v 2.432760 -2.720518 -0.987729
v 2.432760 -2.720518 -1.108987
v 2.311502 -2.599260 -1.108987
v 2.432760 -2.599260 -0.987729
v 2.432760 -2.599260 -1.108987
v 2.432760 -2.478002 -1.108987
v 2.554018 -2.841776 -0.745212
v 2.554018 -2.720518 -0.745212
v 2.554018 -2.841776 -0.866471
v 2.554018 -2.720518 -0.866471
v 2.675277 -2.720518 -0.745212
v 2.675277 -2.720518 -0.866471
v 2.554018 -2.599260 -0.866471
v 2.675277 -2.599260 -0.745212
v 2.675277 -2.599260 -0.866471
v 2.675277 -2.478002 -0.866471
v 2.554018 -2.720518 -0.987729
v 2.554018 -2.599260 -0.987729
v 2.554018 -2.478002 -0.987729
v 2.554018 -2.599260 -1.108987
v 2.554018 -2.478002 -1.108987
v 2.675277 -2.599260 -0.987729
v 2.675277 -2.478002 -0.987729
v 2.675277 -2.478002 -1.108987
v 2.554018 -2.356743 -1.108987
v 2.675277 -2.356743 -0.987729
v 2.675277 -2.356743 -1.108987
v 2.675277 -2.235485 -1.108987
v 1.826469 -2.720518 -1.230245
v 1.947727 -2.720518 -1.230245
v 1.826469 -2.599260 -1.230245
v 1.826469 -2.599260 -1.351504
v 1.826469 -2.478002 -1.351504
v 1.947727 -2.599260 -1.230245
v 1.947727 -2.599260 -1.351504
v 1.947727 -2.478002 -1.351504
v 1.826469 -2.478002 -1.472762
v 1.947727 -2.478002 -1.472762
v 2.068985 -2.720518 -1.230245
v 2.190244 -2.720518 -1.230245
v 2.068985 -2.599260 -1.230245
v 2.068985 -2.599260 -1.351504
v 2.068985 -2.478002 -1.351504
v 2.190244 -2.599260 -1.230245
v 2.190244 -2.478002 -1.230245
v 2.190244 -2.599260 -1.351504
v 2.190244 -2.478002 -1.351504
v 2.068985 -2.478002 -1.472762
v 1.826469 -2.356743 -1.472762
v 1.826469 -2.235485 -1.472762
v 1.826469 -2.235485 -1.594020
v 1.947727 -2.356743 -1.472762
v 1.947727 -2.235485 -1.472762
v 1.947727 -2.235485 -1.594020
v 1.826469 -2.114227 -1.594020
v 1.826469 -1.992968 -1.594020
v 1.947727 -2.114227 -1.594020
v 1.947727 -1.992968 -1.594020
v 2.068985 -2.356743 -1.351504
v 2.190244 -2.356743 -1.351504
v 2.068985 -2.356743 -1.472762
v 2.068985 -2.235485 -1.472762
v 2.068985 -2.235485 -1.594020
v 2.190244 -2.356743 -1.472762
v 2.190244 -2.235485 -1.472762
v 2.068985 -2.114227 -1.472762
v 2.068985 -2.114227 -1.594020
v 2.068985 -1.992968 -1.594020
v 2.190244 -2.114227 -1.472762
v 2.190244 -1.992968 -1.472762
v 2.190244 -2.114227 -1.594020
v 2.190244 -1.992968 -1.594020
v 1.826469 -1.992968 -1.715278
v 1.947727 -1.992968 -1.715278
v 2.068985 -1.992968 -1.715278
v 2.311502 -2.720518 -1.230245
v 2.311502 -2.599260 -1.230245
v 2.311502 -2.478002 -1.230245
v 2.311502 -2.478002 -1.351504
v 2.432760 -2.599260 -1.230245
v 2.432760 -2.478002 -1.230245
v 2.432760 -2.478002 -1.351504
v 2.554018 -2.478002 -1.230245
v 2.311502 -2.356743 -1.351504
v 2.311502 -2.235485 -1.351504
v 2.432760 -2.356743 -1.230245
v 2.432760 -2.356743 -1.351504
v 2.432760 -2.235485 -1.351504
v 2.432760 -2.114227 -1.351504
v 2.432760 -1.992968 -1.351504
v 2.311502 -2.356743 -1.472762
v 2.311502 -2.235485 -1.472762
v 2.432760 -2.235485 -1.472762
v 2.311502 -2.114227 -1.472762
v 2.311502 -1.992968 -1.472762
v 2.311502 -1.992968 -1.594020
v 2.432760 -2.114227 -1.472762
v 2.432760 -1.992968 -1.472762
v 2.554018 -2.356743 -1.230245
v 2.554018 -2.235485 -1.230245
v 2.554018 -2.356743 -1.351504
v 2.554018 -2.235485 -1.351504
v 2.675277 -2.356743 -1.230245
v 2.675277 -2.235485 -1.230245
v 2.554018 -2.114227 -1.230245
v 2.554018 -2.114227 -1.351504
v 2.554018 -1.992968 -1.351504
v 2.675277 -2.114227 -1.230245
v 2.675277 -1.992968 -1.230245
v 2.675277 -2.114227 -1.351504
v 2.675277 -1.992968 -1.351504
v 2.554018 -1.992968 -1.472762
v 2.796535 -2.841776 -0.260179
v 2.796535 -2.720518 -0.260179
v 2.796535 -2.841776 -0.381438
v 2.796535 -2.720518 -0.381438
v 2.917793 -2.720518 -0.260179
v 2.917793 -2.720518 -0.381438
v 2.796535 -2.599260 -0.381438
v 2.917793 -2.599260 -0.260179
v 2.917793 -2.478002 -0.260179
v 2.917793 -2.599260 -0.381438
v 2.917793 -2.478002 -0.381438
v 2.796535 -2.720518 -0.502696
v 2.796535 -2.720518 -0.623954
v 2.796535 -2.599260 -0.502696
v 2.796535 -2.599260 -0.623954
v 2.796535 -2.478002 -0.623954
v 2.917793 -2.599260 -0.502696
v 2.917793 -2.478002 -0.502696
v 2.917793 -2.599260 -0.623954
v 2.917793 -2.478002 -0.623954
v 3.039052 -2.478002 -0.260179
v 3.039052 -2.478002 -0.381438
v 3.039052 -2.478002 -0.502696
v 3.039052 -2.478002 -0.623954
v 2.917793 -2.356743 -0.623954
v 3.039052 -2.356743 -0.260179
v 3.039052 -2.235485 -0.260179
v 3.039052 -2.356743 -0.381438
v 3.039052 -2.235485 -0.381438
v 3.160310 -2.356743 -0.260179
v 3.160310 -2.235485 -0.260179
v 3.160310 -2.235485 -0.381438
v 3.160310 -2.114227 -0.260179
v 3.160310 -1.992968 -0.260179
v 3.160310 -2.114227 -0.381438
v 3.160310 -1.992968 -0.381438
v 3.039052 -2.356743 -0.502696
v 3.039052 -2.235485 -0.502696
v 3.039052 -2.356743 -0.623954
v 3.039052 -2.235485 -0.623954
v 3.160310 -2.235485 -0.502696
v 3.039052 -2.114227 -0.502696
v 3.039052 -2.114227 -0.623954
v 3.039052 -1.992968 -0.623954
v 3.160310 -2.114227 -0.502696
v 3.160310 -1.992968 -0.502696
v 3.160310 -2.114227 -0.623954
v 3.160310 -1.992968 -0.623954
v 2.796535 -2.720518 -0.745212
v 2.796535 -2.599260 -0.745212
v 2.796535 -2.478002 -0.745212
v 2.796535 -2.599260 -0.866471
v 2.796535 -2.478002 -0.866471
v 2.917793 -2.478002 -0.745212
v 2.917793 -2.478002 -0.866471
v 2.796535 -2.478002 -0.987729
v 2.796535 -2.356743 -0.866471
v 2.917793 -2.356743 -0.745212
v 2.917793 -2.235485 -0.745212
v 2.917793 -2.356743 -0.866471
v 2.917793 -2.235485 -0.866471
v 2.917793 -2.114227 -0.866471
v 2.796535 -2.356743 -0.987729
v 2.796535 -2.235485 -0.987729
v 2.796535 -2.356743 -1.108987
v 2.796535 -2.235485 -1.108987
v 2.917793 -2.356743 -0.987729
v 2.917793 -2.235485 -0.987729
v 2.796535 -2.114227 -0.987729
v 2.796535 -2.114227 -1.108987
v 2.796535 -1.992968 -1.108987
v 2.917793 -2.114227 -0.987729
v 2.917793 -1.992968 -0.987729
v 2.917793 -2.114227 -1.108987
v 2.917793 -1.992968 -1.108987
v 3.039052 -2.356743 -0.745212
v 3.039052 -2.235485 -0.745212
v 3.039052 -2.235485 -0.866471
v 3.039052 -2.114227 -0.745212
v 3.039052 -1.992968 -0.745212
v 3.039052 -2.114227 -0.866471
v 3.039052 -1.992968 -0.866471
v 3.160310 -1.992968 -0.745212
v 3.039052 -2.114227 -0.987729
v 3.039052 -1.992968 -0.987729
v 3.281568 -1.992968 -0.260179
v 2.796535 -2.235485 -1.230245
v 2.796535 -2.114227 -1.230245
v 2.796535 -1.992968 -1.230245
v 2.675277 -1.022902 -1.108987
v 1.826469 -0.174095 -0.260179
v 1.826469 -0.174095 -0.381438
v 1.947727 -0.174095 -0.260179
v 1.947727 -0.174095 -0.381438
v 1.947727 -0.295353 -0.623954
v 1.826469 -0.174095 -0.502696
v 1.826469 -0.174095 -0.623954
v 1.947727 -0.174095 -0.502696
v 1.947727 -0.174095 -0.623954
v 2.190244 -0.295353 -0.381438
v 2.068985 -0.174095 -0.260179
v 2.068985 -0.174095 -0.381438
v 2.190244 -0.174095 -0.260179
v 2.190244 -0.174095 -0.381438
v 2.068985 -0.295353 -0.502696
v 2.068985 -0.295353 -0.623954
v 2.190244 -0.295353 -0.502696
v 2.190244 -0.295353 -0.623954
v 2.068985 -0.174095 -0.502696
v 2.068985 -0.174095 -0.623954
v 2.190244 -0.174095 -0.502696
v 1.826469 -0.295353 -0.745212
v 1.826469 -0.295353 -0.866471
v 1.947727 -0.295353 -0.745212
v 1.947727 -0.295353 -0.866471
v 1.826469 -0.174095 -0.745212
v 1.947727 -0.174095 -0.745212
v 1.826469 -0.295353 -0.987729
v 1.826469 -0.295353 -1.108987
v 1.947727 -0.295353 -0.987729
v 1.947727 -0.295353 -1.108987
v 1.826469 -0.174095 -1.108987
v 2.068985 -0.295353 -0.745212
v 2.068985 -0.295353 -0.866471
v 2.190244 -0.295353 -0.745212
v 2.190244 -0.416611 -0.866471
v 2.190244 -0.295353 -0.866471
v 2.068985 -0.295353 -0.987729
v 2.068985 -0.295353 -1.108987
v 2.190244 -0.416611 -0.987729
v 2.190244 -0.295353 -0.987729
v 2.190244 -0.416611 -1.108987
v 2.190244 -0.295353 -1.108987
v 2.675277 -0.537869 -0.260179
v 2.675277 -0.537869 -0.381438
v 2.554018 -0.537869 -0.502696
v 2.554018 -0.537869 -0.623954
v 2.675277 -0.537869 -0.502696
v 2.675277 -0.659128 -0.623954
v 2.675277 -0.537869 -0.623954
v 2.311502 -0.295353 -0.260179
v 2.311502 -0.295353 -0.381438
v 2.432760 -0.295353 -0.260179
v 2.432760 -0.416611 -0.381438
v 2.432760 -0.295353 -0.381438
v 2.311502 -0.174095 -0.260179
v 2.311502 -0.174095 -0.381438
v 2.311502 -0.295353 -0.502696
v 2.311502 -0.416611 -0.623954
v 2.311502 -0.295353 -0.623954
v 2.432760 -0.416611 -0.502696
v 2.432760 -0.295353 -0.502696
v 2.432760 -0.416611 -0.623954
v 2.432760 -0.295353 -0.623954
v 2.554018 -0.416611 -0.260179
v 2.554018 -0.295353 -0.260179
v 2.554018 -0.416611 -0.381438
v 2.554018 -0.295353 -0.381438
v 2.675277 -0.416611 -0.260179
v 2.675277 -0.416611 -0.381438
v 2.554018 -0.416611 -0.502696
v 2.554018 -0.416611 -0.623954
v 2.675277 -0.416611 -0.502696
v 2.432760 -0.537869 -0.745212
v 2.432760 -0.537869 -0.866471
v 2.432760 -0.537869 -0.987729
v 2.432760 -0.537869 -1.108987
v 2.675277 -0.780386 -0.866471
v 2.554018 -0.537869 -0.745212
v 2.554018 -0.659128 -0.866471
v 2.554018 -0.537869 -0.866471
v 2.675277 -0.659128 -0.745212
v 2.675277 -0.537869 -0.745212
v 2.675277 -0.659128 -0.866471
v 2.675277 -0.537869 -0.866471
v 2.675277 -0.901644 -0.987729
v 2.675277 -0.780386 -0.987729
v 2.675277 -0.901644 -1.108987
v 2.675277 -0.780386 -1.108987
v 2.554018 -0.659128 -0.987729
v 2.554018 -0.537869 -0.987729
v 2.554018 -0.659128 -1.108987
v 2.554018 -0.537869 -1.108987
v 2.675277 -0.659128 -0.987729
v 2.675277 -0.659128 -1.108987
v 2.311502 -0.416611 -0.745212
v 2.311502 -0.295353 -0.745212
v 2.311502 -0.416611 -0.866471
v 2.311502 -0.295353 -0.866471
v 2.432760 -0.416611 -0.745212
v 2.432760 -0.416611 -0.866471
v 2.311502 -0.416611 -0.987729
v 2.311502 -0.416611 -1.108987
v 2.432760 -0.416611 -0.987729
v 2.432760 -0.416611 -1.108987
v 2.554018 -0.416611 -0.745212
v 2.068985 -1.871710 -1.594020
v 2.190244 -1.871710 -1.594020
v 2.190244 -1.750452 -1.594020
v 1.826469 -1.871710 -1.715278
v 1.826469 -1.871710 -1.836537
v 1.826469 -1.750452 -1.836537
v 1.947727 -1.871710 -1.715278
v 1.947727 -1.750452 -1.715278
v 1.947727 -1.871710 -1.836537
v 1.947727 -1.750452 -1.836537
v 1.826469 -1.750452 -1.957795
v 1.947727 -1.750452 -1.957795
v 1.826469 -1.629194 -1.957795
v 1.826469 -1.629194 -2.079053
v 1.947727 -1.629194 -1.957795
v 1.947727 -1.629194 -2.079053
v 2.068985 -1.871710 -1.715278
v 2.068985 -1.750452 -1.715278
v 2.068985 -1.750452 -1.836537
v 2.190244 -1.871710 -1.715278
v 2.190244 -1.750452 -1.715278
v 2.190244 -1.750452 -1.836537
v 2.068985 -1.629194 -1.836537
v 2.190244 -1.629194 -1.715278
v 2.190244 -1.629194 -1.836537
v 2.068985 -1.750452 -1.957795
v 2.068985 -1.629194 -1.957795
v 2.068985 -1.629194 -2.079053
v 2.190244 -1.629194 -1.957795
v 2.190244 -1.629194 -2.079053
v 2.190244 -1.507935 -2.079053
v 2.311502 -1.871710 -1.472762
v 2.311502 -1.871710 -1.594020
v 2.311502 -1.750452 -1.594020
v 2.432760 -1.871710 -1.472762
v 2.432760 -1.750452 -1.472762
v 2.432760 -1.871710 -1.594020
v 2.432760 -1.750452 -1.594020
v 2.311502 -1.629194 -1.594020
v 2.432760 -1.629194 -1.472762
v 2.432760 -1.629194 -1.594020
v 2.432760 -1.507935 -1.594020
v 2.554018 -1.871710 -1.351504
v 2.554018 -1.750452 -1.351504
v 2.675277 -1.871710 -1.230245
v 2.675277 -1.750452 -1.230245
v 2.675277 -1.871710 -1.351504
v 2.675277 -1.750452 -1.351504
v 2.675277 -1.629194 -1.351504
v 2.675277 -1.507935 -1.351504
v 2.554018 -1.871710 -1.472762
v 2.554018 -1.750452 -1.472762
v 2.675277 -1.750452 -1.472762
v 2.554018 -1.629194 -1.472762
v 2.554018 -1.507935 -1.472762
v 2.554018 -1.629194 -1.594020
v 2.554018 -1.507935 -1.594020
v 2.675277 -1.629194 -1.472762
v 2.675277 -1.507935 -1.472762
v 2.675277 -1.386677 -1.351504
v 2.675277 -1.265419 -1.351504
v 2.675277 -1.144161 -1.230245
v 2.675277 -1.022902 -1.230245
v 2.675277 -1.144161 -1.351504
v 2.675277 -1.022902 -1.351504
v 2.554018 -1.386677 -1.472762
v 2.554018 -1.386677 -1.594020
v 2.554018 -1.265419 -1.594020
v 2.675277 -1.386677 -1.472762
v 2.675277 -1.265419 -1.472762
v 2.675277 -1.386677 -1.594020
v 2.675277 -1.265419 -1.594020
v 2.675277 -1.144161 -1.472762
v 2.675277 -1.022902 -1.472762
v 2.675277 -1.144161 -1.594020
v 2.675277 -1.022902 -1.594020
v 2.311502 -1.750452 -1.715278
v 2.311502 -1.629194 -1.715278
v 2.311502 -1.507935 -1.715278
v 2.311502 -1.629194 -1.836537
v 2.311502 -1.507935 -1.836537
v 2.432760 -1.629194 -1.715278
v 2.432760 -1.507935 -1.715278
v 2.432760 -1.507935 -1.836537
v 2.311502 -1.629194 -1.957795
v 2.311502 -1.507935 -1.957795
v 2.311502 -1.629194 -2.079053
v 2.311502 -1.507935 -2.079053
v 2.432760 -1.507935 -1.957795
v 2.432760 -1.507935 -2.079053
v 2.554018 -1.507935 -1.715278
v 2.554018 -1.507935 -1.836537
v 2.432760 -1.386677 -1.836537
v 2.432760 -1.386677 -1.957795
v 2.432760 -1.386677 -2.079053
v 2.554018 -1.386677 -1.715278
v 2.554018 -1.265419 -1.715278
v 2.554018 -1.386677 -1.836537
v 2.554018 -1.265419 -1.836537
v 2.675277 -1.265419 -1.715278
v 2.675277 -1.265419 -1.836537
v 2.675277 -1.144161 -1.715278
v 2.675277 -1.022902 -1.715278
v 2.675277 -1.144161 -1.836537
v 2.675277 -1.022902 -1.836537
v 2.554018 -1.386677 -1.957795
v 2.554018 -1.265419 -1.957795
v 2.554018 -1.386677 -2.079053
v 2.554018 -1.265419 -2.079053
v 2.675277 -1.265419 -1.957795
v 2.675277 -1.265419 -2.079053
v 2.675277 -1.144161 -1.957795
v 2.675277 -1.022902 -1.957795
v 2.675277 -1.144161 -2.079053
v 1.826469 -0.295353 -1.230245
v 1.947727 -0.295353 -1.230245
v 1.826469 -0.174095 -1.230245
v 1.826469 -0.174095 -1.351504
v 1.826469 -0.052836 -1.351504
v 1.947727 -0.174095 -1.230245
v 1.947727 -0.174095 -1.351504
v 1.947727 -0.052836 -1.351504
v 1.826469 -0.052836 -1.472762
v 1.947727 -0.052836 -1.472762
v 2.068985 -0.295353 -1.230245
v 2.190244 -0.416611 -1.230245
v 2.190244 -0.295353 -1.230245
v 2.190244 -0.295353 -1.351504
v 2.068985 -0.174095 -1.230245
v 2.068985 -0.174095 -1.351504
v 2.068985 -0.052836 -1.351504
v 2.190244 -0.174095 -1.230245
v 2.190244 -0.174095 -1.351504
v 2.190244 -0.052836 -1.351504
v 2.068985 -0.052836 -1.472762
v 2.190244 -0.174095 -1.472762
v 2.190244 -0.052836 -1.472762
v 2.190244 -0.052836 -1.594020
v 2.432760 -0.537869 -1.230245
v 2.432760 -0.537869 -1.351504
v 2.675277 -0.901644 -1.230245
v 2.675277 -0.780386 -1.230245
v 2.675277 -0.901644 -1.351504
v 2.675277 -0.780386 -1.351504
v 2.554018 -0.659128 -1.230245
v 2.554018 -0.537869 -1.230245
v 2.554018 -0.659128 -1.351504
v 2.554018 -0.537869 -1.351504
v 2.675277 -0.659128 -1.230245
v 2.675277 -0.659128 -1.351504
v 2.675277 -0.901644 -1.472762
v 2.675277 -0.780386 -1.472762
v 2.675277 -0.901644 -1.594020
v 2.675277 -0.780386 -1.594020
v 2.554018 -0.659128 -1.472762
v 2.554018 -0.537869 -1.472762
v 2.554018 -0.537869 -1.594020
v 2.675277 -0.659128 -1.472762
v 2.675277 -0.537869 -1.472762
v 2.675277 -0.659128 -1.594020
v 2.675277 -0.537869 -1.594020
v 2.311502 -0.416611 -1.230245
v 2.311502 -0.295353 -1.230245
v 2.311502 -0.416611 -1.351504
v 2.311502 -0.295353 -1.351504
v 2.432760 -0.416611 -1.230245
v 2.432760 -0.416611 -1.351504
v 2.432760 -0.295353 -1.351504
v 2.311502 -0.174095 -1.351504
v 2.311502 -0.295353 -1.472762
v 2.432760 -0.416611 -1.472762
v 2.432760 -0.295353 -1.472762
v 2.432760 -0.295353 -1.594020
v 2.311502 -0.174095 -1.472762
v 2.311502 -0.052836 -1.472762
v 2.311502 -0.174095 -1.594020
v 2.311502 -0.052836 -1.594020
v 2.432760 -0.174095 -1.472762
v 2.432760 -0.174095 -1.594020
v 2.432760 -0.052836 -1.594020
v 2.554018 -0.416611 -1.351504
v 2.554018 -0.416611 -1.472762
v 2.554018 -0.295353 -1.472762
v 2.554018 -0.416611 -1.594020
v 2.554018 -0.295353 -1.594020
v 2.675277 -0.416611 -1.594020
v 2.675277 -0.295353 -1.594020
v 2.554018 -0.174095 -1.594020
v 2.554018 -0.052836 -1.594020
v 2.675277 -0.901644 -1.715278
v 2.675277 -0.780386 -1.715278
v 2.675277 -0.901644 -1.836537
v 2.675277 -0.659128 -1.715278
v 2.675277 -0.537869 -1.715278
v 2.432760 -0.052836 -1.715278
v 2.554018 -0.295353 -1.715278
v 2.675277 -0.416611 -1.715278
v 2.675277 -0.295353 -1.715278
v 2.675277 -0.416611 -1.836537
v 2.675277 -0.295353 -1.836537
v 2.554018 -0.174095 -1.715278
v 2.554018 -0.052836 -1.715278
v 2.554018 -0.052836 -1.836537
v 2.675277 -0.174095 -1.715278
v 2.675277 -0.052836 -1.715278
v 2.675277 -0.174095 -1.836537
v 2.675277 -0.052836 -1.836537
v 2.675277 -0.174095 -1.957795
v 2.675277 -0.052836 -1.957795
v 3.160310 -1.871710 -0.260179
v 3.160310 -1.871710 -0.381438
v 3.160310 -1.750452 -0.381438
v 3.160310 -1.629194 -0.381438
v 3.160310 -1.507935 -0.381438
v 3.160310 -1.871710 -0.502696
v 3.160310 -1.750452 -0.502696
v 3.160310 -1.871710 -0.623954
v 3.160310 -1.750452 -0.623954
v 3.160310 -1.629194 -0.502696
v 3.160310 -1.507935 -0.502696
v 3.160310 -1.629194 -0.623954
v 3.160310 -1.507935 -0.623954
v 3.160310 -1.386677 -0.260179
v 3.160310 -1.265419 -0.260179
v 3.160310 -1.386677 -0.381438
v 3.160310 -1.265419 -0.381438
v 3.039052 -1.022902 -0.260179
v 3.039052 -1.022902 -0.381438
v 3.160310 -1.144161 -0.260179
v 3.160310 -1.022902 -0.260179
v 3.160310 -1.144161 -0.381438
v 3.160310 -1.022902 -0.381438
v 3.039052 -1.265419 -0.623954
v 3.160310 -1.386677 -0.502696
v 3.160310 -1.265419 -0.502696
v 3.160310 -1.386677 -0.623954
v 3.160310 -1.265419 -0.623954
v 3.039052 -1.144161 -0.502696
v 3.039052 -1.022902 -0.502696
v 3.039052 -1.144161 -0.623954
v 3.039052 -1.022902 -0.623954
v 3.160310 -1.144161 -0.502696
v 3.160310 -1.022902 -0.502696
v 3.160310 -1.144161 -0.623954
v 2.796535 -1.871710 -1.108987
v 2.796535 -1.750452 -1.108987
v 2.917793 -1.871710 -0.987729
v 2.917793 -1.750452 -0.987729
v 2.917793 -1.871710 -1.108987
v 2.917793 -1.750452 -1.108987
v 2.796535 -1.507935 -1.108987
v 2.917793 -1.629194 -0.987729
v 2.917793 -1.507935 -0.987729
v 2.917793 -1.629194 -1.108987
v 2.917793 -1.507935 -1.108987
v 3.039052 -1.871710 -0.745212
v 3.039052 -1.750452 -0.745212
v 3.039052 -1.871710 -0.866471
v 3.039052 -1.750452 -0.866471
v 3.160310 -1.871710 -0.745212
v 3.160310 -1.750452 -0.745212
v 3.039052 -1.629194 -0.745212
v 3.039052 -1.507935 -0.745212
v 3.039052 -1.629194 -0.866471
v 3.039052 -1.507935 -0.866471
v 3.160310 -1.629194 -0.745212
v 3.160310 -1.507935 -0.745212
v 3.039052 -1.871710 -0.987729
v 3.039052 -1.750452 -0.987729
v 3.039052 -1.629194 -0.987729
v 3.039052 -1.507935 -0.987729
v 2.917793 -1.265419 -0.866471
v 2.917793 -1.022902 -0.745212
v 2.917793 -1.144161 -0.866471
v 2.917793 -1.022902 -0.866471
v 2.796535 -1.386677 -1.108987
v 2.796535 -1.265419 -1.108987
v 2.917793 -1.386677 -0.987729
v 2.917793 -1.265419 -0.987729
v 2.917793 -1.386677 -1.108987
v 2.917793 -1.265419 -1.108987
v 2.796535 -1.144161 -0.987729
v 2.796535 -1.022902 -0.987729
v 2.796535 -1.144161 -1.108987
v 2.796535 -1.022902 -1.108987
v 2.917793 -1.144161 -0.987729
v 2.917793 -1.022902 -0.987729
v 2.917793 -1.144161 -1.108987
v 3.039052 -1.386677 -0.745212
v 3.039052 -1.265419 -0.745212
v 3.039052 -1.386677 -0.866471
v 3.039052 -1.265419 -0.866471
v 3.160310 -1.386677 -0.745212
v 3.160310 -1.265419 -0.745212
v 3.039052 -1.144161 -0.745212
v 3.039052 -1.022902 -0.745212
v 3.039052 -1.144161 -0.866471
v 3.039052 -1.022902 -0.866471
v 3.039052 -1.386677 -0.987729
v 3.039052 -1.265419 -0.987729
v 3.281568 -1.871710 -0.260179
v 3.281568 -1.750452 -0.260179
v 3.281568 -1.871710 -0.381438
v 3.281568 -1.750452 -0.381438
v 3.281568 -1.629194 -0.260179
v 3.281568 -1.507935 -0.260179
v 3.281568 -1.629194 -0.381438
v 3.281568 -1.507935 -0.381438
v 3.281568 -1.750452 -0.502696
v 3.281568 -1.629194 -0.502696
v 3.281568 -1.386677 -0.260179
v 3.281568 -1.386677 -0.381438
v 2.917793 -0.780386 -0.260179
v 2.917793 -0.780386 -0.381438
v 2.796535 -0.659128 -0.260179
v 2.796535 -0.537869 -0.260179
v 2.796535 -0.659128 -0.381438
v 2.796535 -0.537869 -0.381438
v 2.917793 -0.659128 -0.260179
v 2.917793 -0.659128 -0.381438
v 2.796535 -0.780386 -0.623954
v 2.917793 -0.901644 -0.502696
v 2.917793 -0.780386 -0.502696
v 2.917793 -0.901644 -0.623954
v 2.917793 -0.780386 -0.623954
v 2.796535 -0.659128 -0.502696
v 2.796535 -0.537869 -0.502696
v 2.796535 -0.659128 -0.623954
v 2.796535 -0.537869 -0.623954
v 2.917793 -0.659128 -0.502696
v 2.917793 -0.659128 -0.623954
v 3.039052 -0.901644 -0.260179
v 3.039052 -0.780386 -0.260179
v 3.039052 -0.901644 -0.381438
v 3.039052 -0.780386 -0.381438
v 3.039052 -0.901644 -0.502696
v 3.039052 -0.780386 -0.502696
v 3.039052 -0.901644 -0.623954
v 2.796535 -0.901644 -0.745212
v 2.796535 -0.780386 -0.745212
v 2.796535 -0.901644 -0.866471
v 2.796535 -0.780386 -0.866471
v 2.917793 -0.901644 -0.745212
v 2.917793 -0.780386 -0.745212
v 2.917793 -0.901644 -0.866471
v 2.796535 -0.659128 -0.745212
v 2.796535 -0.659128 -0.866471
v 2.796535 -0.901644 -0.987729
v 2.796535 -0.780386 -0.987729
v 2.796535 -0.901644 -1.108987
v 2.917793 -0.901644 -0.987729
v 3.039052 -0.901644 -0.745212
v 2.796535 -1.871710 -1.230245
v 2.796535 -1.750452 -1.230245
v 2.796535 -1.750452 -1.351504
v 2.917793 -1.750452 -1.230245
v 2.796535 -1.629194 -1.230245
v 2.796535 -1.507935 -1.230245
v 2.796535 -1.629194 -1.351504
v 2.796535 -1.507935 -1.351504
v 2.917793 -1.629194 -1.230245
v 2.917793 -1.507935 -1.230245
v 2.796535 -1.386677 -1.230245
v 2.796535 -1.265419 -1.230245
v 2.796535 -1.386677 -1.351504
v 2.796535 -1.265419 -1.351504
v 2.796535 -1.144161 -1.230245
v 2.796535 -1.022902 -1.230245
v 2.796535 -1.144161 -1.351504
v 2.796535 -1.022902 -1.836537
v 2.796535 -1.144161 -1.957795
v 2.796535 -1.022902 -1.957795
v 2.796535 -1.144161 -2.079053
v 2.796535 -1.022902 -2.079053
v 2.796535 -0.901644 -1.715278
v 2.796535 -0.780386 -1.715278
v 2.796535 -0.901644 -1.836537
v 2.796535 -0.780386 -1.836537
v 2.796535 -0.659128 -1.715278
v 2.796535 -0.537869 -1.715278
v 2.796535 -0.659128 -1.836537
v 2.796535 -0.537869 -1.836537
v 2.796535 -0.901644 -1.957795
v 2.796535 -0.780386 -1.957795
v 2.796535 -0.901644 -2.079053
v 2.796535 -0.780386 -2.079053
v 2.917793 -0.780386 -1.957795
v 2.917793 -0.901644 -2.079053
v 2.917793 -0.780386 -2.079053
v 2.796535 -0.659128 -1.957795
v 2.796535 -0.537869 -1.957795
v 2.917793 -0.659128 -1.957795
v 2.917793 -0.537869 -1.957795
v 2.917793 -0.659128 -2.079053
v 2.917793 -0.537869 -2.079053
v 2.796535 -0.416611 -1.715278
v 2.796535 -0.416611 -1.836537
v 2.796535 -0.295353 -1.836537
v 2.796535 -0.174095 -1.836537
v 2.796535 -0.416611 -1.957795
v 2.796535 -0.295353 -1.957795
v 2.917793 -0.416611 -1.957795
v 2.917793 -0.295353 -1.957795
v 2.917793 -0.416611 -2.079053
v 2.917793 -0.295353 -2.079053
v 2.796535 -0.174095 -1.957795
v 2.796535 -0.052836 -1.957795
v 2.796535 -0.174095 -2.079053
v 2.796535 -0.052836 -2.079053
v 2.917793 -0.174095 -1.957795
v 2.917793 -0.174095 -2.079053
v 2.917793 -0.052836 -2.079053
v 1.826469 -1.629194 -2.200311
v 1.826469 -1.629194 -2.321570
v 1.947727 -1.629194 -2.200311
v 1.947727 -1.629194 -2.321570
v 1.826469 -1.629194 -2.442828
v 1.826469 -1.629194 -2.564086
v 1.947727 -1.629194 -2.442828
v 1.947727 -1.629194 -2.564086
v 2.068985 -1.629194 -2.200311
v 2.068985 -1.629194 -2.321570
v 2.190244 -1.629194 -2.200311
v 2.190244 -1.507935 -2.200311
v 2.190244 -1.629194 -2.321570
v 2.190244 -1.507935 -2.321570
v 2.068985 -1.629194 -2.442828
v 2.068985 -1.629194 -2.564086
v 2.068985 -1.507935 -2.564086
v 2.190244 -1.629194 -2.442828
v 2.190244 -1.507935 -2.442828
v 2.190244 -1.629194 -2.564086
v 2.190244 -1.507935 -2.564086
v 1.826469 -1.629194 -2.685344
v 1.826469 -1.507935 -2.685344
v 1.826469 -1.507935 -2.806603
v 1.947727 -1.629194 -2.685344
v 1.947727 -1.507935 -2.685344
v 1.947727 -1.507935 -2.806603
v 1.826469 -1.507935 -2.927861
v 1.826469 -1.507935 -3.049119
v 1.947727 -1.507935 -2.927861
v 1.947727 -1.507935 -3.049119
v 2.068985 -1.629194 -2.685344
v 2.068985 -1.507935 -2.685344
v 2.068985 -1.507935 -2.806603
v 2.190244 -1.507935 -2.685344
v 2.190244 -1.507935 -2.806603
v 2.068985 -1.507935 -2.927861
v 2.068985 -1.507935 -3.049119
v 2.190244 -1.507935 -2.927861
v 2.190244 -1.507935 -3.049119
v 1.826469 -1.386677 -3.049119
v 2.068985 -1.386677 -3.049119
v 2.190244 -1.386677 -3.049119
v 2.311502 -1.507935 -2.200311
v 2.311502 -1.507935 -2.321570
v 2.432760 -1.507935 -2.200311
v 2.432760 -1.507935 -2.321570
v 2.311502 -1.507935 -2.442828
v 2.311502 -1.507935 -2.564086
v 2.432760 -1.507935 -2.442828
v 2.432760 -1.507935 -2.564086
v 2.432760 -1.386677 -2.200311
v 2.432760 -1.386677 -2.321570
v 2.432760 -1.386677 -2.442828
v 2.432760 -1.386677 -2.564086
v 2.554018 -1.386677 -2.200311
v 2.554018 -1.265419 -2.200311
v 2.554018 -1.386677 -2.321570
v 2.554018 -1.265419 -2.321570
v 2.675277 -1.265419 -2.200311
v 2.675277 -1.386677 -2.321570
v 2.675277 -1.265419 -2.321570
v 2.675277 -1.144161 -2.200311
v 2.675277 -1.144161 -2.321570
v 2.554018 -1.386677 -2.442828
v 2.554018 -1.386677 -2.564086
v 2.554018 -1.265419 -2.564086
v 2.675277 -1.386677 -2.442828
v 2.675277 -1.265419 -2.442828
v 2.675277 -1.386677 -2.564086
v 2.675277 -1.265419 -2.564086
v 2.675277 -1.144161 -2.442828
v 2.675277 -1.144161 -2.564086
v 2.311502 -1.507935 -2.685344
v 2.311502 -1.507935 -2.806603
v 2.432760 -1.507935 -2.685344
v 2.432760 -1.507935 -2.806603
v 2.311502 -1.507935 -2.927861
v 2.311502 -1.507935 -3.049119
v 2.311502 -1.386677 -2.806603
v 2.432760 -1.386677 -2.685344
v 2.432760 -1.386677 -2.806603
v 2.311502 -1.386677 -2.927861
v 2.311502 -1.386677 -3.049119
v 2.432760 -1.386677 -2.927861
v 2.432760 -1.265419 -2.927861
v 2.432760 -1.386677 -3.049119
v 2.432760 -1.265419 -3.049119
v 2.554018 -1.386677 -2.685344
v 2.554018 -1.265419 -2.685344
v 2.554018 -1.386677 -2.806603
v 2.554018 -1.265419 -2.806603
v 2.675277 -1.265419 -2.685344
v 2.675277 -1.265419 -2.806603
v 2.675277 -1.144161 -2.685344
v 2.675277 -1.144161 -2.806603
v 2.554018 -1.386677 -2.927861
v 2.554018 -1.265419 -2.927861
v 2.554018 -1.265419 -3.049119
v 2.675277 -1.265419 -2.927861
v 2.675277 -1.265419 -3.049119
v 2.554018 -1.144161 -3.049119
v 2.675277 -1.144161 -2.927861
v 2.675277 -1.144161 -3.049119
v 2.675277 -1.022902 -3.049119
v 1.826469 -1.507935 -3.170377
v 1.947727 -1.507935 -3.170377
v 2.068985 -1.507935 -3.170377
v 1.826469 -1.386677 -3.170377
v 1.826469 -1.386677 -3.291636
v 1.826469 -1.265419 -3.291636
v 1.947727 -1.386677 -3.170377
v 1.947727 -1.386677 -3.291636
v 1.947727 -1.265419 -3.291636
v 1.826469 -1.265419 -3.412894
v 1.947727 -1.265419 -3.412894
v 1.826469 -1.144161 -3.412894
v 1.826469 -1.144161 -3.534152
v 1.826469 -1.022902 -3.534152
v 1.947727 -1.144161 -3.412894
v 1.947727 -1.144161 -3.534152
v 1.947727 -1.022902 -3.534152
v 2.068985 -1.386677 -3.170377
v 2.068985 -1.386677 -3.291636
v 2.068985 -1.265419 -3.291636
v 2.190244 -1.386677 -3.170377
v 2.190244 -1.265419 -3.170377
v 2.190244 -1.386677 -3.291636
v 2.190244 -1.265419 -3.291636
v 2.190244 -1.144161 -3.291636
v 2.068985 -1.265419 -3.412894
v 2.190244 -1.265419 -3.412894
v 2.068985 -1.144161 -3.412894
v 2.068985 -1.144161 -3.534152
v 2.068985 -1.022902 -3.534152
v 2.190244 -1.144161 -3.412894
v 2.190244 -1.022902 -3.412894
v 2.190244 -1.144161 -3.534152
v 2.190244 -1.022902 -3.534152
v 2.311502 -1.386677 -3.170377
v 2.311502 -1.265419 -3.170377
v 2.311502 -1.265419 -3.291636
v 2.432760 -1.386677 -3.170377
v 2.432760 -1.265419 -3.170377
v 2.432760 -1.265419 -3.291636
v 2.311502 -1.144161 -3.291636
v 2.432760 -1.144161 -3.170377
v 2.432760 -1.144161 -3.291636
v 2.432760 -1.022902 -3.291636
v 2.311502 -1.144161 -3.412894
v 2.311502 -1.022902 -3.412894
v 2.311502 -1.022902 -3.534152
v 2.432760 -1.144161 -3.412894
v 2.432760 -1.022902 -3.412894
v 2.554018 -1.265419 -3.170377
v 2.554018 -1.144161 -3.170377
v 2.554018 -1.022902 -3.170377
v 2.554018 -1.144161 -3.291636
v 2.554018 -1.022902 -3.291636
v 2.675277 -1.144161 -3.170377
v 2.675277 -1.022902 -3.170377
v 2.675277 -1.022902 -3.291636
v 2.554018 -1.022902 -3.412894
v 1.826469 -0.901644 -3.534152
v 1.947727 -0.901644 -3.534152
v 2.068985 -0.901644 -3.534152
v 2.190244 -0.901644 -3.534152
v 2.190244 -0.780386 -3.534152
v 1.826469 -0.052836 -3.534152
v 2.068985 -0.052836 -3.534152
v 2.190244 -0.052836 -3.534152
v 1.826469 -0.901644 -3.655411
v 1.826469 -0.780386 -3.655411
v 1.947727 -0.901644 -3.655411
v 1.947727 -0.780386 -3.655411
v 1.826469 -0.659128 -3.655411
v 1.826469 -0.537869 -3.655411
v 1.947727 -0.659128 -3.655411
v 1.947727 -0.537869 -3.655411
v 2.068985 -0.901644 -3.655411
v 2.068985 -0.780386 -3.655411
v 2.190244 -0.901644 -3.655411
v 2.190244 -0.780386 -3.655411
v 2.068985 -0.659128 -3.655411
v 2.068985 -0.537869 -3.655411
v 2.190244 -0.659128 -3.655411
v 2.190244 -0.537869 -3.655411
v 1.826469 -0.416611 -3.655411
v 1.826469 -0.295353 -3.655411
v 1.947727 -0.416611 -3.655411
v 1.947727 -0.295353 -3.655411
v 1.826469 -0.174095 -3.655411
v 1.826469 -0.052836 -3.655411
v 1.947727 -0.174095 -3.655411
v 1.947727 -0.052836 -3.655411
v 2.068985 -0.416611 -3.655411
v 2.068985 -0.295353 -3.655411
v 2.190244 -0.416611 -3.655411
v 2.190244 -0.295353 -3.655411
v 2.068985 -0.174095 -3.655411
v 2.068985 -0.052836 -3.655411
v 2.190244 -0.174095 -3.655411
v 2.190244 -0.052836 -3.655411
v 2.311502 -0.901644 -3.412894
v 2.311502 -0.901644 -3.534152
v 2.311502 -0.780386 -3.534152
v 2.432760 -0.901644 -3.412894
v 2.432760 -0.780386 -3.412894
v 2.432760 -0.901644 -3.534152
v 2.432760 -0.780386 -3.534152
v 2.311502 -0.659128 -3.534152
v 2.432760 -0.659128 -3.534152
v 2.432760 -0.537869 -3.534152
v 2.554018 -0.901644 -3.291636
v 2.675277 -0.901644 -3.170377
v 2.675277 -0.901644 -3.291636
v 2.675277 -0.780386 -3.291636
v 2.675277 -0.659128 -3.291636
v 2.675277 -0.537869 -3.291636
v 2.554018 -0.901644 -3.412894
v 2.554018 -0.780386 -3.412894
v 2.554018 -0.780386 -3.534152
v 2.675277 -0.901644 -3.412894
v 2.675277 -0.780386 -3.412894
v 2.554018 -0.659128 -3.412894
v 2.554018 -0.537869 -3.412894
v 2.554018 -0.659128 -3.534152
v 2.554018 -0.537869 -3.534152
v 2.675277 -0.659128 -3.412894
v 2.675277 -0.537869 -3.412894
v 2.311502 -0.295353 -3.534152
v 2.432760 -0.416611 -3.534152
v 2.432760 -0.295353 -3.534152
v 2.311502 -0.174095 -3.534152
v 2.311502 -0.052836 -3.534152
v 2.432760 -0.174095 -3.412894
v 2.432760 -0.052836 -3.412894
v 2.432760 -0.174095 -3.534152
v 2.432760 -0.052836 -3.534152
v 2.675277 -0.416611 -3.291636
v 2.675277 -0.295353 -3.291636
v 2.554018 -0.052836 -3.291636
v 2.675277 -0.052836 -3.170377
v 2.675277 -0.174095 -3.291636
v 2.675277 -0.052836 -3.291636
v 2.554018 -0.416611 -3.412894
v 2.554018 -0.295353 -3.412894
v 2.554018 -0.416611 -3.534152
v 2.554018 -0.295353 -3.534152
v 2.675277 -0.416611 -3.412894
v 2.675277 -0.295353 -3.412894
v 2.554018 -0.174095 -3.412894
v 2.554018 -0.052836 -3.412894
v 2.554018 -0.174095 -3.534152
v 2.675277 -0.174095 -3.412894
v 2.675277 -0.052836 -3.412894
v 2.311502 -0.780386 -3.655411
v 2.311502 -0.659128 -3.655411
v 2.311502 -0.537869 -3.655411
v 2.432760 -0.659128 -3.655411
v 2.432760 -0.537869 -3.655411
v 2.311502 -0.416611 -3.655411
v 2.311502 -0.295353 -3.655411
v 2.432760 -0.416611 -3.655411
v 2.432760 -0.295353 -3.655411
v 2.311502 -0.174095 -3.655411
v 2.311502 -0.052836 -3.655411
v 2.796535 -1.144161 -2.200311
v 2.796535 -1.022902 -2.200311
v 2.796535 -1.144161 -2.321570
v 2.796535 -1.022902 -2.321570
v 2.917793 -1.022902 -2.200311
v 2.917793 -1.022902 -2.321570
v 2.796535 -1.265419 -2.442828
v 2.796535 -1.265419 -2.564086
v 2.796535 -1.144161 -2.442828
v 2.796535 -1.022902 -2.442828
v 2.796535 -1.144161 -2.564086
v 2.796535 -1.022902 -2.564086
v 2.917793 -1.022902 -2.442828
v 2.917793 -1.022902 -2.564086
v 2.796535 -1.144161 -2.685344
v 2.796535 -1.022902 -2.685344
v 2.796535 -1.144161 -2.806603
v 2.796535 -1.022902 -2.806603
v 2.917793 -1.022902 -2.685344
v 2.917793 -1.022902 -2.806603
v 2.796535 -1.144161 -2.927861
v 2.796535 -1.022902 -2.927861
v 2.796535 -1.144161 -3.049119
v 2.796535 -1.022902 -3.049119
v 2.917793 -1.022902 -2.927861
v 2.796535 -0.901644 -2.200311
v 2.917793 -0.901644 -2.200311
v 2.917793 -0.780386 -2.200311
v 2.917793 -0.901644 -2.321570
v 2.917793 -0.780386 -2.321570
v 2.917793 -0.659128 -2.200311
v 2.917793 -0.537869 -2.200311
v 2.917793 -0.659128 -2.321570
v 2.917793 -0.901644 -2.442828
v 2.917793 -0.780386 -2.442828
v 2.917793 -0.901644 -2.564086
v 2.917793 -0.780386 -2.564086
v 3.039052 -0.780386 -2.321570
v 3.039052 -0.659128 -2.200311
v 3.039052 -0.537869 -2.200311
v 3.039052 -0.659128 -2.321570
v 3.039052 -0.537869 -2.321570
v 3.039052 -0.780386 -2.442828
v 3.039052 -0.780386 -2.564086
v 3.039052 -0.659128 -2.442828
v 3.039052 -0.537869 -2.442828
v 3.039052 -0.659128 -2.564086
v 3.039052 -0.537869 -2.564086
v 2.917793 -0.416611 -2.200311
v 2.917793 -0.295353 -2.200311
v 2.917793 -0.295353 -2.321570
v 2.796535 -0.052836 -2.200311
v 2.917793 -0.174095 -2.200311
v 2.917793 -0.052836 -2.200311
v 2.917793 -0.174095 -2.321570
v 2.917793 -0.052836 -2.321570
v 2.917793 -0.174095 -2.442828
v 2.917793 -0.052836 -2.442828
v 2.917793 -0.174095 -2.564086
v 2.917793 -0.052836 -2.564086
v 3.039052 -0.416611 -2.200311
v 3.039052 -0.295353 -2.200311
v 3.039052 -0.416611 -2.321570
v 3.039052 -0.295353 -2.321570
v 3.039052 -0.174095 -2.321570
v 3.039052 -0.416611 -2.442828
v 3.039052 -0.295353 -2.442828
v 3.039052 -0.416611 -2.564086
v 3.039052 -0.295353 -2.564086
v 3.039052 -0.174095 -2.442828
v 3.039052 -0.174095 -2.564086
v 3.039052 -0.052836 -2.564086
v 2.917793 -0.901644 -2.685344
v 2.917793 -0.780386 -2.685344
v 2.917793 -0.901644 -2.806603
v 2.917793 -0.780386 -2.806603
v 2.917793 -0.659128 -2.806603
v 2.796535 -0.901644 -2.927861
v 2.796535 -0.901644 -3.049119
v 2.796535 -0.780386 -3.049119
v 2.917793 -0.901644 -2.927861
v 2.917793 -0.780386 -2.927861
v 2.917793 -0.901644 -3.049119
v 2.917793 -0.780386 -3.049119
v 2.917793 -0.659128 -2.927861
v 2.917793 -0.537869 -2.927861
v 2.917793 -0.659128 -3.049119
v 2.917793 -0.537869 -3.049119
v 3.039052 -0.780386 -2.685344
v 3.039052 -0.780386 -2.806603
v 3.039052 -0.659128 -2.685344
v 3.039052 -0.537869 -2.685344
v 3.039052 -0.659128 -2.806603
v 3.039052 -0.537869 -2.806603
v 3.039052 -0.659128 -2.927861
v 3.039052 -0.537869 -2.927861
v 2.917793 -0.174095 -2.685344
v 2.917793 -0.052836 -2.685344
v 2.917793 -0.174095 -2.806603
v 2.917793 -0.052836 -2.806603
v 2.917793 -0.416611 -2.927861
v 2.917793 -0.295353 -2.927861
v 2.917793 -0.416611 -3.049119
v 2.917793 -0.295353 -3.049119
v 2.796535 -0.052836 -2.927861
v 2.796535 -0.174095 -3.049119
v 2.796535 -0.052836 -3.049119
v 2.917793 -0.174095 -2.927861
v 2.917793 -0.052836 -2.927861
v 2.917793 -0.174095 -3.049119
v 2.917793 -0.052836 -3.049119
v 3.039052 -0.416611 -2.685344
v 3.039052 -0.295353 -2.685344
v 3.039052 -0.416611 -2.806603
v 3.039052 -0.295353 -2.806603
v 3.039052 -0.174095 -2.685344
v 3.039052 -0.052836 -2.685344
v 3.039052 -0.174095 -2.806603
v 3.039052 -0.416611 -2.927861
v 3.039052 -0.295353 -2.927861
v 3.039052 -0.174095 -2.927861
v 2.796535 -1.022902 -3.170377
v 2.796535 -0.901644 -3.170377
v 2.796535 -0.780386 -3.170377
v 2.796535 -0.901644 -3.291636
v 2.796535 -0.780386 -3.291636
v 2.917793 -0.780386 -3.170377
v 2.796535 -0.659128 -3.170377
v 2.796535 -0.537869 -3.170377
v 2.796535 -0.659128 -3.291636
v 2.796535 -0.537869 -3.291636
v 2.917793 -0.659128 -3.170377
v 2.917793 -0.537869 -3.170377
v 2.796535 -0.416611 -3.170377
v 2.796535 -0.295353 -3.170377
v 2.796535 -0.416611 -3.291636
v 2.796535 -0.295353 -3.291636
v 2.917793 -0.416611 -3.170377
v 2.917793 -0.295353 -3.170377
v 2.796535 -0.174095 -3.170377
v 2.796535 -0.052836 -3.170377
v 2.796535 -0.174095 -3.291636
v 2.796535 -0.052836 -3.291636
v 2.917793 -0.174095 -3.170377
v -0.113663 0.068422 -0.260179
v -0.113663 0.189680 -0.260179
v -0.113663 0.068422 -0.381438
v -0.113663 0.189680 -0.381438
v -0.113663 0.310938 -0.260179
v -0.113663 0.432197 -0.260179
v -0.113663 0.310938 -0.381438
v -0.113663 0.432197 -0.381438
v -0.113663 0.553455 -0.260179
v -0.113663 0.674713 -0.260179
v -0.113663 0.553455 -0.381438
v -0.113663 0.189680 -1.108987
v -0.113663 0.310938 -0.987729
v -0.113663 0.432197 -0.987729
v -0.113663 0.310938 -1.108987
v -0.113663 0.432197 -1.108987
v -0.113663 0.553455 -0.987729
v -0.113663 0.674713 -0.987729
v -0.113663 0.553455 -1.108987
v -0.113663 0.674713 -1.108987
v -0.113663 0.795972 -0.987729
v -0.113663 0.795972 -1.108987
v -0.113663 0.917230 -1.108987
v -0.113663 1.038488 -1.108987
v -0.113663 0.189680 -1.230245
v -0.113663 0.068422 -1.351504
v -0.113663 0.189680 -1.351504
v -0.113663 0.310938 -1.230245
v -0.113663 0.432197 -1.230245
v -0.113663 0.310938 -1.351504
v -0.113663 0.432197 -1.351504
v 0.007595 0.310938 -1.351504
v 0.007595 0.432197 -1.351504
v -0.113663 0.068422 -1.472762
v -0.113663 0.189680 -1.472762
v -0.113663 0.068422 -1.594020
v -0.113663 0.189680 -1.594020
v 0.007595 0.189680 -1.594020
v -0.113663 0.310938 -1.472762
v -0.113663 0.310938 -1.594020
v 0.007595 0.310938 -1.472762
v 0.007595 0.432197 -1.472762
v 0.007595 0.310938 -1.594020
v 0.007595 0.432197 -1.594020
v -0.113663 0.553455 -1.230245
v -0.113663 0.674713 -1.230245
v -0.113663 0.553455 -1.351504
v -0.113663 0.674713 -1.351504
v 0.007595 0.553455 -1.351504
v 0.007595 0.674713 -1.351504
v -0.113663 0.795972 -1.230245
v -0.113663 0.917230 -1.230245
v -0.113663 0.795972 -1.351504
v -0.113663 0.917230 -1.351504
v 0.007595 0.795972 -1.351504
v 0.007595 0.917230 -1.351504
v 0.007595 0.553455 -1.472762
v 0.007595 0.674713 -1.472762
v 0.007595 0.553455 -1.594020
v 0.007595 0.674713 -1.594020
v -0.113663 0.917230 -1.472762
v -0.113663 0.917230 -1.594020
v 0.007595 0.795972 -1.472762
v 0.007595 0.917230 -1.472762
v 0.007595 0.795972 -1.594020
v 0.007595 0.917230 -1.594020
v -0.113663 0.068422 -1.715278
v -0.113663 0.189680 -1.715278
v -0.113663 0.068422 -1.836537
v -0.113663 0.189680 -1.836537
v 0.007595 0.189680 -1.715278
v -0.113663 0.310938 -1.715278
v -0.113663 0.310938 -1.836537
v 0.007595 0.310938 -1.715278
v 0.007595 0.432197 -1.715278
v 0.007595 0.310938 -1.836537
v 0.007595 0.432197 -1.836537
v -0.113663 0.068422 -1.957795
v -0.113663 0.189680 -1.957795
v -0.113663 0.068422 -2.079053
v -0.113663 0.189680 -2.079053
v -0.113663 0.310938 -1.957795
v -0.113663 0.432197 -1.957795
v -0.113663 0.310938 -2.079053
v -0.113663 0.432197 -2.079053
v 0.007595 0.310938 -1.957795
v 0.007595 0.432197 -1.957795
v 0.007595 0.432197 -2.079053
v 0.007595 0.553455 -1.715278
v 0.007595 0.674713 -1.715278
v 0.007595 0.553455 -1.836537
v 0.007595 0.674713 -1.836537
v -0.113663 0.917230 -1.715278
v -0.113663 0.917230 -1.836537
v 0.007595 0.795972 -1.715278
v 0.007595 0.917230 -1.715278
v 0.007595 0.795972 -1.836537
v 0.007595 0.917230 -1.836537
v -0.113663 0.553455 -2.079053
v -0.113663 0.674713 -2.079053
v 0.007595 0.553455 -1.957795
v 0.007595 0.674713 -1.957795
v 0.007595 0.553455 -2.079053
v 0.007595 0.674713 -2.079053
v -0.113663 0.795972 -1.957795
v -0.113663 0.917230 -1.957795
v -0.113663 0.795972 -2.079053
v -0.113663 0.917230 -2.079053
v 0.007595 0.795972 -1.957795
v 0.007595 0.917230 -1.957795
v 0.007595 0.795972 -2.079053
v -0.113663 1.038488 -1.230245
v -0.113663 1.038488 -1.351504
v -0.113663 1.159746 -1.351504
v -0.113663 1.038488 -1.472762
v -0.113663 1.159746 -1.472762
v -0.113663 1.038488 -1.594020
v -0.113663 1.159746 -1.594020
v 0.007595 1.038488 -1.594020
v -0.113663 1.281005 -1.594020
v -0.113663 1.038488 -1.715278
v -0.113663 1.159746 -1.715278
v -0.113663 1.038488 -1.836537
v -0.113663 1.159746 -1.836537
v 0.007595 1.038488 -1.715278
v -0.113663 1.281005 -1.715278
v -0.113663 1.038488 -1.957795
v -0.113663 1.159746 -1.957795
v -0.113663 1.038488 -2.079053
v 0.977661 0.068422 -2.079053
v 1.220178 0.068422 -1.715278
v 1.220178 0.068422 -1.836537
v 1.220178 0.189680 -1.836537
v 1.098919 0.068422 -1.957795
v 1.098919 0.068422 -2.079053
v 1.098919 0.189680 -2.079053
v 1.220178 0.068422 -1.957795
v 1.220178 0.189680 -1.957795
v 1.220178 0.068422 -2.079053
v 1.220178 0.189680 -2.079053
v 1.220178 0.310938 -1.957795
v 1.220178 0.310938 -2.079053
v 1.462694 0.068422 -1.594020
v 1.583952 0.068422 -1.472762
v 1.583952 0.068422 -1.594020
v 1.705211 0.068422 -1.472762
v 1.705211 0.068422 -1.594020
v 1.705211 0.189680 -1.594020
v 1.341436 0.068422 -1.715278
v 1.341436 0.189680 -1.715278
v 1.341436 0.068422 -1.836537
v 1.341436 0.189680 -1.836537
v 1.462694 0.068422 -1.715278
v 1.462694 0.189680 -1.715278
v 1.462694 0.189680 -1.836537
v 1.341436 0.310938 -1.836537
v 1.462694 0.310938 -1.836537
v 1.341436 0.189680 -1.957795
v 1.341436 0.310938 -1.957795
v 1.341436 0.310938 -2.079053
v 1.341436 0.432197 -2.079053
v 1.462694 0.310938 -1.957795
v 1.462694 0.432197 -1.957795
v 1.462694 0.310938 -2.079053
v 1.462694 0.432197 -2.079053
v 1.583952 0.068422 -1.715278
v 1.583952 0.189680 -1.715278
v 1.583952 0.189680 -1.836537
v 1.705211 0.068422 -1.715278
v 1.705211 0.189680 -1.715278
v 1.705211 0.189680 -1.836537
v 1.583952 0.310938 -1.836537
v 1.705211 0.310938 -1.715278
v 1.705211 0.310938 -1.836537
v 1.705211 0.432197 -1.836537
v 1.583952 0.310938 -1.957795
v 1.583952 0.432197 -1.957795
v 1.583952 0.432197 -2.079053
v 1.705211 0.310938 -1.957795
v 1.705211 0.432197 -1.957795
v 1.705211 0.432197 -2.079053
v 1.583952 0.553455 -2.079053
v 1.705211 0.553455 -1.957795
v 1.705211 0.553455 -2.079053
v -0.113663 0.189680 -2.200311
v -0.113663 0.310938 -2.200311
v -0.113663 0.432197 -2.200311
v -0.113663 0.432197 -2.321570
v -0.113663 0.553455 -2.200311
v -0.113663 0.674713 -2.200311
v -0.113663 0.553455 -2.321570
v -0.113663 0.674713 -2.321570
v -0.113663 0.795972 -2.200311
v -0.113663 0.917230 -2.200311
v -0.113663 0.795972 -2.321570
v -0.113663 1.038488 -2.200311
v 0.977661 0.068422 -2.200311
v 0.977661 0.068422 -2.321570
v 0.977661 0.189680 -2.321570
v 0.856403 0.068422 -2.442828
v 0.856403 0.068422 -2.564086
v 0.977661 0.068422 -2.442828
v 0.977661 0.189680 -2.442828
v 0.977661 0.068422 -2.564086
v 0.977661 0.189680 -2.564086
v 1.098919 0.068422 -2.200311
v 1.098919 0.189680 -2.200311
v 1.098919 0.068422 -2.321570
v 1.098919 0.189680 -2.321570
v 1.220178 0.189680 -2.200311
v 1.098919 0.310938 -2.200311
v 1.098919 0.310938 -2.321570
v 1.220178 0.310938 -2.200311
v 1.220178 0.432197 -2.200311
v 1.220178 0.310938 -2.321570
v 1.220178 0.432197 -2.321570
v 1.098919 0.189680 -2.442828
v 1.098919 0.189680 -2.564086
v 1.098919 0.310938 -2.442828
v 1.098919 0.310938 -2.564086
v 1.220178 0.310938 -2.442828
v 1.220178 0.432197 -2.442828
v 1.220178 0.310938 -2.564086
v 1.220178 0.432197 -2.564086
v 0.856403 0.068422 -2.685344
v 0.977661 0.068422 -2.685344
v 0.977661 0.189680 -2.685344
v 0.977661 0.068422 -2.806603
v 0.977661 0.189680 -2.806603
v 0.977661 0.068422 -2.927861
v 0.977661 0.189680 -2.927861
v 0.977661 0.068422 -3.049119
v 1.098919 0.189680 -2.685344
v 1.098919 0.189680 -2.806603
v 1.098919 0.310938 -2.685344
v 1.098919 0.310938 -2.806603
v 1.220178 0.310938 -2.685344
v 1.220178 0.432197 -2.685344
v 1.220178 0.310938 -2.806603
v 1.220178 0.432197 -2.806603
v 1.098919 0.068422 -2.927861
v 1.098919 0.189680 -2.927861
v 1.098919 0.068422 -3.049119
v 1.098919 0.189680 -3.049119
v 1.220178 0.189680 -2.927861
v 1.220178 0.189680 -3.049119
v 1.098919 0.310938 -2.927861
v 1.220178 0.310938 -2.927861
v 1.220178 0.432197 -2.927861
v 1.220178 0.310938 -3.049119
v 1.341436 0.310938 -2.200311
v 1.341436 0.432197 -2.200311
v 1.341436 0.432197 -2.321570
v 1.462694 0.432197 -2.200311
v 1.462694 0.432197 -2.321570
v 1.341436 0.432197 -2.442828
v 1.341436 0.432197 -2.564086
v 1.583952 0.432197 -2.200311
v 1.341436 0.553455 -2.321570
v 1.462694 0.553455 -2.200311
v 1.462694 0.553455 -2.321570
v 1.341436 0.553455 -2.442828
v 1.341436 0.553455 -2.564086
v 1.462694 0.553455 -2.442828
v 1.462694 0.553455 -2.564086
v 1.583952 0.553455 -2.200311
v 1.583952 0.553455 -2.321570
v 1.705211 0.553455 -2.200311
v 1.705211 0.553455 -2.321570
v 1.705211 0.674713 -2.321570
v 1.583952 0.553455 -2.442828
v 1.583952 0.553455 -2.564086
v 1.705211 0.553455 -2.442828
v 1.705211 0.674713 -2.442828
v 1.705211 0.553455 -2.564086
v 1.705211 0.674713 -2.564086
v 1.341436 0.432197 -2.685344
v 1.341436 0.432197 -2.806603
v 1.462694 0.432197 -2.806603
v 1.341436 0.310938 -2.927861
v 1.341436 0.432197 -2.927861
v 1.341436 0.310938 -3.049119
v 1.341436 0.432197 -3.049119
v 1.462694 0.432197 -2.927861
v 1.462694 0.310938 -3.049119
v 1.462694 0.432197 -3.049119
v 1.583952 0.432197 -3.049119
v 1.705211 0.432197 -3.049119
v 1.341436 0.553455 -2.685344
v 1.341436 0.553455 -2.806603
v 1.462694 0.553455 -2.685344
v 1.462694 0.553455 -2.806603
v 1.462694 0.553455 -2.927861
v 1.462694 0.553455 -3.049119
v 1.583952 0.553455 -2.685344
v 1.583952 0.553455 -2.806603
v 1.705211 0.553455 -2.685344
v 1.705211 0.674713 -2.685344
v 1.705211 0.553455 -2.806603
v 1.705211 0.674713 -2.806603
v 1.583952 0.553455 -2.927861
v 1.583952 0.553455 -3.049119
v 1.705211 0.553455 -2.927861
v 1.705211 0.553455 -3.049119
v 1.098919 0.068422 -3.170377
v 1.098919 0.189680 -3.170377
v 1.098919 0.068422 -3.291636
v 1.220178 0.068422 -3.170377
v 1.220178 0.189680 -3.170377
v 1.220178 0.068422 -3.291636
v 1.220178 0.189680 -3.291636
v 1.220178 0.310938 -3.170377
v 1.220178 0.068422 -3.412894
v 1.341436 0.189680 -3.170377
v 1.341436 0.068422 -3.291636
v 1.341436 0.189680 -3.291636
v 1.462694 0.189680 -3.291636
v 1.341436 0.310938 -3.170377
v 1.341436 0.310938 -3.291636
v 1.462694 0.310938 -3.170377
v 1.462694 0.432197 -3.170377
v 1.462694 0.310938 -3.291636
v 1.341436 0.068422 -3.412894
v 1.341436 0.189680 -3.412894
v 1.462694 0.068422 -3.412894
v 1.462694 0.189680 -3.412894
v 1.462694 0.068422 -3.534152
v 1.583952 0.189680 -3.291636
v 1.583952 0.310938 -3.170377
v 1.583952 0.432197 -3.170377
v 1.583952 0.310938 -3.291636
v 1.583952 0.432197 -3.291636
v 1.705211 0.432197 -3.170377
v 1.705211 0.310938 -3.291636
v 1.705211 0.432197 -3.291636
v 1.583952 0.068422 -3.412894
v 1.583952 0.189680 -3.412894
v 1.583952 0.068422 -3.534152
v 1.583952 0.189680 -3.534152
v 1.705211 0.189680 -3.412894
v 1.705211 0.068422 -3.534152
v 1.705211 0.189680 -3.534152
v 1.583952 0.310938 -3.412894
v 1.705211 0.310938 -3.412894
v 1.705211 0.553455 -3.170377
v 1.826469 0.068422 -1.472762
v 1.826469 0.068422 -1.594020
v 1.826469 0.189680 -1.594020
v 1.947727 0.068422 -1.472762
v 1.947727 0.068422 -1.594020
v 1.947727 0.189680 -1.594020
v 2.068985 0.068422 -1.472762
v 2.068985 0.068422 -1.594020
v 2.068985 0.189680 -1.594020
v 2.190244 0.068422 -1.472762
v 2.190244 0.068422 -1.594020
v 2.190244 0.189680 -1.594020
v 1.826469 0.189680 -1.715278
v 1.947727 0.189680 -1.715278
v 1.826469 0.310938 -1.715278
v 1.826469 0.310938 -1.836537
v 1.826469 0.432197 -1.836537
v 1.947727 0.310938 -1.715278
v 1.947727 0.310938 -1.836537
v 1.947727 0.432197 -1.836537
v 1.826469 0.432197 -1.957795
v 1.947727 0.432197 -1.957795
v 2.068985 0.189680 -1.715278
v 2.190244 0.068422 -1.715278
v 2.190244 0.189680 -1.715278
v 2.190244 0.189680 -1.836537
v 2.068985 0.310938 -1.715278
v 2.068985 0.310938 -1.836537
v 2.068985 0.432197 -1.836537
v 2.190244 0.310938 -1.715278
v 2.190244 0.310938 -1.836537
v 2.190244 0.432197 -1.836537
v 2.068985 0.432197 -1.957795
v 2.068985 0.432197 -2.079053
v 2.190244 0.310938 -1.957795
v 2.190244 0.432197 -1.957795
v 2.190244 0.432197 -2.079053
v 1.826469 0.553455 -1.957795
v 1.826469 0.553455 -2.079053
v 1.947727 0.553455 -1.957795
v 1.947727 0.553455 -2.079053
v 2.068985 0.553455 -1.957795
v 2.068985 0.553455 -2.079053
v 2.190244 0.553455 -2.079053
v 2.311502 0.068422 -1.594020
v 2.432760 0.068422 -1.594020
v 2.311502 0.068422 -1.715278
v 2.311502 0.189680 -1.715278
v 2.311502 0.189680 -1.836537
v 2.432760 0.068422 -1.715278
v 2.432760 0.189680 -1.715278
v 2.432760 0.068422 -1.836537
v 2.432760 0.189680 -1.836537
v 2.311502 0.310938 -1.836537
v 2.432760 0.310938 -1.836537
v 2.432760 0.189680 -1.957795
v 2.311502 0.310938 -1.957795
v 2.311502 0.432197 -1.957795
v 2.311502 0.432197 -2.079053
v 2.432760 0.310938 -1.957795
v 2.432760 0.432197 -1.957795
v 2.432760 0.310938 -2.079053
v 2.432760 0.432197 -2.079053
v 2.554018 0.068422 -1.715278
v 2.554018 0.068422 -1.836537
v 2.554018 0.189680 -1.836537
v 2.675277 0.068422 -1.836537
v 2.554018 0.068422 -1.957795
v 2.554018 0.189680 -1.957795
v 2.554018 0.189680 -2.079053
v 2.675277 0.068422 -1.957795
v 2.675277 0.189680 -1.957795
v 2.675277 0.068422 -2.079053
v 2.675277 0.189680 -2.079053
v 2.554018 0.310938 -1.957795
v 2.554018 0.310938 -2.079053
v 2.554018 0.432197 -2.079053
v 2.675277 0.310938 -2.079053
v 2.311502 0.553455 -2.079053
v 2.796535 0.068422 -1.957795
v 2.796535 0.068422 -2.079053
v 2.796535 0.189680 -2.079053
v 1.826469 0.553455 -2.200311
v 1.826469 0.553455 -2.321570
v 1.826469 0.674713 -2.321570
v 1.947727 0.553455 -2.200311
v 1.947727 0.553455 -2.321570
v 1.947727 0.674713 -2.321570
v 1.826469 0.674713 -2.442828
v 1.826469 0.674713 -2.564086
v 1.947727 0.674713 -2.442828
v 1.947727 0.674713 -2.564086
v 2.068985 0.553455 -2.200311
v 2.068985 0.553455 -2.321570
v 2.068985 0.674713 -2.321570
v 2.190244 0.553455 -2.200311
v 2.190244 0.553455 -2.321570
v 2.068985 0.553455 -2.442828
v 2.068985 0.674713 -2.442828
v 2.068985 0.674713 -2.564086
v 2.190244 0.553455 -2.442828
v 2.190244 0.674713 -2.442828
v 2.190244 0.553455 -2.564086
v 2.190244 0.674713 -2.564086
v 2.190244 0.432197 -3.049119
v 1.826469 0.674713 -2.685344
v 1.826469 0.553455 -2.806603
v 1.826469 0.674713 -2.806603
v 1.947727 0.674713 -2.685344
v 1.947727 0.553455 -2.806603
v 1.947727 0.674713 -2.806603
v 1.826469 0.553455 -2.927861
v 1.826469 0.553455 -3.049119
v 1.947727 0.553455 -2.927861
v 1.947727 0.553455 -3.049119
v 2.068985 0.674713 -2.685344
v 2.068985 0.553455 -2.806603
v 2.068985 0.674713 -2.806603
v 2.190244 0.553455 -2.685344
v 2.190244 0.674713 -2.685344
v 2.190244 0.553455 -2.806603
v 2.190244 0.674713 -2.806603
v 2.068985 0.553455 -2.927861
v 2.068985 0.553455 -3.049119
v 2.190244 0.553455 -2.927861
v 2.190244 0.553455 -3.049119
v 2.311502 0.432197 -2.200311
v 2.432760 0.432197 -2.200311
v 2.432760 0.432197 -2.321570
v 2.432760 0.432197 -2.442828
v 2.675277 0.189680 -2.200311
v 2.675277 0.189680 -2.321570
v 2.554018 0.310938 -2.200311
v 2.554018 0.432197 -2.200311
v 2.554018 0.310938 -2.321570
v 2.554018 0.432197 -2.321570
v 2.675277 0.310938 -2.200311
v 2.675277 0.310938 -2.321570
v 2.554018 0.310938 -2.442828
v 2.554018 0.432197 -2.442828
v 2.554018 0.432197 -2.564086
v 2.675277 0.310938 -2.442828
v 2.675277 0.432197 -2.442828
v 2.675277 0.310938 -2.564086
v 2.675277 0.432197 -2.564086
v 2.311502 0.553455 -2.200311
v 2.311502 0.553455 -2.321570
v 2.432760 0.553455 -2.200311
v 2.432760 0.553455 -2.321570
v 2.311502 0.553455 -2.442828
v 2.311502 0.553455 -2.564086
v 2.432760 0.553455 -2.442828
v 2.432760 0.553455 -2.564086
v 2.554018 0.553455 -2.442828
v 2.554018 0.553455 -2.564086
v 2.432760 0.432197 -2.685344
v 2.432760 0.432197 -2.806603
v 2.311502 0.432197 -2.927861
v 2.311502 0.432197 -3.049119
v 2.432760 0.432197 -2.927861
v 2.432760 0.310938 -3.049119
v 2.432760 0.432197 -3.049119
v 2.675277 0.189680 -2.806603
v 2.554018 0.432197 -2.685344
v 2.554018 0.310938 -2.806603
v 2.554018 0.432197 -2.806603
v 2.675277 0.310938 -2.685344
v 2.675277 0.432197 -2.685344
v 2.675277 0.310938 -2.806603
v 2.675277 0.432197 -2.806603
v 2.554018 0.189680 -3.049119
v 2.675277 0.189680 -2.927861
v 2.675277 0.068422 -3.049119
v 2.675277 0.189680 -3.049119
v 2.554018 0.310938 -2.927861
v 2.554018 0.432197 -2.927861
v 2.554018 0.310938 -3.049119
v 2.554018 0.432197 -3.049119
v 2.675277 0.310938 -2.927861
v 2.675277 0.310938 -3.049119
v 2.311502 0.553455 -2.685344
v 2.311502 0.553455 -2.806603
v 2.432760 0.553455 -2.685344
v 2.432760 0.553455 -2.806603
v 2.311502 0.553455 -2.927861
v 2.311502 0.553455 -3.049119
v 2.432760 0.553455 -2.927861
v 2.554018 0.553455 -2.685344
v 1.826469 0.432197 -3.170377
v 1.826469 0.310938 -3.291636
v 1.826469 0.432197 -3.291636
v 1.947727 0.432197 -3.170377
v 1.947727 0.310938 -3.291636
v 1.947727 0.432197 -3.291636
v 1.826469 0.189680 -3.412894
v 1.826469 0.068422 -3.534152
v 1.826469 0.189680 -3.534152
v 1.947727 0.189680 -3.412894
v 1.947727 0.068422 -3.534152
v 1.947727 0.189680 -3.534152
v 1.826469 0.310938 -3.412894
v 1.947727 0.310938 -3.412894
v 2.068985 0.432197 -3.170377
v 2.068985 0.310938 -3.291636
v 2.068985 0.432197 -3.291636
v 2.190244 0.310938 -3.170377
v 2.190244 0.432197 -3.170377
v 2.190244 0.310938 -3.291636
v 2.190244 0.432197 -3.291636
v 2.068985 0.189680 -3.412894
v 2.068985 0.068422 -3.534152
v 2.068985 0.189680 -3.534152
v 2.190244 0.189680 -3.412894
v 2.190244 0.068422 -3.534152
v 2.190244 0.189680 -3.534152
v 2.068985 0.310938 -3.412894
v 2.190244 0.310938 -3.412894
v 1.826469 0.553455 -3.170377
v 1.947727 0.553455 -3.170377
v 2.068985 0.553455 -3.170377
v 2.190244 0.553455 -3.170377
v 1.826469 0.068422 -3.655411
v 1.947727 0.068422 -3.655411
v 2.068985 0.068422 -3.655411
v 2.311502 0.189680 -3.291636
v 2.432760 0.068422 -3.291636
v 2.432760 0.189680 -3.291636
v 2.311502 0.310938 -3.170377
v 2.311502 0.432197 -3.170377
v 2.311502 0.310938 -3.291636
v 2.432760 0.310938 -3.170377
v 2.432760 0.432197 -3.170377
v 2.432760 0.310938 -3.291636
v 2.311502 0.068422 -3.412894
v 2.311502 0.189680 -3.412894
v 2.311502 0.068422 -3.534152
v 2.311502 0.189680 -3.534152
v 2.432760 0.068422 -3.412894
v 2.432760 0.189680 -3.412894
v 2.432760 0.068422 -3.534152
v 2.311502 0.310938 -3.412894
v 2.554018 0.189680 -3.170377
v 2.554018 0.068422 -3.291636
v 2.554018 0.189680 -3.291636
v 2.675277 0.068422 -3.170377
v 2.675277 0.189680 -3.170377
v 2.675277 0.068422 -3.291636
v 2.675277 0.189680 -3.291636
v 2.554018 0.310938 -3.170377
v 2.554018 0.310938 -3.291636
v 2.554018 0.068422 -3.412894
v 2.796535 0.068422 -2.200311
v 2.796535 0.189680 -2.200311
v 2.796535 0.068422 -2.321570
v 2.796535 0.189680 -2.321570
v 2.917793 0.068422 -2.200311
v 2.917793 0.068422 -2.321570
v 2.796535 0.310938 -2.321570
v 2.796535 0.068422 -2.442828
v 2.796535 0.189680 -2.442828
v 2.796535 0.189680 -2.564086
v 2.917793 0.068422 -2.442828
v 2.917793 0.189680 -2.442828
v 2.917793 0.068422 -2.564086
v 2.917793 0.189680 -2.564086
v 2.796535 0.310938 -2.442828
v 2.796535 0.310938 -2.564086
v 2.796535 0.068422 -2.685344
v 2.796535 0.189680 -2.685344
v 2.796535 0.068422 -2.806603
v 2.796535 0.189680 -2.806603
v 2.917793 0.068422 -2.685344
v 2.917793 0.189680 -2.685344
v 2.917793 0.068422 -2.806603
v 2.796535 0.310938 -2.685344
v 2.796535 0.310938 -2.806603
v 2.796535 0.068422 -2.927861
v 2.796535 0.189680 -2.927861
v 2.796535 0.068422 -3.049119
v 2.796535 0.189680 -3.049119
v 2.917793 0.068422 -2.927861
v 2.796535 0.068422 -3.170377
vn -1.0000 -0.0000 -0.0000
vn -0.0000 -0.0000 1.0000
vn -0.0000 -1.0000 -0.0000
vn -0.0000 -0.0000 -1.0000
vn -0.0000 1.0000 -0.0000
vn 1.0000 -0.0000 -0.0000
s 0
f 8//1 9//1 7//1
f 9//2 6//2 5//2
f 4//2 5//2 2//2
f 14//2 12//2 11//2
f 13//1 10//1 8//1
f 10//2 11//2 6//2
f 21//3 22//3 20//3
f 28//1 29//1 27//1
f 31//2 28//2 27//2
f 29//3 31//3 27//3
f 19//3 28//3 18//3
f 24//1 31//1 23//1
f 28//3 24//3 21//3
f 31//1 26//1 25//1
f 44//1 45//1 43//1
f 47//2 44//2 43//2
f 45//3 47//3 43//3
f 54//1 55//1 53//1
f 55//2 52//2 51//2
f 52//3 54//3 50//3
f 66//2 64//2 63//2
f 65//3 66//3 63//3
f 72//2 70//2 69//2
f 71//3 72//3 69//3
f 63//2 48//2 47//2
f 49//3 63//3 47//3
f 69//2 54//2 53//2
f 55//3 69//3 53//3
f 62//1 72//1 61//1
f 70//3 62//3 59//3
f 57//3 49//3 45//3
f 54//2 57//2 50//2
f 66//1 62//1 60//1
f 62//2 65//2 59//2
f 49//1 54//1 42//1
f 59//2 49//2 42//2
f 54//3 59//3 42//3
f 45//2 24//2 23//2
f 24//3 44//3 22//3
f 26//3 50//3 25//3
f 50//2 31//2 25//2
f 31//3 45//3 23//3
f 44//3 35//3 34//3
f 38//1 66//1 37//1
f 64//3 38//3 36//3
f 48//3 36//3 35//3
f 72//1 41//1 40//1
f 41//2 71//2 39//2
f 79//1 80//1 78//1
f 83//3 84//3 82//3
f 88//1 89//1 87//1
f 95//1 96//1 94//1
f 93//3 95//3 92//3
f 89//2 77//2 76//2
f 77//3 88//3 75//3
f 80//3 98//3 78//3
f 86//1 94//1 85//1
f 92//3 86//3 83//3
f 77//1 78//1 76//1
f 87//1 83//1 82//1
f 84//2 87//2 82//2
f 98//1 93//1 92//1
f 89//1 92//1 83//1
f 78//3 89//3 76//3
f 107//1 108//1 106//1
f 105//3 107//3 104//3
f 111//1 112//1 110//1
f 119//1 120//1 118//1
f 124//4 120//4 121//4
f 120//3 122//3 118//3
f 111//4 100//4 101//4
f 102//3 111//3 101//3
f 109//1 115//1 108//1
f 114//3 109//3 105//3
f 113//1 118//1 112//1
f 110//1 105//1 104//1
f 122//1 117//1 116//1
f 122//4 114//4 118//4
f 112//1 114//1 105//1
f 103//3 113//3 102//3
f 131//1 132//1 130//1
f 129//3 131//3 128//3
f 138//1 139//1 137//1
f 139//2 136//2 135//2
f 136//3 138//3 134//3
f 143//3 144//3 141//3
f 127//3 134//3 126//3
f 141//2 131//2 130//2
f 132//3 141//3 130//3
f 128//3 127//3 125//3
f 136//1 141//1 135//1
f 141//3 139//3 135//3
f 131//3 136//3 127//3
f 147//1 148//1 146//1
f 148//3 150//3 146//3
f 158//1 159//1 157//1
f 156//3 158//3 155//3
f 165//3 167//3 164//3
f 170//1 171//1 169//1
f 175//4 171//4 172//4
f 171//3 173//3 169//3
f 166//4 159//4 160//4
f 159//3 164//3 157//3
f 163//3 170//3 162//3
f 161//3 160//3 156//3
f 166//1 169//1 165//1
f 169//3 168//3 165//3
f 162//3 166//3 160//3
f 179//1 180//1 178//1
f 180//3 182//3 178//3
f 148//2 86//2 85//2
f 86//3 147//3 84//3
f 96//3 152//3 94//3
f 94//3 148//3 85//3
f 108//3 176//3 106//3
f 179//4 115//4 116//4
f 117//3 179//3 116//3
f 115//3 177//3 108//3
f 133//1 157//1 132//1
f 155//3 133//3 129//3
f 164//3 145//3 143//3
f 157//3 143//3 132//3
f 97//1 106//1 96//1
f 104//3 97//3 93//3
f 81//1 100//1 80//1
f 99//1 104//1 93//1
f 100//3 99//3 80//3
f 150//1 127//1 126//1
f 127//2 148//2 125//2
f 152//1 129//1 128//1
f 148//1 128//1 125//1
f 134//2 150//2 126//2
f 176//1 156//1 155//1
f 182//1 163//1 162//1
f 182//4 161//4 178//4
f 177//1 161//1 156//1
f 184//4 163//4 183//4
f 153//1 155//1 129//1
f 106//3 153//3 96//3
f 191//1 192//1 190//1
f 192//2 189//2 188//2
f 189//3 191//3 187//3
f 197//1 198//1 196//1
f 198//3 200//3 196//3
f 186//3 197//3 185//3
f 189//1 196//1 188//1
f 196//3 192//3 188//3
f 200//1 195//1 194//1
f 209//1 210//1 208//1
f 210//3 212//3 208//3
f 217//1 218//1 216//1
f 218//3 220//3 216//3
f 203//3 209//3 202//3
f 205//3 217//3 204//3
f 211//1 216//1 210//1
f 216//3 213//3 210//3
f 212//1 207//1 206//1
f 220//1 215//1 214//1
f 213//1 214//1 207//1
f 204//3 211//3 203//3
f 199//1 208//1 198//1
f 208//3 201//3 198//3
f 201//1 206//1 195//1
f 202//3 199//3 186//3
f 227//2 226//2 225//2
f 232//2 230//2 229//2
f 238//1 239//1 237//1
f 239//2 236//2 235//2
f 236//3 238//3 234//3
f 235//2 228//2 227//2
f 237//1 233//1 231//1
f 233//2 235//2 230//2
f 230//2 227//2 224//2
f 246//1 247//1 245//1
f 247//2 244//2 243//2
f 244//3 246//3 242//3
f 255//1 256//1 254//1
f 256//2 253//2 252//2
f 253//3 255//3 251//3
f 263//3 264//3 261//3
f 261//2 246//2 245//2
f 247//3 261//3 245//3
f 253//1 261//1 252//1
f 261//3 256//3 252//3
f 254//1 250//1 249//1
f 264//1 260//1 259//1
f 260//2 263//2 258//2
f 256//1 259//1 250//1
f 246//3 253//3 241//3
f 270//1 271//1 269//1
f 271//2 268//2 267//2
f 268//3 270//3 266//3
f 277//2 270//2 269//2
f 271//3 277//3 269//3
f 275//3 271//3 267//3
f 270//2 273//2 266//2
f 286//1 287//1 285//1
f 293//1 294//1 292//1
f 294//2 291//2 290//2
f 291//3 293//3 289//3
f 297//1 298//1 296//1
f 300//2 297//2 296//2
f 303//1 304//1 302//1
f 306//2 303//2 302//2
f 304//2 283//2 282//2
f 283//3 303//3 281//3
f 308//2 286//2 285//2
f 283//1 292//1 282//1
f 288//1 300//1 287//1
f 297//3 288//3 284//3
f 285//1 283//1 281//1
f 296//1 291//1 289//1
f 293//2 296//2 289//2
f 287//1 293//1 283//1
f 303//2 285//2 281//2
f 292//3 304//3 282//3
f 314//1 315//1 313//1
f 315//2 312//2 311//2
f 320//1 321//1 319//1
f 326//2 325//2 324//2
f 333//1 334//1 332//1
f 336//2 333//2 332//2
f 338//5 333//5 337//5
f 328//2 314//2 313//2
f 330//5 314//5 329//5
f 334//2 318//2 317//2
f 312//1 319//1 311//1
f 323//5 312//5 316//5
f 318//1 326//1 317//1
f 323//2 324//2 320//2
f 332//1 330//1 329//1
f 331//2 332//2 329//2
f 317//1 323//1 316//1
f 330//2 317//2 316//2
f 340//1 341//1 339//1
f 341//3 343//3 339//3
f 347//1 348//1 346//1
f 348//3 350//3 346//3
f 342//1 346//1 341//1
f 346//3 344//3 341//3
f 298//2 223//2 222//2
f 321//2 233//2 232//2
f 233//3 320//3 231//3
f 324//2 238//2 237//2
f 320//2 237//2 231//2
f 250//3 340//3 249//3
f 260//3 347//3 259//3
f 340//2 254//2 249//2
f 259//3 342//3 250//3
f 223//1 254//1 222//1
f 291//1 339//1 290//1
f 339//3 294//3 290//3
f 298//1 340//1 291//1
f 230//1 277//1 229//1
f 277//3 232//3 229//3
f 273//3 227//3 225//3
f 227//1 270//1 224//1
f 270//3 230//3 224//3
f 246//2 275//2 242//2
f 277//1 253//1 251//1
f 255//2 277//2 251//2
f 271//1 246//1 241//1
f 253//2 271//2 241//2
f 313//1 288//1 286//1
f 288//2 311//2 284//2
f 319//1 299//1 297//1
f 311//1 297//1 284//1
f 309//2 313//2 286//2
f 232//1 255//1 223//1
f 299//2 232//2 223//2
f 254//3 298//3 222//3
f 359//1 360//1 358//1
f 359//4 355//4 356//4
f 357//3 359//3 356//3
f 361//1 363//1 360//1
f 362//3 361//3 357//3
f 358//1 354//1 353//1
f 370//3 371//3 368//3
f 374//3 375//3 373//3
f 382//3 383//3 381//3
f 387//3 388//3 386//3
f 367//3 381//3 366//3
f 376//3 386//3 375//3
f 386//3 384//3 382//3
f 377//3 372//3 370//3
f 371//1 367//1 366//1
f 377//1 374//1 373//1
f 375//2 377//2 373//2
f 380//4 374//4 378//4
f 372//1 375//1 367//1
f 381//2 371//2 366//2
f 375//3 382//3 367//3
f 392//3 393//3 391//3
f 400//4 396//4 397//4
f 396//3 398//3 395//3
f 404//3 405//3 403//3
f 412//4 408//4 409//4
f 408//3 410//3 407//3
f 394//3 403//3 393//3
f 409//4 399//4 400//4
f 399//3 407//3 398//3
f 395//3 394//3 392//3
f 407//3 406//3 404//3
f 405//4 401//4 403//4
f 403//4 390//4 393//4
f 398//3 404//3 394//3
f 414//1 415//1 413//1
f 419//4 415//4 416//4
f 415//3 417//3 413//3
f 421//3 423//3 420//3
f 428//1 429//1 427//1
f 433//4 429//4 430//4
f 429//3 431//3 427//3
f 418//3 425//3 417//3
f 428//4 422//4 423//4
f 424//3 428//3 423//3
f 419//1 422//1 418//1
f 420//3 419//3 416//3
f 422//3 426//3 418//3
f 437//3 438//3 436//3
f 443//6 440//6 442//6
f 445//4 440//4 441//4
f 443//3 445//3 441//3
f 454//4 450//4 451//4
f 450//3 452//3 449//3
f 439//3 449//3 438//3
f 456//4 444//4 445//4
f 446//3 456//3 445//3
f 440//3 439//3 437//3
f 456//6 450//6 455//6
f 456//3 454//3 451//3
f 438//4 434//4 436//4
f 452//4 447//4 449//4
f 449//4 435//4 438//4
f 444//3 450//3 439//3
f 465//4 461//4 462//4
f 461//3 463//3 460//3
f 384//3 414//3 383//3
f 389//3 420//3 388//3
f 388//3 416//3 384//3
f 406//3 436//3 405//3
f 443//4 411//4 412//4
f 411//3 440//3 410//3
f 436//4 402//4 405//4
f 410//3 437//3 406//3
f 401//3 389//3 387//3
f 391//3 380//3 378//3
f 380//1 390//1 376//1
f 390//3 387//3 376//3
f 434//3 424//3 421//3
f 447//3 433//3 430//3
f 435//3 430//3 424//3
f 461//6 456//6 457//6
f 463//4 456//4 460//4
f 461//4 446//4 459//4
f 402//3 421//3 389//3
f 225//2 38//2 37//2
f 41//3 242//3 40//3
f 267//2 62//2 61//2
f 62//3 266//3 60//3
f 266//2 66//2 60//2
f 72//3 267//3 61//3
f 242//2 72//2 40//2
f 66//3 225//3 37//3
f 368//2 138//2 137//2
f 139//3 368//3 137//3
f 145//3 377//3 144//3
f 144//3 370//3 139//3
f 168//3 391//3 167//3
f 397//4 174//4 175//4
f 174//3 395//3 173//3
f 173//3 392//3 168//3
f 167//3 378//3 145//3
f 219//1 355//1 218//1
f 355//3 221//3 218//3
f 221//1 353//1 215//1
f 352//3 219//3 205//3
f 134//3 41//3 39//3
f 30//1 87//1 29//1
f 87//3 33//3 29//3
f 33//1 84//1 26//1
f 75//3 30//3 19//3
f 52//1 146//1 51//1
f 146//3 55//3 51//3
f 150//3 71//3 55//3
f 71//1 134//1 39//1
f 84//3 52//3 26//3
f 381//3 260//3 258//3
f 244//1 368//1 243//1
f 368//3 247//3 243//3
f 263//1 381//1 258//1
f 371//3 263//3 247//3
f 349//1 413//1 348//1
f 413//3 351//3 348//3
f 383//3 349//3 260//3
f 292//1 186//1 185//1
f 302//1 189//1 187//1
f 191//2 302//2 187//2
f 304//1 197//1 189//1
f 197//2 292//2 185//2
f 343//1 203//1 202//1
f 350//1 205//1 204//1
f 344//1 204//1 203//1
f 294//1 202//1 186//1
f 425//1 357//1 356//1
f 431//1 365//1 364//1
f 431//4 362//4 427//4
f 426//1 362//1 357//1
f 425//4 352//4 417//4
f 351//1 352//1 205//1
f 138//3 244//3 41//3
f 4//1 306//1 3//1
f 303//3 4//3 2//3
f 6//1 308//1 5//1
f 5//1 303//1 2//1
f 12//1 328//1 11//1
f 331//5 12//5 15//5
f 17//1 336//1 16//1
f 16//1 331//1 15//1
f 11//1 309//1 6//1
f 3//1 191//1 1//1
f 474//1 475//1 473//1
f 475//2 472//2 471//2
f 473//1 470//1 468//1
f 480//1 481//1 479//1
f 481//2 478//2 477//2
f 486//1 487//1 485//1
f 487//2 484//2 483//2
f 485//1 482//1 480//1
f 482//2 483//2 478//2
f 479//1 476//1 474//1
f 476//2 477//2 472//2
f 492//1 493//1 491//1
f 499//1 500//1 498//1
f 502//2 499//2 498//2
f 500//3 502//3 498//3
f 494//1 502//1 493//1
f 499//3 494//3 490//3
f 502//1 497//1 495//1
f 509//1 510//1 508//1
f 515//1 516//1 514//1
f 513//3 515//3 512//3
f 519//1 520//1 518//1
f 526//1 527//1 525//1
f 524//3 526//3 523//3
f 520//2 507//2 506//2
f 507//3 519//3 505//3
f 510//3 529//3 508//3
f 517//1 525//1 516//1
f 523//3 517//3 513//3
f 507//1 508//1 506//1
f 518//1 513//1 512//1
f 515//2 518//2 512//2
f 529//1 524//1 523//1
f 520//1 523//1 513//1
f 508//3 520//3 506//3
f 497//1 514//1 496//1
f 501//1 518//1 500//1
f 518//3 504//3 500//3
f 504//1 515//1 497//1
f 505//3 501//3 489//3
f 541//1 542//1 540//1
f 545//1 546//1 544//1
f 536//1 540//1 535//1
f 539//1 544//1 538//1
f 537//1 536//1 534//1
f 544//1 543//1 541//1
f 538//1 541//1 536//1
f 550//1 551//1 549//1
f 555//1 556//1 554//1
f 559//1 560//1 558//1
f 562//2 559//2 558//2
f 560//3 562//3 558//3
f 566//1 567//1 565//1
f 569//2 566//2 565//2
f 567//3 569//3 565//3
f 572//2 550//2 549//2
f 551//3 572//3 549//3
f 576//2 555//2 554//2
f 556//3 576//3 554//3
f 568//1 576//1 567//1
f 552//1 562//1 551//1
f 562//1 557//1 555//1
f 557//2 560//2 553//2
f 572//1 568//1 566//1
f 570//2 572//2 566//2
f 551//1 555//1 548//1
f 568//2 551//2 548//2
f 555//3 568//3 548//3
f 582//1 583//1 581//1
f 583//2 580//2 579//2
f 588//1 589//1 587//1
f 589//2 586//2 585//2
f 592//1 593//1 591//1
f 597//1 598//1 596//1
f 601//2 582//2 581//2
f 603//2 588//2 587//2
f 580//1 591//1 579//1
f 591//3 583//3 579//3
f 586//1 596//1 585//1
f 600//5 586//5 590//5
f 587//1 584//1 582//1
f 584//2 585//2 580//2
f 596//1 594//1 592//1
f 585//1 592//1 580//1
f 602//2 587//2 582//2
f 606//1 607//1 605//1
f 609//2 606//2 605//2
f 607//3 609//3 605//3
f 613//1 614//1 612//1
f 617//1 618//1 616//1
f 618//3 620//3 616//3
f 623//1 624//1 622//1
f 608//1 616//1 607//1
f 616//3 611//3 607//3
f 615//1 622//1 614//1
f 612//1 608//1 606//1
f 622//1 619//1 617//1
f 614//1 617//1 608//1
f 627//1 628//1 626//1
f 631//1 632//1 630//1
f 533//3 623//3 532//3
f 532//3 615//3 531//3
f 628//2 536//2 535//2
f 536//3 627//3 534//3
f 632//2 539//2 538//2
f 632//5 537//5 630//5
f 627//2 537//2 534//2
f 634//5 539//5 633//5
f 557//1 609//1 556//1
f 606//3 557//3 553//3
f 561//1 612//1 560//1
f 560//1 606//1 553//1
f 594//1 626//1 593//1
f 599//1 630//1 598//1
f 598//1 627//1 594//1
f 540//1 533//1 532//1
f 535//1 532//1 531//1
f 581//1 552//1 550//1
f 591//1 561//1 559//1
f 563//2 591//2 559//2
f 583//1 563//1 552//1
f 573//2 581//2 550//2
f 626//1 615//1 613//1
f 593//1 613//1 561//1
f 615//2 535//2 531//2
f 638//2 636//2 635//2
f 647//1 648//1 646//1
f 650//2 647//2 646//2
f 648//3 650//3 646//3
f 648//2 639//2 638//2
f 639//3 647//3 637//3
f 647//3 641//3 640//3
f 650//1 645//1 643//1
f 645//2 648//2 642//2
f 658//2 656//2 655//2
f 664//1 665//1 663//1
f 665//2 662//2 661//2
f 662//3 664//3 660//3
f 675//2 673//2 672//2
f 673//3 674//3 671//3
f 680//2 678//2 677//2
f 679//3 680//3 677//3
f 672//2 659//2 658//2
f 659//3 671//3 657//3
f 677//2 664//2 663//2
f 665//3 677//3 663//3
f 656//1 667//1 655//1
f 667//3 658//3 655//3
f 683//3 675//3 672//3
f 664//2 667//2 660//2
f 681//2 683//2 678//2
f 675//1 681//1 670//1
f 678//2 669//2 664//2
f 669//3 672//3 658//3
f 661//2 645//2 644//2
f 645//3 660//3 643//3
f 667//2 651//2 650//2
f 660//2 650//2 643//2
f 651//3 656//3 641//3
f 654//2 679//2 653//2
f 694//2 693//2 692//2
f 697//1 698//1 696//1
f 700//2 697//2 696//2
f 698//3 700//3 696//3
f 710//1 711//1 709//1
f 711//2 708//2 707//2
f 708//3 710//3 706//3
f 714//1 715//1 713//1
f 717//2 714//2 713//2
f 707//2 691//2 690//2
f 715//2 695//2 694//2
f 691//1 700//1 690//1
f 693//1 703//1 692//1
f 703//3 694//3 692//3
f 701//2 703//2 697//2
f 713//1 708//1 706//1
f 710//2 713//2 706//2
f 694//1 701//1 691//1
f 708//2 694//2 691//2
f 700//3 707//3 690//3
f 723//1 724//1 722//1
f 724//2 721//2 720//2
f 729//1 730//1 728//1
f 730//2 727//2 726//2
f 739//2 737//2 736//2
f 744//2 742//2 741//2
f 736//2 723//2 722//2
f 724//3 736//3 722//3
f 741//2 729//2 728//2
f 743//5 729//5 742//5
f 721//1 732//1 720//1
f 727//1 734//1 726//1
f 728//1 725//1 723//1
f 725//2 726//2 721//2
f 740//2 741//2 737//2
f 726//1 733//1 721//1
f 737//2 728//2 723//2
f 749//2 748//2 747//2
f 755//2 754//2 753//2
f 753//2 750//2 749//2
f 752//2 753//2 751//2
f 751//2 749//2 746//2
f 759//2 758//2 757//2
f 763//2 762//2 761//2
f 767//2 766//2 765//2
f 771//2 770//2 769//2
f 765//2 760//2 759//2
f 769//2 764//2 763//2
f 760//2 761//2 758//2
f 768//2 769//2 766//2
f 766//2 763//2 760//2
f 776//2 774//2 773//2
f 775//3 776//3 773//3
f 784//2 783//2 782//2
f 782//2 777//2 776//2
f 777//2 779//2 774//2
f 757//2 687//2 686//2
f 761//2 689//2 688//2
f 758//2 688//2 687//2
f 773//2 710//2 709//2
f 711//3 773//3 709//3
f 779//2 718//2 717//2
f 774//2 717//2 710//2
f 783//3 752//3 751//3
f 748//1 779//1 747//1
f 779//3 749//3 747//3
f 749//1 777//1 746//1
f 777//3 751//3 746//3
f 687//1 739//1 686//1
f 689//1 744//1 688//1
f 688//1 740//1 687//1
f 695//2 720//2 693//2
f 736//1 716//1 714//1
f 718//2 736//2 714//2
f 720//1 704//1 693//1
f 716//2 724//2 695//2
f 750//2 757//2 748//2
f 756//2 765//2 754//2
f 754//2 759//2 750//2
f 686//1 718//1 685//1
f 748//2 686//2 685//2
f 718//3 748//3 685//3
f 786//5 689//5 762//5
f 794//1 795//1 793//1
f 792//3 794//3 791//3
f 788//3 791//3 787//3
f 791//3 790//3 789//3
f 803//3 804//3 801//3
f 807//1 808//1 806//1
f 810//2 807//2 806//2
f 808//3 810//3 806//3
f 815//1 816//1 814//1
f 818//2 815//2 814//2
f 816//3 818//3 814//3
f 816//2 800//2 799//2
f 800//3 815//3 798//3
f 800//1 810//1 799//1
f 807//3 800//3 797//3
f 804//1 800//1 798//1
f 800//2 803//2 797//2
f 803//1 807//1 797//1
f 815//2 804//2 798//2
f 810//3 816//3 799//3
f 824//3 825//3 823//3
f 828//3 829//3 827//3
f 832//1 833//1 831//1
f 835//2 832//2 831//2
f 833//3 835//3 831//3
f 839//1 840//1 838//1
f 840//3 842//3 838//3
f 826//3 832//3 825//3
f 830//3 839//3 829//3
f 827//3 826//3 824//3
f 834//1 838//1 833//1
f 838//3 837//3 833//3
f 829//3 834//3 826//3
f 850//3 851//3 849//3
f 857//2 855//2 854//2
f 856//3 857//3 854//3
f 864//2 862//2 861//2
f 862//3 863//3 860//3
f 869//3 870//3 868//3
f 861//2 853//2 852//2
f 853//3 860//3 851//3
f 859//3 868//3 857//3
f 853//1 857//1 852//1
f 855//3 853//3 850//3
f 868//3 864//3 861//3
f 867//2 869//2 866//2
f 857//3 861//3 852//3
f 880//3 881//3 879//3
f 884//3 885//3 883//3
f 890//3 891//3 889//3
f 895//3 896//3 894//3
f 878//3 889//3 877//3
f 886//3 894//3 885//3
f 883//3 878//3 876//3
f 894//3 892//3 890//3
f 881//1 878//1 877//1
f 878//2 880//2 876//2
f 887//1 884//1 883//1
f 880//1 883//1 876//1
f 889//2 881//2 877//2
f 885//3 890//3 878//3
f 854//2 794//2 793//2
f 795//3 854//3 793//3
f 794//3 850//3 790//3
f 820//3 872//3 818//3
f 837//3 879//3 835//3
f 843//3 887//3 842//3
f 842//3 880//3 837//3
f 796//1 835//1 795//1
f 832//3 796//3 792//3
f 825//3 792//3 788//3
f 889//3 867//3 866//3
f 879//3 859//3 856//3
f 869//1 889//1 866//1
f 881//3 869//3 859//3
f 844//3 812//3 808//3
f 810//1 788//1 787//1
f 790//2 816//2 789//2
f 816//1 791//1 789//1
f 791//2 810//2 787//2
f 844//1 824//1 823//1
f 825//2 844//2 823//2
f 847//1 828//1 827//1
f 845//1 827//1 824//1
f 872//1 850//1 849//1
f 851//2 872//2 849//2
f 860//2 874//2 851//2
f 812//1 825//1 788//1
f 850//2 820//2 790//2
f 835//3 856//3 795//3
f 698//2 470//2 469//2
f 470//3 697//3 468//3
f 703//2 474//2 473//2
f 697//2 473//2 468//2
f 732//2 480//2 479//2
f 734//2 486//2 485//2
f 733//2 485//2 480//2
f 704//2 479//2 474//2
f 801//2 492//2 491//2
f 493//3 801//3 491//3
f 808//2 497//2 496//2
f 497//3 807//3 495//3
f 807//2 502//2 495//2
f 502//3 803//3 493//3
f 516//3 844//3 514//3
f 527//3 847//3 525//3
f 525//3 845//3 516//3
f 514//3 808//3 496//3
f 860//3 654//3 653//3
f 645//1 818//1 644//1
f 815//3 645//3 642//3
f 636//1 801//1 635//1
f 801//3 638//3 635//3
f 648//1 815//1 642//1
f 804//3 648//3 638//3
f 872//3 665//3 661//3
f 874//3 679//3 665//3
f 679//1 860//1 653//1
f 818//3 661//3 644//3
f 470//1 569//1 469//1
f 472//1 572//1 471//1
f 572//3 475//3 471//3
f 475//1 570//1 470//1
f 478//1 601//1 477//1
f 484//1 603//1 483//1
f 483//1 602//1 478//1
f 477//1 573//1 472//1
f 569//1 494//1 492//1
f 494//2 567//2 490//2
f 576//1 501//1 499//1
f 567//1 499//1 490//1
f 501//2 556//2 489//2
f 609//1 507//1 505//1
f 620//1 511//1 509//1
f 611//1 509//1 507//1
f 556//1 505//1 489//1
f 700//1 639//1 637//1
f 639//2 698//2 636//2
f 641//2 707//2 640//2
f 707//1 647//1 640//1
f 647//2 700//2 637//2
f 776//1 659//1 657//1
f 659//2 775//2 656//2
f 674//2 782//2 671//2
f 671//2 776//2 657//2
f 656//2 711//2 641//2
f 469//1 492//1 467//1
f 636//2 469//2 467//2
f 492//3 636//3 467//3
f 901//1 902//1 900//1
f 902//2 899//2 898//2
f 904//1 903//1 901//1
f 914//1 915//1 913//1
f 917//2 914//2 913//2
f 919//5 914//5 918//5
f 922//1 923//1 921//1
f 926//1 927//1 925//1
f 934//1 935//1 933//1
f 935//2 932//2 931//2
f 935//5 930//5 933//5
f 927//2 911//2 910//2
f 927//5 909//5 925//5
f 937//2 922//2 921//2
f 939//5 922//5 938//5
f 911//1 917//1 910//1
f 932//1 937//1 931//1
f 921//1 919//1 918//1
f 919//2 920//2 916//2
f 930//1 928//1 926//1
f 929//2 930//2 926//2
f 912//1 918//1 911//1
f 928//2 912//2 911//2
f 937//5 912//5 931//5
f 948//1 949//1 947//1
f 949//2 946//2 945//2
f 949//5 944//5 947//5
f 943//1 947//1 942//1
f 947//5 940//5 942//5
f 951//1 950//1 948//1
f 954//1 955//1 953//1
f 961//1 962//1 960//1
f 962//2 959//2 958//2
f 962//5 957//5 960//5
f 965//1 966//1 964//1
f 969//1 970//1 968//1
f 973//5 969//5 972//5
f 956//1 964//1 955//1
f 959//1 968//1 958//1
f 972//5 959//5 963//5
f 957//1 956//1 954//1
f 968//1 967//1 965//1
f 958//1 965//1 956//1
f 981//1 982//1 980//1
f 985//5 981//5 984//5
f 991//1 992//1 990//1
f 997//1 998//1 996//1
f 998//5 994//5 996//5
f 982//5 975//5 980//5
f 992//2 979//2 978//2
f 992//5 977//5 990//5
f 983//1 990//1 982//1
f 989//1 996//1 988//1
f 996//5 986//5 988//5
f 987//1 985//1 984//1
f 985//2 986//2 983//2
f 994//1 993//1 991//1
f 986//1 991//1 983//1
f 990//5 976//5 982//5
f 966//5 907//5 964//5
f 916//1 953//1 915//1
f 924//1 960//1 923//1
f 960//5 920//5 923//5
f 920//1 954//1 916//1
f 974//5 924//5 939//5
f 946//1 980//1 945//1
f 984//5 946//5 950//5
f 952//1 984//1 950//1
f 941//1 936//1 934//1
f 936//2 940//2 932//2
f 944//1 939//1 938//1
f 940//1 938//1 932//1
f 975//1 963//1 961//1
f 977//1 973//1 972//1
f 976//1 972//1 963//1
f 974//2 975//2 961//2
f 945//1 974//1 939//1
f 1002//2 1001//2 1000//2
f 1009//1 1010//1 1008//1
f 1012//2 1009//2 1008//2
f 1014//5 1009//5 1013//5
f 1016//1 1017//1 1015//1
f 1019//2 1016//2 1015//2
f 1021//5 1016//5 1020//5
f 1025//2 1023//2 1022//2
f 1017//2 1003//2 1002//2
f 1027//2 1013//2 1012//2
f 1001//1 1005//1 1000//1
f 1007//5 1001//5 1003//5
f 1023//1 1027//1 1022//1
f 1029//5 1023//5 1026//5
f 1007//2 1008//2 1006//2
f 1024//1 1021//1 1020//1
f 1021//2 1022//2 1018//2
f 1004//1 1007//1 1003//1
f 1018//2 1004//2 1003//2
f 1027//5 1004//5 1022//5
f 1036//1 1037//1 1035//1
f 1039//2 1036//2 1035//2
f 1041//5 1036//5 1040//5
f 1037//2 1033//2 1032//2
f 1037//5 1031//5 1035//5
f 1041//2 1042//2 1038//2
f 1046//2 1045//2 1044//2
f 1051//2 1050//2 1049//2
f 1049//2 1047//2 1046//2
f 1052//2 1053//2 1050//2
f 1050//2 1048//2 1047//2
f 1059//1 1060//1 1058//1
f 1062//2 1059//2 1058//2
f 1064//5 1059//5 1063//5
f 1068//2 1066//2 1065//2
f 1065//2 1063//2 1062//2
f 1067//5 1063//5 1066//5
f 1057//2 1058//2 1056//2
f 1072//2 1071//2 1070//2
f 1082//2 1080//2 1079//2
f 1082//5 1078//5 1081//5
f 1088//2 1086//2 1085//2
f 1088//5 1084//5 1087//5
f 1096//2 1094//2 1093//2
f 1096//5 1092//5 1095//5
f 1085//2 1073//2 1072//2
f 1093//2 1083//2 1082//2
f 1093//5 1081//5 1092//5
f 1071//1 1074//1 1070//1
f 1077//5 1071//5 1073//5
f 1091//5 1086//5 1089//5
f 1078//1 1076//1 1075//1
f 1077//2 1078//2 1075//2
f 1091//2 1092//2 1090//2
f 1090//2 1081//2 1077//2
f 1090//5 1073//5 1086//5
f 1055//2 1020//2 1019//2
f 1060//2 1026//2 1025//2
f 1060//5 1024//5 1058//5
f 1056//2 1024//2 1020//2
f 1074//2 1040//2 1039//2
f 1076//5 1040//5 1075//5
f 1076//2 1043//2 1041//2
f 1074//5 1034//5 1070//5
f 1045//1 1055//1 1044//1
f 1057//5 1045//5 1047//5
f 1068//5 1053//5 1054//5
f 1048//1 1057//1 1047//1
f 1065//5 1048//5 1053//5
f 1031//1 1014//1 1013//1
f 1014//2 1030//2 1011//2
f 1029//2 1035//2 1028//2
f 1034//1 1029//1 1026//1
f 1028//2 1031//2 1013//2
f 1064//2 1070//2 1061//2
f 1084//1 1067//1 1066//1
f 1069//2 1084//2 1066//2
f 1067//2 1072//2 1064//2
f 1061//2 1034//2 1026//2
f 1100//1 1101//1 1099//1
f 1103//2 1100//2 1099//2
f 1105//5 1100//5 1104//5
f 1115//1 1116//1 1114//1
f 1116//2 1113//2 1112//2
f 1116//5 1111//5 1114//5
f 1123//1 1124//1 1122//1
f 1124//2 1121//2 1120//2
f 1124//5 1119//5 1122//5
f 1120//2 1109//2 1108//2
f 1120//5 1107//5 1119//5
f 1127//5 1115//5 1126//5
f 1109//1 1114//1 1108//1
f 1114//5 1106//5 1108//5
f 1128//5 1121//5 1125//5
f 1107//1 1105//1 1104//1
f 1105//2 1106//2 1102//2
f 1106//1 1110//1 1102//1
f 1118//2 1107//2 1104//2
f 1126//5 1109//5 1121//5
f 1130//1 1131//1 1129//1
f 1134//5 1130//5 1133//5
f 1137//5 1132//5 1134//5
f 1142//5 1139//5 1141//5
f 1138//2 1123//2 1122//2
f 1140//5 1123//5 1139//5
f 1113//1 1129//1 1112//1
f 1133//5 1113//5 1117//5
f 1150//5 1147//5 1149//5
f 1156//5 1153//5 1155//5
f 1161//1 1162//1 1160//1
f 1162//2 1159//2 1158//2
f 1162//5 1157//5 1160//5
f 1165//1 1166//1 1164//1
f 1169//5 1165//5 1168//5
f 1158//5 1151//5 1157//5
f 1166//5 1155//5 1164//5
f 1159//1 1164//1 1158//1
f 1168//5 1159//5 1163//5
f 1164//5 1152//5 1158//5
f 1177//1 1178//1 1176//1
f 1178//2 1175//2 1174//2
f 1178//5 1173//5 1176//5
f 1183//5 1180//5 1182//5
f 1187//2 1185//2 1184//2
f 1189//5 1185//5 1188//5
f 1181//5 1171//5 1180//5
f 1184//2 1177//2 1176//2
f 1186//5 1177//5 1185//5
f 1176//5 1170//5 1172//5
f 1187//5 1181//5 1183//5
f 1184//5 1172//5 1181//5
f 1194//5 1191//5 1193//5
f 1198//5 1195//5 1197//5
f 1204//5 1201//5 1203//5
f 1211//5 1208//5 1210//5
f 1202//5 1193//5 1201//5
f 1209//5 1199//5 1208//5
f 1197//5 1192//5 1194//5
f 1210//5 1205//5 1206//5
f 1199//1 1198//1 1197//1
f 1204//2 1205//2 1202//2
f 1205//1 1207//1 1202//1
f 1207//2 1199//2 1197//2
f 1207//5 1194//5 1202//5
f 1174//5 1149//5 1173//5
f 1173//5 1146//5 1170//5
f 1190//2 1161//2 1160//2
f 1192//5 1161//5 1191//5
f 1196//5 1168//5 1195//5
f 1195//5 1163//5 1192//5
f 1160//5 1148//5 1150//5
f 1157//5 1145//5 1148//5
f 1175//1 1190//1 1174//1
f 1193//5 1175//5 1179//5
f 1203//5 1186//5 1189//5
f 1201//5 1179//5 1186//5
f 1190//5 1150//5 1174//5
f 1005//2 901//2 900//2
f 1010//2 906//2 905//2
f 1010//5 904//5 1008//5
f 1006//2 904//2 901//2
f 1101//2 943//2 942//2
f 1101//5 941//5 1099//5
f 1112//5 951//5 1111//5
f 1110//2 951//2 948//2
f 1110//5 943//5 1102//5
f 1131//2 989//2 988//2
f 1131//5 987//5 1129//5
f 1136//5 997//5 1135//5
f 1135//5 989//5 1132//5
f 1098//2 941//2 934//2
f 1129//5 952//5 1112//5
f 899//1 925//1 898//1
f 929//5 899//5 903//5
f 906//1 933//1 905//1
f 905//1 929//1 903//1
f 1033//1 1103//1 1032//1
f 1103//5 1030//5 1032//5
f 1122//5 1042//5 1043//5
f 1042//1 1118//1 1038//1
f 1118//5 1033//5 1038//5
f 1080//1 1138//1 1079//1
f 1141//5 1080//5 1083//5
f 1144//5 1094//5 1097//5
f 1143//5 1083//5 1094//5
f 1030//1 1098//1 1011//1
f 1138//5 1043//5 1079//5
f 1147//1 1127//1 1126//1
f 1128//2 1147//2 1126//2
f 1146//1 1128//1 1125//1
f 1127//2 1145//2 1117//2
f 1151//1 1134//1 1133//1
f 1153//1 1136//1 1135//1
f 1137//2 1153//2 1135//2
f 1152//1 1137//1 1134//1
f 1171//1 1142//1 1141//1
f 1142//2 1170//2 1140//2
f 1144//2 1180//2 1143//2
f 1143//2 1171//2 1141//2
f 1145//1 1133//1 1117//1
f 1140//2 1146//2 1125//2
f 1098//5 906//5 1011//5
f 1213//1 1214//1 1212//1
f 1221//1 1222//1 1220//1
f 1219//3 1221//3 1218//3
f 1229//1 1230//1 1228//1
f 1233//1 1234//1 1232//1
f 1234//3 1236//3 1232//3
f 1226//4 1214//4 1215//4
f 1214//3 1224//3 1212//3
f 1217//3 1233//3 1216//3
f 1223//1 1228//1 1222//1
f 1227//3 1223//3 1219//3
f 1226//1 1232//1 1225//1
f 1224//1 1219//1 1218//1
f 1236//1 1231//1 1229//1
f 1236//4 1227//4 1232//4
f 1225//1 1227//1 1219//1
f 1216//3 1226//3 1215//3
f 1244//1 1245//1 1243//1
f 1244//4 1240//4 1241//4
f 1242//3 1244//3 1241//3
f 1246//1 1247//1 1245//1
f 1243//1 1239//1 1238//1
f 1235//1 1240//1 1234//1
f 1240//3 1237//3 1234//3
f 1237//1 1238//1 1231//1
f 1253//1 1254//1 1252//1
f 1257//1 1258//1 1256//1
f 1255//1 1260//1 1254//1
f 1259//1 1262//1 1258//1
f 1256//1 1255//1 1253//1
f 1258//1 1261//1 1255//1
f 1265//1 1266//1 1264//1
f 1266//3 1268//3 1264//3
f 1271//1 1272//1 1270//1
f 1278//1 1279//1 1277//1
f 1278//4 1274//4 1275//4
f 1276//3 1278//3 1275//3
f 1282//1 1283//1 1281//1
f 1267//1 1274//1 1266//1
f 1274//3 1269//3 1266//3
f 1273//1 1281//1 1272//1
f 1270//1 1267//1 1265//1
f 1281//1 1276//1 1275//1
f 1285//4 1276//4 1283//4
f 1272//1 1275//1 1267//1
f 1290//1 1291//1 1289//1
f 1294//1 1295//1 1293//1
f 1293//1 1292//1 1290//1
f 1304//1 1305//1 1303//1
f 1304//4 1300//4 1301//4
f 1302//3 1304//3 1301//3
f 1310//1 1311//1 1309//1
f 1319//1 1320//1 1318//1
f 1319//4 1315//4 1316//4
f 1317//3 1319//3 1316//3
f 1323//1 1324//1 1322//1
f 1327//4 1324//4 1325//4
f 1310//4 1297//4 1298//4
f 1299//3 1310//3 1298//3
f 1323//4 1307//4 1308//4
f 1312//1 1315//1 1311//1
f 1315//3 1313//3 1311//3
f 1306//1 1307//1 1305//1
f 1303//1 1299//1 1298//1
f 1322//1 1317//1 1316//1
f 1326//4 1317//4 1324//4
f 1314//1 1316//1 1312//1
f 1314//4 1299//4 1305//4
f 1307//3 1314//3 1305//3
f 1329//1 1330//1 1328//1
f 1333//4 1330//4 1331//4
f 1335//1 1336//1 1334//1
f 1340//4 1336//4 1337//4
f 1340//5 1335//5 1338//5
f 1346//1 1347//1 1345//1
f 1351//1 1352//1 1350//1
f 1346//4 1341//4 1342//4
f 1351//4 1343//4 1344//4
f 1333//1 1341//1 1332//1
f 1340//1 1343//1 1339//1
f 1334//1 1331//1 1329//1
f 1339//4 1331//4 1336//4
f 1350//1 1348//1 1346//1
f 1339//1 1342//1 1333//1
f 1350//4 1342//4 1343//4
f 1251//3 1271//3 1250//3
f 1290//4 1260//4 1261//4
f 1294//4 1262//4 1263//4
f 1293//4 1261//4 1262//4
f 1260//3 1287//3 1254//3
f 1294//5 1259//5 1288//5
f 1280//1 1297//1 1279//1
f 1284//1 1300//1 1283//1
f 1300//3 1285//3 1283//3
f 1285//1 1298//1 1280//1
f 1297//3 1286//3 1279//3
f 1292//1 1328//1 1291//1
f 1296//1 1334//1 1295//1
f 1295//1 1329//1 1292//1
f 1252//1 1251//1 1250//1
f 1289//1 1284//1 1282//1
f 1287//1 1282//1 1273//1
f 1328//1 1302//1 1301//1
f 1332//4 1302//4 1330//4
f 1345//1 1325//1 1323//1
f 1349//4 1325//4 1347//4
f 1332//1 1308//1 1306//1
f 1345//4 1308//4 1341//4
f 1291//1 1301//1 1284//1
f 1287//4 1251//4 1254//4
f 1361//1 1362//1 1360//1
f 1361//4 1358//4 1359//4
f 1367//1 1368//1 1366//1
f 1367//4 1364//4 1365//4
f 1366//1 1363//1 1361//1
f 1366//4 1359//4 1364//4
f 1371//3 1372//3 1370//3
f 1378//1 1379//1 1377//1
f 1379//3 1381//3 1377//3
f 1384//1 1385//1 1383//1
f 1389//4 1385//4 1386//4
f 1385//3 1387//3 1383//3
f 1373//3 1378//3 1372//3
f 1376//3 1384//3 1375//3
f 1374//3 1373//3 1371//3
f 1380//1 1383//1 1379//1
f 1383//3 1382//3 1379//3
f 1375//3 1380//3 1373//3
f 1393//3 1395//3 1392//3
f 1399//3 1401//3 1398//3
f 1405//1 1406//1 1404//1
f 1410//4 1406//4 1407//4
f 1406//3 1408//3 1404//3
f 1417//1 1418//1 1416//1
f 1422//4 1418//4 1419//4
f 1418//3 1420//3 1416//3
f 1427//1 1428//1 1426//1
f 1432//4 1428//4 1429//4
f 1428//3 1430//3 1426//3
f 1409//3 1423//3 1408//3
f 1427//4 1413//4 1414//4
f 1415//3 1427//3 1414//3
f 1410//1 1413//1 1409//1
f 1412//3 1410//3 1407//3
f 1426//3 1425//3 1424//3
f 1420//1 1415//1 1414//1
f 1420//4 1412//4 1416//4
f 1434//4 1429//4 1433//4
f 1411//1 1412//1 1407//1
f 1433//4 1415//4 1421//4
f 1413//3 1424//3 1409//3
f 1436//3 1437//3 1435//3
f 1445//3 1446//3 1444//3
f 1449//3 1450//3 1448//3
f 1453//3 1454//3 1452//3
f 1438//3 1448//3 1437//3
f 1443//3 1452//3 1442//3
f 1441//3 1438//3 1436//3
f 1452//3 1451//3 1449//3
f 1439//1 1436//1 1435//1
f 1446//1 1443//1 1442//1
f 1446//4 1441//4 1444//4
f 1440//1 1441//1 1436//1
f 1456//4 1443//4 1447//4
f 1442//3 1449//3 1438//3
f 1458//1 1459//1 1457//1
f 1463//4 1459//4 1460//4
f 1459//3 1461//3 1457//3
f 1465//3 1467//3 1464//3
f 1473//3 1474//3 1472//3
f 1479//1 1480//1 1478//1
f 1484//4 1480//4 1481//4
f 1480//3 1482//3 1478//3
f 1462//3 1472//3 1461//3
f 1479//4 1466//4 1467//4
f 1468//3 1479//3 1467//3
f 1463//1 1466//1 1462//1
f 1464//3 1463//3 1460//3
f 1478//3 1475//3 1473//3
f 1474//1 1471//1 1470//1
f 1474//4 1469//4 1472//4
f 1482//1 1477//1 1476//1
f 1475//1 1476//1 1471//1
f 1466//3 1473//3 1462//3
f 1382//3 1439//3 1381//3
f 1388//3 1444//3 1387//3
f 1387//3 1440//3 1382//3
f 1458//4 1400//4 1401//4
f 1402//3 1458//3 1401//3
f 1403//3 1460//3 1402//3
f 1487//4 1431//4 1432//4
f 1431//3 1485//3 1430//3
f 1389//1 1400//1 1388//1
f 1398//3 1389//3 1386//3
f 1397//3 1386//3 1376//3
f 1469//3 1455//3 1453//3
f 1457//3 1447//3 1445//3
f 1456//1 1469//1 1453//1
f 1461//3 1456//3 1447//3
f 1394//1 1404//1 1393//1
f 1404//3 1396//3 1393//3
f 1390//1 1371//1 1370//1
f 1395//1 1376//1 1375//1
f 1395//4 1374//4 1392//4
f 1391//1 1374//1 1371//1
f 1423//1 1399//1 1398//1
f 1425//4 1399//4 1424//4
f 1425//1 1403//1 1402//1
f 1423//4 1397//4 1408//4
f 1485//1 1465//1 1464//1
f 1488//4 1465//4 1486//4
f 1396//1 1397//1 1376//1
f 1485//4 1403//4 1430//4
f 1400//3 1445//3 1388//3
f 1499//1 1500//1 1498//1
f 1499//4 1495//4 1496//4
f 1497//3 1499//3 1496//3
f 1496//4 1492//4 1493//4
f 1508//1 1509//1 1507//1
f 1506//3 1508//3 1505//3
f 1510//1 1511//1 1509//1
f 1518//1 1519//1 1517//1
f 1518//4 1514//4 1515//4
f 1516//3 1518//3 1515//3
f 1525//4 1522//4 1523//4
f 1537//1 1538//1 1536//1
f 1537//4 1534//4 1535//4
f 1541//1 1542//1 1540//1
f 1546//4 1542//4 1543//4
f 1542//3 1544//3 1540//3
f 1531//4 1519//4 1520//4
f 1519//3 1529//3 1517//3
f 1541//4 1527//4 1528//4
f 1531//1 1534//1 1530//1
f 1534//3 1532//3 1530//3
f 1525//1 1527//1 1524//1
f 1526//3 1525//3 1523//3
f 1521//1 1516//1 1515//1
f 1524//4 1516//4 1522//4
f 1544//1 1539//1 1537//1
f 1544//4 1535//4 1540//4
f 1533//1 1535//1 1531//1
f 1533//4 1520//4 1524//4
f 1527//3 1533//3 1524//3
f 1523//4 1500//4 1501//4
f 1500//3 1521//3 1498//3
f 1521//4 1494//4 1498//4
f 1502//3 1523//3 1501//3
f 1546//1 1548//1 1545//1
f 1545//1 1547//1 1539//1
f 1529//1 1506//1 1505//1
f 1532//4 1506//4 1530//4
f 1536//1 1513//1 1512//1
f 1532//1 1512//1 1510//1
f 1529//4 1503//4 1517//4
f 1554//1 1555//1 1553//1
f 1554//4 1550//4 1551//4
f 1552//3 1554//3 1551//3
f 1558//1 1559//1 1557//1
f 1562//4 1559//4 1560//4
f 1569//4 1566//4 1567//4
f 1578//1 1579//1 1577//1
f 1578//4 1574//4 1575//4
f 1576//3 1578//3 1575//3
f 1567//4 1555//4 1556//4
f 1555//3 1565//3 1553//3
f 1575//4 1563//4 1564//4
f 1569//1 1572//1 1568//1
f 1571//3 1569//3 1567//3
f 1562//1 1563//1 1561//1
f 1557//1 1552//1 1551//1
f 1561//4 1552//4 1559//4
f 1577//4 1571//4 1574//4
f 1570//1 1571//1 1567//1
f 1570//4 1556//4 1561//4
f 1563//3 1570//3 1561//3
f 1585//4 1582//4 1583//4
f 1590//4 1587//4 1588//4
f 1596//1 1597//1 1595//1
f 1600//4 1597//4 1598//4
f 1602//1 1603//1 1601//1
f 1607//4 1603//4 1604//4
f 1607//5 1602//5 1605//5
f 1596//4 1591//4 1592//4
f 1602//4 1593//4 1594//4
f 1585//1 1591//1 1584//1
f 1590//1 1593//1 1589//1
f 1589//4 1583//4 1587//4
f 1601//1 1598//1 1596//1
f 1606//4 1598//4 1603//4
f 1589//1 1592//1 1585//1
f 1601//4 1592//4 1593//4
f 1612//1 1613//1 1611//1
f 1612//4 1608//4 1609//4
f 1610//3 1612//3 1609//3
f 1619//4 1616//4 1617//4
f 1624//4 1621//4 1622//4
f 1622//4 1613//4 1614//4
f 1613//3 1620//3 1611//3
f 1626//4 1618//4 1619//4
f 1615//1 1610//1 1609//1
f 1618//4 1610//4 1616//4
f 1627//4 1622//4 1625//4
f 1625//4 1614//4 1618//4
f 1631//4 1628//4 1629//4
f 1635//4 1632//4 1633//4
f 1637//4 1630//4 1631//4
f 1639//4 1634//4 1635//4
f 1634//4 1629//4 1632//4
f 1638//4 1631//4 1634//4
f 1646//4 1643//4 1644//4
f 1650//4 1647//4 1648//4
f 1654//4 1651//4 1652//4
f 1653//4 1648//4 1651//4
f 1609//4 1572//4 1573//4
f 1617//4 1579//4 1580//4
f 1579//3 1615//3 1577//3
f 1615//4 1573//4 1577//4
f 1629//4 1599//4 1600//4
f 1633//4 1606//4 1607//4
f 1632//4 1600//4 1606//4
f 1624//1 1641//1 1623//1
f 1626//1 1643//1 1625//1
f 1643//3 1627//3 1625//3
f 1627//1 1642//1 1624//1
f 1637//1 1647//1 1636//1
f 1639//1 1651//1 1638//1
f 1654//5 1639//5 1640//5
f 1638//1 1648//1 1637//1
f 1581//1 1560//1 1558//1
f 1584//4 1560//4 1582//4
f 1595//1 1576//1 1575//1
f 1599//4 1576//4 1597//4
f 1584//1 1564//1 1562//1
f 1595//4 1564//4 1591//4
f 1630//4 1617//4 1628//4
f 1636//4 1619//4 1630//4
f 1649//4 1644//4 1647//4
f 1636//1 1644//1 1626//1
f 1628//4 1580//4 1599//4
f 1222//3 1390//3 1220//3
f 1394//4 1230//4 1231//4
f 1230//3 1392//3 1228//3
f 1228//3 1391//3 1222//3
f 1239//3 1405//3 1238//3
f 1417//4 1247//4 1248//4
f 1249//3 1417//3 1248//3
f 1411//4 1239//4 1245//4
f 1247//3 1411//3 1245//3
f 1238//3 1394//3 1231//3
f 1490//4 1320//4 1321//4
f 1558//4 1356//4 1357//4
f 1557//4 1355//4 1356//4
f 1583//4 1362//4 1363//4
f 1362//3 1581//3 1360//3
f 1588//4 1368//4 1369//4
f 1588//5 1367//5 1586//5
f 1587//4 1363//4 1368//4
f 1581//4 1357//4 1360//4
f 1484//1 1507//1 1483//1
f 1505//3 1484//3 1481//3
f 1483//1 1504//1 1477//1
f 1503//3 1481//3 1468//3
f 1422//1 1492//1 1421//1
f 1491//3 1422//3 1419//3
f 1495//3 1434//3 1433//3
f 1434//1 1494//1 1432//1
f 1492//3 1433//3 1421//3
f 1487//1 1514//1 1486//1
f 1514//3 1488//3 1486//3
f 1488//1 1503//1 1468//1
f 1494//3 1487//3 1432//3
f 1327//1 1356//1 1326//1
f 1326//1 1355//1 1321//1
f 1348//1 1358//1 1347//1
f 1358//3 1349//3 1347//3
f 1353//1 1364//1 1352//1
f 1367//5 1353//5 1354//5
f 1352//1 1359//1 1348//1
f 1349//1 1357//1 1327//1
f 1490//1 1550//1 1489//1
f 1268//1 1215//1 1213//1
f 1277//1 1217//1 1216//1
f 1269//1 1216//1 1215//1
f 1286//4 1217//4 1279//4
f 1309//1 1242//1 1241//1
f 1313//4 1242//4 1311//4
f 1318//1 1249//1 1248//1
f 1313//1 1248//1 1246//1
f 1286//1 1241//1 1235//1
f 1553//4 1491//4 1550//4
f 1565//1 1497//1 1496//1
f 1568//4 1497//4 1566//4
f 1568//1 1502//1 1501//1
f 1565//4 1493//4 1553//4
f 1611//4 1526//4 1608//4
f 1620//1 1543//1 1541//1
f 1623//4 1543//4 1621//4
f 1620//4 1528//4 1611//4
f 1623//1 1549//1 1546//1
f 1608//4 1502//4 1572//4
f 1489//1 1491//1 1419//1
f 1489//4 1249//4 1320//4
f 1355//3 1490//3 1321//3
f 1658//1 1659//1 1657//1
f 1662//1 1663//1 1661//1
f 1667//4 1663//4 1664//4
f 1667//5 1662//5 1665//5
f 1669//1 1670//1 1668//1
f 1676//1 1677//1 1675//1
f 1677//5 1673//5 1675//5
f 1660//1 1668//1 1659//1
f 1667//1 1675//1 1666//1
f 1675//5 1663//5 1666//5
f 1661//1 1660//1 1658//1
f 1673//1 1671//1 1669//1
f 1677//4 1671//4 1674//4
f 1663//1 1669//1 1660//1
f 1686//1 1687//1 1685//1
f 1693//1 1694//1 1692//1
f 1694//5 1690//5 1692//5
f 1697//1 1698//1 1696//1
f 1701//5 1697//5 1700//5
f 1686//4 1680//4 1681//4
f 1687//5 1680//5 1685//5
f 1698//5 1683//5 1696//5
f 1688//1 1696//1 1687//1
f 1700//5 1688//5 1689//5
f 1690//1 1688//1 1686//1
f 1694//4 1688//4 1691//4
f 1702//1 1701//1 1700//1
f 1694//1 1700//1 1689//1
f 1696//5 1682//5 1687//5
f 1707//1 1708//1 1706//1
f 1707//4 1704//4 1705//4
f 1717//1 1718//1 1716//1
f 1722//1 1723//1 1721//1
f 1726//4 1723//4 1724//4
f 1731//1 1732//1 1730//1
f 1731//4 1727//4 1728//4
f 1732//5 1727//5 1730//5
f 1717//4 1710//4 1711//4
f 1718//5 1710//5 1716//5
f 1722//4 1713//4 1714//4
f 1709//1 1713//1 1708//1
f 1719//1 1727//1 1718//1
f 1731//5 1719//5 1720//5
f 1710//1 1709//1 1707//1
f 1727//1 1724//1 1722//1
f 1732//4 1724//4 1729//4
f 1718//1 1722//1 1715//1
f 1718//4 1709//4 1712//4
f 1722//5 1709//5 1715//5
f 1738//1 1739//1 1737//1
f 1738//4 1734//4 1735//4
f 1739//5 1734//5 1737//5
f 1659//5 1655//5 1657//5
f 1671//1 1704//1 1670//1
f 1707//5 1671//5 1672//5
f 1678//1 1710//1 1677//1
f 1677//1 1707//1 1672//1
f 1717//5 1678//5 1679//5
f 1699//1 1734//1 1698//1
f 1738//5 1699//5 1701//5
f 1703//1 1738//1 1701//1
f 1680//1 1667//1 1665//1
f 1683//1 1678//1 1676//1
f 1682//1 1676//1 1667//1
f 1698//4 1678//4 1684//4
f 1734//1 1719//1 1717//1
f 1739//4 1719//4 1736//4
f 1739//1 1731//1 1720//1
f 1698//1 1717//1 1679//1
f 1750//5 1746//5 1749//5
f 1752//1 1753//1 1751//1
f 1756//5 1752//5 1755//5
f 1748//1 1751//1 1747//1
f 1755//5 1748//5 1750//5
f 1770//1 1771//1 1769//1
f 1770//4 1766//4 1767//4
f 1771//5 1766//5 1769//5
f 1774//1 1775//1 1773//1
f 1779//4 1775//4 1776//4
f 1779//5 1774//5 1777//5
f 1785//5 1781//5 1784//5
f 1794//4 1790//4 1791//4
f 1795//5 1790//5 1793//5
f 1783//4 1771//4 1772//4
f 1783//5 1770//5 1781//5
f 1788//4 1778//4 1779//4
f 1788//5 1777//5 1786//5
f 1764//1 1773//1 1763//1
f 1777//5 1764//5 1765//5
f 1783//1 1790//1 1782//1
f 1794//5 1783//5 1785//5
f 1766//1 1764//1 1762//1
f 1771//4 1764//4 1768//4
f 1790//1 1788//1 1786//1
f 1795//4 1788//4 1792//4
f 1771//1 1777//1 1765//1
f 1790//4 1777//4 1780//4
f 1790//5 1771//5 1782//5
f 1798//1 1799//1 1797//1
f 1803//4 1799//4 1800//4
f 1803//5 1798//5 1801//5
f 1809//4 1805//4 1806//4
f 1809//5 1804//5 1807//5
f 1806//4 1802//4 1803//4
f 1806//5 1801//5 1804//5
f 1798//4 1793//4 1794//4
f 1799//5 1793//5 1797//5
f 1798//5 1785//5 1796//5
f 1754//1 1766//1 1753//1
f 1770//5 1754//5 1756//5
f 1781//5 1756//5 1757//5
f 1773//1 1760//1 1758//1
f 1778//4 1760//4 1775//4
f 1816//1 1817//1 1815//1
f 1821//4 1817//4 1818//4
f 1821//5 1816//5 1819//5
f 1825//1 1826//1 1824//1
f 1826//5 1822//5 1824//5
f 1817//5 1811//5 1815//5
f 1823//5 1813//5 1822//5
f 1821//1 1824//1 1820//1
f 1824//5 1817//5 1820//5
f 1822//5 1812//5 1817//5
f 1834//5 1831//5 1833//5
f 1840//5 1836//5 1839//5
f 1847//5 1844//5 1846//5
f 1851//5 1848//5 1850//5
f 1842//5 1833//5 1841//5
f 1849//5 1839//5 1848//5
f 1839//5 1832//5 1834//5
f 1850//5 1842//5 1843//5
f 1844//1 1842//1 1841//1
f 1847//4 1842//4 1845//4
f 1844//4 1833//4 1835//4
f 1848//5 1834//5 1842//5
f 1856//4 1852//4 1853//4
f 1857//5 1852//5 1855//5
f 1864//1 1865//1 1863//1
f 1864//4 1860//4 1861//4
f 1865//5 1860//5 1863//5
f 1861//4 1855//4 1856//4
f 1862//5 1855//5 1860//5
f 1859//5 1854//5 1857//5
f 1868//5 1862//5 1865//5
f 1867//5 1857//5 1862//5
f 1832//5 1819//5 1831//5
f 1838//4 1826//4 1827//4
f 1838//5 1825//5 1836//5
f 1836//5 1821//5 1832//5
f 1854//5 1829//5 1852//5
f 1829//5 1823//5 1826//5
f 1838//1 1852//1 1837//1
f 1856//5 1838//5 1840//5
f 1864//5 1849//5 1851//5
f 1861//5 1840//5 1849//5
f 1852//5 1826//5 1837//5
f 1870//1 1871//1 1869//1
f 1875//4 1871//4 1872//4
f 1875//5 1870//5 1873//5
f 1879//1 1880//1 1878//1
f 1879//4 1876//4 1877//4
f 1889//4 1886//4 1887//4
f 1893//1 1894//1 1892//1
f 1893//4 1890//4 1891//4
f 1884//4 1874//4 1875//4
f 1887//4 1880//4 1881//4
f 1887//5 1879//5 1885//5
f 1884//1 1890//1 1883//1
f 1889//1 1897//1 1888//1
f 1897//5 1886//5 1888//5
f 1878//1 1875//1 1873//1
f 1878//4 1870//4 1876//4
f 1897//4 1891//4 1896//4
f 1886//1 1891//1 1884//1
f 1886//4 1875//4 1880//4
f 1890//5 1874//5 1883//5
f 1904//4 1900//4 1901//4
f 1905//5 1900//5 1903//5
f 1913//4 1910//4 1911//4
f 1918//4 1914//4 1915//4
f 1919//5 1914//5 1917//5
f 1923//4 1920//4 1921//4
f 1925//1 1926//1 1924//1
f 1930//4 1926//4 1927//4
f 1930//5 1925//5 1928//5
f 1921//4 1912//4 1913//4
f 1925//4 1917//4 1918//4
f 1926//5 1917//5 1924//5
f 1918//5 1907//5 1908//5
f 1914//1 1911//1 1909//1
f 1919//4 1911//4 1916//4
f 1929//4 1921//4 1926//4
f 1926//4 1913//4 1919//4
f 1932//1 1933//1 1931//1
f 1937//4 1933//4 1934//4
f 1937//5 1932//5 1935//5
f 1946//4 1942//4 1943//4
f 1946//5 1941//5 1944//5
f 1943//4 1936//4 1937//4
f 1943//5 1935//5 1941//5
f 1951//5 1942//5 1945//5
f 1939//4 1932//4 1938//4
f 1948//4 1941//4 1947//4
f 1947//4 1935//4 1939//4
f 1950//5 1936//5 1942//5
f 1911//4 1894//4 1895//4
f 1911//5 1893//5 1909//5
f 1915//4 1897//4 1898//4
f 1914//4 1893//4 1897//4
f 1915//5 1889//5 1907//5
f 1932//4 1903//4 1904//4
f 1933//5 1903//5 1931//5
f 1938//4 1904//4 1906//4
f 1900//1 1887//1 1885//1
f 1905//4 1887//4 1902//4
f 1900//4 1879//4 1899//4
f 1936//4 1907//4 1933//4
f 1951//4 1925//4 1950//4
f 1936//1 1918//1 1908//1
f 1950//4 1918//4 1940//4
f 1933//4 1889//4 1905//4
f 1748//4 1694//4 1695//4
f 1748//5 1693//5 1746//5
f 1753//5 1702//5 1751//5
f 1751//5 1694//5 1747//5
f 1760//4 1732//4 1733//4
f 1760//5 1731//5 1758//5
f 1764//4 1739//4 1740//4
f 1764//5 1738//5 1762//5
f 1766//4 1738//4 1741//4
f 1773//5 1739//5 1763//5
f 1773//4 1731//4 1742//4
f 1766//5 1703//5 1753//5
f 1870//4 1743//4 1744//4
f 1876//4 1744//4 1745//4
f 1726//1 1743//1 1725//1
f 1732//1 1744//1 1726//1
f 1760//1 1876//1 1759//1
f 1879//5 1760//5 1761//5
f 1788//1 1900//1 1787//1
f 1904//5 1788//5 1789//5
f 1795//1 1904//1 1789//1
f 1900//5 1778//5 1787//5
f 1939//5 1799//5 1802//5
f 1809//1 1948//1 1808//1
f 1948//5 1805//5 1808//5
f 1947//5 1802//5 1805//5
f 1778//1 1879//1 1761//1
f 1938//5 1795//5 1799//5
f 1811//1 1750//1 1749//1
f 1811//4 1746//4 1810//4
f 1813//1 1756//1 1755//1
f 1812//1 1755//1 1750//1
f 1823//4 1756//4 1814//4
f 1829//1 1785//1 1784//1
f 1829//4 1781//4 1828//4
f 1859//4 1798//4 1858//4
f 1868//4 1804//4 1867//4
f 1854//1 1798//1 1796//1
f 1867//4 1801//4 1859//4
f 1823//1 1781//1 1757//1
f 1854//4 1785//4 1830//4
f 1876//5 1732//5 1759//5
f 1960//2 1958//2 1957//2
f 1958//3 1959//3 1956//3
f 1965//2 1963//2 1962//2
f 1964//3 1965//3 1962//3
f 1973//2 1971//2 1970//2
f 1971//3 1972//3 1969//3
f 1978//6 1975//6 1977//6
f 1980//2 1978//2 1977//2
f 1978//3 1979//3 1976//3
f 1970//2 1961//2 1960//2
f 1961//3 1969//3 1959//3
f 1975//2 1966//2 1965//2
f 1967//3 1975//3 1965//3
f 1963//3 1955//3 1954//3
f 1982//3 1973//3 1970//3
f 1955//2 1957//2 1954//2
f 1979//2 1982//2 1976//2
f 1968//6 1955//6 1966//6
f 1976//2 1968//2 1966//2
f 1968//3 1970//3 1960//3
f 1994//2 1992//2 1991//2
f 1993//3 1994//3 1991//3
f 2001//6 1998//6 2000//6
f 2003//2 2001//2 2000//2
f 2001//3 2002//3 1999//3
f 1998//2 1995//2 1994//2
f 1996//3 1998//3 1994//3
f 1992//6 1984//6 1991//6
f 1992//3 1986//3 1985//3
f 1993//6 1987//6 1989//6
f 1990//2 1993//2 1989//2
f 1997//2 1996//2 1990//2
f 1984//2 1974//2 1973//2
f 1988//2 1981//2 1980//2
f 1981//3 1987//3 1979//3
f 1987//2 1983//2 1979//2
f 1983//3 1984//3 1973//3
f 1953//2 1964//2 1952//2
f 2009//2 2008//2 2007//2
f 2015//2 2014//2 2013//2
f 2013//2 2010//2 2009//2
f 2006//2 2007//2 2005//2
f 2012//2 2013//2 2011//2
f 2011//2 2009//2 2006//2
f 2019//2 2018//2 2017//2
f 2023//2 2022//2 2021//2
f 2027//2 2026//2 2025//2
f 2031//2 2030//2 2029//2
f 2025//2 2020//2 2019//2
f 2029//2 2024//2 2023//2
f 2020//2 2021//2 2018//2
f 2028//2 2029//2 2026//2
f 2026//2 2023//2 2020//2
f 2035//2 2034//2 2033//2
f 2039//2 2038//2 2037//2
f 2037//2 2036//2 2035//2
f 2052//6 2049//6 2051//6
f 2054//2 2052//2 2051//2
f 2052//3 2053//3 2050//3
f 2058//2 2057//2 2056//2
f 2068//6 2065//6 2067//6
f 2069//2 2068//2 2067//2
f 2076//6 2073//6 2075//6
f 2073//2 2072//2 2071//2
f 2062//2 2055//2 2054//2
f 2065//2 2059//2 2058//2
f 2060//3 2065//3 2058//3
f 2072//6 2062//6 2071//6
f 2072//3 2064//3 2063//3
f 2078//6 2069//6 2077//6
f 2060//6 2053//6 2055//6
f 2053//2 2056//2 2050//2
f 2064//2 2067//2 2063//2
f 2077//6 2064//6 2074//6
f 2063//2 2060//2 2055//2
f 2061//3 2062//3 2054//3
f 2081//2 2080//2 2079//2
f 2085//2 2084//2 2083//2
f 2090//6 2087//6 2089//6
f 2091//2 2090//2 2089//2
f 2096//6 2093//6 2095//6
f 2097//2 2096//2 2095//2
f 2087//2 2082//2 2081//2
f 2093//2 2086//2 2085//2
f 2101//6 2097//6 2100//6
f 2082//2 2083//2 2080//2
f 2095//6 2088//6 2090//6
f 2092//2 2095//2 2090//2
f 2088//2 2085//2 2082//2
f 2045//2 2028//2 2027//2
f 2047//2 2032//2 2031//2
f 2046//2 2031//2 2028//2
f 2049//2 2040//2 2039//2
f 2041//3 2049//3 2039//3
f 2056//2 2043//2 2042//2
f 2050//2 2042//2 2040//2
f 2034//3 2006//3 2005//3
f 2038//3 2012//3 2011//3
f 2043//6 2015//6 2042//6
f 2042//6 2012//6 2040//6
f 2036//3 2011//3 2006//3
f 2080//6 2045//6 2079//6
f 2084//6 2047//6 2083//6
f 2083//6 2046//6 2080//6
f 2010//2 2017//2 2008//2
f 2016//2 2025//2 2014//2
f 2014//2 2019//2 2010//2
f 2059//2 2079//2 2057//2
f 2089//6 2066//6 2068//6
f 2070//2 2089//2 2068//2
f 2099//6 2070//6 2078//6
f 2066//2 2081//2 2059//2
f 2079//6 2044//6 2057//6
f 2044//2 2027//2 2016//2
f 2043//3 2044//3 2016//3
f 2106//2 2104//2 2103//2
f 2104//3 2105//3 2102//3
f 2111//3 2112//3 2110//3
f 2116//3 2117//3 2114//3
f 2122//2 2120//2 2119//2
f 2121//3 2122//3 2119//3
f 2115//2 2107//2 2106//2
f 2107//3 2114//3 2105//3
f 2113//3 2119//3 2112//3
f 2110//3 2106//3 2103//3
f 2120//6 2115//6 2119//6
f 2120//3 2118//3 2116//3
f 2109//2 2111//2 2108//2
f 2112//3 2115//3 2106//3
f 2129//3 2130//3 2128//3
f 2134//3 2135//3 2133//3
f 2138//3 2139//3 2137//3
f 2145//3 2146//3 2144//3
f 2131//3 2137//3 2130//3
f 2136//3 2144//3 2135//3
f 2133//3 2131//3 2129//3
f 2144//3 2140//3 2138//3
f 2143//6 2139//6 2140//6
f 2139//2 2141//2 2137//2
f 2137//2 2132//2 2130//2
f 2135//3 2138//3 2131//3
f 2154//6 2151//6 2153//6
f 2156//2 2154//2 2153//2
f 2154//3 2155//3 2152//3
f 2157//3 2158//3 2155//3
f 2152//3 2150//3 2149//3
f 2164//2 2162//2 2161//2
f 2163//3 2164//3 2161//3
f 2171//6 2168//6 2170//6
f 2173//2 2171//2 2170//2
f 2171//3 2172//3 2169//3
f 2184//6 2181//6 2183//6
f 2180//3 2181//3 2179//3
f 2168//2 2165//2 2164//2
f 2166//3 2168//3 2164//3
f 2182//6 2173//6 2181//6
f 2179//3 2173//3 2170//3
f 2178//6 2172//6 2174//6
f 2172//2 2175//2 2169//2
f 2167//3 2170//3 2166//3
f 2191//6 2188//6 2190//6
f 2187//3 2188//3 2186//3
f 2196//3 2197//3 2195//3
f 2201//3 2202//3 2199//3
f 2210//6 2207//6 2209//6
f 2207//2 2205//2 2204//2
f 2206//3 2207//3 2204//3
f 2200//2 2191//2 2190//2
f 2191//3 2199//3 2189//3
f 2198//3 2204//3 2197//3
f 2195//3 2190//3 2187//3
f 2205//6 2200//6 2204//6
f 2205//3 2203//3 2201//3
f 2196//6 2192//6 2193//6
f 2194//2 2196//2 2193//2
f 2195//6 2185//6 2192//6
f 2197//3 2200//3 2190//3
f 2118//3 2148//3 2117//3
f 2151//2 2123//2 2122//2
f 2124//3 2151//3 2122//3
f 2123//3 2149//3 2118//3
f 2143//3 2186//3 2142//3
f 2147//3 2192//3 2146//3
f 2185//2 2143//2 2140//2
f 2146//3 2185//3 2140//3
f 2128//3 2109//3 2108//3
f 2141//3 2124//3 2121//3
f 2132//6 2109//6 2130//6
f 2132//3 2121//3 2113//3
f 2189//6 2156//6 2188//6
f 2186//3 2156//3 2153//3
f 2199//3 2160//3 2159//3
f 2189//3 2159//3 2157//3
f 2117//2 2126//2 2114//2
f 2114//2 2125//2 2105//2
f 2163//6 2148//6 2149//6
f 2150//2 2163//2 2149//2
f 2180//6 2158//6 2159//6
f 2160//2 2180//2 2159//2
f 2167//6 2150//6 2155//6
f 2158//2 2167//2 2155//2
f 2212//6 2202//6 2203//6
f 2211//6 2160//6 2202//6
f 2148//2 2127//2 2117//2
f 2142//3 2153//3 2124//3
f 2221//6 2218//6 2220//6
f 2223//2 2221//2 2220//2
f 2221//3 2222//3 2219//3
f 2220//6 2214//6 2216//6
f 2217//2 2220//2 2216//2
f 2233//6 2230//6 2232//6
f 2230//2 2229//2 2228//2
f 2239//6 2236//6 2238//6
f 2236//2 2235//2 2234//2
f 2229//6 2225//6 2228//6
f 2238//6 2231//6 2233//6
f 2231//2 2234//2 2229//2
f 2234//6 2226//6 2229//6
f 2232//6 2222//6 2224//6
f 2222//2 2228//2 2219//2
f 2244//6 2241//6 2243//6
f 2246//2 2244//2 2243//2
f 2244//3 2245//3 2242//3
f 2257//6 2254//6 2256//6
f 2253//3 2254//3 2252//3
f 2257//3 2258//3 2255//3
f 2255//6 2246//6 2254//6
f 2252//3 2246//3 2243//3
f 2253//6 2248//6 2250//6
f 2251//2 2253//2 2250//2
f 2252//6 2240//6 2248//6
f 2267//6 2264//6 2266//6
f 2269//2 2267//2 2266//2
f 2267//3 2268//3 2265//3
f 2279//6 2276//6 2278//6
f 2275//3 2276//3 2274//3
f 2284//6 2281//6 2283//6
f 2291//6 2288//6 2290//6
f 2293//2 2291//2 2290//2
f 2291//3 2292//3 2289//3
f 2281//2 2272//2 2271//2
f 2273//3 2281//3 2271//3
f 2279//3 2286//3 2277//3
f 2277//6 2269//6 2276//6
f 2274//3 2269//3 2266//3
f 2289//6 2283//6 2288//6
f 2289//3 2285//3 2284//3
f 2273//6 2268//6 2270//6
f 2290//6 2286//6 2287//6
f 2280//6 2270//6 2277//6
f 2286//2 2280//2 2277//2
f 2280//3 2283//3 2273//3
f 2265//6 2249//6 2264//6
f 2265//3 2251//3 2250//3
f 2272//6 2256//6 2271//6
f 2271//6 2251//6 2268//6
f 2272//3 2259//3 2257//3
f 2275//6 2261//6 2262//6
f 2263//2 2275//2 2262//2
f 2274//6 2260//6 2261//6
f 2300//6 2297//6 2299//6
f 2297//2 2296//2 2295//2
f 2310//6 2307//6 2309//6
f 2315//6 2312//6 2314//6
f 2317//2 2315//2 2314//2
f 2315//3 2316//3 2313//3
f 2324//6 2321//6 2323//6
f 2321//2 2320//2 2319//2
f 2305//2 2300//2 2299//2
f 2300//3 2304//3 2298//3
f 2307//2 2302//2 2301//2
f 2313//6 2305//6 2312//6
f 2320//6 2309//6 2319//6
f 2320//3 2311//3 2310//3
f 2309//6 2304//6 2306//6
f 2323//6 2316//6 2318//6
f 2316//2 2319//2 2313//2
f 2319//6 2306//6 2313//6
f 2304//2 2301//2 2298//2
f 2303//3 2305//3 2299//3
f 2332//6 2329//6 2331//6
f 2333//2 2332//2 2331//2
f 2338//6 2335//6 2337//6
f 2339//2 2338//2 2337//2
f 2344//6 2341//6 2343//6
f 2348//6 2345//6 2347//6
f 2329//2 2326//2 2325//2
f 2335//2 2328//2 2327//2
f 2342//6 2333//6 2341//6
f 2346//6 2339//6 2345//6
f 2337//6 2330//6 2332//6
f 2334//2 2337//2 2332//2
f 2347//6 2342//6 2344//6
f 2345//6 2334//6 2342//6
f 2330//2 2327//2 2326//2
f 2354//6 2351//6 2353//6
f 2350//3 2351//3 2349//3
f 2361//6 2358//6 2360//6
f 2359//6 2353//6 2358//6
f 2357//6 2352//6 2354//6
f 2372//6 2369//6 2371//6
f 2378//6 2375//6 2377//6
f 2376//6 2371//6 2375//6
f 2377//6 2373//6 2374//6
f 2375//6 2368//6 2373//6
f 2382//6 2379//6 2381//6
f 2386//6 2383//6 2385//6
f 2390//6 2387//6 2389//6
f 2394//6 2391//6 2393//6
f 2388//6 2381//6 2387//6
f 2392//6 2385//6 2391//6
f 2385//6 2380//6 2382//6
f 2393//6 2388//6 2390//6
f 2391//6 2382//6 2388//6
f 2364//2 2344//2 2343//2
f 2366//2 2348//2 2347//2
f 2365//2 2347//2 2344//2
f 2369//2 2356//2 2355//2
f 2357//3 2369//3 2355//3
f 2361//3 2373//3 2359//3
f 2368//2 2357//2 2354//2
f 2359//3 2368//3 2354//3
f 2352//6 2317//6 2351//6
f 2349//3 2317//3 2314//3
f 2356//6 2323//6 2355//6
f 2355//6 2318//6 2352//6
f 2380//6 2364//6 2379//6
f 2384//6 2366//6 2383//6
f 2383//6 2365//6 2380//6
f 2331//6 2308//6 2310//6
f 2311//2 2331//2 2310//2
f 2343//6 2322//6 2324//6
f 2341//6 2311//6 2322//6
f 2308//2 2325//2 2302//2
f 2381//6 2370//6 2372//6
f 2389//6 2376//6 2378//6
f 2387//6 2372//6 2376//6
f 2379//6 2363//6 2370//6
f 2363//2 2343//2 2324//2
f 2356//3 2363//3 2324//3
f 2384//5 2348//5 2367//5
f 2215//2 2076//2 2075//2
f 2076//3 2214//3 2074//3
f 2218//2 2078//2 2077//2
f 2214//2 2077//2 2074//2
f 2225//2 2092//2 2091//2
f 2234//2 2101//2 2100//2
f 2226//2 2097//2 2092//2
f 2099//3 2225//3 2091//3
f 2234//5 2097//5 2227//5
f 2219//2 2099//2 2078//2
f 2241//2 2177//2 2176//2
f 2178//3 2241//3 2176//3
f 2249//2 2184//2 2183//2
f 2184//3 2248//3 2182//3
f 2240//2 2178//2 2174//2
f 2182//3 2240//3 2174//3
f 2210//3 2261//3 2208//3
f 2208//3 2260//3 2203//3
f 2212//3 2264//3 2211//3
f 2260//2 2212//2 2203//2
f 2211//3 2249//3 2183//3
f 2102//3 1953//3 1952//3
f 2126//3 1980//3 1977//3
f 2125//3 1977//3 1967//3
f 2162//6 1988//6 2161//6
f 2162//3 1990//3 1989//3
f 2177//6 2003//6 2176//6
f 2175//3 2003//3 2000//3
f 2175//6 1997//6 2169//6
f 2165//3 1997//3 1990//3
f 2125//6 1953//6 2105//6
f 2127//3 1988//3 1980//3
f 2296//6 2215//6 2295//6
f 2296//3 2217//3 2216//3
f 2302//6 2223//6 2301//6
f 2301//6 2217//6 2298//6
f 2326//6 2232//6 2325//6
f 2328//6 2238//6 2327//6
f 2327//6 2233//6 2326//6
f 2325//6 2224//6 2302//6
f 1959//2 2033//2 1956//2
f 2041//6 1972//6 1974//6
f 1972//2 2037//2 1969//2
f 1969//2 2035//2 1959//2
f 1986//2 2051//2 1985//2
f 2075//6 2002//6 2004//6
f 2002//2 2071//2 1999//2
f 2061//6 1986//6 1995//6
f 1999//2 2061//2 1995//2
f 1985//2 2041//2 1974//2
f 2299//6 2245//6 2247//6
f 2245//2 2295//2 2242//2
f 2314//6 2258//6 2259//6
f 2303//6 2247//6 2255//6
f 2258//2 2303//2 2255//2
f 2350//6 2282//6 2284//6
f 2285//2 2350//2 2284//2
f 2360//6 2292//6 2294//6
f 2358//6 2285//6 2292//6
f 2349//6 2259//6 2282//6
f 2295//6 2213//6 2242//6
f 2213//2 2075//2 2004//2
f 2177//3 2213//3 2004//3
f 2397//2 2396//2 2395//2
f 2403//2 2402//2 2401//2
f 2401//2 2398//2 2397//2
f 2398//2 2399//2 2396//2
f 2402//2 2400//2 2398//2
f 2408//2 2407//2 2406//2
f 2417//2 2415//2 2414//2
f 2419//5 2415//5 2418//5
f 2414//2 2409//2 2408//2
f 2416//5 2409//5 2415//5
f 2413//2 2414//2 2411//2
f 2424//2 2422//2 2421//2
f 2424//5 2420//5 2423//5
f 2432//2 2430//2 2429//2
f 2432//5 2428//5 2431//5
f 2436//2 2435//2 2434//2
f 2446//2 2444//2 2443//2
f 2446//5 2442//5 2445//5
f 2434//2 2425//2 2424//2
f 2443//2 2433//2 2432//2
f 2443//5 2431//5 2442//5
f 2427//5 2422//5 2425//5
f 2440//6 2436//6 2439//6
f 2440//5 2435//5 2437//5
f 2427//2 2428//2 2426//2
f 2446//6 2440//6 2441//6
f 2440//2 2442//2 2438//2
f 2438//2 2431//2 2427//2
f 2438//5 2425//5 2435//5
f 2454//6 2451//6 2453//6
f 2451//2 2450//2 2449//2
f 2458//6 2455//6 2457//6
f 2460//2 2458//2 2457//2
f 2460//5 2455//5 2459//5
f 2466//2 2465//2 2464//2
f 2479//6 2476//6 2478//6
f 2476//2 2474//2 2473//2
f 2479//5 2474//5 2477//5
f 2464//2 2454//2 2453//2
f 2464//5 2451//5 2463//5
f 2468//2 2461//2 2460//2
f 2472//6 2466//6 2471//6
f 2472//5 2465//5 2467//5
f 2474//6 2468//6 2473//6
f 2460//6 2452//6 2454//6
f 2452//2 2455//2 2450//2
f 2472//2 2473//2 2470//2
f 2473//6 2465//6 2470//6
f 2465//2 2460//2 2454//2
f 2474//5 2461//5 2469//5
f 2488//6 2485//6 2487//6
f 2485//2 2483//2 2482//2
f 2488//5 2483//5 2486//5
f 2494//2 2493//2 2492//2
f 2492//2 2488//2 2487//2
f 2492//5 2485//5 2491//5
f 2485//5 2480//5 2481//5
f 2488//2 2489//2 2484//2
f 2449//2 2413//2 2412//2
f 2455//2 2418//2 2417//2
f 2458//5 2418//5 2456//5
f 2450//2 2417//2 2413//2
f 2482//2 2440//2 2439//2
f 2484//5 2440//5 2483//5
f 2484//2 2446//2 2441//2
f 2482//5 2436//5 2480//5
f 2413//6 2403//6 2412//6
f 2413//5 2402//5 2404//5
f 2408//5 2399//5 2400//5
f 2414//6 2402//6 2411//6
f 2414//5 2400//5 2405//5
f 2424//6 2409//6 2410//6
f 2409//2 2420//2 2407//2
f 2419//2 2434//2 2416//2
f 2416//2 2424//2 2410//2
f 2461//2 2480//2 2458//2
f 2492//6 2474//6 2475//6
f 2479//2 2492//2 2475//2
f 2485//6 2461//6 2462//6
f 2474//2 2485//2 2462//2
f 2458//2 2436//2 2419//2
f 2449//5 2403//5 2448//5
f 2502//5 2498//5 2501//5
f 2511//6 2508//6 2510//6
f 2508//2 2506//2 2505//2
f 2511//5 2506//5 2509//5
f 2519//5 2515//5 2518//5
f 2531//6 2528//6 2530//6
f 2528//2 2526//2 2525//2
f 2531//5 2526//5 2529//5
f 2521//2 2511//2 2510//2
f 2521//5 2508//5 2520//5
f 2527//5 2513//5 2526//5
f 2513//5 2507//5 2511//5
f 2526//6 2521//6 2525//6
f 2528//5 2521//5 2523//5
f 2521//6 2515//6 2516//6
f 2519//2 2521//2 2516//2
f 2528//6 2519//6 2524//6
f 2515//2 2508//2 2504//2
f 2526//5 2511//5 2522//5
f 2536//5 2532//5 2535//5
f 2505//2 2501//2 2500//2
f 2507//5 2501//5 2506//5
f 2535//6 2530//6 2534//6
f 2535//5 2527//5 2531//5
f 2542//5 2539//5 2541//5
f 2546//2 2544//2 2543//2
f 2548//5 2544//5 2547//5
f 2558//6 2555//6 2557//6
f 2555//2 2553//2 2552//2
f 2558//5 2553//5 2556//5
f 2550//5 2541//5 2549//5
f 2552//2 2547//2 2546//2
f 2554//5 2547//5 2553//5
f 2546//5 2540//5 2542//5
f 2555//5 2550//5 2551//5
f 2552//5 2542//5 2550//5
f 2562//5 2559//5 2561//5
f 2569//5 2566//5 2568//5
f 2573//5 2570//5 2572//5
f 2577//5 2574//5 2576//5
f 2571//5 2561//5 2570//5
f 2579//5 2568//5 2578//5
f 2576//5 2571//5 2573//5
f 2568//5 2563//5 2564//5
f 2562//2 2563//2 2560//2
f 2579//6 2574//6 2575//6
f 2568//6 2562//6 2565//6
f 2574//2 2568//2 2565//2
f 2574//5 2562//5 2571//5
f 2585//5 2581//5 2584//5
f 2590//6 2587//6 2589//6
f 2592//2 2590//2 2589//2
f 2592//5 2587//5 2591//5
f 2599//6 2596//6 2598//6
f 2599//5 2594//5 2597//5
f 2606//5 2603//5 2605//5
f 2601//5 2591//5 2600//5
f 2604//5 2596//5 2603//5
f 2597//6 2592//6 2596//6
f 2597//5 2590//5 2593//5
f 2605//5 2601//5 2602//5
f 2603//5 2592//5 2601//5
f 2582//2 2558//2 2557//2
f 2582//5 2555//5 2581//5
f 2581//5 2551//5 2580//5
f 2590//5 2572//5 2588//5
f 2595//5 2576//5 2594//5
f 2594//5 2573//5 2590//5
f 2561//5 2545//5 2548//5
f 2572//5 2554//5 2558//5
f 2570//5 2548//5 2554//5
f 2588//6 2582//6 2587//6
f 2591//5 2582//5 2585//5
f 2600//5 2585//5 2586//5
f 2588//5 2558//5 2583//5
f 2610//6 2607//6 2609//6
f 2612//2 2610//2 2609//2
f 2612//5 2607//5 2611//5
f 2615//6 2608//6 2610//6
f 2613//2 2615//2 2610//2
f 2627//6 2624//6 2626//6
f 2624//2 2622//2 2621//2
f 2627//5 2622//5 2625//5
f 2633//6 2630//6 2632//6
f 2643//6 2640//6 2642//6
f 2640//2 2638//2 2637//2
f 2643//5 2638//5 2641//5
f 2647//6 2644//6 2646//6
f 2630//2 2619//2 2618//2
f 2633//5 2619//5 2631//5
f 2635//2 2627//2 2626//2
f 2647//5 2628//5 2645//5
f 2638//6 2632//6 2637//6
f 2640//5 2632//5 2634//5
f 2645//6 2635//6 2644//6
f 2626//6 2619//6 2620//6
f 2646//6 2638//6 2639//6
f 2643//2 2646//2 2639//2
f 2644//6 2633//6 2638//6
f 2633//2 2626//2 2620//2
f 2645//5 2627//5 2636//5
f 2652//6 2649//6 2651//6
f 2660//6 2657//6 2659//6
f 2657//2 2655//2 2654//2
f 2660//5 2655//5 2658//5
f 2655//6 2651//6 2654//6
f 2657//5 2651//5 2653//5
f 2662//6 2655//6 2656//6
f 2673//6 2670//6 2672//6
f 2670//2 2668//2 2667//2
f 2673//5 2668//5 2671//5
f 2679//6 2676//6 2678//6
f 2677//6 2672//6 2676//6
f 2677//5 2669//5 2673//5
f 2672//6 2665//6 2666//6
f 2676//6 2666//6 2674//6
f 2687//6 2684//6 2686//6
f 2689//5 2684//5 2688//5
f 2695//6 2692//6 2694//6
f 2697//5 2692//5 2696//5
f 2701//6 2698//6 2700//6
f 2705//6 2702//6 2704//6
f 2707//5 2702//5 2706//5
f 2698//2 2682//2 2681//2
f 2701//5 2682//5 2699//5
f 2705//5 2690//5 2703//5
f 2703//6 2700//6 2702//6
f 2693//6 2686//6 2692//6
f 2696//5 2686//5 2689//5
f 2689//6 2682//6 2683//6
f 2682//2 2684//2 2680//2
f 2697//6 2690//6 2691//6
f 2696//6 2683//6 2690//6
f 2703//5 2683//5 2701//5
f 2711//6 2708//6 2710//6
f 2715//6 2712//6 2714//6
f 2713//6 2710//6 2712//6
f 2717//6 2713//6 2715//6
f 2708//2 2665//2 2664//2
f 2711//5 2665//5 2709//5
f 2717//5 2676//5 2716//5
f 2713//2 2676//2 2674//2
f 2713//5 2666//5 2711//5
f 2665//6 2642//6 2664//6
f 2668//6 2646//6 2667//6
f 2670//5 2646//5 2648//5
f 2670//6 2643//6 2665//6
f 2682//6 2659//6 2681//6
f 2682//5 2656//5 2660//5
f 2684//6 2656//6 2680//6
f 2698//5 2659//5 2663//5
f 2651//6 2622//6 2623//6
f 2627//2 2651//2 2623//2
f 2659//6 2628//6 2629//6
f 2657//6 2627//6 2628//6
f 2647//2 2659//2 2629//2
f 2700//6 2668//6 2669//6
f 2707//6 2677//6 2679//6
f 2677//2 2702//2 2675//2
f 2702//6 2669//6 2675//6
f 2698//6 2647//6 2668//6
f 2607//2 2472//2 2471//2
f 2615//2 2479//2 2478//2
f 2615//5 2476//5 2614//5
f 2608//2 2476//2 2472//2
f 2649//2 2518//2 2517//2
f 2652//5 2518//5 2650//5
f 2662//5 2528//5 2661//5
f 2655//2 2528//2 2524//2
f 2655//5 2519//5 2652//5
f 2684//2 2535//2 2534//2
f 2687//5 2535//5 2685//5
f 2695//5 2537//5 2693//5
f 2693//5 2536//5 2687//5
f 2622//2 2517//2 2503//2
f 2684//5 2530//5 2662//5
f 2497//5 2430//5 2433//5
f 2501//6 2446//6 2500//6
f 2501//5 2444//5 2447//5
f 2498//5 2433//5 2444//5
f 2518//6 2494//6 2517//6
f 2518//5 2493//5 2495//5
f 2508//5 2489//5 2490//5
f 2508//6 2488//6 2504//6
f 2515//5 2488//5 2493//5
f 2517//6 2479//6 2503//6
f 2505//5 2446//5 2489//5
f 2619//6 2612//6 2618//6
f 2622//6 2615//6 2621//6
f 2624//5 2615//5 2617//5
f 2624//6 2613//6 2619//6
f 2497//2 2539//2 2496//2
f 2550//6 2498//6 2499//6
f 2502//2 2550//2 2499//2
f 2498//2 2541//2 2497//2
f 2585//6 2513//6 2514//6
f 2513//2 2581//2 2512//2
f 2581//6 2507//6 2512//6
f 2527//2 2585//2 2514//2
f 2601//6 2532//6 2533//6
f 2536//2 2601//2 2533//2
f 2606//6 2537//6 2538//6
f 2605//6 2536//6 2537//6
f 2600//6 2527//6 2532//6
f 2507//2 2551//2 2502//2
f 2622//5 2479//5 2616//5
f 2719//3 2720//3 2718//3
f 2723//3 2724//3 2722//3
f 2728//3 2729//3 2727//3
f 2732//1 2733//1 2731//1
f 2735//2 2732//2 2731//2
f 2733//3 2735//3 2731//3
f 2721//3 2727//3 2720//3
f 2733//2 2726//2 2725//2
f 2726//3 2732//3 2724//3
f 2722//3 2721//3 2719//3
f 2732//3 2730//3 2728//3
f 2724//3 2728//3 2721//3
f 2742//1 2743//1 2741//1
f 2743//2 2740//2 2739//2
f 2740//3 2742//3 2738//3
f 2746//1 2747//1 2745//1
f 2747//3 2749//3 2745//3
f 2743//3 2751//3 2741//3
f 2740//1 2745//1 2739//1
f 2745//3 2743//3 2739//3
f 2749//3 2752//3 2743//3
f 2756//3 2757//3 2755//3
f 2763//2 2761//2 2760//2
f 2762//3 2763//3 2760//3
f 2770//3 2771//3 2769//3
f 2777//2 2775//2 2774//2
f 2776//3 2777//3 2774//3
f 2758//3 2766//3 2757//3
f 2774//2 2764//2 2763//2
f 2765//3 2774//3 2763//3
f 2761//3 2758//3 2756//3
f 2775//3 2768//3 2767//3
f 2770//6 2766//6 2767//6
f 2768//2 2770//2 2767//2
f 2766//2 2759//2 2757//2
f 2764//3 2767//3 2758//3
f 2730//3 2755//3 2729//3
f 2760//2 2736//2 2735//2
f 2737//3 2760//3 2735//3
f 2736//3 2756//3 2730//3
f 2726//1 2741//1 2725//1
f 2738//3 2726//3 2723//3
f 2751//3 2737//3 2733//3
f 2741//3 2733//3 2725//3
f 2753//3 2762//3 2737//3
f 2782//1 2783//1 2781//1
f 2783//3 2785//3 2781//3
f 2790//1 2791//1 2789//1
f 2795//4 2791//4 2792//4
f 2791//3 2793//3 2789//3
f 2797//1 2798//1 2796//1
f 2784//1 2789//1 2783//1
f 2789//3 2786//3 2783//3
f 2787//1 2784//1 2782//1
f 2796//1 2792//1 2790//1
f 2788//1 2790//1 2784//1
f 2805//1 2806//1 2804//1
f 2803//3 2805//3 2802//3
f 2809//1 2810//1 2808//1
f 2813//4 2810//4 2811//4
f 2815//1 2816//1 2814//1
f 2819//1 2820//1 2818//1
f 2824//4 2816//4 2817//4
f 2816//3 2822//3 2814//3
f 2826//4 2820//4 2821//4
f 2807//1 2814//1 2806//1
f 2813//1 2818//1 2812//1
f 2808//1 2803//1 2802//1
f 2812//4 2803//4 2810//4
f 2818//1 2817//1 2815//1
f 2812//1 2815//1 2807//1
f 2825//4 2817//4 2820//4
f 2828//1 2829//1 2827//1
f 2832//4 2829//4 2830//4
f 2834//1 2835//1 2833//1
f 2838//4 2835//4 2836//4
f 2840//1 2841//1 2839//1
f 2850//1 2851//1 2849//1
f 2855//4 2851//4 2852//4
f 2855//5 2850//5 2853//5
f 2848//4 2841//4 2842//4
f 2848//5 2840//5 2846//5
f 2850//4 2843//4 2844//4
f 2832//1 2839//1 2831//1
f 2838//1 2843//1 2837//1
f 2833//1 2830//1 2828//1
f 2837//4 2830//4 2835//4
f 2849//1 2848//1 2846//1
f 2837//1 2840//1 2832//1
f 2849//4 2840//4 2843//4
f 2850//5 2838//5 2845//5
f 2795//1 2804//1 2794//1
f 2802//3 2795//3 2792//3
f 2799//1 2808//1 2798//1
f 2798//1 2802//1 2792//1
f 2801//1 2827//1 2800//1
f 2827//1 2811//1 2809//1
f 2831//4 2811//4 2829//4
f 2839//1 2821//1 2819//1
f 2831//1 2819//1 2813//1
f 2847//4 2821//4 2841//4
f 2800//1 2809//1 2799//1
f 2863//4 2860//4 2861//4
f 2868//1 2869//1 2867//1
f 2868//4 2864//4 2865//4
f 2869//5 2864//5 2867//5
f 2874//4 2871//4 2872//4
f 2879//4 2876//4 2877//4
f 2881//1 2882//1 2880//1
f 2886//4 2882//4 2883//4
f 2886//5 2881//5 2884//5
f 2877//4 2869//4 2870//4
f 2881//4 2873//4 2874//4
f 2882//5 2873//5 2880//5
f 2879//1 2888//1 2878//1
f 2888//5 2876//5 2878//5
f 2873//1 2870//1 2868//1
f 2873//4 2865//4 2871//4
f 2885//4 2877//4 2882//4
f 2882//4 2870//4 2875//4
f 2894//4 2891//4 2892//4
f 2898//4 2895//4 2896//4
f 2902//4 2899//4 2900//4
f 2900//4 2893//4 2894//4
f 2904//4 2897//4 2898//4
f 2897//4 2892//4 2895//4
f 2905//4 2900//4 2903//4
f 2903//4 2894//4 2897//4
f 2912//4 2908//4 2909//4
f 2920//4 2916//4 2917//4
f 2920//5 2915//5 2918//5
f 2924//6 2921//6 2923//6
f 2926//4 2921//4 2922//4
f 2924//4 2911//4 2912//4
f 2924//5 2910//5 2922//5
f 2926//6 2913//6 2925//6
f 2911//4 2906//4 2908//4
f 2923//6 2915//6 2917//6
f 2925//4 2915//4 2921//4
f 2923//4 2907//4 2911//4
f 2933//4 2929//4 2930//4
f 2933//5 2928//5 2931//5
f 2935//1 2936//1 2934//1
f 2940//4 2936//4 2937//4
f 2940//5 2935//5 2938//5
f 2948//4 2944//4 2945//4
f 2948//5 2943//5 2946//5
f 2955//5 2952//5 2954//5
f 2945//4 2932//4 2933//4
f 2945//5 2931//5 2943//5
f 2950//5 2938//5 2949//5
f 2942//5 2929//5 2932//5
f 2954//5 2944//5 2947//5
f 2942//4 2935//4 2941//4
f 2952//1 2950//1 2949//1
f 2955//4 2950//4 2953//4
f 2929//1 2935//1 2927//1
f 2952//4 2938//4 2942//4
f 2952//5 2932//5 2944//5
f 2959//4 2956//4 2957//4
f 2961//4 2958//4 2959//4
f 2909//4 2862//4 2863//4
f 2908//4 2859//4 2862//4
f 2930//4 2885//4 2886//4
f 2930//5 2884//5 2928//5
f 2935//4 2888//4 2889//4
f 2936//5 2888//5 2934//5
f 2929//4 2879//4 2885//4
f 2935//5 2879//5 2927//5
f 2957//4 2901//4 2902//4
f 2898//5 2857//5 2858//5
f 2904//6 2860//6 2903//6
f 2905//5 2860//5 2862//5
f 2905//6 2859//6 2902//6
f 2904//5 2858//5 2861//5
f 2959//5 2906//5 2907//5
f 2961//6 2916//6 2960//6
f 2962//5 2916//5 2919//5
f 2961//5 2907//5 2917//5
f 2893//4 2872//4 2891//4
f 2901//4 2881//4 2899//4
f 2899//4 2874//4 2893//4
f 2958//4 2928//4 2956//4
f 2962//4 2943//4 2960//4
f 2960//4 2931//4 2958//4
f 2956//4 2884//4 2901//4
f 2957//5 2859//5 2906//5
f 2968//6 2965//6 2967//6
f 2970//2 2968//2 2967//2
f 2968//3 2969//3 2966//3
f 2975//2 2973//2 2972//2
f 2974//3 2975//3 2972//3
f 2984//2 2982//2 2981//2
f 2988//2 2987//2 2986//2
f 2979//2 2971//2 2970//2
f 2981//2 2976//2 2975//2
f 2977//3 2981//3 2975//3
f 2973//3 2964//3 2963//3
f 2987//6 2979//6 2986//6
f 2964//2 2967//2 2963//2
f 2985//2 2986//2 2982//2
f 2978//6 2964//6 2976//6
f 2982//2 2978//2 2976//2
f 2978//3 2979//3 2970//3
f 2996//6 2993//6 2995//6
f 2997//2 2996//2 2995//2
f 3004//6 3001//6 3003//6
f 3000//3 3001//3 2999//3
f 2993//2 2991//2 2990//2
f 2992//3 2993//3 2990//3
f 3007//6 2997//6 3006//6
f 3005//3 2997//3 2995//3
f 3009//6 3003//6 3008//6
f 3000//6 2994//6 2996//6
f 2998//2 3000//2 2996//2
f 3008//6 2998//6 3007//6
f 3014//2 3012//2 3011//2
f 3016//5 3012//5 3015//5
f 3020//6 3017//6 3019//6
f 3021//2 3020//2 3019//2
f 3026//2 3024//2 3023//2
f 3036//2 3034//2 3033//2
f 3036//5 3032//5 3035//5
f 3028//2 3015//2 3014//2
f 3030//5 3015//5 3029//5
f 3033//2 3022//2 3021//2
f 3024//1 3028//1 3023//1
f 3031//5 3024//5 3027//5
f 3019//6 3012//6 3013//6
f 3016//2 3019//2 3013//2
f 3032//1 3030//1 3029//1
f 3031//2 3032//2 3029//2
f 3030//2 3021//2 3016//2
f 3028//5 3010//5 3023//5
f 3042//6 3039//6 3041//6
f 3043//2 3042//2 3041//2
f 3048//6 3045//6 3047//6
f 3047//6 3040//6 3042//6
f 3044//2 3047//2 3042//2
f 3062//6 3059//6 3061//6
f 3059//2 3058//2 3057//2
f 3067//6 3064//6 3066//6
f 3069//2 3067//2 3066//2
f 3069//5 3064//5 3068//5
f 3080//6 3077//6 3079//6
f 3082//2 3080//2 3079//2
f 3082//5 3077//5 3081//5
f 3064//2 3055//2 3054//2
f 3067//5 3055//5 3065//5
f 3071//2 3062//2 3061//2
f 3075//6 3069//6 3074//6
f 3075//5 3067//5 3070//5
f 3078//6 3071//6 3077//6
f 3061//6 3055//6 3056//6
f 3082//6 3075//6 3076//6
f 3075//2 3077//2 3073//2
f 3077//6 3067//6 3073//6
f 3067//2 3061//2 3056//2
f 3078//5 3062//5 3072//5
f 3011//2 2985//2 2984//2
f 3017//2 2989//2 2988//2
f 3012//2 2988//2 2985//2
f 3039//2 3007//2 3006//2
f 3045//2 3009//2 3008//2
f 3040//2 3008//2 3007//2
f 3009//3 3038//3 3004//3
f 3052//5 3034//5 3037//5
f 3051//5 3022//5 3034//5
f 3055//6 3043//6 3054//6
f 3058//6 3047//6 3057//6
f 3059//5 3047//5 3049//5
f 3059//6 3044//6 3055//6
f 2992//6 2969//6 2971//6
f 2989//2 3005//2 2987//2
f 3005//6 2980//6 2987//6
f 2980//2 2992//2 2971//2
f 3041//6 3018//6 3020//6
f 3022//2 3041//2 3020//2
f 3069//6 3052//6 3053//6
f 3052//2 3064//2 3051//2
f 3051//2 3054//2 3050//2
f 3054//6 3022//6 3050//6
f 3018//2 3006//2 2989//2
f 3100//6 3097//6 3099//6
f 3107//6 3104//6 3106//6
f 3107//4 3102//4 3103//4
f 3107//5 3101//5 3105//5
f 3111//6 3108//6 3110//6
f 3113//4 3108//4 3109//4
f 3111//4 3091//4 3092//4
f 3105//6 3094//6 3104//6
f 3113//6 3099//6 3112//6
f 3113//5 3096//5 3100//5
f 3099//6 3093//6 3095//6
f 3110//6 3101//6 3103//6
f 3112//4 3101//4 3108//4
f 3112//6 3095//6 3105//6
f 3117//6 3114//6 3116//6
f 3121//6 3118//6 3120//6
f 3125//6 3122//6 3124//6
f 3129//6 3126//6 3128//6
f 3123//6 3116//6 3122//6
f 3127//6 3120//6 3126//6
f 3120//6 3115//6 3117//6
f 3128//6 3123//6 3125//6
f 3126//6 3117//6 3123//6
f 3133//6 3130//6 3132//6
f 3137//6 3134//6 3136//6
f 3141//6 3138//6 3140//6
f 3145//6 3142//6 3144//6
f 3139//6 3132//6 3138//6
f 3143//6 3136//6 3142//6
f 3136//6 3131//6 3133//6
f 3144//6 3139//6 3141//6
f 3142//6 3133//6 3139//6
f 3149//6 3146//6 3148//6
f 3151//2 3149//2 3148//2
f 3151//5 3146//5 3150//5
f 3156//6 3153//6 3155//6
f 3162//6 3159//6 3161//6
f 3162//5 3157//5 3160//5
f 3166//6 3163//6 3165//6
f 3169//5 3159//5 3168//5
f 3160//6 3151//6 3159//6
f 3160//5 3149//5 3152//5
f 3164//6 3155//6 3163//6
f 3155//6 3147//6 3149//6
f 3165//6 3157//6 3158//6
f 3162//2 3165//2 3158//2
f 3163//6 3149//6 3157//6
f 3173//6 3170//6 3172//6
f 3114//2 3085//2 3084//2
f 3086//3 3114//3 3084//3
f 3145//4 3087//4 3088//4
f 3166//5 3089//5 3164//5
f 3173//4 3094//4 3095//4
f 3173//5 3093//5 3171//5
f 3174//4 3093//4 3097//4
f 3175//5 3094//5 3172//5
f 3147//6 3124//6 3146//6
f 3154//6 3128//6 3153//6
f 3153//6 3125//6 3147//6
f 3098//6 3087//6 3097//6
f 3171//6 3140//6 3170//6
f 3174//6 3141//6 3171//6
f 3106//6 3089//6 3090//6
f 3132//6 3119//6 3121//6
f 3140//6 3127//6 3129//6
f 3138//6 3121//6 3127//6
f 3172//6 3154//6 3156//6
f 3175//6 3156//6 3164//6
f 3170//6 3129//6 3154//6
f 3175//4 3089//4 3104//4
f 3174//5 3087//5 3144//5
f 3182//6 3179//6 3181//6
f 3182//5 3177//5 3180//5
f 3186//6 3183//6 3185//6
f 3184//6 3181//6 3183//6
f 3190//6 3187//6 3189//6
f 3197//6 3194//6 3196//6
f 3197//5 3192//5 3195//5
f 3195//6 3189//6 3194//6
f 3211//6 3208//6 3210//6
f 3211//4 3206//4 3207//4
f 3211//5 3205//5 3209//5
f 3207//5 3199//5 3205//5
f 3209//6 3203//6 3208//6
f 3209//5 3201//5 3204//5
f 3219//6 3216//6 3218//6
f 3221//4 3216//4 3217//4
f 3222//5 3216//5 3220//5
f 3226//6 3223//6 3225//6
f 3228//4 3223//4 3224//4
f 3229//5 3223//5 3227//5
f 3234//6 3231//6 3233//6
f 3236//5 3231//5 3235//5
f 3234//4 3214//4 3215//4
f 3234//5 3213//5 3232//5
f 3228//6 3214//6 3227//6
f 3228//5 3212//5 3215//5
f 3222//6 3213//6 3215//6
f 3222//4 3212//4 3218//4
f 3230//6 3212//6 3224//6
f 3237//4 3213//4 3220//4
f 3238//5 3214//5 3233//5
f 3245//6 3242//6 3244//6
f 3245//4 3240//4 3241//4
f 3245//5 3239//5 3243//5
f 3251//5 3248//5 3250//5
f 3257//5 3253//5 3256//5
f 3261//5 3258//5 3260//5
f 3254//4 3242//4 3243//4
f 3255//5 3242//5 3253//5
f 3263//5 3250//5 3262//5
f 3250//5 3240//5 3244//5
f 3264//5 3255//5 3257//5
f 3251//4 3246//4 3249//4
f 3263//6 3258//6 3259//6
f 3264//4 3258//4 3262//4
f 3264//6 3252//6 3260//6
f 3263//4 3247//4 3251//4
f 3262//5 3244//5 3255//5
f 3272//6 3269//6 3271//6
f 3274//5 3269//5 3273//5
f 3281//5 3278//5 3280//5
f 3285//6 3282//6 3284//6
f 3290//6 3287//6 3289//6
f 3292//5 3287//5 3291//5
f 3282//2 3267//2 3266//2
f 3285//5 3267//5 3283//5
f 3290//5 3276//5 3288//5
f 3288//6 3284//6 3287//6
f 3291//5 3284//5 3286//5
f 3280//5 3271//5 3274//5
f 3274//6 3267//6 3268//6
f 3281//6 3276//6 3277//6
f 3281//4 3275//4 3279//4
f 3280//6 3268//6 3276//6
f 3288//5 3268//5 3285//5
f 3298//6 3295//6 3297//6
f 3298//5 3293//5 3296//5
f 3307//6 3304//6 3306//6
f 3307//4 3302//4 3303//4
f 3307//5 3301//5 3305//5
f 3312//5 3308//5 3311//5
f 3309//4 3295//4 3296//4
f 3310//5 3295//5 3308//5
f 3314//5 3304//5 3313//5
f 3305//6 3297//6 3304//6
f 3305//5 3294//5 3298//5
f 3315//5 3310//5 3312//5
f 3300//6 3293//6 3294//6
f 3313//5 3297//5 3310//5
f 3272//4 3203//4 3204//4
f 3272//5 3202//5 3270//5
f 3279//5 3208//5 3278//5
f 3278//5 3203//5 3271//5
f 3300//5 3256//5 3299//5
f 3303//5 3260//5 3301//5
f 3300//4 3252//4 3257//4
f 3301//5 3252//5 3294//5
f 3243//5 3198//5 3200//5
f 3254//6 3206//6 3253//6
f 3256//5 3206//5 3210//5
f 3254//5 3200//5 3207//5
f 3296//5 3275//5 3277//5
f 3309//6 3289//6 3308//6
f 3311//5 3289//5 3292//5
f 3299//6 3275//6 3293//6
f 3309//5 3277//5 3290//5
f 3229//6 3199//6 3200//6
f 3229//4 3198//4 3225//4
f 3236//6 3202//6 3204//6
f 3236//4 3201//4 3233//4
f 3238//6 3201//6 3205//6
f 3238//4 3199//4 3227//4
f 3265//6 3198//6 3239//6
f 3299//5 3210//5 3279//5
f 2965//2 2772//2 2771//2
f 2773//3 2965//3 2771//3
f 2972//2 2778//2 2777//2
f 2779//3 2972//3 2777//3
f 2963//2 2773//2 2768//2
f 2778//3 2963//3 2768//3
f 3219//4 2913//4 2914//4
f 3226//4 2919//4 2920//4
f 3226//5 2918//5 3224//5
f 3230//4 2918//4 2925//4
f 3230//5 2913//5 3218//5
f 3241//4 2947//4 2948//4
f 3241//5 2946//5 3239//5
f 3249//5 2954//5 3248//5
f 3249//4 2951//4 2955//4
f 3248//5 2947//5 3240//5
f 3265//4 2946//4 2962//4
f 3265//5 2919//5 3225//5
f 2748//1 2781//1 2747//1
f 2781//3 2750//3 2747//3
f 3180//6 3082//6 3179//6
f 3180//5 3080//5 3083//5
f 3179//6 3076//6 3176//6
f 3267//6 3161//6 3266//6
f 3270//6 3165//6 3269//6
f 3273//5 3165//5 3167//5
f 3273//6 3162//6 3267//6
f 3282//5 3161//5 3169//5
f 3232//6 3102//6 3231//6
f 3235//5 3102//5 3106//5
f 3221//6 3091//6 3220//6
f 3237//6 3103//6 3232//6
f 3237//5 3091//5 3110//5
f 3235//6 3090//6 3202//6
f 3270//5 3090//5 3166//5
f 2864//1 2836//1 2834//1
f 2869//4 2836//4 2866//4
f 2888//1 2855//1 2853//1
f 2888//4 2850//4 2887//4
f 2876//1 2850//1 2845//1
f 2876//4 2838//4 2869//4
f 2936//4 2855//4 2890//4
f 3086//6 3002//6 3004//6
f 3124//6 3046//6 3048//6
f 3122//6 3038//6 3046//6
f 3151//6 3060//6 3062//6
f 3060//2 3146//2 3058//2
f 3169//6 3078//6 3080//6
f 3159//6 3062//6 3063//6
f 3078//2 3159//2 3063//2
f 3146//6 3048//6 3058//6
f 3038//2 3086//2 3004//2
f 3284//6 3177//6 3178//6
f 3182//2 3284//2 3178//2
f 3292//6 3184//6 3186//6
f 3291//6 3182//6 3184//6
f 3312//6 3188//6 3190//6
f 3314//6 3192//6 3193//6
f 3315//4 3192//4 3313//4
f 3315//6 3190//6 3195//6
f 3311//6 3186//6 3188//6
f 3282//6 3080//6 3177//6
f 3320//5 3316//5 3318//5
f 3327//4 3323//4 3324//4
f 3327//5 3322//5 3325//5
f 3324//4 3319//4 3320//4
f 3324//5 3318//5 3322//5
f 3335//6 3332//6 3334//6
f 3335//5 3330//5 3333//5
f 3346//6 3343//6 3345//6
f 3348//4 3343//4 3344//4
f 3349//5 3343//5 3347//5
f 3355//6 3352//6 3354//6
f 3357//4 3352//4 3353//4
f 3358//5 3352//5 3356//5
f 3365//6 3362//6 3364//6
f 3365//4 3360//4 3361//4
f 3365//5 3359//5 3363//5
f 3355//4 3339//4 3340//4
f 3355//5 3338//5 3353//5
f 3367//5 3347//5 3366//5
f 3348//6 3339//6 3347//6
f 3348//5 3337//5 3340//5
f 3368//5 3354//5 3358//5
f 3349//4 3341//4 3345//4
f 3358//6 3350//6 3351//6
f 3367//6 3359//6 3361//6
f 3368//4 3359//4 3366//4
f 3368//6 3351//6 3363//6
f 3367//4 3342//4 3349//4
f 3366//5 3339//5 3354//5
f 3346//4 3326//4 3327//4
f 3346//5 3325//5 3344//5
f 3344//5 3321//5 3337//5
f 3357//6 3334//6 3356//6
f 3357//5 3331//5 3335//5
f 3374//5 3371//5 3373//5
f 3378//5 3375//5 3377//5
f 3382//5 3379//5 3381//5
f 3389//5 3385//5 3387//5
f 3384//5 3373//5 3383//5
f 3386//5 3377//5 3385//5
f 3377//5 3369//5 3370//5
f 3387//5 3380//5 3382//5
f 3374//4 3369//4 3372//4
f 3384//6 3379//6 3380//6
f 3384//4 3370//4 3374//4
f 3385//5 3370//5 3380//5
f 3396//6 3393//6 3395//6
f 3396//4 3391//4 3392//4
f 3396//5 3390//5 3394//5
f 3403//4 3399//4 3400//4
f 3404//5 3399//5 3402//5
f 3400//4 3393//4 3394//4
f 3401//5 3393//5 3399//5
f 3398//5 3391//5 3395//5
f 3406//5 3401//5 3404//5
f 3405//5 3395//5 3401//5
f 3412//6 3409//6 3411//6
f 3412//5 3407//5 3410//5
f 3416//6 3413//6 3415//6
f 3418//4 3413//4 3414//4
f 3419//5 3413//5 3417//5
f 3423//5 3420//5 3422//5
f 3421//5 3409//5 3420//5
f 3425//5 3417//5 3424//5
f 3418//6 3411//6 3417//6
f 3418//5 3408//5 3412//5
f 3426//5 3421//5 3423//5
f 3424//5 3411//5 3421//5
f 3430//5 3427//5 3429//5
f 3408//5 3381//5 3407//5
f 3416//4 3388//4 3389//4
f 3416//5 3387//5 3414//5
f 3414//5 3382//5 3408//5
f 3428//5 3402//5 3427//5
f 3394//5 3376//5 3378//5
f 3403//6 3388//6 3402//6
f 3403//5 3386//5 3389//5
f 3400//5 3378//5 3386//5
f 3429//5 3415//5 3419//5
f 3431//5 3419//5 3425//5
f 3427//5 3388//5 3415//5
f 3435//4 3432//4 3433//4
f 3442//6 3439//6 3441//6
f 3442//4 3437//4 3438//4
f 3442//5 3436//5 3440//5
f 3448//4 3444//4 3445//4
f 3453//4 3449//4 3450//4
f 3454//5 3449//5 3452//5
f 3445//4 3434//4 3435//4
f 3450//4 3439//4 3440//4
f 3451//5 3439//5 3449//5
f 3441//4 3433//4 3437//4
f 3454//6 3446//6 3448//6
f 3454//4 3445//4 3451//4
f 3451//4 3435//4 3441//4
f 3460//4 3456//4 3457//4
f 3460//5 3455//5 3458//5
f 3464//4 3461//4 3462//4
f 3472//4 3468//4 3469//4
f 3472//5 3467//5 3470//5
f 3469//4 3459//4 3460//4
f 3469//5 3458//5 3467//5
f 3466//5 3456//5 3459//5
f 3476//5 3468//5 3471//5
f 3463//4 3455//4 3461//4
f 3474//4 3467//4 3473//4
f 3473//4 3458//4 3463//4
f 3475//5 3459//5 3468//5
f 3482//4 3478//4 3479//4
f 3486//6 3483//6 3485//6
f 3488//4 3483//4 3484//4
f 3489//5 3483//5 3487//5
f 3498//6 3495//6 3497//6
f 3498//4 3493//4 3494//4
f 3502//6 3499//6 3501//6
f 3504//4 3499//4 3500//4
f 3505//5 3499//5 3503//5
f 3502//4 3481//4 3482//4
f 3502//5 3480//5 3500//5
f 3507//4 3487//4 3488//4
f 3507//6 3493//6 3506//6
f 3508//5 3493//5 3497//5
f 3491//6 3478//6 3490//6
f 3492//5 3478//5 3481//5
f 3492//4 3484//4 3490//4
f 3505//6 3496//6 3498//6
f 3505//4 3494//4 3501//4
f 3492//6 3477//6 3488//6
f 3501//4 3477//4 3481//4
f 3507//5 3477//5 3494//5
f 3512//6 3509//6 3511//6
f 3514//4 3509//4 3510//4
f 3515//5 3509//5 3513//5
f 3518//4 3513//4 3514//4
f 3486//4 3447//4 3448//4
f 3486//5 3446//5 3484//5
f 3491//4 3452//4 3453//4
f 3490//4 3446//4 3452//4
f 3491//5 3443//5 3479//5
f 3512//4 3471//4 3472//4
f 3512//5 3470//5 3510//5
f 3516//4 3470//4 3474//4
f 3466//4 3436//4 3465//4
f 3476//4 3450//4 3475//4
f 3476//6 3443//6 3453//6
f 3475//4 3440//4 3466//4
f 3515//6 3480//6 3482//6
f 3515//4 3479//4 3511//4
f 3519//4 3500//4 3517//4
f 3517//4 3480//4 3513//4
f 3511//4 3443//4 3471//4
f 3526//6 3523//6 3525//6
f 3526//5 3521//5 3524//5
f 3530//6 3527//6 3529//6
f 3537//6 3534//6 3536//6
f 3537//4 3532//4 3533//4
f 3537//5 3531//5 3535//5
f 3535//6 3525//6 3534//6
f 3535//5 3522//5 3526//5
f 3536//6 3528//6 3530//6
f 3534//6 3520//6 3528//6
f 3543//6 3540//6 3542//6
f 3545//5 3540//5 3544//5
f 3550//6 3547//6 3549//6
f 3555//5 3551//5 3554//5
f 3559//6 3556//6 3558//6
f 3559//5 3538//5 3557//5
f 3562//4 3547//4 3548//4
f 3563//5 3547//5 3561//5
f 3562//6 3558//6 3561//6
f 3552//6 3542//6 3551//6
f 3554//5 3542//5 3545//5
f 3545//6 3538//6 3539//6
f 3555//6 3548//6 3550//6
f 3555//4 3546//4 3553//4
f 3554//6 3539//6 3548//6
f 3562//5 3539//5 3559//5
f 3571//6 3568//6 3570//6
f 3575//6 3572//6 3574//6
f 3577//4 3572//4 3573//4
f 3578//5 3572//5 3576//5
f 3585//6 3582//6 3584//6
f 3585//4 3580//4 3581//4
f 3585//5 3579//5 3583//5
f 3589//6 3586//6 3588//6
f 3589//4 3565//4 3566//4
f 3589//5 3564//5 3587//5
f 3592//4 3568//4 3569//4
f 3593//5 3568//5 3591//5
f 3592//6 3580//6 3591//6
f 3577//6 3565//6 3576//6
f 3578//6 3569//6 3571//6
f 3578//4 3567//4 3574//4
f 3588//6 3579//6 3581//6
f 3590//4 3579//4 3586//4
f 3594//6 3581//6 3592//6
f 3594//4 3569//4 3576//4
f 3594//5 3565//5 3588//5
f 3601//6 3598//6 3600//6
f 3601//4 3596//4 3597//4
f 3601//5 3595//5 3599//5
f 3604//6 3596//6 3603//6
f 3606//5 3596//5 3600//5
f 3611//6 3608//6 3610//6
f 3615//6 3610//6 3614//6
f 3613//6 3609//6 3611//6
f 3613//5 3523//5 3612//5
f 3615//4 3527//4 3528//4
f 3616//5 3527//5 3614//5
f 3613//4 3520//4 3525//4
f 3615//5 3520//5 3611//5
f 3583//6 3529//6 3582//6
f 3587//6 3532//6 3586//6
f 3590//5 3532//5 3536//5
f 3590//6 3530//6 3583//6
f 3599//6 3549//6 3598//6
f 3599//5 3546//5 3550//5
f 3602//6 3546//6 3595//6
f 3607//5 3549//5 3563//5
f 3558//6 3521//6 3522//6
f 3560//4 3521//4 3556//4
f 3563//6 3531//6 3533//6
f 3561//6 3522//6 3531//6
f 3600//6 3564//6 3566//6
f 3605//6 3573//6 3575//6
f 3606//4 3573//4 3603//4
f 3606//6 3566//6 3577//6
f 3607//4 3564//4 3598//4
f 3607//6 3533//6 3587//6
f 3621//4 3617//4 3618//4
f 3543//5 3328//5 3541//5
f 3552//4 3332//4 3333//4
f 3553//5 3332//5 3551//5
f 3552//5 3329//5 3543//5
f 3597//5 3350//5 3595//5
f 3604//4 3362//4 3363//4
f 3605//5 3362//5 3603//5
f 3602//4 3350//4 3356//4
f 3604//5 3351//5 3597//5
f 3605//4 3336//4 3364//4
f 3602//5 3334//5 3553//5
f 3618//4 3495//4 3496//4
f 3619//5 3495//5 3617//5
f 3623//4 3503//4 3504//4
f 3622//4 3496//4 3503//4
f 3464//6 3319//6 3463//6
f 3464//5 3317//5 3320//5
f 3474//5 3323//5 3326//5
f 3473//5 3319//5 3323//5
f 3514//5 3341//5 3342//5
f 3518//6 3360//6 3517//6
f 3519//5 3360//5 3364//5
f 3516//6 3341//6 3510//6
f 3518//5 3342//5 3361//5
f 3519//6 3336//6 3504//6
f 3516//5 3326//5 3345//5
f 3621//6 3570//6 3620//6
f 3621//5 3567//5 3571//5
f 3623//6 3574//6 3622//6
f 3622//6 3567//6 3618//6
f 3398//4 3316//4 3397//4
f 3406//4 3322//4 3405//4
f 3406//6 3321//6 3325//6
f 3405//4 3318//4 3398//4
f 3423//6 3328//6 3329//6
f 3425//6 3330//6 3331//6
f 3426//4 3330//4 3424//4
f 3426//6 3329//6 3333//6
f 3430//6 3338//6 3340//6
f 3430//4 3337//4 3428//4
f 3431//4 3338//4 3429//4
f 3431//6 3331//6 3353//6
f 3428//4 3321//4 3404//4
f 3623//5 3336//5 3575//5
f 1957//2 676//2 675//2
f 676//3 1956//3 674//3
f 1962//2 681//2 680//2
f 682//3 1962//3 680//3
f 1954//2 675//2 670//2
f 681//3 1954//3 670//3
f 1952//2 682//2 654//2
f 2007//2 756//2 755//2
f 2005//2 755//2 752//2
f 2017//2 768//2 767//2
f 2021//2 772//2 771//2
f 2018//2 771//2 768//2
f 2033//2 785//2 784//2
f 2008//2 767//2 756//2
f 785//3 2005//3 752//3
f 2103//2 865//2 864//2
f 865//3 2102//3 863//3
f 871//3 2110//3 870//3
f 2108//2 871//2 867//2
f 870//3 2103//3 864//3
f 892//3 2128//3 891//3
f 897//3 2133//3 896//3
f 896//3 2129//3 892//3
f 891//3 2108//3 867//3
f 1956//2 784//2 674//2
f 863//3 1952//3 654//3
f 2395//2 1052//2 1051//2
f 2396//2 1054//2 1052//2
f 2406//2 1069//2 1068//2
f 2421//2 1089//2 1088//2
f 2421//5 1087//5 2420//5
f 2429//2 1097//2 1096//2
f 2429//5 1095//5 2428//5
f 2426//2 1095//2 1091//2
f 2426//5 1089//5 2422//5
f 2407//2 1087//2 1069//2
f 2406//5 1054//5 2399//5
f 2540//5 1182//5 2539//5
f 2543//2 1188//2 1187//2
f 2545//5 1188//5 2544//5
f 2543//5 1183//5 2540//5
f 2560//5 1203//5 2559//5
f 2567//5 1210//5 2566//5
f 2560//2 1206//2 1204//2
f 2566//5 1206//5 2563//5
f 2559//5 1189//5 2545//5
f 2496//2 1182//2 1144//2
f 2496//5 1097//5 2430//5
f 1451//3 2718//3 1450//3
f 1455//3 2722//3 1454//3
f 1454//3 2719//3 1451//3
f 1471//3 2738//3 1470//3
f 1477//3 2746//3 1476//3
f 1476//3 2740//3 1471//3
f 1470//3 2723//3 1455//3
f 1509//3 2787//3 1507//3
f 2797//4 1511//4 1512//4
f 1513//3 2797//3 1512//3
f 2787//4 1504//4 1507//4
f 1511//3 2788//3 1509//3
f 2801//4 1538//4 1539//4
f 2834//4 1548//4 1549//4
f 2833//4 1547//4 1548//4
f 2800//4 1513//4 1538//4
f 1547//3 2801//3 1539//3
f 2865//4 1641//4 1642//4
f 2872//4 1645//4 1646//4
f 2871//4 1642//4 1645//4
f 2892//4 1649//4 1650//4
f 2896//4 1653//4 1654//4
f 2895//4 1650//4 1653//4
f 2891//4 1646//4 1649//4
f 2896//5 1640//5 2857//5
f 2864//4 1549//4 1641//4
f 1504//3 2748//3 1477//3
f 3317//5 1807//5 3316//5
f 3372//5 1846//5 3371//5
f 3376//5 1850//5 3375//5
f 3372//4 1843//4 1847//4
f 3375//5 1843//5 3369//5
f 3392//4 1865//4 1866//4
f 3392//5 1864//5 3390//5
f 3397//5 1865//5 3391//5
f 3390//5 1851//5 3376//5
f 3433//4 1922//4 1923//4
f 3438//4 1929//4 1930//4
f 3438//5 1928//5 3436//5
f 3437//4 1923//4 1929//4
f 3457//4 1945//4 1946//4
f 3457//5 1944//5 3455//5
f 3462//4 1948//4 1949//4
f 3461//4 1944//4 1948//4
f 3465//5 1945//5 3456//5
f 3465//4 1928//4 1951//4
f 3397//4 1807//4 1868//4
f 3462//5 1809//5 3317//5
f 528//1 1220//1 527//1
f 1218//3 528//3 524//3
f 511//1 1212//1 510//1
f 530//1 1218//1 524//1
f 1212//3 530//3 510//3
f 1370//3 830//3 828//3
f 841//1 1377//1 840//1
f 1377//3 843//3 840//3
f 1372//3 841//3 830//3
f 1435//3 886//3 884//3
f 1448//3 897//3 895//3
f 888//1 1435//1 884//1
f 1437//3 895//3 886//3
f 848//1 1370//1 828//1
f 1381//3 888//3 843//3
f 619//1 1264//1 618//1
f 1264//3 621//3 618//3
f 625//1 1270//1 624//1
f 624//1 1265//1 619//1
f 543//1 1252//1 542//1
f 547//1 1256//1 546//1
f 546//1 1253//1 543//1
f 542//1 1250//1 533//1
f 1250//3 625//3 533//3
f 621//1 1213//1 511//1
f 1220//3 848//3 527//3
f 2718//3 2136//3 2134//3
f 2727//3 2147//3 2145//3
f 2720//3 2145//3 2136//3
f 2755//3 2194//3 2193//3
f 2772//6 2209//6 2771//6
f 2769//3 2209//3 2206//3
f 2759//6 2194//6 2757//6
f 2759//3 2206//3 2198//3
f 2729//3 2193//3 2147//3
f 2966//3 2263//3 2262//3
f 2991//6 2278//6 2990//6
f 3002//6 2293//6 3001//6
f 2999//3 2293//3 2290//3
f 2999//6 2287//6 2994//6
f 2991//3 2287//3 2279//3
f 2990//6 2263//6 2969//6
f 3085//6 2360//6 3084//6
f 3119//6 2377//6 3118//6
f 3118//6 2374//6 3115//6
f 3131//6 2389//6 3130//6
f 3135//6 2393//6 3134//6
f 3134//6 2390//6 3131//6
f 3130//6 2378//6 3119//6
f 3085//3 2374//3 2361//3
f 3084//6 2294//6 3002//6
f 2772//3 2262//3 2210//3
f 967//1 1657//1 966//1
f 971//1 1661//1 970//1
f 1665//5 971//5 973//5
f 970//1 1658//1 967//1
f 979//1 1680//1 978//1
f 999//1 1692//1 998//1
f 1692//5 995//5 998//5
f 995//1 1686//1 993//1
f 1686//5 979//5 993//5
f 978//1 1665//1 973//1
f 1657//5 908//5 966//5
f 1811//5 1154//5 1156//5
f 1167//1 1815//1 1166//1
f 1819//5 1167//5 1169//5
f 1815//5 1156//5 1166//5
f 1833//5 1196//5 1198//5
f 1846//5 1209//5 1211//5
f 1200//1 1833//1 1198//1
f 1844//5 1200//5 1209//5
f 1831//5 1169//5 1196//5
f 1154//1 1746//1 1136//1
f 1746//5 999//5 1136//5
f 3524//6 2678//6 3523//6
f 3609//6 2714//6 3608//6
f 3612//6 2715//6 3609//6
f 3557//6 2704//6 3556//6
f 3560//5 2704//5 2707//5
f 3541//6 2694//6 3540//6
f 3544//5 2694//5 2697//5
f 3544//6 2691//6 3538//6
f 3557//5 2691//5 2705//5
f 3560//6 2679//6 3524//6
f 3612//5 2678//5 2717//5
f 3381//5 2575//5 2577//5
f 3373//5 2567//5 2569//5
f 3383//6 2575//6 3379//6
f 3383//5 2569//5 2579//5
f 3410//6 2598//6 3409//6
f 3410//5 2595//5 2599//5
f 3422//5 2604//5 2606//5
f 3420//5 2598//5 2604//5
f 3407//5 2577//5 2595//5
f 3422//6 2538//6 3328//6
f 3541//5 2538//5 2695//5
f 900//1 488//1 486//1
f 488//2 898//2 484//2
f 907//1 547//1 545//1
f 909//1 590//1 588//1
f 913//1 599//1 597//1
f 600//2 913//2 597//2
f 910//1 600//1 590//1
f 604//2 909//2 588//2
f 953//1 633//1 631//1
f 955//1 634//1 633//1
f 915//1 631//1 599//1
f 634//2 907//2 545//2
f 731//2 1000//2 727//2
f 1015//1 743//1 742//1
f 745//2 1015//2 742//2
f 1000//1 735//1 727//1
f 743//2 1002//2 731//2
f 764//2 1044//2 762//2
f 772//2 1049//2 770//2
f 770//2 1046//2 764//2
f 1044//1 786//1 762//1
f 786//2 1019//2 745//2
f 898//1 604//1 484//1
f 735//2 900//2 486//2
f 1655//1 1259//1 1257//1
f 1668//1 1296//1 1294//1
f 1659//1 1294//1 1288//1
f 1706//1 1340//1 1338//1
f 1706//4 1335//4 1704//4
f 1721//1 1353//1 1351//1
f 1725//4 1353//4 1723//4
f 1708//1 1344//1 1340//1
f 1721//4 1344//4 1713//4
f 1670//1 1335//1 1296//1
f 1659//4 1259//4 1656//4
f 1869//1 1588//1 1586//1
f 1874//4 1588//4 1871//4
f 1892//1 1607//1 1605//1
f 1892//4 1602//4 1890//4
f 1874//1 1594//1 1590//1
f 1890//4 1594//4 1882//4
f 1912//4 1633//4 1910//4
f 1922//4 1639//4 1920//4
f 1920//4 1635//4 1912//4
f 1910//4 1607//4 1894//4
f 1725//1 1367//1 1354//1
f 1869//4 1367//4 1743//4
f 2024//2 2395//2 2022//2
f 2032//2 2401//2 2030//2
f 2030//2 2397//2 2024//2
f 2086//2 2449//2 2084//2
f 2464//6 2094//6 2096//6
f 2098//2 2464//2 2096//2
f 2471//6 2098//6 2101//6
f 2094//2 2451//2 2086//2
f 2449//6 2048//6 2084//6
f 2048//2 2403//2 2032//2
f 2612//6 2237//6 2239//6
f 2237//2 2607//2 2235//2
f 2632//6 2336//6 2338//6
f 2340//2 2632//2 2338//2
f 2642//6 2346//6 2348//6
f 2640//6 2340//6 2346//6
f 2336//2 2618//2 2328//2
f 2710//6 2384//6 2386//6
f 2714//6 2392//6 2394//6
f 2712//6 2386//6 2392//6
f 2664//6 2348//6 2362//6
f 2384//2 2664//2 2362//2
f 2618//6 2239//6 2328//6
f 2235//2 2471//2 2101//2
f 3434//4 2857//4 3432//4
f 3447//4 2861//4 3444//4
f 3444//4 2858//4 3434//4
f 3489//6 2910//6 2912//6
f 3489//4 2909//4 3485//4
f 3508//4 2922//4 3506//4
f 3508//6 2914//6 2926//6
f 3506//4 2910//4 3487//4
f 3485//4 2863//4 3447//4
f 3584//6 3098//6 3100//6
f 3584//4 3096//4 3580//4
f 3593//6 3109//6 3111//6
f 3591//6 3096//6 3109//6
f 3593//4 3092//4 3570//4
f 3610//6 3135//6 3137//6
f 3616//6 3143//6 3145//6
f 3614//6 3137//6 3143//6
f 3582//6 3088//6 3098//6
f 3616//4 3088//4 3529//4
f 3619//6 3217//6 3219//6
f 3620//4 3217//4 3617//4
f 3620//6 3092//6 3221//6
f 3619//4 2914//4 3497//4
f 908//1 1257//1 547//1
f 3608//6 2394//6 3135//6
f 2022//2 1051//2 772//2
f 3432//4 1640//4 1922//4
f 1450//3 2134//3 897//3
f 3371//5 1211//5 2567//5
f 3627//1 3628//1 3626//1
f 3638//1 3639//1 3637//1
f 3638//4 3634//4 3635//4
f 3636//3 3638//3 3635//3
f 3647//1 3648//1 3646//1
f 3652//4 3648//4 3649//4
f 3648//3 3650//3 3646//3
f 3654//3 3656//3 3653//3
f 3662//4 3658//4 3659//4
f 3660//3 3662//3 3659//3
f 3655//4 3639//4 3640//4
f 3639//3 3653//3 3637//3
f 3651//3 3664//3 3650//3
f 3644//3 3640//3 3636//3
f 3655//1 3658//1 3654//1
f 3658//3 3657//3 3654//3
f 3643//1 3646//1 3642//1
f 3641//1 3636//1 3635//1
f 3650//4 3644//4 3646//4
f 3664//1 3660//1 3659//1
f 3666//4 3660//4 3665//4
f 3642//1 3644//1 3636//1
f 3664//4 3645//4 3650//4
f 3645//3 3655//3 3640//3
f 3668//3 3670//3 3667//3
f 3673//3 3674//3 3672//3
f 3679//1 3680//1 3678//1
f 3680//3 3682//3 3678//3
f 3686//1 3687//1 3685//1
f 3687//3 3689//3 3685//3
f 3679//4 3669//4 3670//4
f 3671//3 3679//3 3670//3
f 3687//2 3676//2 3675//2
f 3676//3 3686//3 3674//3
f 3672//3 3671//3 3668//3
f 3681//1 3685//1 3680//1
f 3685//3 3683//3 3680//3
f 3674//3 3681//3 3671//3
f 3643//4 3628//4 3629//4
f 3628//3 3641//3 3626//3
f 3641//4 3624//4 3626//4
f 3630//3 3643//3 3629//3
f 3652//1 3669//1 3651//1
f 3667//3 3652//3 3649//3
f 3678//3 3666//3 3665//3
f 3666//1 3677//1 3663//1
f 3669//3 3665//3 3651//3
f 3656//1 3633//1 3632//1
f 3656//4 3631//4 3653//4
f 3701//1 3702//1 3700//1
f 3702//2 3699//2 3698//2
f 3699//3 3701//3 3697//3
f 3707//1 3708//1 3706//1
f 3708//3 3710//3 3706//3
f 3716//3 3717//3 3715//3
f 3720//3 3721//3 3719//3
f 3702//3 3715//3 3700//3
f 3705//3 3719//3 3704//3
f 3719//3 3714//3 3712//3
f 3699//1 3706//1 3698//1
f 3706//3 3702//3 3698//3
f 3710//1 3705//1 3704//1
f 3717//1 3714//1 3713//1
f 3714//2 3716//2 3712//2
f 3716//1 3719//1 3712//1
f 3719//2 3710//2 3704//2
f 3710//3 3716//3 3702//3
f 3727//1 3728//1 3726//1
f 3728//3 3730//3 3726//3
f 3736//1 3737//1 3735//1
f 3736//4 3732//4 3733//4
f 3734//3 3736//3 3733//3
f 3740//3 3741//3 3739//3
f 3745//3 3746//3 3744//3
f 3725//3 3739//3 3724//3
f 3750//4 3737//4 3738//4
f 3737//3 3748//3 3735//3
f 3744//3 3742//3 3740//3
f 3729//1 3732//1 3728//1
f 3732//3 3731//3 3728//3
f 3730//1 3725//1 3724//1
f 3748//1 3745//1 3744//1
f 3751//4 3745//4 3749//4
f 3743//1 3744//1 3740//1
f 3743//4 3725//4 3731//4
f 3735//3 3743//3 3731//3
f 3693//3 3707//3 3692//3
f 3692//3 3699//3 3691//3
f 3695//3 3727//3 3694//3
f 3696//3 3729//3 3695//3
f 3739//3 3722//3 3720//3
f 3709//1 3726//1 3708//1
f 3726//3 3711//3 3708//3
f 3711//1 3724//1 3705//1
f 3724//3 3720//3 3705//3
f 3694//3 3709//3 3693//3
f 3753//3 3754//3 3752//3
f 3757//3 3758//3 3756//3
f 3755//3 3756//3 3754//3
f 3766//4 3762//4 3763//4
f 3764//3 3766//3 3763//3
f 3775//4 3771//4 3772//4
f 3773//3 3775//3 3772//3
f 3772//4 3765//4 3766//4
f 3767//3 3772//3 3766//3
f 3762//3 3761//3 3760//3
f 3771//3 3770//3 3768//3
f 3765//3 3768//3 3761//3
f 3783//3 3784//3 3782//3
f 3787//3 3788//3 3786//3
f 3796//3 3797//3 3795//3
f 3800//3 3801//3 3799//3
f 3785//3 3795//3 3784//3
f 3789//3 3799//3 3788//3
f 3786//3 3781//3 3779//3
f 3803//3 3798//3 3796//3
f 3784//4 3778//4 3782//4
f 3781//2 3783//2 3779//2
f 3790//1 3787//1 3786//1
f 3797//4 3792//4 3795//4
f 3805//6 3801//6 3802//6
f 3801//2 3803//2 3799//2
f 3783//1 3786//1 3779//1
f 3803//6 3793//6 3799//6
f 3795//4 3780//4 3784//4
f 3793//2 3785//2 3781//2
f 3788//3 3793//3 3781//3
f 3814//6 3811//6 3813//6
f 3814//4 3809//4 3810//4
f 3809//3 3811//3 3808//3
f 3820//3 3821//3 3819//3
f 3826//3 3827//3 3825//3
f 3834//6 3831//6 3833//6
f 3834//4 3829//4 3830//4
f 3839//6 3836//6 3838//6
f 3825//4 3811//4 3812//4
f 3814//3 3825//3 3812//3
f 3839//4 3822//4 3823//4
f 3822//3 3836//3 3821//3
f 3816//6 3809//6 3815//6
f 3816//3 3814//3 3810//3
f 3837//6 3829//6 3836//6
f 3837//3 3834//3 3830//3
f 3820//6 3816//6 3817//6
f 3821//4 3816//4 3819//4
f 3833//6 3827//6 3828//6
f 3833//4 3826//4 3829//4
f 3836//6 3826//6 3835//6
f 3836//4 3818//4 3821//4
f 3818//3 3826//3 3814//3
f 3844//6 3841//6 3843//6
f 3846//4 3841//4 3842//4
f 3844//3 3846//3 3842//3
f 3854//6 3851//6 3853//6
f 3851//2 3849//2 3848//2
f 3850//3 3851//3 3848//3
f 3854//3 3857//3 3852//3
f 3849//6 3843//6 3848//6
f 3849//3 3847//3 3844//3
f 3852//3 3856//3 3847//3
f 3770//3 3808//3 3769//3
f 3816//4 3774//4 3775//4
f 3776//3 3816//3 3775//3
f 3820//4 3776//4 3777//4
f 3774//3 3809//3 3770//3
f 3798//3 3841//3 3797//3
f 3805//3 3848//3 3804//3
f 3804//3 3843//3 3798//3
f 3778//3 3767//3 3764//3
f 3792//3 3776//3 3773//3
f 3797//6 3776//6 3794//6
f 3780//3 3773//3 3767//3
f 3846//6 3822//6 3845//6
f 3841//3 3822//3 3820//3
f 3846//3 3839//3 3823//3
f 3761//4 3753//4 3760//4
f 3770//6 3758//6 3759//6
f 3770//4 3757//4 3768//4
f 3768//4 3755//4 3761//4
f 3811//4 3806//4 3808//4
f 3808//4 3758//4 3769//4
f 3797//3 3820//3 3777//3
f 3860//3 3861//3 3859//3
f 3864//3 3865//3 3863//3
f 3868//3 3869//3 3867//3
f 3873//3 3874//3 3872//3
f 3862//3 3867//3 3861//3
f 3866//3 3872//3 3865//3
f 3863//3 3862//3 3860//3
f 3872//3 3870//3 3868//3
f 3865//3 3868//3 3862//3
f 3877//3 3878//3 3876//3
f 3881//3 3882//3 3880//3
f 3886//3 3887//3 3885//3
f 3890//3 3891//3 3889//3
f 3879//3 3885//3 3878//3
f 3883//3 3889//3 3882//3
f 3880//3 3879//3 3877//3
f 3889//3 3888//3 3886//3
f 3882//3 3886//3 3879//3
f 3898//3 3899//3 3897//3
f 3903//3 3904//3 3902//3
f 3911//6 3908//6 3910//6
f 3911//3 3912//3 3909//3
f 3917//6 3914//6 3916//6
f 3917//3 3918//3 3915//3
f 3908//2 3900//2 3899//2
f 3901//3 3908//3 3899//3
f 3907//3 3914//3 3906//3
f 3902//3 3896//3 3895//3
f 3915//6 3910//6 3914//6
f 3915//3 3913//3 3911//3
f 3898//6 3894//6 3895//6
f 3896//2 3898//2 3895//2
f 3907//6 3904//6 3905//6
f 3906//6 3896//6 3904//6
f 3906//3 3910//3 3901//3
f 3921//3 3922//3 3920//3
f 3930//3 3931//3 3929//3
f 3937//6 3934//6 3936//6
f 3937//3 3938//3 3935//3
f 3943//6 3940//6 3942//6
f 3943//3 3944//3 3941//3
f 3925//3 3934//3 3924//3
f 3943//4 3932//4 3933//4
f 3932//3 3940//3 3931//3
f 3926//3 3923//3 3921//3
f 3941//6 3936//6 3940//6
f 3941//3 3939//3 3937//3
f 3925//6 3922//6 3923//6
f 3930//6 3926//6 3927//6
f 3931//4 3926//4 3929//4
f 3931//6 3923//6 3928//6
f 3931//3 3936//3 3925//3
f 3870//3 3894//3 3869//3
f 3875//3 3902//3 3874//3
f 3894//2 3871//2 3869//2
f 3874//3 3895//3 3870//3
f 3888//3 3920//3 3887//3
f 3892//3 3926//3 3891//3
f 3930//4 3892//4 3893//4
f 3891//3 3921//3 3888//3
f 3876//3 3866//3 3864//3
f 3885//3 3875//3 3873//3
f 3878//3 3873//3 3866//3
f 3920//3 3905//3 3903//3
f 3935//6 3916//6 3934//6
f 3935//3 3919//3 3917//3
f 3924//6 3905//6 3922//6
f 3924//3 3916//3 3907//3
f 3887//3 3903//3 3875//3
f 3633//3 3752//3 3632//3
f 3763//4 3661//4 3662//4
f 3663//3 3763//3 3662//3
f 3661//3 3760//3 3657//3
f 3683//3 3782//3 3682//3
f 3690//3 3790//3 3689//3
f 3782//4 3677//4 3682//4
f 3787//2 3690//2 3684//2
f 3689//3 3783//3 3683//3
f 3760//4 3633//4 3657//4
f 3677//3 3764//3 3663//3
f 3714//3 3859//3 3713//3
f 3722//3 3863//3 3721//3
f 3721//3 3860//3 3714//3
f 3742//3 3876//3 3741//3
f 3747//3 3880//3 3746//3
f 3884//4 3747//4 3751//4
f 3746//3 3877//3 3742//3
f 3741//3 3864//3 3722//3
f 3676//1 3700//1 3675//1
f 3697//3 3676//3 3673//3
f 3715//3 3690//3 3687//3
f 3690//1 3713//1 3684//1
f 3700//3 3687//3 3675//3
f 3859//3 3789//3 3787//3
f 3867//3 3802//3 3800//3
f 3871//6 3802//6 3869//6
f 3861//3 3800//3 3789//3
f 3900//6 3853//6 3899//6
f 3897//3 3853//3 3850//3
f 3900//3 3858//3 3854//3
f 3871//3 3850//3 3805//3
f 3713//3 3787//3 3684//3
f 3953//1 3954//1 3952//1
f 3953//4 3949//4 3950//4
f 3951//3 3953//3 3950//3
f 3948//3 3950//3 3947//3
f 3964//4 3960//4 3961//4
f 3960//3 3962//3 3959//3
f 3975//6 3972//6 3974//6
f 3975//4 3970//4 3971//4
f 3970//3 3972//3 3969//3
f 3971//4 3963//4 3964//4
f 3963//3 3969//3 3962//3
f 3965//3 3964//3 3961//3
f 3976//3 3975//3 3971//3
f 3962//4 3957//4 3959//4
f 3972//4 3967//4 3969//4
f 3969//4 3958//4 3962//4
f 3966//3 3971//3 3964//3
f 3982//4 3978//4 3979//4
f 3980//3 3982//3 3979//3
f 3979//4 3972//4 3973//4
f 3975//3 3979//3 3973//3
f 3977//3 3980//3 3975//3
f 3961//4 3954//4 3955//4
f 3954//3 3959//3 3952//3
f 3956//3 3961//3 3955//3
f 3946//3 3738//3 3734//3
f 3750//1 3949//1 3749//1
f 3949//3 3751//3 3749//3
f 3947//3 3750//3 3738//3
f 3957//3 3883//3 3881//3
f 3967//3 3892//3 3890//3
f 3884//1 3957//1 3881//1
f 3972//6 3892//6 3968//6
f 3958//3 3890//3 3883//3
f 3982//6 3932//6 3981//6
f 3978//3 3932//3 3930//3
f 3982//3 3943//3 3933//3
f 3972//3 3930//3 3893//3
f 3952//3 3884//3 3751//3
f 3987//1 3988//1 3986//1
f 3992//4 3988//4 3989//4
f 3988//3 3990//3 3986//3
f 3994//1 3995//1 3993//1
f 3998//4 3995//4 3996//4
f 4000//1 4001//1 3999//1
f 4004//1 4005//1 4003//1
f 3992//1 3999//1 3991//1
f 3998//1 4003//1 3997//1
f 3993//1 3989//1 3987//1
f 3997//4 3989//4 3995//4
f 4003//1 4002//1 4000//1
f 3997//1 4000//1 3992//1
f 4011//1 4012//1 4010//1
f 4011//4 4007//4 4008//4
f 4012//5 4007//5 4010//5
f 4019//1 4020//1 4018//1
f 4013//1 4018//1 4012//1
f 4015//1 4013//1 4011//1
f 4015//4 4008//4 4014//4
f 4025//1 4026//1 4024//1
f 4034//1 4035//1 4033//1
f 4035//2 4032//2 4031//2
f 4027//1 4033//1 4026//1
f 4024//1 4023//1 4022//1
f 4033//1 4030//1 4028//1
f 4026//1 4028//1 4023//1
f 4038//1 4039//1 4037//1
f 4045//1 4046//1 4044//1
f 4046//2 4043//2 4042//2
f 4050//1 4051//1 4049//1
f 4040//1 4044//1 4039//1
f 4049//1 4047//1 4045//1
f 4047//2 4048//2 4043//2
f 4041//1 4045//1 4040//1
f 4058//1 4059//1 4057//1
f 4065//1 4066//1 4064//1
f 4069//5 4065//5 4068//5
f 4060//1 4064//1 4059//1
f 4068//5 4060//5 4061//5
f 4064//1 4063//1 4062//1
f 4059//1 4062//1 4056//1
f 4071//1 4072//1 4070//1
f 4075//1 4076//1 4074//1
f 4073//1 4074//1 4072//1
f 4081//1 4082//1 4080//1
f 4085//5 4081//5 4084//5
f 4083//1 4086//1 4082//1
f 4080//1 4079//1 4078//1
f 4055//4 4001//4 4002//4
f 4001//3 4053//3 3999//3
f 4058//4 4015//4 4016//4
f 4059//5 4015//5 4057//5
f 4063//5 4019//5 4062//5
f 4059//4 4013//4 4017//4
f 4062//5 4013//5 4056//5
f 4023//3 4071//3 4022//3
f 4076//2 4030//2 4029//2
f 4030//3 4075//3 4028//3
f 4028//3 4073//3 4023//3
f 4079//5 4038//5 4078//5
f 4086//2 4050//2 4049//2
f 4088//5 4050//5 4087//5
f 4079//2 4041//2 4040//2
f 4086//5 4041//5 4082//5
f 4006//1 4024//1 4005//1
f 4005//1 4022//1 4002//1
f 4055//1 4070//1 4054//1
f 4021//1 4037//1 4020//1
f 4067//1 4080//1 4066//1
f 4084//5 4067//5 4069//5
f 4066//1 4078//1 4063//1
f 4007//1 3996//1 3994//1
f 4012//4 3996//4 4009//4
f 4018//1 4006//1 4004//1
f 4012//1 4004//1 3998//1
f 4037//1 4027//1 4025//1
f 4044//1 4036//1 4034//1
f 4036//2 4042//2 4032//2
f 4039//1 4034//1 4027//1
f 4020//1 4025//1 4006//1
f 4022//3 4055//3 4002//3
f 4078//5 4021//5 4063//5
f 4094//5 4090//5 4092//5
f 4098//1 4099//1 4097//1
f 4103//4 4099//4 4100//4
f 4103//5 4098//5 4101//5
f 4107//1 4108//1 4106//1
f 4108//5 4104//5 4106//5
f 4098//4 4092//4 4093//4
f 4099//5 4092//5 4097//5
f 4105//5 4095//5 4104//5
f 4103//1 4106//1 4102//1
f 4106//5 4099//5 4102//5
f 4104//5 4094//5 4099//5
f 4115//1 4116//1 4114//1
f 4118//2 4115//2 4114//2
f 4120//5 4115//5 4119//5
f 4125//1 4126//1 4124//1
f 4128//2 4125//2 4124//2
f 4130//5 4125//5 4129//5
f 4138//1 4139//1 4137//1
f 4139//2 4136//2 4135//2
f 4139//5 4134//5 4137//5
f 4126//2 4113//2 4112//2
f 4126//5 4111//5 4124//5
f 4135//5 4122//5 4134//5
f 4113//1 4118//1 4112//1
f 4118//5 4110//5 4112//5
f 4133//5 4127//5 4130//5
f 4122//1 4120//1 4119//1
f 4120//2 4121//2 4117//2
f 4133//2 4134//2 4132//2
f 4131//1 4133//1 4130//1
f 4132//2 4122//2 4119//2
f 4132//5 4113//5 4127//5
f 4109//1 4128//1 4108//1
f 4128//5 4105//5 4108//5
f 4124//5 4096//5 4105//5
f 4143//1 4144//1 4142//1
f 4149//1 4150//1 4148//1
f 4147//3 4149//3 4146//3
f 4153//1 4154//1 4152//1
f 4158//1 4159//1 4157//1
f 4161//2 4158//2 4157//2
f 4159//3 4161//3 4157//3
f 4164//2 4143//2 4142//2
f 4144//3 4164//3 4142//3
f 4151//1 4161//1 4150//1
f 4158//3 4151//3 4147//3
f 4155//1 4164//1 4154//1
f 4152//1 4147//1 4146//1
f 4149//2 4152//2 4146//2
f 4164//1 4160//1 4158//1
f 4154//1 4158//1 4147//1
f 4143//3 4155//3 4141//3
f 4171//1 4172//1 4170//1
f 4175//1 4176//1 4174//1
f 4179//1 4180//1 4178//1
f 4183//1 4184//1 4182//1
f 4186//2 4183//2 4182//2
f 4180//2 4168//2 4167//2
f 4188//2 4175//2 4174//2
f 4190//5 4175//5 4189//5
f 4168//1 4170//1 4167//1
f 4185//1 4188//1 4184//1
f 4174//1 4173//1 4171//1
f 4182//1 4181//1 4179//1
f 4169//1 4171//1 4168//1
f 4181//2 4169//2 4168//2
f 4188//5 4169//5 4184//5
f 4192//1 4193//1 4191//1
f 4198//1 4199//1 4197//1
f 4203//4 4199//4 4200//4
f 4199//3 4201//3 4197//3
f 4210//1 4211//1 4209//1
f 4208//3 4210//3 4207//3
f 4214//1 4215//1 4213//1
f 4206//4 4193//4 4194//4
f 4193//3 4204//3 4191//3
f 4196//3 4214//3 4195//3
f 4203//1 4209//1 4202//1
f 4207//3 4203//3 4200//3
f 4206//1 4213//1 4205//1
f 4204//1 4200//1 4198//1
f 4213//1 4208//1 4207//1
f 4217//4 4208//4 4215//4
f 4205//1 4207//1 4200//1
f 4195//3 4206//3 4194//3
f 4219//1 4220//1 4218//1
f 4223//1 4224//1 4222//1
f 4227//1 4228//1 4226//1
f 4238//1 4239//1 4237//1
f 4233//5 4223//5 4232//5
f 4236//4 4228//4 4229//4
f 4236//5 4227//5 4234//5
f 4238//4 4230//4 4231//4
f 4221//1 4226//1 4220//1
f 4225//1 4230//1 4224//1
f 4222//1 4221//1 4219//1
f 4237//1 4236//1 4234//1
f 4224//1 4227//1 4221//1
f 4237//4 4227//4 4230//4
f 4238//5 4225//5 4233//5
f 4150//3 4242//3 4148//3
f 4211//3 4244//3 4209//3
f 4160//1 4197//1 4159//1
f 4197//3 4163//3 4159//3
f 4145//1 4191//1 4144//1
f 4166//1 4198//1 4160//1
f 4191//3 4166//3 4144//3
f 4173//1 4218//1 4172//1
f 4177//1 4222//1 4176//1
f 4176//1 4219//1 4173//1
f 4232//5 4177//5 4190//5
f 4170//1 4145//1 4143//1
f 4178//1 4155//1 4153//1
f 4167//1 4143//1 4141//1
f 4155//2 4167//2 4141//2
f 4218//1 4194//1 4192//1
f 4226//1 4196//1 4195//1
f 4220//1 4195//1 4194//1
f 4235//4 4196//4 4228//4
f 4172//1 4192//1 4145//1
f 4249//1 4250//1 4248//1
f 4250//5 4246//5 4248//5
f 4254//1 4255//1 4253//1
f 4257//2 4254//2 4253//2
f 4259//5 4254//5 4258//5
f 4251//1 4257//1 4250//1
f 4257//5 4247//5 4250//5
f 4260//1 4259//1 4258//1
f 4252//1 4258//1 4251//1
f 4263//1 4264//1 4262//1
f 4267//5 4263//5 4266//5
f 4274//1 4275//1 4273//1
f 4274//4 4270//4 4271//4
f 4275//5 4270//5 4273//5
f 4265//1 4270//1 4264//1
f 4274//5 4265//5 4267//5
f 4268//1 4267//1 4266//1
f 4277//1 4276//1 4274//1
f 4269//1 4274//1 4267//1
f 4286//1 4287//1 4285//1
f 4287//2 4284//2 4283//2
f 4287//5 4282//5 4285//5
f 4290//1 4291//1 4289//1
f 4294//5 4290//5 4293//5
f 4299//5 4296//5 4298//5
f 4295//2 4286//2 4285//2
f 4297//5 4286//5 4296//5
f 4284//1 4289//1 4283//1
f 4293//5 4284//5 4288//5
f 4282//1 4281//1 4280//1
f 4300//5 4288//5 4297//5
f 4309//5 4306//5 4308//5
f 4307//5 4301//5 4306//5
f 4308//5 4303//5 4305//5
f 4311//1 4312//1 4310//1
f 4315//5 4311//5 4314//5
f 4318//1 4319//1 4317//1
f 4323//4 4319//4 4320//4
f 4323//5 4318//5 4321//5
f 4326//5 4321//5 4325//5
f 4313//1 4317//1 4312//1
f 4321//5 4313//5 4315//5
f 4325//5 4315//5 4324//5
f 4333//5 4330//5 4332//5
f 4337//5 4334//5 4336//5
f 4331//5 4328//5 4330//5
f 4336//5 4331//5 4333//5
f 4279//2 4249//2 4248//2
f 4281//5 4249//5 4280//5
f 4291//5 4260//5 4289//5
f 4281//2 4252//2 4251//2
f 4289//5 4252//5 4283//5
f 4312//5 4268//5 4310//5
f 4319//5 4277//5 4317//5
f 4319//4 4276//4 4278//4
f 4317//5 4269//5 4312//5
f 4256//1 4262//1 4255//1
f 4266//5 4256//5 4259//5
f 4261//1 4266//1 4259//1
f 4292//1 4310//1 4291//1
f 4314//5 4292//5 4294//5
f 4332//5 4307//5 4309//5
f 4330//5 4302//5 4307//5
f 4301//1 4294//1 4293//1
f 4304//1 4299//1 4298//1
f 4299//2 4303//2 4297//2
f 4303//1 4300//1 4297//1
f 4300//2 4301//2 4293//2
f 4328//1 4315//1 4314//1
f 4334//1 4326//1 4325//1
f 4337//4 4326//4 4335//4
f 4331//1 4325//1 4324//1
f 4331//4 4315//4 4329//4
f 4302//1 4314//1 4294//1
f 4310//5 4261//5 4291//5
f 4349//6 4346//6 4348//6
f 4349//4 4344//4 4345//4
f 4344//3 4346//3 4343//3
f 4353//6 4350//6 4352//6
f 4347//6 4339//6 4346//6
f 4351//6 4341//6 4350//6
f 4352//6 4347//6 4349//6
f 4350//6 4340//6 4347//6
f 4361//6 4358//6 4360//6
f 4365//6 4362//6 4364//6
f 4367//4 4362//4 4363//4
f 4368//5 4362//5 4366//5
f 4372//6 4369//6 4371//6
f 4376//6 4373//6 4375//6
f 4378//5 4373//5 4377//5
f 4365//5 4354//5 4363//5
f 4376//5 4356//5 4374//5
f 4370//6 4360//6 4369//6
f 4374//6 4364//6 4373//6
f 4377//5 4364//5 4368//5
f 4368//6 4359//6 4361//6
f 4378//6 4370//6 4372//6
f 4377//6 4361//6 4370//6
f 4374//5 4355//5 4365//5
f 4384//6 4381//6 4383//6
f 4384//3 4385//3 4382//3
f 4390//6 4387//6 4389//6
f 4397//6 4394//6 4396//6
f 4394//2 4392//2 4391//2
f 4393//3 4394//3 4391//3
f 4380//3 4381//3 4379//3
f 4392//6 4383//6 4391//6
f 4392//3 4386//3 4384//3
f 4399//6 4389//6 4398//6
f 4389//6 4385//6 4386//6
f 4400//6 4395//6 4397//6
f 4398//6 4386//6 4395//6
f 4405//6 4402//6 4404//6
f 4409//6 4406//6 4408//6
f 4411//2 4409//2 4408//2
f 4411//5 4406//5 4410//5
f 4419//6 4416//6 4418//6
f 4414//6 4404//6 4413//6
f 4417//6 4411//6 4416//6
f 4417//5 4409//5 4412//5
f 4411//6 4403//6 4405//6
f 4416//6 4405//6 4414//6
f 4382//6 4344//6 4381//6
f 4382//3 4349//3 4345//3
f 4388//6 4352//6 4387//6
f 4387//6 4349//6 4385//6
f 4403//6 4371//6 4402//6
f 4407//6 4375//6 4406//6
f 4410//5 4375//5 4378//5
f 4410//6 4372//6 4403//6
f 4407//5 4357//5 4376//5
f 4371//6 4351//6 4353//6
f 4369//6 4342//6 4351//6
f 4404//6 4388//6 4390//6
f 4413//6 4390//6 4399//6
f 4402//6 4353//6 4388//6
f 4423//5 4420//5 4422//5
f 4427//5 4424//5 4426//5
f 4433//6 4430//6 4432//6
f 4433//5 4428//5 4431//5
f 4439//6 4436//6 4438//6
f 4439//5 4434//5 4437//5
f 4429//5 4422//5 4428//5
f 4435//5 4426//5 4434//5
f 4426//5 4421//5 4423//5
f 4437//6 4432//6 4436//6
f 4437//5 4429//5 4433//5
f 4434//5 4423//5 4429//5
f 4443//5 4440//5 4442//5
f 4449//2 4447//2 4446//2
f 4451//5 4447//5 4450//5
f 4455//5 4452//5 4454//5
f 4464//6 4461//6 4463//6
f 4461//2 4459//2 4458//2
f 4464//5 4459//5 4462//5
f 4453//5 4442//5 4452//5
f 4458//2 4450//2 4449//2
f 4460//5 4450//5 4459//5
f 4449//5 4444//5 4445//5
f 4461//5 4456//5 4457//5
f 4443//2 4444//2 4441//2
f 4455//2 4456//2 4453//2
f 4453//2 4445//2 4443//2
f 4458//5 4445//5 4456//5
f 4469//5 4465//5 4468//5
f 4474//5 4470//5 4473//5
f 4473//5 4467//5 4469//5
f 4479//6 4476//6 4478//6
f 4481//2 4479//2 4478//2
f 4481//5 4476//5 4480//5
f 4492//2 4490//2 4489//2
f 4492//5 4488//5 4491//5
f 4499//6 4496//6 4498//6
f 4501//2 4499//2 4498//2
f 4501//5 4496//5 4500//5
f 4495//5 4480//5 4494//5
f 4496//2 4486//2 4485//2
f 4499//5 4486//5 4497//5
f 4486//6 4481//6 4485//6
f 4486//5 4479//5 4482//5
f 4492//6 4486//6 4487//6
f 4486//2 4488//2 4484//2
f 4488//6 4479//6 4484//6
f 4499//2 4492//2 4487//2
f 4496//5 4481//5 4495//5
f 4466//4 4430//4 4431//4
f 4467//5 4430//5 4465//5
f 4471//2 4439//2 4438//2
f 4471//5 4436//5 4470//5
f 4470//5 4432//5 4467//5
f 4479//5 4454//5 4477//5
f 4489//2 4464//2 4463//2
f 4489//5 4461//5 4488//5
f 4479//2 4457//2 4455//2
f 4488//5 4457//5 4483//5
f 4442//5 4425//5 4427//5
f 4454//5 4435//5 4439//5
f 4452//5 4427//5 4435//5
f 4477//6 4471//6 4476//6
f 4480//5 4471//5 4474//5
f 4477//5 4439//5 4472//5
f 4508//6 4505//6 4507//6
f 4524//5 4521//5 4523//5
f 4528//5 4525//5 4527//5
f 4532//5 4529//5 4531//5
f 4536//5 4533//5 4535//5
f 4530//5 4523//5 4529//5
f 4534//5 4527//5 4533//5
f 4527//5 4522//5 4524//5
f 4535//5 4530//5 4532//5
f 4533//5 4524//5 4530//5
f 4542//5 4539//5 4541//5
f 4546//5 4543//5 4545//5
f 4550//5 4547//5 4549//5
f 4554//5 4551//5 4553//5
f 4548//5 4541//5 4547//5
f 4552//5 4545//5 4551//5
f 4545//5 4540//5 4542//5
f 4553//5 4548//5 4550//5
f 4551//5 4542//5 4548//5
f 4559//5 4555//5 4558//5
f 4567//6 4564//6 4566//6
f 4571//6 4568//6 4570//6
f 4573//5 4568//5 4572//5
f 4582//6 4579//6 4581//6
f 4579//2 4577//2 4576//2
f 4582//5 4577//5 4580//5
f 4568//2 4558//2 4557//2
f 4571//5 4558//5 4569//5
f 4578//5 4561//5 4577//5
f 4561//5 4556//5 4559//5
f 4577//6 4570//6 4576//6
f 4579//5 4570//5 4573//5
f 4573//6 4565//6 4567//6
f 4565//2 4568//2 4563//2
f 4581//6 4574//6 4575//6
f 4579//6 4567//6 4574//6
f 4577//5 4559//5 4571//5
f 4588//5 4585//5 4587//5
f 4595//5 4591//5 4593//5
f 4603//6 4600//6 4602//6
f 4603//5 4598//5 4601//5
f 4608//6 4605//6 4607//6
f 4612//6 4609//6 4611//6
f 4614//4 4609//4 4610//4
f 4615//5 4609//5 4613//5
f 4599//5 4589//5 4598//5
f 4612//4 4594//4 4595//4
f 4612//5 4593//5 4610//5
f 4614//6 4602//6 4613//6
f 4614//5 4599//5 4603//5
f 4602//6 4596//6 4597//6
f 4615//6 4606//6 4608//6
f 4615//4 4604//4 4611//4
f 4613//6 4597//6 4606//6
f 4610//5 4590//5 4599//5
f 4619//5 4616//5 4618//5
f 4622//5 4617//5 4619//5
f 4584//5 4531//5 4583//5
f 4586//5 4535//5 4585//5
f 4585//5 4532//5 4584//5
f 4617//5 4549//5 4616//5
f 4621//5 4553//5 4620//5
f 4620//5 4550//5 4617//5
f 4601//6 4581//6 4600//6
f 4601//5 4578//5 4582//5
f 4598//5 4562//5 4578//5
f 4541//5 4526//5 4528//5
f 4549//5 4534//5 4536//5
f 4547//5 4528//5 4534//5
f 4618//5 4586//5 4588//5
f 4518//2 4521//2 4517//2
f 4520//2 4529//2 4519//2
f 4519//2 4523//2 4518//2
f 4584//6 4555//6 4556//6
f 4588//6 4561//6 4562//6
f 4561//2 4585//2 4560//2
f 4585//6 4556//6 4560//6
f 4619//6 4589//6 4590//6
f 4621//6 4591//6 4592//6
f 4622//4 4591//4 4620//4
f 4622//6 4590//6 4593//6
f 4618//6 4562//6 4589//6
f 4555//2 4531//2 4520//2
f 4621//4 4538//4 4554//4
f 4616//5 4536//5 4586//5
f 4421//5 4101//5 4420//5
f 4425//5 4107//5 4424//5
f 4424//5 4103//5 4421//5
f 4441//5 4129//5 4440//5
f 4446//2 4138//2 4137//2
f 4448//5 4138//5 4447//5
f 4441//2 4131//2 4130//2
f 4446//5 4131//5 4444//5
f 4440//5 4109//5 4425//5
f 4522//5 4304//5 4521//5
f 4526//5 4308//5 4525//5
f 4525//5 4305//5 4522//5
f 4540//5 4332//5 4539//5
f 4544//5 4336//5 4543//5
f 4543//5 4333//5 4540//5
f 4517//2 4304//2 4298//2
f 4544//4 4327//4 4337//4
f 4539//5 4309//5 4526//5
f 4030//1 4148//1 4029//1
f 4032//1 4152//1 4031//1
f 4152//3 4035//3 4031//3
f 4035//1 4149//1 4030//1
f 4043//1 4178//1 4042//1
f 4052//1 4186//1 4051//1
f 4186//5 4048//5 4051//5
f 4048//1 4179//1 4043//1
f 4042//1 4153//1 4032//1
f 4148//3 4076//3 4029//3
f 4506//6 4396//6 4505//6
f 4504//3 4396//3 4393//3
f 4117//1 4279//1 4116//1
f 4285//5 4121//5 4123//5
f 4136//1 4295//1 4135//1
f 4298//5 4136//5 4140//5
f 4121//1 4280//1 4117//1
f 4295//5 4123//5 4135//5
f 4279//5 4089//5 4116//5
f 4518//5 4448//5 4451//5
f 4520//5 4460//5 4464//5
f 4519//5 4451//5 4460//5
f 4565//6 4501//6 4564//6
f 4565//5 4499//5 4502//5
f 4558//6 4492//6 4557//6
f 4558//5 4490//5 4493//5
f 4568//6 4499//6 4563//6
f 4568//5 4492//5 4503//5
f 4555//5 4464//5 4490//5
f 4090//1 4060//1 4058//1
f 4094//4 4060//4 4091//4
f 4095//1 4069//1 4068//1
f 4094//1 4068//1 4061//1
f 4111//1 4085//1 4084//1
f 4085//2 4110//2 4083//2
f 4114//1 4088//1 4087//1
f 4110//1 4087//1 4083//1
f 4096//1 4084//1 4069//1
f 4088//2 4089//2 4052//2
f 4246//1 4185//1 4183//1
f 4187//2 4246//2 4183//2
f 4253//1 4190//1 4189//1
f 4247//1 4189//1 4185//1
f 4262//1 4233//1 4232//1
f 4270//1 4240//1 4238//1
f 4275//4 4240//4 4272//4
f 4264//1 4238//1 4233//1
f 4255//1 4232//1 4190//1
f 4469//6 4354//6 4355//6
f 4474//6 4356//6 4357//6
f 4473//6 4355//6 4356//6
f 4475//4 4354//4 4468//4
f 4495//6 4407//6 4409//6
f 4501//6 4417//6 4419//6
f 4417//2 4496//2 4415//2
f 4496//6 4409//6 4415//6
f 4407//2 4480//2 4401//2
f 4480//6 4357//6 4401//6
f 4089//1 4187//1 4052//1
f 4517//5 4140//5 4448//5
f 4628//1 4629//1 4627//1
f 4628//4 4625//4 4626//4
f 4634//1 4635//1 4633//1
f 4634//4 4631//4 4632//4
f 4640//1 4641//1 4639//1
f 4640//4 4637//4 4638//4
f 4639//1 4636//1 4634//1
f 4639//4 4632//4 4637//4
f 4644//1 4645//1 4643//1
f 4649//4 4645//4 4646//4
f 4645//3 4647//3 4643//3
f 4659//1 4660//1 4658//1
f 4659//4 4656//4 4657//4
f 4668//4 4664//4 4665//4
f 4666//3 4668//3 4665//3
f 4674//4 4671//4 4672//4
f 4665//4 4654//4 4655//4
f 4672//4 4660//4 4661//4
f 4660//3 4670//3 4658//3
f 4649//1 4654//1 4648//1
f 4653//3 4649//3 4646//3
f 4664//3 4663//3 4662//3
f 4652//1 4656//1 4651//1
f 4650//1 4646//1 4644//1
f 4658//4 4653//4 4656//4
f 4670//1 4666//1 4665//1
f 4673//4 4666//4 4671//4
f 4651//1 4653//1 4646//1
f 4670//4 4655//4 4658//4
f 4654//3 4662//3 4648//3
f 4682//1 4683//1 4681//1
f 4682//4 4679//4 4680//4
f 4688//1 4689//1 4687//1
f 4688//4 4685//4 4686//4
f 4694//4 4691//4 4692//4
f 4699//4 4696//4 4697//4
f 4692//4 4683//4 4684//4
f 4697//4 4689//4 4690//4
f 4697//5 4688//5 4695//5
f 4676//1 4679//1 4675//1
f 4678//1 4685//1 4677//1
f 4687//1 4684//1 4682//1
f 4687//4 4680//4 4685//4
f 4698//4 4692//4 4696//4
f 4677//1 4680//1 4676//1
f 4696//4 4684//4 4689//4
f 4644//4 4623//4 4624//4
f 4652//4 4629//4 4630//4
f 4629//3 4650//3 4627//3
f 4650//4 4624//4 4627//4
f 4676//4 4635//4 4636//4
f 4678//4 4641//4 4642//4
f 4677//4 4636//4 4641//4
f 4633//1 4630//1 4628//1
f 4633//4 4626//4 4631//4
f 4681//1 4661//1 4659//1
f 4681//4 4657//4 4679//4
f 4693//4 4672//4 4691//4
f 4675//1 4657//1 4652//1
f 4691//4 4661//4 4683//4
f 4675//4 4630//4 4635//4
f 4704//1 4705//1 4703//1
f 4709//4 4705//4 4706//4
f 4709//5 4704//5 4707//5
f 4719//1 4720//1 4718//1
f 4724//4 4720//4 4721//4
f 4724//5 4719//5 4722//5
f 4729//4 4725//4 4726//4
f 4730//5 4725//5 4728//5
f 4719//4 4711//4 4712//4
f 4720//5 4711//5 4718//5
f 4726//4 4715//4 4716//4
f 4709//1 4715//1 4708//1
f 4715//5 4705//5 4708//5
f 4732//5 4720//5 4723//5
f 4711//1 4709//1 4707//1
f 4711//4 4704//4 4710//4
f 4732//4 4726//4 4731//4
f 4720//1 4726//1 4717//1
f 4720//4 4709//4 4713//4
f 4726//5 4709//5 4717//5
f 4704//4 4700//4 4701//4
f 4705//5 4700//5 4703//5
f 4734//1 4735//1 4733//1
f 4739//4 4735//4 4736//4
f 4735//3 4737//3 4733//3
f 4743//4 4740//4 4741//4
f 4750//6 4747//6 4749//6
f 4750//4 4745//4 4746//4
f 4745//3 4747//3 4744//3
f 4754//4 4751//4 4752//4
f 4746//4 4738//4 4739//4
f 4738//3 4744//3 4737//3
f 4752//4 4742//4 4743//4
f 4742//4 4736//4 4740//4
f 4753//4 4746//4 4751//4
f 4751//4 4739//4 4742//4
f 4760//4 4757//4 4758//4
f 4766//4 4763//4 4764//4
f 4764//4 4759//4 4760//4
f 4774//4 4771//4 4772//4
f 4780//4 4777//4 4778//4
f 4778//4 4773//4 4774//4
f 4776//4 4772//4 4775//4
f 4782//4 4778//4 4781//4
f 4781//4 4774//4 4776//4
f 4791//4 4787//4 4788//4
f 4798//6 4795//6 4797//6
f 4798//4 4793//4 4794//4
f 4793//3 4795//3 4792//3
f 4802//6 4799//6 4801//6
f 4804//4 4799//4 4800//4
f 4802//3 4804//3 4800//3
f 4810//6 4807//6 4809//6
f 4815//4 4812//4 4813//4
f 4802//4 4785//4 4786//4
f 4785//3 4799//3 4784//3
f 4813//4 4795//4 4796//4
f 4791//6 4785//6 4790//6
f 4787//3 4785//3 4783//3
f 4815//6 4809//6 4814//6
f 4812//3 4809//3 4806//3
f 4793//6 4788//6 4789//6
f 4795//4 4788//4 4792//4
f 4809//6 4804//6 4805//6
f 4809//4 4802//4 4806//4
f 4812//6 4802//6 4811//6
f 4812//4 4791//4 4795//4
f 4791//3 4802//3 4786//3
f 4821//6 4818//6 4820//6
f 4821//4 4816//4 4817//4
f 4828//6 4825//6 4827//6
f 4828//4 4823//4 4824//4
f 4828//5 4822//5 4826//5
f 4835//6 4832//6 4834//6
f 4839//4 4836//4 4837//4
f 4843//4 4840//4 4841//4
f 4837//4 4818//4 4819//4
f 4841//4 4825//4 4826//4
f 4839//6 4829//6 4838//6
f 4843//6 4834//6 4842//6
f 4843//5 4831//5 4835//5
f 4827//6 4819//6 4821//6
f 4827//4 4817//4 4823//4
f 4842//4 4837//4 4840//4
f 4842//6 4830//6 4839//6
f 4840//4 4819//4 4825//4
f 4788//4 4747//4 4748//4
f 4750//3 4788//3 4748//3
f 4794//4 4753//4 4754//4
f 4793//4 4750//4 4753//4
f 4817//4 4761//4 4762//4
f 4824//4 4765//4 4766//4
f 4823//4 4762//4 4765//4
f 4767//3 4743//3 4741//3
f 4769//3 4754//3 4752//3
f 4768//3 4752//3 4743//3
f 4756//1 4771//1 4755//1
f 4780//6 4761//6 4779//6
f 4776//5 4757//5 4759//5
f 4782//5 4763//5 4765//5
f 4757//1 4772//1 4756//1
f 4782//6 4762//6 4780//6
f 4781//5 4759//5 4763//5
f 4773//4 4767//4 4771//4
f 4779//4 4769//4 4777//4
f 4777//4 4768//4 4773//4
f 4820//6 4796//6 4798//6
f 4820//4 4794//4 4816//4
f 4838//4 4813//4 4836//4
f 4838//6 4810//6 4815//6
f 4836//4 4796//4 4818//4
f 4755//1 4767//1 4741//1
f 4779//6 4754//6 4770//6
f 4816//4 4754//4 4761//4
f 4849//4 4845//4 4846//4
f 4849//5 4844//5 4847//5
f 4851//1 4852//1 4850//1
f 4856//4 4852//4 4853//4
f 4856//5 4851//5 4854//5
f 4864//4 4860//4 4861//4
f 4864//5 4859//5 4862//5
f 4871//6 4868//6 4870//6
f 4871//4 4866//4 4867//4
f 4871//5 4865//5 4869//5
f 4861//4 4848//4 4849//4
f 4861//5 4847//5 4859//5
f 4867//4 4855//4 4856//4
f 4867//5 4854//5 4865//5
f 4858//5 4845//5 4848//5
f 4873//5 4860//5 4863//5
f 4858//4 4851//4 4857//4
f 4873//4 4865//4 4872//4
f 4872//4 4854//4 4858//4
f 4872//5 4848//5 4860//5
f 4885//6 4882//6 4884//6
f 4887//4 4882//4 4883//4
f 4888//5 4882//5 4886//5
f 4893//4 4889//4 4890//4
f 4898//6 4895//6 4897//6
f 4900//4 4895//4 4896//4
f 4901//5 4895//5 4899//5
f 4898//4 4880//4 4881//4
f 4898//5 4879//5 4896//5
f 4893//6 4880//6 4892//6
f 4893//5 4878//5 4881//5
f 4888//6 4879//6 4881//6
f 4888//4 4878//4 4884//4
f 4894//6 4878//6 4890//6
f 4902//4 4879//4 4886//4
f 4903//5 4880//5 4897//5
f 4885//4 4863//4 4864//4
f 4885//5 4862//5 4883//5
f 4890//4 4868//4 4869//4
f 4891//5 4868//5 4889//5
f 4894//4 4869//4 4873//4
f 4894//5 4863//5 4884//5
f 4875//4 4844//4 4874//4
f 4877//4 4859//4 4876//4
f 4876//4 4847//4 4875//4
f 4734//4 4667//4 4668//4
f 4669//3 4734//3 4668//3
f 4741//4 4673//4 4674//4
f 4740//4 4669//4 4673//4
f 4756//4 4693//4 4694//4
f 4758//4 4698//4 4699//4
f 4757//4 4694//4 4698//4
f 4755//4 4674//4 4693//4
f 4846//4 4723//4 4724//4
f 4846//5 4722//5 4844//5
f 4851//4 4728//4 4729//4
f 4852//5 4728//5 4850//5
f 4857//4 4729//4 4732//4
f 4857//5 4723//5 4845//5
f 4700//1 4642//1 4640//1
f 4715//4 4686//4 4714//4
f 4725//1 4697//1 4695//1
f 4730//4 4697//4 4727//4
f 4705//1 4686//1 4678//1
f 4725//4 4688//4 4715//4
f 4705//4 4642//4 4702//4
f 4855//4 4758//4 4852//4
f 4870//4 4764//4 4866//4
f 4866//4 4760//4 4855//4
f 4891//6 4822//6 4824//6
f 4892//4 4822//4 4889//4
f 4901//6 4833//6 4835//6
f 4901//4 4831//4 4897//4
f 4903//6 4831//6 4841//6
f 4903//4 4826//4 4892//4
f 4891//4 4766//4 4870//4
f 4852//4 4699//4 4730//4
f 4212//1 4623//1 4211//1
f 4216//1 4625//1 4215//1
f 4625//3 4217//3 4215//3
f 4217//1 4624//1 4212//1
f 4236//1 4631//1 4235//1
f 4240//1 4637//1 4239//1
f 4640//5 4240//5 4241//5
f 4239//1 4632//1 4236//1
f 4235//1 4626//1 4216//1
f 4623//3 4245//3 4211//3
f 4804//6 4515//6 4803//6
f 4799//3 4515//3 4513//3
f 4276//1 4700//1 4275//1
f 4323//1 4711//1 4322//1
f 4711//5 4319//5 4322//5
f 4722//5 4326//5 4327//5
f 4319//1 4704//1 4316//1
f 4719//5 4323//5 4326//5
f 4704//5 4276//5 4316//5
f 4900//6 4607//6 4899//6
f 4900//5 4604//5 4608//5
f 4887//6 4594//6 4886//6
f 4887//5 4592//5 4595//5
f 4902//6 4604//6 4896//6
f 4902//5 4594//5 4611//5
f 4875//5 4544//5 4546//5
f 4877//5 4552//5 4554//5
f 4876//5 4546//5 4552//5
f 4544//1 4844//1 4537//1
f 4877//6 4538//6 4862//6
f 4883//5 4538//5 4592//5
f 4275//1 4640//1 4241//1
f 4844//5 4327//5 4537//5
f 4907//2 4905//2 4904//2
f 4913//2 4911//2 4910//2
f 4911//3 4912//3 4909//3
f 4910//2 4908//2 4907//2
f 4908//3 4909//3 4906//3
f 4919//2 4917//2 4916//2
f 4917//3 4918//3 4915//3
f 4924//2 4923//2 4922//2
f 4922//2 4920//2 4919//2
f 4920//3 4921//3 4918//3
f 4916//2 4914//2 4913//2
f 4914//3 4915//3 4912//3
f 4930//1 4931//1 4929//1
f 4933//2 4930//2 4929//2
f 4931//3 4933//3 4929//3
f 4939//2 4937//2 4936//2
f 4945//2 4944//2 4943//2
f 4949//2 4948//2 4947//2
f 4943//2 4928//2 4927//2
f 4947//2 4934//2 4933//2
f 4948//3 4942//3 4941//3
f 4928//1 4939//1 4927//1
f 4936//1 4932//1 4930//1
f 4934//2 4936//2 4930//2
f 4942//2 4943//2 4941//2
f 4927//1 4934//1 4926//1
f 4941//2 4927//2 4926//2
f 4934//3 4941//3 4926//3
f 4953//1 4954//1 4952//1
f 4956//2 4953//2 4952//2
f 4962//2 4960//2 4959//2
f 4962//5 4958//5 4961//5
f 4966//2 4965//2 4964//2
f 4972//1 4973//1 4971//1
f 4975//2 4972//2 4971//2
f 4977//5 4972//5 4976//5
f 4968//2 4957//2 4956//2
f 4973//2 4963//2 4962//2
f 4973//5 4961//5 4971//5
f 4965//1 4968//1 4964//1
f 4970//5 4965//5 4967//5
f 4958//1 4955//1 4953//1
f 4957//2 4958//2 4953//2
f 4970//2 4971//2 4969//2
f 4969//2 4961//2 4957//2
f 4968//5 4951//5 4964//5
f 4982//2 4981//2 4980//2
f 4986//2 4985//2 4984//2
f 4997//6 4994//6 4996//6
f 4994//2 4992//2 4991//2
f 4993//3 4994//3 4991//3
f 5000//2 4999//2 4998//2
f 4989//2 4983//2 4982//2
f 4991//2 4987//2 4986//2
f 4985//3 4979//3 4978//3
f 4999//6 4989//6 4998//6
f 4979//2 4980//2 4978//2
f 4995//2 4998//2 4992//2
f 4998//6 4988//6 4992//6
f 4988//2 4982//2 4979//2
f 4987//3 4988//3 4979//3
f 5005//2 5004//2 5003//2
f 5016//6 5013//6 5015//6
f 5013//2 5011//2 5010//2
f 5016//5 5011//5 5014//5
f 5024//6 5021//6 5023//6
f 5021//2 5019//2 5018//2
f 5024//5 5019//5 5022//5
f 5028//2 5027//2 5026//2
f 5018//2 5009//2 5008//2
f 5026//2 5016//2 5015//2
f 5026//5 5013//5 5025//5
f 5009//6 5005//6 5008//6
f 5009//5 5004//5 5006//5
f 5009//2 5010//2 5007//2
f 5026//6 5019//6 5020//6
f 5024//2 5026//2 5020//2
f 5019//2 5013//2 5009//2
f 5018//5 5005//5 5017//5
f 4980//2 4946//2 4945//2
f 4984//2 4950//2 4949//2
f 4978//2 4945//2 4942//2
f 4950//3 4978//3 4942//3
f 5003//2 4967//2 4966//2
f 5010//2 4976//2 4975//2
f 5012//5 4976//5 5011//5
f 5007//2 4975//2 4970//2
f 5007//5 4967//5 5004//5
f 4940//2 4952//2 4937//2
f 4946//2 4964//2 4944//2
f 4951//1 4940//1 4928//1
f 4944//2 4951//2 4928//2
f 4983//2 5003//2 4981//2
f 5023//6 5001//6 5002//6
f 5001//2 5018//2 4999//2
f 5018//6 4990//6 4999//6
f 4990//2 5005//2 4983//2
f 4981//2 4966//2 4946//2
f 5034//2 5033//2 5032//2
f 5039//6 5036//6 5038//6
f 5040//2 5039//2 5038//2
f 5038//6 5031//6 5033//6
f 5035//2 5038//2 5033//2
f 5044//2 5043//2 5042//2
f 5041//2 5042//2 5039//2
f 5032//2 4997//2 4996//2
f 4997//3 5031//3 4995//3
f 5036//2 5001//2 5000//2
f 5039//5 5001//5 5037//5
f 5031//2 5000//2 4995//2
f 5042//2 5024//2 5023//2
f 5043//2 5028//2 5024//2
f 5039//2 5023//2 5002//2
f 4933//1 4908//1 4906//1
f 4908//2 4931//2 4905//2
f 4912//2 4947//2 4909//2
f 4909//2 4933//2 4906//2
f 4918//2 4984//2 4915//2
f 4993//6 4921//6 4923//6
f 4925//2 4993//2 4923//2
f 4921//2 4986//2 4918//2
f 4915//2 4949//2 4912//2
f 5030//2 4996//2 4925//2
f 5058//1 5059//1 5057//1
f 5059//2 5056//2 5055//2
f 5056//3 5058//3 5054//3
f 5057//1 5053//1 5051//1
f 5053//2 5055//2 5050//2
f 5066//1 5067//1 5065//1
f 5064//1 5065//1 5063//1
f 5073//1 5074//1 5072//1
f 5079//1 5080//1 5078//1
f 5082//2 5079//2 5078//2
f 5080//3 5082//3 5078//3
f 5070//3 5079//3 5069//3
f 5075//1 5082//1 5074//1
f 5079//3 5075//3 5071//3
f 5082//1 5077//1 5076//1
f 5090//1 5091//1 5089//1
f 5097//1 5098//1 5096//1
f 5098//2 5095//2 5094//2
f 5095//3 5097//3 5093//3
f 5101//1 5102//1 5100//1
f 5104//2 5101//2 5100//2
f 5107//1 5108//1 5106//1
f 5110//2 5107//2 5106//2
f 5108//3 5110//3 5106//3
f 5108//2 5087//2 5086//2
f 5087//3 5107//3 5085//3
f 5113//2 5090//2 5089//2
f 5087//1 5096//1 5086//1
f 5092//1 5104//1 5091//1
f 5101//3 5092//3 5088//3
f 5089//1 5087//1 5085//1
f 5100//1 5095//1 5093//1
f 5097//2 5100//2 5093//2
f 5091//1 5097//1 5087//1
f 5107//2 5089//2 5085//2
f 5096//3 5108//3 5086//3
f 5117//1 5118//1 5116//1
f 5121//1 5122//1 5120//1
f 5127//1 5128//1 5126//1
f 5125//3 5127//3 5124//3
f 5137//1 5138//1 5136//1
f 5135//3 5137//3 5134//3
f 5130//2 5117//2 5116//2
f 5118//3 5130//3 5116//3
f 5122//3 5140//3 5120//3
f 5129//1 5136//1 5128//1
f 5134//3 5129//3 5125//3
f 5119//1 5120//1 5118//1
f 5130//1 5125//1 5124//1
f 5127//2 5130//2 5124//2
f 5140//1 5135//1 5134//1
f 5132//1 5134//1 5125//1
f 5120//3 5132//3 5118//3
f 5143//1 5144//1 5142//1
f 5144//3 5146//3 5142//3
f 5149//1 5150//1 5148//1
f 5153//1 5154//1 5152//1
f 5154//3 5156//3 5152//3
f 5145//1 5152//1 5144//1
f 5152//3 5147//3 5144//3
f 5148//1 5145//1 5143//1
f 5158//1 5155//1 5153//1
f 5150//1 5153//1 5145//1
f 5150//2 5064//2 5063//2
f 5064//3 5149//3 5062//3
f 5067//3 5158//3 5065//3
f 5065//3 5150//3 5063//3
f 5081//1 5130//1 5080//1
f 5130//3 5084//3 5080//3
f 5084//1 5127//1 5077//1
f 5117//3 5081//3 5070//3
f 5095//1 5142//1 5094//1
f 5142//3 5098//3 5094//3
f 5103//1 5148//1 5102//1
f 5102//1 5143//1 5095//1
f 5096//1 5070//1 5069//1
f 5110//1 5075//1 5073//1
f 5075//2 5108//2 5071//2
f 5108//1 5079//1 5071//1
f 5079//2 5096//2 5069//2
f 5146//1 5119//1 5117//1
f 5156//1 5123//1 5121//1
f 5147//1 5121//1 5119//1
f 5098//1 5117//1 5070//1
f 5062//3 5103//3 5061//3
f 5166//2 5164//2 5163//2
f 5175//1 5176//1 5174//1
f 5178//2 5175//2 5174//2
f 5176//3 5178//3 5174//3
f 5176//2 5167//2 5166//2
f 5167//3 5175//3 5165//3
f 5175//3 5169//3 5168//3
f 5178//1 5173//1 5171//1
f 5173//2 5176//2 5170//2
f 5170//2 5166//2 5162//2
f 5187//1 5188//1 5186//1
f 5188//2 5185//2 5184//2
f 5191//1 5192//1 5190//1
f 5194//2 5191//2 5190//2
f 5192//3 5194//3 5190//3
f 5203//1 5204//1 5202//1
f 5204//2 5201//2 5200//2
f 5201//3 5203//3 5199//3
f 5209//2 5207//2 5206//2
f 5200//2 5183//2 5182//2
f 5206//2 5187//2 5186//2
f 5188//3 5206//3 5186//3
f 5183//1 5194//1 5182//1
f 5191//3 5183//3 5181//3
f 5185//1 5197//1 5184//1
f 5183//2 5184//2 5181//2
f 5206//1 5201//1 5199//1
f 5203//2 5206//2 5199//2
f 5184//1 5191//1 5181//1
f 5201//2 5188//2 5183//2
f 5194//3 5200//3 5182//3
f 5215//2 5214//2 5213//2
f 5221//2 5220//2 5219//2
f 5219//2 5216//2 5215//2
f 5218//2 5219//2 5217//2
f 5217//2 5215//2 5212//2
f 5226//2 5224//2 5223//2
f 5232//2 5230//2 5229//2
f 5230//3 5231//3 5228//3
f 5241//2 5239//2 5238//2
f 5239//3 5240//3 5237//3
f 5247//2 5245//2 5244//2
f 5245//3 5246//3 5243//3
f 5238//2 5227//2 5226//2
f 5227//3 5237//3 5225//3
f 5244//2 5233//2 5232//2
f 5233//3 5243//3 5231//3
f 5224//1 5234//1 5223//1
f 5234//3 5226//3 5223//3
f 5249//3 5241//3 5238//3
f 5231//2 5234//2 5228//2
f 5246//2 5249//2 5243//2
f 5243//2 5236//2 5231//2
f 5236//3 5238//3 5226//3
f 5254//2 5252//2 5251//2
f 5253//3 5254//3 5251//3
f 5261//2 5260//2 5259//2
f 5259//2 5255//2 5254//2
f 5255//2 5257//2 5252//2
f 5213//2 5161//2 5160//2
f 5229//2 5173//2 5172//2
f 5173//3 5228//3 5171//3
f 5234//2 5179//2 5178//2
f 5228//2 5178//2 5171//2
f 5179//3 5224//3 5169//3
f 5251//2 5203//2 5202//2
f 5204//3 5251//3 5202//3
f 5252//2 5209//2 5203//2
f 5161//1 5209//1 5160//1
f 5260//3 5218//3 5217//3
f 5257//3 5215//3 5213//3
f 5215//1 5255//1 5212//1
f 5255//3 5217//3 5212//3
f 5194//1 5167//1 5165//1
f 5167//2 5192//2 5164//2
f 5169//2 5200//2 5168//2
f 5200//1 5175//1 5168//1
f 5175//2 5194//2 5165//2
f 5254//1 5227//1 5225//1
f 5227//2 5253//2 5224//2
f 5240//2 5259//2 5237//2
f 5237//2 5254//2 5225//2
f 5224//2 5204//2 5169//2
f 5209//3 5213//3 5160//3
f 5266//3 5267//3 5265//3
f 5274//3 5275//3 5273//3
f 5278//1 5279//1 5277//1
f 5281//2 5278//2 5277//2
f 5279//3 5281//3 5277//3
f 5285//1 5286//1 5284//1
f 5286//3 5288//3 5284//3
f 5272//3 5278//3 5271//3
f 5276//3 5285//3 5275//3
f 5273//3 5272//3 5270//3
f 5280//1 5284//1 5279//1
f 5284//3 5283//3 5279//3
f 5275//3 5280//3 5272//3
f 5291//3 5292//3 5290//3
f 5295//1 5296//1 5294//1
f 5298//2 5295//2 5294//2
f 5296//3 5298//3 5294//3
f 5305//2 5303//2 5302//2
f 5303//3 5304//3 5301//3
f 5309//3 5310//3 5307//3
f 5293//3 5301//3 5292//3
f 5307//2 5299//2 5298//2
f 5300//3 5307//3 5298//3
f 5295//3 5293//3 5291//3
f 5303//1 5307//1 5302//1
f 5307//3 5305//3 5302//3
f 5299//3 5303//3 5293//3
f 5314//3 5315//3 5313//3
f 5320//3 5321//3 5319//3
f 5327//3 5328//3 5326//3
f 5331//3 5332//3 5330//3
f 5316//3 5326//3 5315//3
f 5318//3 5330//3 5317//3
f 5330//3 5325//3 5323//3
f 5319//3 5316//3 5314//3
f 5321//1 5318//1 5317//1
f 5328//1 5325//1 5324//1
f 5325//2 5327//2 5323//2
f 5316//1 5317//1 5312//1
f 5323//2 5316//2 5312//2
f 5317//3 5323//3 5312//3
f 5296//2 5269//2 5268//2
f 5269//3 5295//3 5267//3
f 5267//3 5291//3 5264//3
f 5283//3 5313//3 5281//3
f 5289//3 5319//3 5288//3
f 5288//3 5314//3 5283//3
f 5269//1 5281//1 5268//1
f 5278//3 5269//3 5266//3
f 5271//3 5266//3 5263//3
f 5313//3 5300//3 5296//3
f 5326//3 5311//3 5309//3
f 5315//3 5309//3 5300//3
f 5281//3 5296//3 5268//3
f 5335//3 5336//3 5334//3
f 5344//1 5345//1 5343//1
f 5347//2 5344//2 5343//2
f 5345//3 5347//3 5343//3
f 5352//1 5353//1 5351//1
f 5355//2 5352//2 5351//2
f 5353//3 5355//3 5351//3
f 5353//2 5338//2 5337//2
f 5338//3 5352//3 5336//3
f 5349//3 5358//3 5347//3
f 5338//1 5347//1 5337//1
f 5344//3 5338//3 5335//3
f 5358//3 5357//3 5353//3
f 5339//1 5335//1 5334//1
f 5336//2 5339//2 5334//2
f 5341//1 5344//1 5335//1
f 5347//3 5353//3 5337//3
f 5363//3 5364//3 5361//3
f 5357//3 5368//3 5355//3
f 5346//1 5361//1 5345//1
f 5361//3 5349//3 5345//3
f 5192//2 5053//2 5052//2
f 5053//3 5191//3 5051//3
f 5197//2 5058//2 5057//2
f 5191//2 5057//2 5051//2
f 5058//3 5185//3 5049//3
f 5164//2 5052//2 5047//2
f 5339//2 5073//2 5072//2
f 5074//3 5339//3 5072//3
f 5077//3 5344//3 5076//3
f 5344//2 5082//2 5076//2
f 5082//3 5341//3 5074//3
f 5361//2 5127//2 5126//2
f 5128//3 5361//3 5126//3
f 5138//3 5366//3 5136//3
f 5136//3 5363//3 5128//3
f 5127//3 5346//3 5077//3
f 5053//1 5110//1 5052//1
f 5107//3 5053//3 5050//3
f 5056//1 5113//1 5055//1
f 5055//1 5107//1 5050//1
f 5090//3 5056//3 5048//3
f 5052//1 5073//1 5047//1
f 5173//1 5355//1 5172//1
f 5352//3 5173//3 5170//3
f 5164//1 5339//1 5163//1
f 5339//3 5166//3 5163//3
f 5166//1 5336//1 5162//1
f 5336//3 5170//3 5162//3
f 5368//3 5232//3 5229//3
f 5371//3 5247//3 5244//3
f 5370//3 5244//3 5232//3
f 5355//3 5229//3 5172//3
f 5358//1 5266//1 5265//1
f 5267//2 5358//2 5265//2
f 5357//1 5267//1 5264//1
f 5266//2 5349//2 5263//2
f 5364//1 5272//1 5271//1
f 5272//2 5363//2 5270//2
f 5366//1 5274//1 5273//1
f 5363//1 5273//1 5270//1
f 5368//1 5291//1 5290//1
f 5292//2 5368//2 5290//2
f 5304//2 5371//2 5301//2
f 5301//2 5370//2 5292//2
f 5349//1 5271//1 5263//1
f 5291//2 5357//2 5264//2
f 5073//3 5164//3 5047//3
f 5383//3 5384//3 5381//3
f 5387//1 5388//1 5386//1
f 5390//2 5387//2 5386//2
f 5388//3 5390//3 5386//3
f 5398//2 5396//2 5395//2
f 5396//3 5397//3 5394//3
f 5403//3 5404//3 5402//3
f 5395//2 5380//2 5379//2
f 5380//3 5394//3 5378//3
f 5392//3 5402//3 5390//3
f 5380//1 5390//1 5379//1
f 5387//3 5380//3 5377//3
f 5402//3 5398//3 5395//3
f 5384//1 5380//1 5378//1
f 5380//2 5383//2 5377//2
f 5397//2 5400//2 5394//2
f 5383//1 5387//1 5377//1
f 5394//2 5384//2 5378//2
f 5390//3 5395//3 5379//3
f 5414//1 5415//1 5413//1
f 5415//2 5412//2 5411//2
f 5412//3 5414//3 5410//3
f 5419//1 5420//1 5418//1
f 5420//3 5422//3 5418//3
f 5407//3 5410//3 5406//3
f 5409//3 5419//3 5408//3
f 5412//1 5418//1 5411//1
f 5418//3 5415//3 5411//3
f 5408//3 5412//3 5407//3
f 5425//1 5426//1 5424//1
f 5426//3 5428//3 5424//3
f 5431//1 5432//1 5430//1
f 5432//3 5434//3 5430//3
f 5427//1 5430//1 5426//1
f 5430//3 5429//3 5426//3
f 5440//2 5438//2 5437//2
f 5438//3 5439//3 5436//3
f 5446//2 5444//2 5443//2
f 5444//3 5445//3 5442//3
f 5443//2 5441//2 5440//2
f 5441//3 5442//3 5439//3
f 5452//2 5450//2 5449//2
f 5450//3 5451//3 5448//3
f 5462//2 5460//2 5459//2
f 5460//3 5461//3 5458//3
f 5459//2 5453//2 5452//2
f 5453//3 5458//3 5451//3
f 5456//3 5452//3 5449//3
f 5467//3 5462//3 5459//3
f 5451//2 5454//2 5448//2
f 5461//2 5464//2 5458//2
f 5458//2 5455//2 5451//2
f 5457//3 5459//3 5452//3
f 5473//3 5474//3 5471//3
f 5480//1 5481//1 5479//1
f 5481//2 5478//2 5477//2
f 5478//3 5480//3 5476//3
f 5489//2 5487//2 5486//2
f 5487//3 5488//3 5485//3
f 5475//3 5491//3 5474//3
f 5494//2 5480//2 5479//2
f 5481//3 5494//3 5479//3
f 5476//3 5470//3 5469//3
f 5487//1 5494//1 5486//1
f 5494//3 5489//3 5486//3
f 5470//2 5473//2 5469//2
f 5483//1 5478//1 5476//1
f 5491//1 5487//1 5485//1
f 5488//2 5491//2 5485//2
f 5473//1 5476//1 5469//1
f 5487//2 5475//2 5470//2
f 5480//3 5487//3 5470//3
f 5376//3 5436//3 5375//3
f 5449//2 5399//2 5398//2
f 5399//3 5448//3 5397//3
f 5448//2 5401//2 5397//2
f 5404//3 5449//3 5398//3
f 5471//2 5414//2 5413//2
f 5415//3 5471//3 5413//3
f 5423//3 5483//3 5422//3
f 5478//2 5423//2 5417//2
f 5422//3 5473//3 5415//3
f 5410//3 5376//3 5374//3
f 5406//3 5374//3 5373//3
f 5438//1 5471//1 5437//1
f 5471//3 5440//3 5437//3
f 5491//3 5446//3 5443//3
f 5474//3 5443//3 5440//3
f 5389//1 5424//1 5388//1
f 5424//3 5392//3 5388//3
f 5404//1 5376//1 5375//1
f 5376//2 5403//2 5374//2
f 5374//2 5392//2 5373//2
f 5428//1 5407//1 5406//1
f 5434//1 5409//1 5408//1
f 5429//1 5408//1 5407//1
f 5439//2 5456//2 5436//2
f 5445//2 5467//2 5442//2
f 5442//2 5457//2 5439//2
f 5392//1 5406//1 5373//1
f 5436//2 5404//2 5375//2
f 5414//3 5438//3 5376//3
f 5509//1 5510//1 5508//1
f 5514//4 5510//4 5511//4
f 5510//3 5512//3 5508//3
f 5516//1 5517//1 5515//1
f 5522//1 5523//1 5521//1
f 5520//3 5522//3 5519//3
f 5505//3 5509//3 5504//3
f 5514//1 5521//1 5513//1
f 5519//3 5514//3 5511//3
f 5512//1 5507//1 5506//1
f 5521//1 5518//1 5516//1
f 5513//1 5516//1 5507//1
f 5526//1 5527//1 5525//1
f 5531//4 5527//4 5528//4
f 5527//3 5529//3 5525//3
f 5538//1 5539//1 5537//1
f 5543//4 5539//4 5540//4
f 5539//3 5541//3 5537//3
f 5546//1 5547//1 5545//1
f 5546//4 5534//4 5535//4
f 5536//3 5546//3 5535//3
f 5531//1 5534//1 5530//1
f 5533//3 5531//3 5528//3
f 5541//1 5536//1 5535//1
f 5541//4 5533//4 5537//4
f 5532//1 5533//1 5528//1
f 5549//4 5536//4 5542//4
f 5534//3 5544//3 5530//3
f 5551//1 5552//1 5550//1
f 5556//1 5557//1 5555//1
f 5560//1 5561//1 5559//1
f 5564//1 5565//1 5563//1
f 5553//1 5559//1 5552//1
f 5558//1 5563//1 5557//1
f 5555//1 5553//1 5551//1
f 5563//1 5562//1 5560//1
f 5557//1 5560//1 5553//1
f 5573//1 5574//1 5572//1
f 5573//4 5569//4 5570//4
f 5571//3 5573//3 5570//3
f 5577//1 5578//1 5576//1
f 5581//4 5578//4 5579//4
f 5583//1 5584//1 5582//1
f 5587//1 5588//1 5586//1
f 5577//4 5567//4 5568//4
f 5575//1 5582//1 5574//1
f 5581//1 5586//1 5580//1
f 5576//1 5571//1 5570//1
f 5580//4 5571//4 5578//4
f 5586//1 5585//1 5583//1
f 5580//1 5583//1 5575//1
f 5591//1 5592//1 5590//1
f 5592//3 5594//3 5590//3
f 5593//1 5596//1 5592//1
f 5507//3 5591//3 5506//3
f 5596//2 5516//2 5515//2
f 5517//3 5596//3 5515//3
f 5516//3 5593//3 5507//3
f 5518//1 5550//1 5517//1
f 5524//1 5555//1 5523//1
f 5554//3 5524//3 5520//3
f 5523//1 5551//1 5518//1
f 5548//1 5569//1 5547//1
f 5543//1 5567//1 5542//1
f 5549//1 5570//1 5548//1
f 5567//3 5549//3 5542//3
f 5529//1 5505//1 5504//1
f 5545//1 5520//1 5519//1
f 5544//1 5519//1 5511//1
f 5544//4 5505//4 5530//4
f 5572//1 5558//1 5556//1
f 5572//4 5554//4 5569//4
f 5582//1 5566//1 5564//1
f 5574//1 5564//1 5558//1
f 5547//1 5554//1 5520//1
f 5607//4 5604//4 5605//4
f 5614//4 5610//4 5611//4
f 5610//3 5612//3 5609//3
f 5617//1 5618//1 5616//1
f 5621//4 5618//4 5619//4
f 5625//4 5622//4 5623//4
f 5617//4 5606//4 5607//4
f 5608//3 5617//3 5607//3
f 5623//4 5613//4 5614//4
f 5621//1 5626//1 5620//1
f 5612//1 5608//1 5607//1
f 5612//4 5605//4 5609//4
f 5624//4 5619//4 5622//4
f 5624//1 5627//1 5621//1
f 5622//4 5608//4 5613//4
f 5638//6 5635//6 5637//6
f 5640//4 5635//4 5636//4
f 5647//6 5644//6 5646//6
f 5647//4 5642//4 5643//4
f 5642//3 5644//3 5641//3
f 5651//4 5648//4 5649//4
f 5658//6 5655//6 5657//6
f 5658//4 5653//4 5654//4
f 5658//5 5652//5 5656//5
f 5649//4 5631//4 5632//4
f 5654//4 5633//4 5634//4
f 5640//6 5631//6 5639//6
f 5635//3 5631//3 5630//3
f 5645//6 5633//6 5644//6
f 5642//6 5636//6 5638//6
f 5644//4 5636//4 5641//4
f 5657//4 5649//4 5653//4
f 5644//6 5632//6 5640//6
f 5653//4 5632//4 5633//4
f 5669//4 5665//4 5666//4
f 5669//5 5664//5 5667//5
f 5666//4 5661//4 5662//4
f 5666//5 5660//5 5664//5
f 5674//1 5675//1 5673//1
f 5682//1 5683//1 5681//1
f 5682//4 5678//4 5679//4
f 5683//5 5678//5 5681//5
f 5687//4 5683//4 5684//4
f 5687//5 5682//5 5685//5
f 5671//1 5678//1 5670//1
f 5682//5 5671//5 5672//5
f 5678//1 5676//1 5674//1
f 5683//4 5676//4 5680//4
f 5694//4 5690//4 5691//4
f 5694//5 5689//5 5692//5
f 5699//4 5695//4 5696//4
f 5706//4 5702//4 5703//4
f 5706//5 5701//5 5704//5
f 5713//5 5709//5 5711//5
f 5703//4 5693//4 5694//4
f 5703//5 5692//5 5701//5
f 5706//1 5711//1 5705//1
f 5711//5 5702//5 5705//5
f 5697//6 5689//6 5691//6
f 5698//4 5689//4 5695//4
f 5708//4 5701//4 5707//4
f 5707//4 5692//4 5698//4
f 5709//5 5693//5 5702//5
f 5671//4 5624//4 5625//4
f 5674//4 5626//4 5627//4
f 5675//5 5626//5 5673//5
f 5678//4 5627//4 5629//4
f 5678//5 5624//5 5670//5
f 5691//4 5650//4 5651//4
f 5696//4 5655//4 5656//4
f 5697//5 5655//5 5695//5
f 5697//4 5651//4 5657//4
f 5601//1 5604//1 5600//1
f 5604//3 5602//3 5600//3
f 5699//6 5661//6 5698//6
f 5699//5 5659//5 5662//5
f 5708//5 5665//5 5668//5
f 5707//5 5661//5 5665//5
f 5631//4 5611//4 5630//4
f 5650//4 5623//4 5648//4
f 5635//6 5611//6 5615//6
f 5648//4 5614//4 5631//4
f 5693//4 5671//4 5690//4
f 5709//1 5687//1 5685//1
f 5713//4 5687//4 5710//4
f 5693//1 5682//1 5672//1
f 5709//4 5682//4 5700//4
f 5690//4 5625//4 5650//4
f 5696//5 5603//5 5659//5
f 5720//2 5718//2 5717//2
f 5718//3 5719//3 5716//3
f 5724//2 5723//2 5722//2
f 5730//2 5728//2 5727//2
f 5728//3 5729//3 5726//3
f 5727//2 5721//2 5720//2
f 5721//3 5726//3 5719//3
f 5715//2 5717//2 5714//2
f 5725//2 5727//2 5723//2
f 5723//2 5720//2 5715//2
f 5735//2 5734//2 5733//2
f 5743//6 5740//6 5742//6
f 5740//2 5738//2 5737//2
f 5739//3 5740//3 5737//3
f 5751//2 5750//2 5749//2
f 5755//2 5754//2 5753//2
f 5749//2 5743//2 5742//2
f 5743//3 5748//3 5741//3
f 5753//2 5746//2 5745//2
f 5746//6 5735//6 5745//6
f 5744//3 5735//3 5733//3
f 5759//6 5751//6 5758//6
f 5757//3 5751//3 5749//3
f 5739//6 5732//6 5734//6
f 5736//2 5739//2 5734//2
f 5756//2 5757//2 5754//2
f 5757//6 5747//6 5754//6
f 5747//2 5742//2 5736//2
f 5746//3 5747//3 5736//3
f 5761//1 5762//1 5760//1
f 5764//2 5761//2 5760//2
f 5762//3 5764//3 5760//3
f 5768//2 5765//2 5764//2
f 5773//2 5772//2 5771//2
f 5778//2 5777//2 5776//2
f 5782//2 5781//2 5780//2
f 5786//2 5785//2 5784//2
f 5780//2 5774//2 5773//2
f 5784//2 5779//2 5778//2
f 5774//2 5776//2 5772//2
f 5783//2 5784//2 5781//2
f 5781//2 5778//2 5774//2
f 5794//6 5791//6 5793//6
f 5791//2 5789//2 5788//2
f 5790//3 5791//3 5788//3
f 5801//6 5798//6 5800//6
f 5798//2 5796//2 5795//2
f 5801//5 5796//5 5799//5
f 5804//2 5803//2 5802//2
f 5808//2 5807//2 5806//2
f 5802//2 5794//2 5793//2
f 5806//2 5801//2 5800//2
f 5800//6 5792//6 5794//6
f 5792//2 5795//2 5789//2
f 5805//2 5806//2 5803//2
f 5803//2 5800//2 5794//2
f 5771//2 5725//2 5724//2
f 5776//2 5731//2 5730//2
f 5731//3 5775//3 5729//3
f 5772//2 5730//2 5725//2
f 5788//2 5756//2 5755//2
f 5795//2 5759//2 5758//2
f 5789//2 5758//2 5756//2
f 5761//3 5715//3 5714//3
f 5723//1 5768//1 5722//1
f 5768//3 5724//3 5722//3
f 5717//1 5761//1 5714//1
f 5765//3 5723//3 5715//3
f 5719//2 5744//2 5716//2
f 5729//2 5753//2 5726//2
f 5726//2 5745//2 5719//2
f 5790//6 5775//6 5777//6
f 5779//2 5790//2 5777//2
f 5787//2 5802//2 5785//2
f 5785//2 5793//2 5779//2
f 5775//2 5755//2 5729//2
f 5819//6 5816//6 5818//6
f 5820//2 5819//2 5818//2
f 5825//6 5822//6 5824//6
f 5826//2 5825//2 5824//2
f 5816//2 5813//2 5812//2
f 5822//2 5815//2 5814//2
f 5829//6 5820//6 5828//6
f 5831//6 5826//6 5830//6
f 5824//6 5817//6 5819//6
f 5821//2 5824//2 5819//2
f 5830//6 5821//6 5829//6
f 5817//2 5814//2 5813//2
f 5840//6 5837//6 5839//6
f 5842//2 5840//2 5839//2
f 5842//5 5837//5 5841//5
f 5851//6 5848//6 5850//6
f 5860//6 5857//6 5859//6
f 5857//2 5855//2 5854//2
f 5860//5 5855//5 5858//5
f 5864//6 5861//6 5863//6
f 5848//2 5835//2 5834//2
f 5851//5 5835//5 5849//5
f 5861//2 5846//2 5845//2
f 5864//5 5846//5 5862//5
f 5855//6 5850//6 5854//6
f 5857//5 5850//5 5852//5
f 5846//6 5842//6 5845//6
f 5846//5 5840//5 5843//5
f 5842//6 5835//6 5836//6
f 5835//2 5837//2 5833//2
f 5863//6 5855//6 5856//6
f 5860//2 5863//2 5856//2
f 5861//6 5851//6 5855//6
f 5851//2 5842//2 5836//2
f 5861//5 5842//5 5853//5
f 5876//6 5873//6 5875//6
f 5878//5 5873//5 5877//5
f 5887//6 5884//6 5886//6
f 5884//2 5881//2 5880//2
f 5887//4 5882//4 5883//4
f 5887//5 5881//5 5885//5
f 5876//5 5866//5 5874//5
f 5883//5 5868//5 5881//5
f 5881//6 5875//6 5880//6
f 5884//5 5875//5 5878//5
f 5878//6 5871//6 5872//6
f 5884//6 5872//6 5879//6
f 5881//5 5867//5 5876//5
f 5891//6 5888//6 5890//6
f 5892//2 5891//2 5890//2
f 5897//6 5894//6 5896//6
f 5898//2 5897//2 5896//2
f 5900//2 5893//2 5892//2
f 5896//6 5889//6 5891//6
f 5893//2 5896//2 5891//2
f 5911//2 5910//2 5909//2
f 5917//6 5914//6 5916//6
f 5919//2 5917//2 5916//2
f 5919//5 5914//5 5918//5
f 5914//2 5907//2 5906//2
f 5917//5 5907//5 5915//5
f 5923//6 5919//6 5922//6
f 5923//5 5917//5 5920//5
f 5919//6 5912//6 5913//6
f 5912//2 5914//2 5910//2
f 5910//2 5906//2 5904//2
f 5928//6 5925//6 5927//6
f 5930//2 5928//2 5927//2
f 5930//5 5925//5 5929//5
f 5937//6 5934//6 5936//6
f 5937//5 5932//5 5935//5
f 5945//5 5941//5 5944//5
f 5942//2 5937//2 5936//2
f 5942//5 5934//5 5941//5
f 5935//6 5930//6 5934//6
f 5935//5 5928//5 5931//5
f 5939//6 5932//6 5933//6
f 5941//5 5930//5 5940//5
f 5888//2 5829//2 5828//2
f 5894//2 5831//2 5830//2
f 5897//5 5831//5 5895//5
f 5889//2 5830//2 5829//2
f 5925//2 5871//2 5870//2
f 5928//5 5871//5 5926//5
f 5939//5 5884//5 5938//5
f 5932//2 5884//2 5879//2
f 5932//5 5872//5 5928//5
f 5910//6 5900//6 5909//6
f 5911//5 5900//5 5902//5
f 5907//6 5898//6 5906//6
f 5907//5 5897//5 5899//5
f 5906//6 5893//6 5904//6
f 5910//5 5893//5 5901//5
f 5871//6 5859//6 5870//6
f 5874//6 5863//6 5873//6
f 5877//5 5863//5 5865//5
f 5877//6 5860//6 5871//6
f 5874//5 5847//5 5864//5
f 5850//6 5823//6 5825//6
f 5827//2 5850//2 5825//2
f 5859//6 5831//6 5832//6
f 5857//6 5827//6 5831//6
f 5823//2 5834//2 5815//2
f 5930//6 5907//6 5908//6
f 5907//2 5925//2 5905//2
f 5945//6 5923//6 5924//6
f 5923//2 5941//2 5921//2
f 5941//6 5917//6 5921//6
f 5917//2 5930//2 5908//2
f 5925//6 5897//6 5905//6
f 5897//2 5859//2 5832//2
f 5925//5 5859//5 5903//5
f 5949//5 5946//5 5948//5
f 5956//6 5953//6 5955//6
f 5956//4 5951//4 5952//4
f 5956//5 5950//5 5954//5
f 5960//6 5957//6 5959//6
f 5962//5 5957//5 5961//5
f 5967//5 5963//5 5966//5
f 5960//5 5948//5 5958//5
f 5964//4 5953//4 5954//4
f 5965//5 5953//5 5963//5
f 5954//5 5947//5 5949//5
f 5964//6 5959//6 5963//6
f 5966//5 5959//5 5962//5
f 5964//5 5949//5 5960//5
f 5974//5 5971//5 5973//5
f 5976//1 5977//1 5975//1
f 5980//5 5976//5 5979//5
f 5985//5 5982//5 5984//5
f 5992//5 5989//5 5991//5
f 5983//5 5973//5 5982//5
f 5987//5 5979//5 5986//5
f 5979//5 5969//5 5970//5
f 5991//5 5983//5 5985//5
f 5971//1 5969//1 5968//1
f 5974//4 5969//4 5972//4
f 5989//1 5987//1 5986//1
f 5992//4 5987//4 5990//4
f 5983//1 5986//1 5981//1
f 5983//4 5970//4 5974//4
f 5986//5 5970//5 5981//5
f 5999//5 5996//5 5998//5
f 6003//5 6000//5 6002//5
f 6007//2 6005//2 6004//2
f 6009//5 6005//5 6008//5
f 6016//5 6013//5 6015//5
f 6006//5 5994//5 6005//5
f 6014//5 6002//5 6013//5
f 6012//5 6006//5 6009//5
f 6002//5 5997//5 5999//5
f 5999//6 5994//6 5995//6
f 5994//2 5996//2 5993//2
f 6012//2 6013//2 6011//2
f 6013//6 6006//6 6011//6
f 6006//2 5999//2 5995//2
f 6013//5 5999//5 6010//5
f 6020//5 6017//5 6019//5
f 6024//5 6021//5 6023//5
f 6028//5 6025//5 6027//5
f 6032//5 6029//5 6031//5
f 6026//5 6019//5 6025//5
f 6030//5 6023//5 6029//5
f 6023//5 6018//5 6020//5
f 6031//5 6026//5 6028//5
f 6029//5 6020//5 6026//5
f 5997//5 5961//5 5996//5
f 6001//5 5966//5 6000//5
f 6000//5 5962//5 5997//5
f 6018//5 5984//5 6017//5
f 6022//5 5991//5 6021//5
f 6021//5 5985//5 6018//5
f 5973//5 5951//5 5955//5
f 5984//5 5965//5 5967//5
f 5982//5 5955//5 5965//5
f 6019//5 6001//5 6003//5
f 6027//5 6014//5 6016//5
f 6025//5 6003//5 6014//5
f 6017//5 5967//5 6001//5
f 5717//2 5447//2 5446//2
f 5447//3 5716//3 5445//3
f 5733//2 5463//2 5462//2
f 5463//3 5732//3 5461//3
f 5737//2 5466//2 5465//2
f 5732//2 5465//2 5461//2
f 5468//3 5733//3 5462//3
f 5762//2 5490//2 5489//2
f 5490//3 5761//3 5488//3
f 5761//2 5493//2 5488//2
f 5716//2 5468//2 5445//2
f 5493//3 5717//3 5446//3
f 5837//2 5502//2 5501//2
f 5840//5 5502//5 5838//5
f 5952//4 5668//4 5669//4
f 5952//5 5667//5 5950//5
f 5950//5 5663//5 5947//5
f 5969//5 5704//5 5968//5
f 5976//4 5711//4 5712//4
f 5977//5 5711//5 5975//5
f 5971//4 5704//4 5708//4
f 5976//5 5706//5 5969//5
f 5971//5 5668//5 5951//5
f 5421//1 5508//1 5420//1
f 5508//3 5423//3 5420//3
f 5423//1 5506//1 5417//1
f 5504//3 5421//3 5409//3
f 5478//1 5590//1 5477//1
f 5590//3 5481//3 5477//3
f 5433//1 5525//1 5432//1
f 5525//3 5435//3 5432//3
f 5435//1 5504//1 5409//1
f 5506//3 5478//3 5417//3
f 5958//6 5882//6 5957//6
f 5961//5 5882//5 5886//5
f 5958//5 5869//5 5883//5
f 5994//5 5933//5 5937//5
f 6005//6 5942//6 6004//6
f 6007//5 5942//5 5945//5
f 5996//6 5933//6 5993//6
f 6005//5 5937//5 5943//5
f 5996//5 5886//5 5939//5
f 5602//4 5540//4 5600//4
f 5616//1 5579//1 5577//1
f 5620//4 5579//4 5618//4
f 5626//1 5589//1 5587//1
f 5620//1 5587//1 5581//1
f 5616//4 5568//4 5606//4
f 5602//1 5568//1 5543//1
f 5675//4 5589//4 5628//4
f 5741//2 5811//2 5738//2
f 5818//6 5748//6 5750//6
f 5752//2 5818//2 5750//2
f 5828//6 5752//6 5759//6
f 5748//2 5812//2 5741//2
f 5890//6 5796//6 5797//6
f 5801//2 5890//2 5797//2
f 5809//2 5900//2 5807//2
f 5807//2 5892//2 5801//2
f 5911//6 5809//6 5810//6
f 5796//2 5828//2 5759//2
f 6037//2 6036//2 6035//2
f 6042//2 6041//2 6040//2
f 6040//2 6038//2 6037//2
f 6034//2 6035//2 6033//2
f 6039//2 6037//2 6034//2
f 6048//2 6046//2 6045//2
f 6046//3 6047//3 6044//3
f 6054//2 6052//2 6051//2
f 6052//3 6053//3 6050//3
f 6061//2 6060//2 6059//2
f 6067//2 6065//2 6064//2
f 6065//3 6066//3 6063//3
f 6059//2 6049//2 6048//2
f 6049//3 6058//3 6047//3
f 6064//2 6055//2 6054//2
f 6055//3 6063//3 6053//3
f 6056//3 6048//3 6045//3
f 6071//6 6061//6 6070//6
f 6069//3 6061//3 6059//3
f 6053//2 6056//2 6050//2
f 6066//2 6069//2 6063//2
f 6063//2 6057//2 6053//2
f 6057//3 6059//3 6048//3
f 6074//2 6073//2 6072//2
f 6079//2 6077//2 6076//2
f 6078//3 6079//3 6076//3
f 6076//2 6075//2 6074//2
f 6080//2 6082//2 6077//2
f 6096//6 6093//6 6095//6
f 6093//2 6091//2 6090//2
f 6092//3 6093//3 6090//3
f 6098//2 6096//2 6095//2
f 6096//3 6097//3 6094//3
f 6092//6 6087//6 6088//6
f 6089//2 6092//2 6088//2
f 6104//6 6101//6 6103//6
f 6106//2 6104//2 6103//2
f 6104//3 6105//3 6102//3
f 6113//6 6110//6 6112//6
f 6110//2 6109//2 6108//2
f 6121//2 6120//2 6119//2
f 6129//6 6126//6 6128//6
f 6126//2 6124//2 6123//2
f 6125//3 6126//3 6123//3
f 6119//2 6113//2 6112//2
f 6113//3 6118//3 6111//3
f 6123//2 6116//2 6115//2
f 6116//6 6106//6 6115//6
f 6114//3 6106//3 6103//3
f 6132//6 6121//6 6131//6
f 6130//3 6121//3 6119//3
f 6112//6 6105//6 6107//6
f 6105//2 6108//2 6102//2
f 6133//6 6127//6 6129//6
f 6127//2 6130//2 6124//2
f 6130//6 6117//6 6124//6
f 6117//2 6112//2 6107//2
f 6116//3 6117//3 6107//3
f 6068//3 6087//3 6066//3
f 6090//2 6071//2 6070//2
f 6087//2 6070//2 6066//2
f 6071//3 6086//3 6062//3
f 6101//2 6080//2 6079//2
f 6081//3 6101//3 6079//3
f 6108//2 6084//2 6083//2
f 6102//2 6083//2 6080//2
f 6073//3 6034//3 6033//3
f 6084//6 6042//6 6083//6
f 6082//3 6042//3 6040//3
f 6082//6 6039//6 6077//6
f 6075//3 6039//3 6034//3
f 6047//2 6072//2 6044//2
f 6078//6 6058//6 6060//6
f 6062//2 6078//2 6060//2
f 6058//2 6074//2 6047//2
f 6094//2 6114//2 6091//2
f 6125//6 6097//6 6099//6
f 6100//2 6125//2 6099//2
f 6114//6 6086//6 6091//6
f 6097//2 6115//2 6094//2
f 6086//2 6081//2 6062//2
f 6084//3 6085//3 6043//3
f 6136//3 6137//3 6134//3
f 6142//2 6140//2 6139//2
f 6141//3 6142//3 6139//3
f 6154//6 6151//6 6153//6
f 6151//2 6149//2 6148//2
f 6150//3 6151//3 6148//3
f 6138//3 6145//3 6137//3
f 6148//2 6143//2 6142//2
f 6144//3 6148//3 6142//3
f 6140//6 6135//6 6139//6
f 6140//3 6138//3 6136//3
f 6149//3 6147//3 6146//3
f 6143//3 6146//3 6138//3
f 6159//3 6160//3 6158//3
f 6163//3 6164//3 6162//3
f 6168//3 6169//3 6167//3
f 6174//3 6175//3 6173//3
f 6161//3 6167//3 6160//3
f 6165//3 6171//3 6164//3
f 6162//3 6157//3 6156//3
f 6173//3 6170//3 6168//3
f 6159//6 6155//6 6156//6
f 6157//2 6159//2 6156//2
f 6174//6 6171//6 6172//6
f 6166//6 6157//6 6164//6
f 6171//2 6166//2 6164//2
f 6166//3 6168//3 6161//3
f 6180//3 6181//3 6178//3
f 6187//6 6184//6 6186//6
f 6189//2 6187//2 6186//2
f 6187//3 6188//3 6185//3
f 6196//6 6193//6 6195//6
f 6192//3 6193//3 6191//3
f 6190//3 6197//3 6188//3
f 6196//3 6199//3 6194//3
f 6194//6 6189//6 6193//6
f 6191//3 6189//3 6186//3
f 6194//3 6198//3 6190//3
f 6179//2 6154//2 6153//2
f 6154//3 6178//3 6152//3
f 6152//3 6177//3 6147//3
f 6170//3 6184//3 6169//3
f 6176//3 6191//3 6175//3
f 6175//3 6186//3 6170//3
f 6158//3 6144//3 6141//3
f 6167//3 6153//3 6150//3
f 6160//3 6150//3 6144//3
f 6185//6 6179//6 6184//6
f 6185//3 6182//3 6180//3
f 6188//3 6183//3 6182//3
f 6169//3 6179//3 6153//3
f 6204//3 6205//3 6203//3
f 6214//6 6211//6 6213//6
f 6211//2 6209//2 6208//2
f 6210//3 6211//3 6208//3
f 6229//6 6226//6 6228//6
f 6226//2 6224//2 6223//2
f 6225//3 6226//3 6223//3
f 6233//6 6230//6 6232//6
f 6235//2 6233//2 6232//2
f 6233//3 6234//3 6231//3
f 6220//2 6214//2 6213//2
f 6214//3 6219//3 6212//3
f 6218//3 6230//3 6217//3
f 6216//3 6213//3 6210//3
f 6231//6 6220//6 6230//6
f 6231//3 6222//3 6221//3
f 6225//6 6219//6 6221//6
f 6222//2 6225//2 6221//2
f 6237//6 6222//6 6234//6
f 6219//2 6215//2 6212//2
f 6217//3 6220//3 6213//3
f 6244//6 6241//6 6243//6
f 6240//3 6241//3 6239//3
f 6246//3 6247//3 6245//3
f 6245//3 6243//3 6240//3
f 6208//2 6206//2 6205//2
f 6207//3 6208//3 6205//3
f 6242//6 6235//6 6241//6
f 6239//3 6235//3 6232//3
f 6255//6 6252//6 6254//6
f 6256//2 6255//2 6254//2
f 6251//2 6254//2 6250//2
f 6267//6 6264//6 6266//6
f 6269//2 6267//2 6266//2
f 6267//3 6268//3 6265//3
f 6265//6 6259//6 6264//6
f 6265//3 6261//3 6260//3
f 6266//6 6262//6 6263//6
f 6278//6 6275//6 6277//6
f 6275//2 6273//2 6272//2
f 6274//3 6275//3 6272//3
f 6289//6 6286//6 6288//6
f 6293//6 6290//6 6292//6
f 6297//6 6294//6 6296//6
f 6299//2 6297//2 6296//2
f 6297//3 6298//3 6295//3
f 6286//2 6280//2 6279//2
f 6281//3 6286//3 6279//3
f 6290//2 6283//2 6282//2
f 6284//3 6290//3 6282//3
f 6283//6 6277//6 6282//6
f 6295//6 6288//6 6294//6
f 6281//6 6276//6 6278//6
f 6296//6 6291//6 6293//6
f 6294//6 6285//6 6291//6
f 6285//2 6281//2 6278//2
f 6283//3 6285//3 6278//3
f 6310//6 6307//6 6309//6
f 6306//3 6307//3 6305//3
f 6314//6 6311//6 6313//6
f 6314//3 6315//3 6312//3
f 6320//6 6317//6 6319//6
f 6310//3 6321//3 6308//3
f 6320//3 6323//3 6318//3
f 6312//6 6302//6 6311//6
f 6312//3 6304//3 6303//3
f 6318//6 6309//6 6317//6
f 6306//6 6301//6 6303//6
f 6304//2 6306//2 6303//2
f 6319//6 6315//6 6316//6
f 6317//6 6304//6 6315//6
f 6318//3 6322//3 6310//3
f 6328//6 6325//6 6327//6
f 6328//3 6329//3 6326//3
f 6335//6 6332//6 6334//6
f 6342//6 6339//6 6341//6
f 6339//2 6337//2 6336//2
f 6338//3 6339//3 6336//3
f 6346//6 6343//6 6345//6
f 6337//6 6327//6 6336//6
f 6337//3 6330//3 6328//3
f 6344//6 6334//6 6343//6
f 6334//6 6329//6 6330//6
f 6329//2 6331//2 6326//2
f 6345//6 6340//6 6342//6
f 6343//6 6330//6 6340//6
f 6346//3 6347//3 6344//3
f 6308//6 6269//6 6307//6
f 6305//3 6269//3 6266//3
f 6305//6 6263//6 6301//6
f 6308//3 6271//3 6270//3
f 6326//6 6292//6 6325//6
f 6333//6 6299//6 6332//6
f 6331//3 6299//3 6296//3
f 6331//6 6293//6 6326//6
f 6274//6 6258//6 6260//6
f 6261//2 6274//2 6260//2
f 6284//6 6268//6 6270//6
f 6282//6 6261//6 6268//6
f 6271//2 6284//2 6270//2
f 6327//6 6321//6 6322//6
f 6338//6 6323//6 6324//6
f 6336//6 6322//6 6323//6
f 6325//6 6271//6 6321//6
f 6249//2 6129//2 6128//2
f 6252//2 6132//2 6131//2
f 6133//3 6252//3 6131//3
f 6250//2 6133//2 6129//2
f 6259//2 6229//2 6228//2
f 6229//3 6258//3 6227//3
f 6236//3 6262//3 6234//3
f 6262//2 6237//2 6234//2
f 6237//3 6259//3 6228//3
f 6302//2 6244//2 6243//2
f 6244//3 6301//3 6242//3
f 6248//3 6311//3 6247//3
f 6247//3 6302//3 6243//3
f 6258//2 6238//2 6227//2
f 6242//3 6263//3 6236//3
f 6201//3 6054//3 6051//3
f 6206//6 6067//6 6205//6
f 6203//3 6067//3 6064//3
f 6202//3 6064//3 6054//3
f 6209//3 6089//3 6088//3
f 6224//6 6098//6 6223//6
f 6224//3 6100//3 6099//3
f 6215//6 6089//6 6212//6
f 6215//3 6098//3 6095//3
f 6238//6 6100//6 6227//6
f 6206//3 6088//3 6068//3
f 6273//6 6249//6 6272//6
f 6273//3 6251//3 6250//3
f 6280//6 6256//6 6279//6
f 6279//6 6251//6 6276//6
f 6137//2 6201//2 6134//2
f 6204//6 6145//6 6146//6
f 6147//2 6204//2 6146//2
f 6145//2 6202//2 6137//2
f 6218//6 6181//6 6182//6
f 6181//2 6216//2 6178//2
f 6216//6 6177//6 6178//6
f 6183//2 6218//2 6182//2
f 6240//6 6197//6 6198//6
f 6246//6 6199//6 6200//6
f 6245//6 6198//6 6199//6
f 6239//6 6183//6 6197//6
f 6177//2 6207//2 6147//2
f 6238//3 6249//3 6128//3
f 6351//2 6350//2 6349//2
f 6355//2 6354//2 6353//2
f 6359//2 6358//2 6357//2
f 6363//2 6362//2 6361//2
f 6357//2 6352//2 6351//2
f 6361//2 6356//2 6355//2
f 6352//2 6353//2 6350//2
f 6360//2 6361//2 6358//2
f 6358//2 6355//2 6352//2
f 6367//2 6366//2 6365//2
f 6371//2 6370//2 6369//2
f 6375//2 6374//2 6373//2
f 6373//2 6368//2 6367//2
f 6368//2 6369//2 6366//2
f 6376//2 6377//2 6374//2
f 6374//2 6371//2 6368//2
f 6386//2 6385//2 6384//2
f 6384//2 6381//2 6380//2
f 6396//2 6395//2 6394//2
f 6400//2 6399//2 6398//2
f 6405//6 6402//6 6404//6
f 6406//2 6405//2 6404//2
f 6411//6 6408//6 6410//6
f 6412//2 6411//2 6410//2
f 6402//2 6397//2 6396//2
f 6408//2 6401//2 6400//2
f 6415//6 6406//6 6414//6
f 6417//6 6412//6 6416//6
f 6397//2 6398//2 6395//2
f 6410//6 6403//6 6405//6
f 6407//2 6410//2 6405//2
f 6416//6 6407//6 6415//6
f 6403//2 6400//2 6397//2
f 6420//2 6419//2 6418//2
f 6426//6 6423//6 6425//6
f 6428//2 6426//2 6425//2
f 6428//5 6423//5 6427//5
f 6434//6 6431//6 6433//6
f 6435//2 6434//2 6433//2
f 6448//6 6445//6 6447//6
f 6445//2 6443//2 6442//2
f 6448//5 6443//5 6446//5
f 6431//2 6421//2 6420//2
f 6434//5 6421//5 6432//5
f 6437//2 6429//2 6428//2
f 6441//6 6435//6 6440//6
f 6441//5 6434//5 6436//5
f 6443//6 6437//6 6442//6
f 6428//6 6421//6 6422//6
f 6421//2 6423//2 6419//2
f 6441//2 6442//2 6439//2
f 6442//6 6434//6 6439//6
f 6434//2 6428//2 6422//2
f 6443//5 6429//5 6438//5
f 6389//2 6360//2 6359//2
f 6391//2 6364//2 6363//2
f 6390//2 6363//2 6360//2
f 6418//2 6383//2 6382//2
f 6423//2 6387//2 6386//2
f 6426//5 6387//5 6424//5
f 6419//2 6386//2 6383//2
f 6395//6 6389//6 6394//6
f 6399//6 6391//6 6398//6
f 6398//6 6390//6 6395//6
f 6383//6 6375//6 6382//6
f 6381//6 6371//6 6380//6
f 6381//5 6370//5 6372//5
f 6386//5 6377//5 6378//5
f 6386//6 6376//6 6383//6
f 6384//5 6371//5 6377//5
f 6356//2 6365//2 6354//2
f 6364//2 6373//2 6362//2
f 6362//2 6367//2 6356//2
f 6401//2 6418//2 6399//2
f 6433//6 6409//6 6411//6
f 6413//2 6433//2 6411//2
f 6440//6 6413//6 6417//6
f 6409//2 6420//2 6401//2
f 6418//6 6392//6 6399//6
f 6392//2 6375//2 6364//2
f 6418//5 6375//5 6393//5
f 6455//6 6452//6 6454//6
f 6452//2 6450//2 6449//2
f 6455//5 6450//5 6453//5
f 6461//2 6459//2 6458//2
f 6463//5 6459//5 6462//5
f 6468//2 6466//2 6465//2
f 6468//5 6464//5 6467//5
f 6476//6 6473//6 6475//6
f 6478//2 6476//2 6475//2
f 6478//5 6473//5 6477//5
f 6465//2 6455//2 6454//2
f 6465//5 6452//5 6464//5
f 6473//2 6462//2 6461//2
f 6476//5 6462//5 6474//5
f 6472//5 6466//5 6469//5
f 6461//5 6456//5 6457//5
f 6455//2 6456//2 6451//2
f 6472//2 6473//2 6471//2
f 6473//6 6466//6 6471//6
f 6466//2 6457//2 6455//2
f 6473//5 6457//5 6470//5
f 6492//6 6489//6 6491//6
f 6489//2 6487//2 6486//2
f 6492//5 6487//5 6490//5
f 6500//2 6499//2 6498//2
f 6498//2 6492//2 6491//2
f 6498//5 6489//5 6497//5
f 6487//6 6483//6 6486//6
f 6489//5 6483//5 6485//5
f 6494//6 6487//6 6488//6
f 6492//2 6494//2 6488//2
f 6499//2 6496//2 6492//2
f 6483//2 6469//2 6468//2
f 6494//2 6479//2 6478//2
f 6494//5 6477//5 6493//5
f 6487//2 6477//2 6472//2
f 6487//5 6469//5 6484//5
f 6463//2 6480//2 6460//2
f 6476//2 6481//2 6463//2
f 6508//6 6505//6 6507//6
f 6510//2 6508//2 6507//2
f 6510//5 6505//5 6509//5
f 6515//5 6512//5 6514//5
f 6523//5 6519//5 6522//5
f 6527//2 6525//2 6524//2
f 6529//5 6525//5 6528//5
f 6520//2 6511//2 6510//2
f 6520//5 6509//5 6519//5
f 6526//5 6514//5 6525//5
f 6514//5 6508//5 6511//5
f 6525//6 6520//6 6524//6
f 6527//5 6520//5 6523//5
f 6517//6 6512//6 6513//6
f 6515//2 6517//2 6513//2
f 6526//2 6518//2 6515//2
f 6525//5 6511//5 6521//5
f 6534//5 6531//5 6533//5
f 6538//5 6535//5 6537//5
f 6545//5 6542//5 6544//5
f 6550//5 6547//5 6549//5
f 6543//5 6533//5 6542//5
f 6548//5 6537//5 6547//5
f 6537//5 6532//5 6534//5
f 6549//5 6543//5 6545//5
f 6545//6 6540//6 6541//6
f 6540//2 6542//2 6539//2
f 6549//6 6541//6 6546//6
f 6547//5 6534//5 6543//5
f 6554//2 6552//2 6551//2
f 6556//5 6552//5 6555//5
f 6565//6 6562//6 6564//6
f 6567//5 6562//5 6566//5
f 6575//6 6572//6 6574//6
f 6572//2 6570//2 6569//2
f 6575//5 6570//5 6573//5
f 6562//2 6555//2 6554//2
f 6565//5 6555//5 6563//5
f 6570//6 6564//6 6569//6
f 6572//5 6564//5 6567//5
f 6567//6 6560//6 6561//6
f 6560//2 6562//2 6558//2
f 6572//6 6561//6 6568//6
f 6570//5 6556//5 6565//5
f 6582//6 6579//6 6581//6
f 6584//2 6582//2 6581//2
f 6584//5 6579//5 6583//5
f 6587//5 6583//5 6586//5
f 6583//5 6577//5 6578//5
f 6598//6 6595//6 6597//6
f 6598//5 6593//5 6596//5
f 6603//5 6599//5 6602//5
f 6609//5 6606//5 6608//5
f 6613//6 6610//6 6612//6
f 6615//5 6610//5 6614//5
f 6607//5 6595//5 6606//5
f 6610//2 6602//2 6601//2
f 6613//5 6602//5 6611//5
f 6602//6 6597//6 6601//6
f 6602//5 6594//5 6598//5
f 6614//5 6607//5 6609//5
f 6605//6 6599//6 6600//6
f 6610//5 6597//5 6607//5
f 6577//5 6522//5 6576//5
f 6579//2 6528//2 6527//2
f 6582//5 6528//5 6580//5
f 6579//5 6523//5 6577//5
f 6594//5 6540//5 6593//5
f 6605//5 6549//5 6604//5
f 6599//2 6549//2 6546//2
f 6599//5 6541//5 6594//5
f 6589//5 6571//5 6575//5
f 6540//5 6526//5 6529//5
f 6533//5 6517//5 6518//5
f 6542//6 6526//6 6539//6
f 6542//5 6518//5 6530//5
f 6596//6 6584//6 6595//6
f 6596//5 6582//5 6585//5
f 6606//5 6584//5 6587//5
f 6504//2 6519//2 6503//2
f 6577//6 6552//6 6553//6
f 6556//2 6577//2 6553//2
f 6587//6 6570//6 6571//6
f 6583//6 6556//6 6557//6
f 6570//2 6583//2 6557//2
f 6609//6 6589//6 6590//6
f 6589//2 6606//2 6588//2
f 6615//6 6591//6 6592//6
f 6614//6 6590//6 6591//6
f 6606//6 6571//6 6588//6
f 6552//2 6522//2 6504//2
f 6593//5 6529//5 6582//5
f 6619//6 6616//6 6618//6
f 6620//2 6619//2 6618//2
f 6625//6 6622//6 6624//6
f 6626//2 6625//2 6624//2
f 6624//6 6617//6 6619//6
f 6621//2 6624//2 6619//2
f 6631//6 6628//6 6630//6
f 6632//2 6631//2 6630//2
f 6635//6 6629//6 6631//6
f 6633//2 6635//2 6631//2
f 6630//6 6623//6 6625//6
f 6627//2 6630//2 6625//2
f 6646//6 6643//6 6645//6
f 6650//6 6647//6 6649//6
f 6656//6 6653//6 6655//6
f 6653//2 6652//2 6651//2
f 6662//6 6659//6 6661//6
f 6659//2 6658//2 6657//2
f 6643//2 6640//2 6639//2
f 6647//2 6642//2 6641//2
f 6652//6 6645//6 6651//6
f 6658//6 6649//6 6657//6
f 6649//6 6644//6 6646//6
f 6661//6 6654//6 6656//6
f 6654//2 6657//2 6652//2
f 6657//6 6646//6 6652//6
f 6644//2 6641//2 6640//2
f 6672//6 6669//6 6671//6
f 6669//2 6667//2 6666//2
f 6672//5 6667//5 6670//5
f 6677//6 6674//6 6676//6
f 6686//6 6683//6 6685//6
f 6683//2 6681//2 6680//2
f 6686//5 6681//5 6684//5
f 6690//6 6687//6 6689//6
f 6674//2 6664//2 6663//2
f 6677//5 6664//5 6675//5
f 6678//2 6672//2 6671//2
f 6681//6 6676//6 6680//6
f 6688//6 6678//6 6687//6
f 6671//6 6664//6 6665//6
f 6689//6 6681//6 6682//6
f 6686//2 6689//2 6682//2
f 6687//6 6677//6 6681//6
f 6677//2 6671//2 6665//2
f 6688//5 6672//5 6679//5
f 6695//6 6692//6 6694//6
f 6699//6 6696//6 6698//6
f 6704//6 6701//6 6703//6
f 6711//6 6708//6 6710//6
f 6708//2 6706//2 6705//2
f 6711//5 6706//5 6709//5
f 6715//6 6712//6 6714//6
f 6721//6 6718//6 6720//6
f 6721//5 6716//5 6719//5
f 6713//6 6703//6 6712//6
f 6719//6 6710//6 6718//6
f 6719//5 6707//5 6711//5
f 6710//6 6702//6 6704//6
f 6720//6 6713//6 6715//6
f 6718//6 6704//6 6713//6
f 6731//6 6728//6 6730//6
f 6735//6 6732//6 6734//6
f 6729//6 6723//6 6728//6
f 6733//6 6726//6 6732//6
f 6726//6 6722//6 6724//6
f 6734//6 6729//6 6731//6
f 6732//6 6724//6 6729//6
f 6723//2 6695//2 6694//2
f 6695//3 6722//3 6693//3
f 6726//2 6699//2 6698//2
f 6726//5 6696//5 6725//5
f 6722//2 6696//2 6693//2
f 6700//3 6723//3 6694//3
f 6738//5 6712//5 6737//5
f 6737//5 6703//5 6736//5
f 6693//6 6655//6 6692//6
f 6697//6 6661//6 6696//6
f 6696//6 6656//6 6693//6
f 6702//6 6685//6 6701//6
f 6706//6 6689//6 6705//6
f 6708//5 6689//5 6691//5
f 6708//6 6686//6 6702//6
f 6676//6 6648//6 6650//6
f 6685//6 6660//6 6662//6
f 6660//2 6680//2 6658//2
f 6680//6 6650//6 6658//6
f 6648//2 6663//2 6642//2
f 6703//6 6697//6 6699//6
f 6738//6 6733//6 6735//6
f 6737//6 6727//6 6733//6
f 6701//6 6662//6 6697//6
f 6727//2 6703//2 6699//2
f 6742//6 6739//6 6741//6
f 6750//6 6747//6 6749//6
f 6747//2 6745//2 6744//2
f 6750//5 6745//5 6748//5
f 6756//5 6747//5 6755//5
f 6745//6 6741//6 6744//6
f 6747//5 6741//5 6743//5
f 6752//6 6745//6 6746//6
f 6750//2 6752//2 6746//2
f 6763//6 6760//6 6762//6
f 6765//5 6760//5 6764//5
f 6771//6 6768//6 6770//6
f 6773//5 6768//5 6772//5
f 6777//6 6774//6 6776//6
f 6781//6 6778//6 6780//6
f 6774//2 6758//2 6757//2
f 6777//5 6758//5 6775//5
f 6781//5 6766//5 6779//5
f 6779//6 6776//6 6778//6
f 6769//6 6762//6 6768//6
f 6772//5 6762//5 6765//5
f 6765//6 6758//6 6759//6
f 6773//6 6766//6 6767//6
f 6772//6 6759//6 6766//6
f 6779//5 6759//5 6777//5
f 6758//6 6749//6 6757//6
f 6761//6 6752//6 6760//6
f 6764//5 6752//5 6754//5
f 6764//6 6750//6 6758//6
f 6774//5 6749//5 6756//5
f 6616//2 6415//2 6414//2
f 6622//2 6417//2 6416//2
f 6617//2 6416//2 6415//2
f 6628//2 6441//2 6440//2
f 6635//2 6448//2 6447//2
f 6635//5 6445//5 6634//5
f 6629//2 6445//2 6441//2
f 6623//2 6440//2 6417//2
f 6739//2 6560//2 6559//2
f 6742//5 6560//5 6740//5
f 6752//2 6575//2 6574//2
f 6752//5 6572//5 6751//5
f 6745//2 6572//2 6568//2
f 6745//5 6561//5 6742//5
f 6763//5 6589//5 6761//5
f 6771//5 6591//5 6769//5
f 6769//5 6590//5 6763//5
f 6761//5 6575//5 6753//5
f 6640//6 6620//6 6639//6
f 6642//6 6626//6 6641//6
f 6641//6 6621//6 6640//6
f 6664//6 6632//6 6663//6
f 6667//6 6635//6 6666//6
f 6669//5 6635//5 6637//5
f 6669//6 6633//6 6664//6
f 6663//6 6627//6 6642//6
f 6504//5 6476//5 6479//5
f 6560//6 6500//6 6559//6
f 6560//5 6499//5 6501//5
f 6552//6 6494//6 6551//6
f 6554//5 6494//5 6496//5
f 6562//6 6499//6 6558//6
f 6562//5 6496//5 6502//5
f 6509//5 6480//5 6481//5
f 6519//5 6481//5 6482//5
f 6519//6 6476//6 6503//6
f 6552//5 6479//5 6495//5
f 6381//2 6449//2 6379//2
f 6468//6 6387//6 6388//6
f 6387//2 6464//2 6385//2
f 6385//2 6452//2 6381//2
f 6429//2 6483//2 6426//2
f 6498//6 6443//6 6444//6
f 6448//2 6498//2 6444//2
f 6489//6 6429//6 6430//6
f 6443//2 6489//2 6430//2
f 6426//2 6468//2 6388//2
f 6741//6 6667//6 6668//6
f 6672//2 6741//2 6668//2
f 6756//6 6688//6 6690//6
f 6747//6 6672//6 6673//6
f 6688//2 6747//2 6673//2
f 6776//6 6706//6 6707//6
f 6780//6 6716//6 6717//6
f 6778//6 6707//6 6716//6
f 6774//6 6690//6 6706//6
f 6739//6 6636//6 6667//6
f 6636//2 6500//2 6448//2
f 6739//5 6500//5 6638//5
f 6035//2 5222//2 5221//2
f 6033//2 5221//2 5218//2
f 6045//2 5242//2 5241//2
f 5242//3 6044//3 5240//3
f 6051//2 5248//2 5247//2
f 5248//3 6050//3 5246//3
f 6050//2 5250//2 5246//2
f 5250//3 6045//3 5241//3
f 6072//2 5262//2 5261//2
f 6044//2 5261//2 5240//2
f 5262//3 6033//3 5218//3
f 6135//2 5306//2 5305//2
f 5306//3 6134//3 5304//3
f 5311//3 6139//3 5310//3
f 5310//3 6135//3 5305//3
f 5325//3 6155//3 5324//3
f 5333//3 6162//3 5332//3
f 6155//2 5328//2 5324//2
f 5332//3 6156//3 5325//3
f 5328//3 6141//3 5311//3
f 6134//2 5372//2 5304//2
f 5372//3 6051//3 5247//3
f 6349//2 5783//2 5782//2
f 6353//2 5787//2 5786//2
f 6350//2 5786//2 5783//2
f 6365//2 5805//2 5804//2
f 6369//2 5809//2 5808//2
f 6366//2 5808//2 5805//2
f 6354//2 5804//2 5787//2
f 6379//5 5809//5 6370//5
f 6449//2 5912//2 5911//2
f 6451//5 5912//5 6450//5
f 6458//2 5923//2 5922//2
f 6460//5 5923//5 6459//5
f 6451//2 5919//2 5913//2
f 6458//5 5919//5 6456//5
f 6460//2 5945//2 5924//2
f 6505//2 6008//2 6007//2
f 6508//5 6008//5 6506//5
f 6517//5 6015//5 6516//5
f 6512//2 6015//2 6012//2
f 6512//5 6009//5 6508//5
f 6532//5 6027//5 6531//5
f 6536//5 6031//5 6535//5
f 6535//5 6028//5 6532//5
f 6531//5 6016//5 6517//5
f 6379//2 5911//2 5810//2
f 6505//5 5945//5 6480//5
f 4905//1 5381//1 4904//1
f 5381//3 4907//3 4904//3
f 5400//3 4913//3 4910//3
f 5384//3 4910//3 4907//3
f 5454//3 4919//3 4916//3
f 5466//6 4924//6 5465//6
f 5464//3 4924//3 4922//3
f 5455//3 4922//3 4919//3
f 5401//3 4916//3 4913//3
f 5499//5 4960//5 4963//5
f 5502//6 5028//6 5501//6
f 5502//5 5027//5 5029//5
f 5813//6 5034//6 5812//6
f 5811//3 5034//3 5032//3
f 5815//6 5040//6 5814//6
f 5814//6 5035//6 5813//6
f 5835//6 5044//6 5834//6
f 5835//5 5043//5 5045//5
f 5837//6 5043//6 5833//6
f 5834//6 5041//6 5815//6
f 5811//6 5030//6 5738//6
f 5466//3 5030//3 4925//3
f 5837//5 5028//5 5046//5
f 5494//1 5056//1 5054//1
f 5058//2 5494//2 5054//2
f 5489//1 5058//1 5049//1
f 5056//2 5481//2 5048//2
f 5550//1 5064//1 5062//1
f 5559//1 5068//1 5066//1
f 5552//1 5066//1 5064//1
f 5594//1 5092//1 5090//1
f 5092//2 5592//2 5088//2
f 5596//1 5103//1 5101//1
f 5592//1 5101//1 5088//1
f 5517//1 5062//1 5061//1
f 5103//2 5517//2 5061//2
f 5764//1 5189//1 5187//1
f 5189//2 5762//2 5185//2
f 5210//2 5768//2 5207//2
f 5207//2 5764//2 5187//2
f 5216//2 5771//2 5214//2
f 5222//2 5780//2 5220//2
f 5220//2 5773//2 5216//2
f 5724//1 5210//1 5161//1
f 5214//2 5724//2 5161//2
f 5481//1 5090//1 5048//1
f 5185//2 5489//2 5049//2
f 6038//2 6349//2 6036//2
f 6043//2 6357//2 6041//2
f 6041//2 6351//2 6038//2
f 6111//2 6394//2 6109//2
f 6404//6 6118//6 6120//6
f 6122//2 6404//2 6120//2
f 6414//6 6122//6 6132//6
f 6118//2 6396//2 6111//2
f 6394//6 6085//6 6109//6
f 6085//2 6359//2 6043//2
f 6618//6 6253//6 6255//6
f 6257//2 6618//2 6255//2
f 6645//6 6287//6 6289//6
f 6655//6 6298//6 6300//6
f 6298//2 6651//2 6295//2
f 6651//6 6289//6 6295//6
f 6287//2 6639//2 6280//2
f 6694//6 6333//6 6335//6
f 6700//6 6335//6 6344//6
f 6730//6 6347//6 6348//6
f 6692//6 6300//6 6333//6
f 6347//2 6700//2 6344//2
f 6639//6 6257//6 6280//6
f 6253//2 6414//2 6132//2
f 6036//2 5782//2 5222//2
f 6789//1 6790//1 6788//1
f 6792//2 6789//2 6788//2
f 6794//5 6789//5 6793//5
f 6801//5 6797//5 6800//5
f 6805//2 6803//2 6802//2
f 6807//5 6803//5 6806//5
f 6815//5 6812//5 6814//5
f 6802//2 6793//2 6792//2
f 6804//5 6793//5 6803//5
f 6813//5 6800//5 6812//5
f 6796//5 6791//5 6794//5
f 6814//5 6808//5 6809//5
f 6796//2 6797//2 6795//2
f 6807//2 6808//2 6804//2
f 6808//1 6810//1 6804//1
f 6814//6 6807//6 6811//6
f 6810//2 6800//2 6796//2
f 6810//5 6794//5 6804//5
f 6819//2 6817//2 6816//2
f 6821//5 6817//5 6820//5
f 6828//6 6825//6 6827//6
f 6830//2 6828//2 6827//2
f 6830//5 6825//5 6829//5
f 6837//6 6834//6 6836//6
f 6837//5 6832//5 6835//5
f 6825//2 6820//2 6819//2
f 6828//5 6820//5 6826//5
f 6833//5 6823//5 6832//5
f 6823//5 6818//5 6821//5
f 6835//6 6830//6 6834//6
f 6835//5 6828//5 6831//5
f 6832//5 6821//5 6828//5
f 6842//6 6839//6 6841//6
f 6844//5 6839//5 6843//5
f 6848//2 6846//2 6845//2
f 6850//5 6846//5 6849//5
f 6857//5 6854//5 6856//5
f 6861//6 6858//6 6860//6
f 6863//2 6861//2 6860//2
f 6863//5 6858//5 6862//5
f 6870//6 6867//6 6869//6
f 6870//5 6865//5 6868//5
f 6858//2 6849//2 6848//2
f 6861//5 6849//5 6859//5
f 6866//5 6852//5 6865//5
f 6852//5 6847//5 6850//5
f 6868//6 6863//6 6867//6
f 6868//5 6861//5 6864//5
f 6857//6 6852//6 6853//6
f 6852//2 6854//2 6851//2
f 6866//2 6857//2 6853//2
f 6865//5 6850//5 6861//5
f 6875//5 6872//5 6874//5
f 6880//5 6877//5 6879//5
f 6884//5 6881//5 6883//5
f 6891//5 6887//5 6889//5
f 6886//5 6874//5 6885//5
f 6893//5 6879//5 6892//5
f 6889//5 6882//5 6884//5
f 6879//5 6873//5 6875//5
f 6886//6 6881//6 6882//6
f 6893//6 6887//6 6888//6
f 6892//6 6882//6 6887//6
f 6893//4 6876//4 6880//4
f 6892//5 6875//5 6886//5
f 6845//2 6806//2 6805//2
f 6847//5 6806//5 6846//5
f 6855//5 6814//5 6854//5
f 6851//2 6814//2 6811//2
f 6851//5 6807//5 6847//5
f 6873//5 6829//5 6872//5
f 6878//5 6834//5 6877//5
f 6877//5 6830//5 6873//5
f 6817//6 6798//6 6816//6
f 6819//5 6798//5 6801//5
f 6829//5 6813//5 6815//5
f 6825//5 6801//5 6813//5
f 6883//5 6866//5 6870//5
f 6874//5 6855//5 6857//5
f 6885//6 6866//6 6881//6
f 6885//5 6857//5 6871//5
f 6844//6 6823//6 6824//6
f 6823//2 6839//2 6822//2
f 6839//6 6818//6 6822//6
f 6872//5 6815//5 6855//5
f 6902//6 6899//6 6901//6
f 6904//4 6899//4 6900//4
f 6905//5 6899//5 6903//5
f 6913//6 6910//6 6912//6
f 6915//5 6910//5 6914//5
f 6902//5 6894//5 6900//5
f 6913//5 6896//5 6911//5
f 6911//6 6901//6 6910//6
f 6914//5 6901//5 6905//5
f 6915//6 6907//6 6909//6
f 6915//4 6906//4 6912//4
f 6914//6 6898//6 6907//6
f 6911//5 6895//5 6902//5
f 6919//6 6916//6 6918//6
f 6921//2 6919//2 6918//2
f 6921//5 6916//5 6920//5
f 6930//6 6927//6 6929//6
f 6930//5 6925//5 6928//5
f 6928//6 6921//6 6927//6
f 6928//5 6919//5 6922//5
f 6924//6 6917//6 6919//6
f 6932//6 6925//6 6926//6
f 6931//6 6919//6 6925//6
f 6939//6 6936//6 6938//6
f 6945//6 6942//6 6944//6
f 6945//4 6940//4 6941//4
f 6952//6 6949//6 6951//6
f 6952//4 6947//4 6948//4
f 6952//5 6946//5 6950//5
f 6956//6 6953//6 6955//6
f 6958//4 6953//4 6954//4
f 6956//4 6934//4 6935//4
f 6960//4 6936//4 6937//4
f 6961//5 6936//5 6959//5
f 6943//6 6934//6 6942//6
f 6950//6 6938//6 6949//6
f 6951//6 6943//6 6945//6
f 6951//4 6941//4 6947//4
f 6961//6 6954//6 6956//6
f 6949//6 6935//6 6943//6
f 6961//4 6935//4 6938//4
f 6968//6 6965//6 6967//6
f 6968//4 6963//4 6964//4
f 6968//5 6962//5 6966//5
f 6975//6 6972//6 6974//6
f 6973//6 6963//6 6972//6
f 6976//5 6963//5 6967//5
f 6971//6 6962//6 6964//6
f 6978//6 6973//6 6975//6
f 6977//6 6964//6 6973//6
f 6983//5 6979//5 6981//5
f 6990//6 6987//6 6989//6
f 6992//4 6987//4 6988//4
f 6993//5 6987//5 6991//5
f 6997//6 6994//6 6996//6
f 6999//4 6994//4 6995//4
f 7000//5 6994//5 6998//5
f 6997//4 6982//4 6983//4
f 6997//5 6981//5 6995//5
f 6992//6 6982//6 6991//6
f 6992//5 6980//5 6983//5
f 7002//5 6996//5 7000//5
f 6985//6 6979//6 6980//6
f 6986//4 6979//4 6984//4
f 7001//5 6982//5 6996//5
f 6985//5 6903//5 6984//5
f 6990//4 6908//4 6909//4
f 6990//5 6907//5 6988//5
f 6985//4 6898//4 6905//4
f 6988//5 6898//5 6980//5
f 6958//6 6908//6 6957//6
f 6958//5 6906//5 6909//5
f 6960//6 6912//6 6959//6
f 6959//6 6906//6 6954//6
f 6960//5 6897//5 6913//5
f 6966//6 6929//6 6965//6
f 6966//5 6926//5 6930//5
f 6970//6 6932//6 6969//6
f 6969//6 6926//6 6962//6
f 6921//6 6894//6 6895//6
f 6929//6 6896//6 6897//6
f 6927//6 6895//6 6896//6
f 6967//6 6937//6 6939//6
f 6974//6 6946//6 6948//6
f 6976//4 6946//4 6972//4
f 6976//6 6939//6 6950//6
f 6965//6 6897//6 6937//6
f 7008//5 7004//5 7007//5
f 7012//6 7009//6 7011//6
f 7014//5 7009//5 7013//5
f 7018//6 7015//6 7017//6
f 7020//5 7015//5 7019//5
f 7016//6 7011//6 7015//6
f 7019//5 7011//5 7014//5
f 7010//6 7005//6 7009//6
f 7013//5 7005//5 7008//5
f 7005//2 6870//2 6869//2
f 7005//5 6867//5 7004//5
f 7004//5 6863//5 7003//5
f 7012//5 6883//5 7010//5
f 7018//4 6890//4 6891//4
f 7018//5 6889//5 7016//5
f 7016//5 6884//5 7012//5
f 7010//5 6870//5 7006//5
f 7022//5 6998//5 7021//5
f 6904//6 6836//6 6903//6
f 6904//5 6833//5 6837//5
f 6900//5 6824//5 6833//5
f 6999//6 6890//6 6998//6
f 6999//5 6888//5 6891//5
f 6986//5 6878//5 6880//5
f 6986//6 6876//6 6981//6
f 6995//5 6876//5 6888//5
f 6917//6 6841//6 6916//6
f 6920//5 6841//5 6844//5
f 6920//6 6824//6 6894//6
f 6984//5 6836//5 6878//5
f 7023//5 7017//5 7020//5
f 7021//5 6890//5 7017//5
f 6805//5 6783//5 6784//5
f 6802//5 6782//5 6783//5
f 6848//5 6785//5 6786//5
f 6858//5 6786//5 6787//5
f 6845//5 6784//5 6785//5
f 7025//1 7026//1 7024//1
f 7030//1 7031//1 7029//1
f 7039//1 7040//1 7038//1
f 7037//3 7039//3 7036//3
f 7049//1 7050//1 7048//1
f 7050//3 7052//3 7048//3
f 7031//3 7042//3 7029//3
f 7049//4 7033//4 7034//4
f 7035//3 7049//3 7034//3
f 7041//1 7045//1 7040//1
f 7044//3 7041//3 7037//3
f 7032//1 7033//1 7031//1
f 7042//1 7037//1 7036//1
f 7052//1 7047//1 7046//1
f 7052//4 7044//4 7048//4
f 7043//1 7044//1 7037//1
f 7033//3 7043//3 7031//3
f 7055//1 7056//1 7054//1
f 7056//3 7058//3 7054//3
f 7067//1 7068//1 7066//1
f 7067//4 7063//4 7064//4
f 7065//3 7067//3 7064//3
f 7071//1 7072//1 7070//1
f 7057//1 7063//1 7056//1
f 7063//3 7059//3 7056//3
f 7062//1 7070//1 7061//1
f 7060//1 7057//1 7055//1
f 7070//1 7065//1 7064//1
f 7061//1 7064//1 7057//1
f 7080//1 7081//1 7079//1
f 7080//4 7076//4 7077//4
f 7078//3 7080//3 7077//3
f 7082//1 7083//1 7081//1
f 7088//1 7089//1 7087//1
f 7095//1 7096//1 7094//1
f 7095//4 7091//4 7092//4
f 7093//3 7095//3 7092//3
f 7109//1 7110//1 7108//1
f 7109//4 7105//4 7106//4
f 7107//3 7109//3 7106//3
f 7113//1 7114//1 7112//1
f 7117//4 7114//4 7115//4
f 7103//4 7089//4 7090//4
f 7089//3 7101//3 7087//3
f 7113//4 7099//4 7100//4
f 7103//1 7105//1 7102//1
f 7105//3 7104//3 7102//3
f 7097//1 7099//1 7096//1
f 7094//1 7090//1 7088//1
f 7094//4 7086//4 7091//4
f 7112//1 7107//1 7106//1
f 7116//4 7107//4 7114//4
f 7096//1 7098//1 7090//1
f 7112//4 7098//4 7099//4
f 7098//3 7103//3 7090//3
f 7062//4 7026//4 7027//4
f 7026//3 7060//3 7024//3
f 7028//3 7062//3 7027//3
f 7051//1 7076//1 7050//1
f 7076//3 7053//3 7050//3
f 7053//1 7075//1 7047//1
f 7074//3 7051//3 7035//3
f 7069//1 7087//1 7068//1
f 7086//3 7069//3 7065//3
f 7073//1 7091//1 7072//1
f 7072//1 7086//1 7065//1
f 7058//1 7032//1 7030//1
f 7066//1 7035//1 7034//1
f 7059//1 7034//1 7032//1
f 7101//1 7078//1 7077//1
f 7104//4 7078//4 7102//4
f 7108//1 7085//1 7084//1
f 7104//1 7084//1 7082//1
f 7101//4 7074//4 7087//4
f 7068//1 7074//1 7035//1
f 7124//3 7125//3 7123//3
f 7130//1 7131//1 7129//1
f 7131//3 7133//3 7129//3
f 7139//1 7140//1 7138//1
f 7139//4 7135//4 7136//4
f 7137//3 7139//3 7136//3
f 7126//3 7130//3 7125//3
f 7128//3 7136//3 7127//3
f 7132//1 7135//1 7131//1
f 7135//3 7134//3 7131//3
f 7127//3 7132//3 7126//3
f 7148//3 7149//3 7147//3
f 7152//3 7154//3 7151//3
f 7157//3 7158//3 7156//3
f 7164//3 7165//3 7163//3
f 7146//3 7156//3 7145//3
f 7155//3 7163//3 7154//3
f 7151//3 7150//3 7148//3
f 7163//3 7161//3 7160//3
f 7149//1 7146//1 7145//1
f 7161//4 7157//4 7160//4
f 7161//1 7162//1 7159//1
f 7160//4 7146//4 7150//4
f 7154//3 7160//3 7150//3
f 7171//4 7167//4 7168//4
f 7169//3 7171//3 7168//3
f 7176//1 7177//1 7175//1
f 7181//4 7177//4 7178//4
f 7177//3 7179//3 7175//3
f 7176//4 7170//4 7171//4
f 7172//3 7176//3 7171//3
f 7173//3 7172//3 7169//3
f 7182//3 7181//3 7178//3
f 7174//3 7178//3 7172//3
f 7134//3 7147//3 7133//3
f 7153//4 7140//4 7141//4
f 7140//3 7151//3 7138//3
f 7138//3 7148//3 7134//3
f 7144//3 7168//3 7143//3
f 7142//3 7141//3 7137//3
f 7153//1 7167//1 7152//1
f 7167//3 7155//3 7152//3
f 7175//3 7166//3 7164//3
f 7170//3 7164//3 7155//3
f 7143//3 7153//3 7141//3
f 7188//1 7189//1 7187//1
f 7189//3 7191//3 7187//3
f 7187//3 7186//3 7185//3
f 7198//1 7199//1 7197//1
f 7198//4 7194//4 7195//4
f 7196//3 7198//3 7195//3
f 7207//1 7208//1 7206//1
f 7212//4 7208//4 7209//4
f 7208//3 7210//3 7206//3
f 7214//3 7216//3 7213//3
f 7222//1 7223//1 7221//1
f 7222//4 7218//4 7219//4
f 7220//3 7222//3 7219//3
f 7215//4 7199//4 7200//4
f 7199//3 7213//3 7197//3
f 7205//3 7219//3 7204//3
f 7226//4 7211//4 7212//4
f 7203//3 7200//3 7196//3
f 7215//1 7218//1 7214//1
f 7218//3 7217//3 7214//3
f 7201//1 7196//1 7195//1
f 7210//1 7205//1 7204//1
f 7210//4 7203//4 7206//4
f 7227//4 7220//4 7225//4
f 7202//1 7203//1 7196//1
f 7225//4 7205//4 7211//4
f 7204//3 7215//3 7200//3
f 7236//4 7232//4 7233//4
f 7232//3 7234//3 7231//3
f 7242//4 7238//4 7239//4
f 7238//3 7240//3 7237//3
f 7239//4 7235//4 7236//4
f 7235//3 7237//3 7234//3
f 7233//4 7223//4 7224//4
f 7223//3 7231//3 7221//3
f 7221//3 7230//3 7217//3
f 7190//1 7194//1 7189//1
f 7194//3 7192//3 7189//3
f 7197//3 7193//3 7192//3
f 7250//4 7246//4 7247//4
f 7248//3 7250//3 7247//3
f 7256//1 7257//1 7255//1
f 7256//4 7252//4 7253//4
f 7254//3 7256//3 7253//3
f 7260//1 7261//1 7259//1
f 7264//4 7261//4 7262//4
f 7271//4 7268//4 7269//4
f 7279//1 7280//1 7278//1
f 7279//4 7276//4 7277//4
f 7269//4 7257//4 7258//4
f 7257//3 7267//3 7255//3
f 7277//4 7265//4 7266//4
f 7271//1 7274//1 7270//1
f 7273//3 7271//3 7269//3
f 7264//1 7265//1 7263//1
f 7259//1 7254//1 7253//1
f 7263//4 7254//4 7261//4
f 7278//4 7273//4 7276//4
f 7272//1 7273//1 7269//1
f 7272//4 7258//4 7263//4
f 7265//3 7272//3 7263//3
f 7285//1 7286//1 7284//1
f 7290//4 7286//4 7287//4
f 7286//3 7288//3 7284//3
f 7299//4 7295//4 7296//4
f 7295//3 7297//3 7294//3
f 7296//4 7289//4 7290//4
f 7289//3 7294//3 7288//3
f 7300//3 7299//3 7296//3
f 7288//4 7282//4 7284//4
f 7297//4 7292//4 7294//4
f 7294//4 7283//4 7288//4
f 7291//3 7296//3 7290//3
f 7307//4 7304//4 7305//4
f 7314//4 7310//4 7311//4
f 7310//3 7312//3 7309//3
f 7319//4 7315//4 7316//4
f 7317//3 7319//3 7316//3
f 7324//4 7321//4 7322//4
f 7316//4 7306//4 7307//4
f 7308//3 7316//3 7307//3
f 7322//4 7313//4 7314//4
f 7304//3 7303//3 7302//3
f 7312//1 7308//1 7307//1
f 7312//4 7305//4 7309//4
f 7323//4 7317//4 7321//4
f 7321//4 7308//4 7313//4
f 7285//4 7249//4 7250//4
f 7251//3 7285//3 7250//3
f 7284//4 7245//4 7249//4
f 7305//4 7274//4 7275//4
f 7311//4 7280//4 7281//4
f 7280//3 7309//3 7278//3
f 7309//4 7275//4 7278//4
f 7274//3 7302//3 7270//3
f 7326//3 7324//3 7322//3
f 7325//3 7322//3 7314//3
f 7255//4 7243//4 7252//4
f 7267//1 7248//1 7247//1
f 7270//4 7248//4 7268//4
f 7267//4 7244//4 7255//4
f 7303//4 7287//4 7302//4
f 7318//4 7300//4 7315//4
f 7303//1 7291//1 7290//1
f 7315//4 7291//4 7306//4
f 7302//4 7251//4 7270//4
f 7040//3 7184//3 7038//3
f 7188//4 7045//4 7046//4
f 7047//3 7188//3 7046//3
f 7045//3 7185//3 7040//3
f 7081//3 7201//3 7079//3
f 7207//4 7083//4 7084//4
f 7085//3 7207//3 7084//3
f 7201//4 7075//4 7079//4
f 7083//3 7202//3 7081//3
f 7229//4 7110//4 7111//4
f 7228//4 7085//4 7110//4
f 7075//3 7190//3 7047//3
f 7260//4 7120//4 7121//4
f 7122//3 7260//3 7121//3
f 7259//4 7118//4 7120//4
f 7117//1 7120//1 7116//1
f 7119//3 7117//3 7115//3
f 7116//1 7118//1 7111//1
f 7243//3 7212//3 7209//3
f 7226//1 7246//1 7225//1
f 7246//3 7227//3 7225//3
f 7227//1 7245//1 7224//1
f 7244//3 7226//3 7212//3
f 7282//3 7236//3 7233//3
f 7292//3 7242//3 7239//3
f 7283//3 7239//3 7236//3
f 7229//1 7252//1 7228//1
f 7228//1 7243//1 7209//1
f 7245//3 7233//3 7224//3
f 7184//1 7124//1 7123//1
f 7186//4 7124//4 7185//4
f 7191//1 7128//1 7127//1
f 7186//1 7127//1 7126//1
f 7193//4 7128//4 7192//4
f 7216//1 7144//1 7143//1
f 7216//4 7142//4 7213//4
f 7234//4 7173//4 7231//4
f 7240//4 7182//4 7237//4
f 7230//1 7173//1 7169//1
f 7237//4 7174//4 7234//4
f 7193//1 7142//1 7137//1
f 7230//4 7144//4 7217//4
f 7118//3 7229//3 7111//3
f 7329//1 7330//1 7328//1
f 7333//1 7334//1 7332//1
f 7337//1 7338//1 7336//1
f 7341//1 7342//1 7340//1
f 7331//1 7336//1 7330//1
f 7335//1 7340//1 7334//1
f 7332//1 7331//1 7329//1
f 7340//1 7339//1 7337//1
f 7334//1 7337//1 7331//1
f 7345//1 7346//1 7344//1
f 7347//1 7351//1 7346//1
f 7348//1 7347//1 7345//1
f 7361//1 7362//1 7360//1
f 7365//1 7366//1 7364//1
f 7369//1 7370//1 7368//1
f 7374//4 7370//4 7371//4
f 7374//5 7369//5 7372//5
f 7363//1 7368//1 7362//1
f 7368//1 7367//1 7365//1
f 7362//1 7365//1 7359//1
f 7376//1 7377//1 7375//1
f 7380//4 7377//4 7378//4
f 7382//1 7383//1 7381//1
f 7386//4 7383//4 7384//4
f 7388//1 7389//1 7387//1
f 7392//1 7393//1 7391//1
f 7397//4 7389//4 7390//4
f 7389//3 7395//3 7387//3
f 7399//4 7393//4 7394//4
f 7380//1 7387//1 7379//1
f 7386//1 7391//1 7385//1
f 7381//1 7378//1 7376//1
f 7385//4 7378//4 7383//4
f 7391//1 7390//1 7388//1
f 7385//1 7388//1 7380//1
f 7398//4 7390//4 7393//4
f 7401//1 7402//1 7400//1
f 7406//4 7402//4 7403//4
f 7406//5 7401//5 7404//5
f 7409//1 7410//1 7408//1
f 7420//1 7421//1 7419//1
f 7424//4 7421//4 7422//4
f 7426//1 7427//1 7425//1
f 7431//4 7427//4 7428//4
f 7431//5 7426//5 7429//5
f 7418//4 7410//4 7411//4
f 7418//5 7409//5 7416//5
f 7420//4 7412//4 7413//4
f 7421//5 7412//5 7419//5
f 7406//1 7412//1 7405//1
f 7418//1 7425//1 7417//1
f 7408//1 7406//1 7404//1
f 7408//4 7401//4 7407//4
f 7425//1 7422//1 7420//1
f 7430//4 7422//4 7427//4
f 7410//1 7413//1 7406//1
f 7425//4 7413//4 7415//4
f 7425//5 7410//5 7417//5
f 7356//4 7338//4 7339//4
f 7338//3 7354//3 7336//3
f 7358//4 7342//4 7343//4
f 7357//4 7339//4 7342//4
f 7361//4 7348//4 7349//4
f 7362//5 7348//5 7360//5
f 7365//4 7351//4 7352//4
f 7366//5 7351//5 7364//5
f 7362//4 7347//4 7350//4
f 7365//5 7347//5 7359//5
f 7356//1 7375//1 7355//1
f 7358//1 7381//1 7357//1
f 7357//1 7376//1 7356//1
f 7367//1 7400//1 7366//1
f 7374//1 7408//1 7373//1
f 7408//5 7370//5 7373//5
f 7370//1 7401//1 7367//1
f 7344//1 7335//1 7333//1
f 7351//1 7343//1 7341//1
f 7346//1 7341//1 7335//1
f 7400//1 7384//1 7382//1
f 7405//4 7384//4 7402//4
f 7412//1 7394//1 7392//1
f 7405//1 7392//1 7386//1
f 7421//4 7394//4 7414//4
f 7366//1 7382//1 7358//1
f 7366//4 7343//4 7353//4
f 7438//1 7439//1 7437//1
f 7438//4 7434//4 7435//4
f 7439//5 7434//5 7437//5
f 7445//1 7446//1 7444//1
f 7450//1 7451//1 7449//1
f 7455//4 7451//4 7452//4
f 7455//5 7450//5 7453//5
f 7463//1 7464//1 7462//1
f 7464//5 7460//5 7462//5
f 7451//5 7441//5 7449//5
f 7458//4 7446//4 7447//4
f 7458//5 7445//5 7456//5
f 7440//1 7444//1 7439//1
f 7444//5 7436//5 7439//5
f 7455//1 7462//1 7454//1
f 7462//5 7451//5 7454//5
f 7441//1 7440//1 7438//1
f 7460//1 7458//1 7456//1
f 7464//4 7458//4 7461//4
f 7451//1 7456//1 7448//1
f 7451//4 7440//4 7442//4
f 7456//5 7440//5 7448//5
f 7470//1 7471//1 7469//1
f 7475//4 7471//4 7472//4
f 7475//5 7470//5 7473//5
f 7475//1 7479//1 7474//1
f 7479//5 7471//5 7474//5
f 7476//1 7475//1 7473//1
f 7458//1 7469//1 7457//1
f 7473//5 7458//5 7459//5
f 7464//1 7473//1 7459//1
f 7469//5 7446//5 7457//5
f 7466//1 7455//1 7453//1
f 7485//1 7486//1 7484//1
f 7485//4 7482//4 7483//4
f 7491//1 7492//1 7490//1
f 7491//4 7488//4 7489//4
f 7490//1 7487//1 7485//1
f 7490//4 7483//4 7488//4
f 7496//1 7497//1 7495//1
f 7495//1 7493//1 7491//1
f 7495//4 7489//4 7494//4
f 7511//1 7512//1 7510//1
f 7511//4 7507//4 7508//4
f 7512//5 7507//5 7510//5
f 7518//5 7514//5 7516//5
f 7522//5 7519//5 7521//5
f 7526//1 7527//1 7525//1
f 7531//4 7527//4 7528//4
f 7531//5 7526//5 7529//5
f 7520//5 7511//5 7519//5
f 7526//4 7516//4 7517//4
f 7527//5 7516//5 7525//5
f 7513//1 7516//1 7512//1
f 7516//5 7509//5 7512//5
f 7529//5 7520//5 7522//5
f 7523//1 7522//1 7521//1
f 7524//1 7529//1 7522//1
f 7526//5 7513//5 7520//5
f 7535//1 7536//1 7534//1
f 7540//4 7536//4 7537//4
f 7540//5 7535//5 7538//5
f 7542//1 7543//1 7541//1
f 7546//5 7542//5 7545//5
f 7549//1 7550//1 7548//1
f 7557//5 7553//5 7556//5
f 7555//4 7550//4 7551//4
f 7555//5 7549//5 7553//5
f 7540//1 7548//1 7539//1
f 7548//5 7536//5 7539//5
f 7548//1 7546//1 7545//1
f 7548//4 7542//4 7547//4
f 7536//1 7542//1 7533//1
f 7553//5 7540//5 7552//5
f 7563//1 7564//1 7562//1
f 7564//5 7560//5 7562//5
f 7561//5 7558//5 7560//5
f 7567//5 7561//5 7564//5
f 7572//5 7569//5 7571//5
f 7576//5 7573//5 7575//5
f 7583//5 7580//5 7582//5
f 7588//5 7585//5 7587//5
f 7581//5 7571//5 7580//5
f 7586//5 7578//5 7585//5
f 7578//5 7570//5 7572//5
f 7587//5 7581//5 7583//5
f 7578//1 7576//1 7575//1
f 7578//4 7573//4 7577//4
f 7586//4 7576//4 7579//4
f 7585//5 7572//5 7581//5
f 7593//5 7589//5 7592//5
f 7595//1 7596//1 7594//1
f 7599//5 7595//5 7598//5
f 7603//5 7600//5 7602//5
f 7609//5 7606//5 7608//5
f 7601//5 7592//5 7600//5
f 7607//5 7598//5 7606//5
f 7591//1 7594//1 7590//1
f 7598//5 7591//5 7593//5
f 7608//5 7601//5 7603//5
f 7605//4 7600//4 7604//4
f 7609//2 7610//2 7607//2
f 7606//5 7593//5 7601//5
f 7570//5 7523//5 7569//5
f 7574//5 7529//5 7573//5
f 7577//4 7529//4 7532//4
f 7577//5 7524//5 7570//5
f 7591//4 7564//4 7565//4
f 7591//5 7563//5 7589//5
f 7596//5 7567//5 7594//5
f 7594//5 7564//5 7590//5
f 7505//1 7534//1 7504//1
f 7538//5 7505//5 7506//5
f 7531//1 7562//1 7530//1
f 7562//5 7527//5 7530//5
f 7560//5 7518//5 7527//5
f 7592//5 7574//5 7576//5
f 7605//5 7586//5 7588//5
f 7586//1 7600//1 7584//1
f 7600//5 7576//5 7584//5
f 7514//1 7505//1 7503//1
f 7518//4 7505//4 7515//4
f 7509//1 7503//1 7502//1
f 7558//1 7540//1 7538//1
f 7567//1 7557//1 7556//1
f 7567//4 7553//4 7566//4
f 7561//1 7553//1 7552//1
f 7561//4 7540//4 7559//4
f 7518//1 7538//1 7506//1
f 7589//5 7531//5 7574//5
f 7615//4 7612//4 7613//4
f 7624//4 7621//4 7622//4
f 7627//1 7628//1 7626//1
f 7632//4 7628//4 7629//4
f 7628//3 7630//3 7626//3
f 7634//1 7635//1 7633//1
f 7627//4 7619//4 7620//4
f 7634//4 7623//4 7624//4
f 7625//3 7634//3 7624//3
f 7615//1 7619//1 7614//1
f 7618//3 7615//3 7613//3
f 7617//1 7621//1 7616//1
f 7623//4 7618//4 7621//4
f 7633//1 7629//1 7627//1
f 7637//4 7629//4 7635//4
f 7616//1 7618//1 7613//1
f 7633//4 7620//4 7623//4
f 7643//1 7644//1 7642//1
f 7647//4 7644//4 7645//4
f 7651//1 7652//1 7650//1
f 7651//4 7648//4 7649//4
f 7655//1 7656//1 7654//1
f 7659//4 7652//4 7653//4
f 7640//1 7648//1 7639//1
f 7651//5 7640//5 7641//5
f 7647//1 7654//1 7646//1
f 7642//1 7640//1 7638//1
f 7646//4 7640//4 7644//4
f 7654//1 7653//1 7651//1
f 7646//1 7651//1 7641//1
f 7660//4 7653//4 7656//4
f 7666//1 7667//1 7665//1
f 7666//4 7663//4 7664//4
f 7671//1 7672//1 7670//1
f 7678//1 7679//1 7677//1
f 7683//4 7679//4 7680//4
f 7679//3 7681//3 7677//3
f 7690//1 7691//1 7689//1
f 7688//3 7690//3 7687//3
f 7694//1 7695//1 7693//1
f 7686//4 7672//4 7673//4
f 7672//3 7684//3 7670//3
f 7695//2 7676//2 7675//2
f 7676//3 7694//3 7674//3
f 7683//1 7689//1 7682//1
f 7687//3 7683//3 7680//3
f 7686//1 7693//1 7685//1
f 7684//1 7680//1 7678//1
f 7693//1 7688//1 7687//1
f 7685//1 7687//1 7680//1
f 7674//3 7686//3 7673//3
f 7703//4 7699//4 7700//4
f 7701//3 7703//3 7700//3
f 7713//1 7714//1 7712//1
f 7713//4 7709//4 7710//4
f 7711//3 7713//3 7710//3
f 7720//1 7721//1 7719//1
f 7720//4 7716//4 7717//4
f 7718//3 7720//3 7717//3
f 7727//3 7729//3 7726//3
f 7717//4 7702//4 7703//4
f 7704//3 7717//3 7703//3
f 7728//4 7714//4 7715//4
f 7714//3 7726//3 7712//3
f 7724//3 7722//3 7718//3
f 7707//1 7709//1 7706//1
f 7709//3 7708//3 7706//3
f 7705//1 7701//1 7700//1
f 7708//4 7701//4 7706//4
f 7729//4 7724//4 7726//4
f 7723//1 7724//1 7718//1
f 7723//4 7704//4 7708//4
f 7712//3 7723//3 7708//3
f 7700//4 7661//4 7662//4
f 7707//4 7667//4 7668//4
f 7667//3 7705//3 7665//3
f 7705//4 7662//4 7665//4
f 7669//3 7707//3 7668//3
f 7691//3 7731//3 7689//3
f 7632//1 7661//1 7631//1
f 7636//1 7663//1 7635//1
f 7663//3 7637//3 7635//3
f 7637//1 7662//1 7632//1
f 7699//3 7698//3 7697//3
f 7659//1 7677//1 7658//1
f 7657//1 7670//1 7656//1
f 7660//1 7678//1 7659//1
f 7670//3 7660//3 7656//3
f 7650//1 7625//1 7624//1
f 7650//4 7622//4 7648//4
f 7639//1 7622//1 7617//1
f 7658//4 7625//4 7652//4
f 7681//1 7668//1 7666//1
f 7681//4 7664//4 7677//4
f 7682//1 7669//1 7668//1
f 7731//1 7711//1 7710//1
f 7658//1 7664//1 7636//1
f 7731//4 7669//4 7689//4
f 7661//3 7697//3 7631//3
f 7737//1 7738//1 7736//1
f 7737//4 7733//4 7734//4
f 7738//5 7733//5 7736//5
f 7743//1 7744//1 7742//1
f 7750//1 7751//1 7749//1
f 7754//5 7750//5 7753//5
f 7756//1 7757//1 7755//1
f 7751//5 7740//5 7749//5
f 7757//2 7748//2 7747//2
f 7757//5 7746//5 7755//5
f 7739//1 7742//1 7738//1
f 7752//1 7755//1 7751//1
f 7759//5 7752//5 7754//5
f 7740//1 7739//1 7737//1
f 7746//1 7745//1 7743//1
f 7741//1 7743//1 7739//1
f 7755//5 7741//5 7751//5
f 7767//1 7768//1 7766//1
f 7768//2 7765//2 7764//2
f 7768//5 7763//5 7766//5
f 7762//1 7766//1 7761//1
f 7772//1 7773//1 7771//1
f 7776//1 7777//1 7775//1
f 7781//1 7782//1 7780//1
f 7785//1 7786//1 7784//1
f 7788//2 7785//2 7784//2
f 7786//3 7788//3 7784//3
f 7791//5 7785//5 7789//5
f 7774//1 7780//1 7773//1
f 7778//1 7788//1 7777//1
f 7775//1 7774//1 7772//1
f 7788//1 7783//1 7781//1
f 7783//2 7786//2 7779//2
f 7777//1 7781//1 7774//1
f 7799//1 7800//1 7798//1
f 7800//2 7797//2 7796//2
f 7804//1 7805//1 7803//1
f 7808//1 7809//1 7807//1
f 7816//1 7817//1 7815//1
f 7817//2 7814//2 7813//2
f 7817//5 7812//5 7815//5
f 7809//2 7795//2 7794//2
f 7809//5 7793//5 7807//5
f 7820//2 7804//2 7803//2
f 7822//5 7804//5 7821//5
f 7795//1 7798//1 7794//1
f 7814//1 7820//1 7813//1
f 7823//5 7814//5 7818//5
f 7803//1 7801//1 7799//1
f 7801//2 7802//2 7797//2
f 7812//1 7810//1 7808//1
f 7811//2 7812//2 7808//2
f 7813//1 7819//1 7810//1
f 7819//2 7803//2 7799//2
f 7819//5 7795//5 7810//5
f 7825//1 7826//1 7824//1
f 7829//5 7825//5 7828//5
f 7839//1 7840//1 7838//1
f 7840//2 7837//2 7836//2
f 7840//5 7835//5 7838//5
f 7847//2 7845//2 7844//2
f 7847//5 7843//5 7846//5
f 7844//5 7830//5 7843//5
f 7849//2 7839//2 7838//2
f 7851//5 7839//5 7850//5
f 7834//5 7827//5 7829//5
f 7845//1 7849//1 7844//1
f 7852//5 7845//5 7848//5
f 7830//1 7829//1 7828//1
f 7835//1 7833//1 7832//1
f 7834//2 7835//2 7832//2
f 7831//1 7834//1 7829//1
f 7842//2 7830//2 7828//2
f 7849//5 7831//5 7844//5
f 7826//2 7762//2 7761//2
f 7826//5 7760//5 7824//5
f 7833//5 7767//5 7832//5
f 7833//2 7770//2 7769//2
f 7832//5 7762//5 7827//5
f 7853//2 7816//2 7815//2
f 7745//1 7771//1 7744//1
f 7748//1 7775//1 7747//1
f 7747//1 7772//1 7745//1
f 7792//5 7748//5 7758//5
f 7765//1 7807//1 7764//1
f 7811//5 7765//5 7769//5
f 7770//1 7811//1 7769//1
f 7837//1 7853//1 7836//1
f 7855//5 7837//5 7841//5
f 7760//1 7754//1 7753//1
f 7763//1 7758//1 7756//1
f 7759//2 7763//2 7756//2
f 7761//1 7759//1 7754//1
f 7793//1 7778//1 7776//1
f 7798//1 7791//1 7789//1
f 7791//2 7796//2 7787//2
f 7794//1 7789//1 7778//1
f 7792//2 7793//2 7776//2
f 7764//1 7792//1 7758//1
f 7853//5 7770//5 7836//5
f 7505//4 7464//4 7465//4
f 7505//5 7463//5 7503//5
f 7503//5 7455//5 7502//5
f 7509//5 7466//5 7507//5
f 7536//5 7476//5 7534//5
f 7542//4 7479//4 7480//4
f 7543//5 7479//5 7541//5
f 7536//4 7475//4 7477//4
f 7542//5 7475//5 7533//5
f 7509//4 7455//4 7467//4
f 7534//5 7464//5 7504//5
f 7613//4 7486//4 7487//4
f 7617//4 7492//4 7493//4
f 7616//4 7487//4 7492//4
f 7640//4 7497//4 7498//4
f 7640//5 7496//5 7638//5
f 7643//4 7499//4 7500//4
f 7642//4 7496//4 7499//4
f 7639//4 7493//4 7497//4
f 7397//1 7482//1 7396//1
f 7399//1 7488//1 7398//1
f 7398//1 7483//1 7397//1
f 7424//1 7495//1 7423//1
f 7495//5 7421//5 7423//5
f 7431//1 7499//1 7430//1
f 7430//1 7496//1 7424//1
f 7421//1 7489//1 7399//1
f 7544//1 7733//1 7543//1
f 7737//5 7544//5 7546//5
f 7555//1 7749//1 7554//1
f 7753//5 7555//5 7557//5
f 7550//1 7737//1 7546//1
f 7749//5 7550//5 7554//5
f 7597//1 7824//1 7596//1
f 7828//5 7597//5 7599//5
f 7846//5 7610//5 7611//5
f 7610//1 7842//1 7607//1
f 7842//5 7599//5 7607//5
f 7568//1 7753//1 7557//1
f 7824//5 7568//5 7596//5
f 7434//1 7363//1 7361//1
f 7444//1 7374//1 7372//1
f 7444//4 7369//4 7443//4
f 7436//1 7369//1 7363//1
f 7469//1 7418//1 7416//1
f 7479//1 7431//1 7429//1
f 7479//4 7426//4 7478//4
f 7471//1 7426//1 7418//1
f 7469//4 7409//4 7468//4
f 7446//1 7409//1 7374//1
f 7733//1 7645//1 7643//1
f 7738//4 7645//4 7735//4
f 7742//1 7657//1 7655//1
f 7738//1 7655//1 7647//1
f 7771//1 7673//1 7671//1
f 7780//1 7676//1 7674//1
f 7773//1 7674//1 7673//1
f 7744//1 7671//1 7657//1
f 7543//1 7643//1 7501//1
f 7543//4 7431//4 7481//4
f 7643//5 7431//5 7501//5
f 7857//1 7858//1 7856//1
f 7861//1 7862//1 7860//1
f 7867//1 7868//1 7866//1
f 7865//3 7867//3 7864//3
f 7875//1 7876//1 7874//1
f 7873//3 7875//3 7872//3
f 7858//3 7870//3 7856//3
f 7862//3 7878//3 7860//3
f 7869//1 7874//1 7868//1
f 7872//3 7869//3 7865//3
f 7859//1 7860//1 7858//1
f 7870//1 7865//1 7864//1
f 7878//1 7873//1 7872//1
f 7871//1 7872//1 7865//1
f 7860//3 7871//3 7858//3
f 7881//1 7882//1 7880//1
f 7889//1 7890//1 7888//1
f 7887//3 7889//3 7886//3
f 7899//1 7900//1 7898//1
f 7904//4 7900//4 7901//4
f 7900//3 7902//3 7898//3
f 7894//4 7882//4 7883//4
f 7882//3 7892//3 7880//3
f 7885//3 7899//3 7884//3
f 7894//1 7898//1 7893//1
f 7898//3 7895//3 7893//3
f 7892//1 7887//1 7886//1
f 7895//4 7887//4 7893//4
f 7902//1 7897//1 7896//1
f 7895//1 7896//1 7891//1
f 7884//3 7894//3 7883//3
f 7906//3 7907//3 7905//3
f 7910//3 7911//3 7909//3
f 7914//1 7915//1 7913//1
f 7915//3 7917//3 7913//3
f 7923//1 7924//1 7922//1
f 7923//4 7919//4 7920//4
f 7921//3 7923//3 7920//3
f 7908//3 7914//3 7907//3
f 7912//3 7920//3 7911//3
f 7909//3 7908//3 7906//3
f 7916//1 7919//1 7915//1
f 7919//3 7918//3 7915//3
f 7911//3 7916//3 7908//3
f 7935//3 7937//3 7934//3
f 7940//3 7941//3 7939//3
f 7932//3 7934//3 7931//3
f 7939//3 7938//3 7935//3
f 7933//3 7935//3 7932//3
f 7944//3 7946//3 7943//3
f 7949//1 7950//1 7948//1
f 7954//4 7950//4 7951//4
f 7950//3 7952//3 7948//3
f 7953//3 7955//3 7952//3
f 7945//1 7948//1 7944//1
f 7948//3 7947//3 7944//3
f 7868//3 7926//3 7866//3
f 7876//3 7928//3 7874//3
f 7874//3 7927//3 7868//3
f 7945//4 7890//4 7891//4
f 7890//3 7943//3 7888//3
f 7897//3 7949//3 7896//3
f 7896//3 7945//3 7891//3
f 7930//3 7912//3 7910//3
f 7925//1 7936//1 7924//1
f 7934//3 7925//3 7921//3
f 7931//3 7921//3 7912//3
f 7877//1 7888//1 7876//1
f 7886//3 7877//3 7873//3
f 7863//1 7880//1 7862//1
f 7879//1 7886//1 7873//1
f 7880//3 7879//3 7862//3
f 7926//1 7906//1 7905//1
f 7928//1 7910//1 7909//1
f 7927//1 7909//1 7906//1
f 7946//1 7932//1 7931//1
f 7946//4 7930//4 7943//4
f 7955//1 7940//1 7939//1
f 7957//4 7940//4 7956//4
f 7947//1 7933//1 7932//1
f 7955//4 7933//4 7952//4
f 7929//1 7930//1 7910//1
f 7888//3 7929//3 7876//3
f 7959//1 7960//1 7958//1
f 7962//2 7959//2 7958//2
f 7960//3 7962//3 7958//3
f 7966//1 7967//1 7965//1
f 7970//1 7971//1 7969//1
f 7971//3 7973//3 7969//3
f 7976//1 7977//1 7975//1
f 7961//1 7969//1 7960//1
f 7969//3 7964//3 7960//3
f 7968//1 7975//1 7967//1
f 7965//1 7961//1 7959//1
f 7975//1 7972//1 7970//1
f 7967//1 7970//1 7961//1
f 7980//1 7981//1 7979//1
f 7984//1 7985//1 7983//1
f 7987//2 7984//2 7983//2
f 7989//5 7984//5 7988//5
f 7991//1 7992//1 7990//1
f 7995//1 7996//1 7994//1
f 7982//1 7990//1 7981//1
f 7986//1 7994//1 7985//1
f 7998//5 7986//5 7989//5
f 7983//1 7982//1 7980//1
f 7994//1 7993//1 7991//1
f 7985//1 7991//1 7982//1
f 8000//1 8001//1 7999//1
f 8001//3 8003//3 7999//3
f 8006//1 8007//1 8005//1
f 8013//1 8014//1 8012//1
f 8013//4 8009//4 8010//4
f 8011//3 8013//3 8010//3
f 8017//1 8018//1 8016//1
f 8021//4 8018//4 8019//4
f 8002//1 8009//1 8001//1
f 8009//3 8004//3 8001//3
f 8008//1 8016//1 8007//1
f 8005//1 8002//1 8000//1
f 8016//1 8011//1 8010//1
f 8020//4 8011//4 8018//4
f 8007//1 8010//1 8002//1
f 8024//1 8025//1 8023//1
f 8028//1 8029//1 8027//1
f 8032//5 8028//5 8031//5
f 8034//1 8035//1 8033//1
f 8038//4 8035//4 8036//4
f 8043//1 8044//1 8042//1
f 8043//4 8039//4 8040//4
f 8044//5 8039//5 8042//5
f 8026//1 8033//1 8025//1
f 8030//1 8039//1 8029//1
f 8043//5 8030//5 8032//5
f 8027//1 8026//1 8024//1
f 8039//1 8036//1 8034//1
f 8044//4 8036//4 8041//4
f 8029//1 8034//1 8026//1
f 7972//1 7999//1 7971//1
f 7999//3 7974//3 7971//3
f 7978//1 8005//1 7977//1
f 7977//1 8000//1 7972//1
f 7993//1 8023//1 7992//1
f 7997//1 8027//1 7996//1
f 7996//1 8024//1 7993//1
f 7979//1 7968//1 7966//1
f 7990//1 7978//1 7976//1
f 7981//1 7976//1 7968//1
f 8023//1 8008//1 8006//1
f 8033//1 8019//1 8017//1
f 8037//4 8019//4 8035//4
f 8025//1 8017//1 8008//1
f 7992//1 8006//1 7978//1
f 8050//1 8051//1 8049//1
f 8054//3 8056//3 8053//3
f 8062//4 8059//4 8060//4
f 8071//1 8072//1 8070//1
f 8071//4 8067//4 8068//4
f 8069//3 8071//3 8068//3
f 8081//1 8082//1 8080//1
f 8081//4 8077//4 8078//4
f 8079//3 8081//3 8078//3
f 8068//4 8055//4 8056//4
f 8057//3 8068//3 8056//3
f 8078//4 8064//4 8065//4
f 8066//3 8078//3 8065//3
f 8062//1 8064//1 8061//1
f 8063//3 8062//3 8060//3
f 8077//3 8075//3 8074//3
f 8058//1 8054//1 8053//1
f 8061//4 8054//4 8059//4
f 8075//4 8069//4 8074//4
f 8075//1 8076//1 8073//1
f 8074//4 8057//4 8061//4
f 8064//3 8074//3 8061//3
f 8060//4 8051//4 8052//4
f 8051//3 8058//3 8049//3
f 8058//4 8047//4 8049//4
f 8087//1 8088//1 8086//1
f 8091//1 8092//1 8090//1
f 8096//4 8092//4 8093//4
f 8092//3 8094//3 8090//3
f 8106//1 8107//1 8105//1
f 8106//4 8103//4 8104//4
f 8091//4 8084//4 8085//4
f 8099//4 8088//4 8089//4
f 8088//3 8097//3 8086//3
f 8096//1 8101//1 8095//1
f 8099//1 8103//1 8098//1
f 8103//3 8100//3 8098//3
f 8097//1 8093//1 8091//1
f 8100//4 8093//4 8098//4
f 8100//1 8102//1 8096//1
f 8097//4 8085//4 8086//4
f 8110//1 8111//1 8109//1
f 8120//1 8121//1 8119//1
f 8124//4 8121//4 8122//4
f 8128//1 8129//1 8127//1
f 8128//4 8125//4 8126//4
f 8117//4 8111//4 8112//4
f 8117//5 8110//5 8115//5
f 8120//4 8113//4 8114//4
f 8117//1 8125//1 8116//1
f 8128//5 8117//5 8118//5
f 8124//1 8131//1 8123//1
f 8119//1 8117//1 8115//1
f 8123//4 8117//4 8121//4
f 8123//1 8128//1 8118//1
f 8119//4 8110//4 8113//4
f 8135//1 8136//1 8134//1
f 8140//4 8136//4 8137//4
f 8136//3 8138//3 8134//3
f 8145//4 8142//4 8143//4
f 8147//4 8139//4 8140//4
f 8141//1 8137//1 8135//1
f 8144//4 8137//4 8142//4
f 8153//4 8150//4 8151//4
f 8155//1 8156//1 8154//1
f 8160//4 8156//4 8157//4
f 8160//5 8155//5 8158//5
f 8162//4 8159//4 8160//4
f 8154//1 8151//1 8149//1
f 8159//4 8151//4 8156//4
f 8170//4 8167//4 8168//4
f 8174//4 8171//4 8172//4
f 8172//4 8165//4 8166//4
f 8173//4 8168//4 8171//4
f 8171//4 8164//4 8165//4
f 8181//4 8178//4 8179//4
f 8185//4 8182//4 8183//4
f 8179//4 8175//4 8176//4
f 8184//4 8179//4 8182//4
f 8182//4 8176//4 8177//4
f 8135//4 8101//4 8102//4
f 8143//4 8107//4 8108//4
f 8107//3 8141//3 8105//3
f 8141//4 8102//4 8105//4
f 8101//3 8133//3 8095//3
f 8151//4 8129//4 8130//4
f 8151//5 8128//5 8149//5
f 8155//4 8131//4 8132//4
f 8154//4 8128//4 8131//4
f 8147//1 8167//1 8146//1
f 8167//3 8148//3 8146//3
f 8145//1 8165//1 8144//1
f 8144//1 8164//1 8140//1
f 8164//3 8147//3 8140//3
f 8153//1 8175//1 8152//1
f 8162//1 8182//1 8161//1
f 8185//5 8162//5 8163//5
f 8159//1 8176//1 8153//1
f 8182//5 8159//5 8161//5
f 8109//1 8089//1 8087//1
f 8127//1 8108//1 8106//1
f 8127//4 8104//4 8125//4
f 8116//1 8104//1 8099//1
f 8116//4 8089//4 8111//4
f 8152//4 8143//4 8150//4
f 8180//4 8172//4 8178//4
f 8178//4 8166//4 8175//4
f 8152//1 8166//1 8145//1
f 8150//4 8108//4 8129//4
f 7904//1 8049//1 7903//1
f 8048//3 7904//3 7901//3
f 7903//1 8047//1 7897//1
f 7954//1 8055//1 7953//1
f 8053//3 7954//3 7951//3
f 8067//3 7957//3 7956//3
f 8055//3 7956//3 7953//3
f 8047//3 7951//3 7897//3
f 8015//1 8084//1 8014//1
f 8021//1 8086//1 8020//1
f 8020//1 8085//1 8015//1
f 8084//3 8022//3 8014//3
f 8038//1 8109//1 8037//1
f 8045//1 8113//1 8044//1
f 8044//1 8110//1 8038//1
f 8120//5 8045//5 8046//5
f 8037//1 8087//1 8021//1
f 7962//1 7859//1 7857//1
f 7973//1 7863//1 7861//1
f 7964//1 7861//1 7859//1
f 8003//1 7883//1 7881//1
f 8012//1 7885//1 7884//1
f 8004//1 7884//1 7883//1
f 8022//4 7885//4 8014//4
f 7974//1 7881//1 7863//1
f 8094//1 8052//1 8050//1
f 8094//4 8048//4 8090//4
f 8138//1 8066//1 8065//1
f 8138//4 8063//4 8134//4
f 8148//4 8079//4 8146//4
f 8133//1 8063//1 8060//1
f 8146//4 8066//4 8139//4
f 8133//4 8052//4 8095//4
f 8022//1 8048//1 7901//1
f 8187//3 8188//3 8186//3
f 8195//3 8196//3 8194//3
f 8200//3 8201//3 8199//3
f 8204//3 8205//3 8203//3
f 8192//3 8199//3 8191//3
f 8197//3 8203//3 8196//3
f 8194//3 8192//3 8190//3
f 8203//3 8202//3 8200//3
f 8192//6 8188//6 8189//6
f 8192//4 8187//4 8190//4
f 8194//6 8187//6 8193//6
f 8199//4 8188//4 8191//4
f 8196//3 8200//3 8192//3
f 8214//6 8211//6 8213//6
f 8214//4 8209//4 8210//4
f 8209//3 8211//3 8208//3
f 8221//4 8217//4 8218//4
f 8219//3 8221//3 8218//3
f 8218//4 8211//4 8212//4
f 8214//3 8218//3 8212//3
f 8215//3 8214//3 8210//3
f 8216//3 8219//3 8214//3
f 8230//6 8227//6 8229//6
f 8230//4 8225//4 8226//4
f 8225//3 8227//3 8224//3
f 8234//6 8231//6 8233//6
f 8234//3 8235//3 8232//3
f 8230//3 8237//3 8228//3
f 8236//3 8239//3 8235//3
f 8232//6 8225//6 8231//6
f 8232//3 8230//3 8226//3
f 8235//3 8238//3 8230//3
f 8202//3 8224//3 8201//3
f 8234//4 8206//4 8207//4
f 8206//3 8231//3 8205//3
f 8205//3 8225//3 8202//3
f 8222//3 8241//3 8221//3
f 8208//3 8197//3 8195//3
f 8221//6 8206//6 8220//6
f 8217//3 8206//3 8204//3
f 8211//3 8204//3 8197//3
f 8241//3 8236//3 8234//3
f 8221//3 8234//3 8207//3
f 8249//4 8245//4 8246//4
f 8245//3 8247//3 8244//3
f 8258//6 8255//6 8257//6
f 8258//4 8253//4 8254//4
f 8253//3 8255//3 8252//3
f 8254//4 8248//4 8249//4
f 8248//3 8252//3 8247//3
f 8252//3 8251//3 8250//3
f 8261//3 8262//3 8260//3
f 8271//6 8268//6 8270//6
f 8271//4 8266//4 8267//4
f 8266//3 8268//3 8265//3
f 8269//6 8263//6 8268//6
f 8265//3 8263//3 8261//3
f 8273//3 8274//3 8272//3
f 8281//4 8277//4 8278//4
f 8279//3 8281//3 8278//3
f 8290//6 8287//6 8289//6
f 8290//3 8291//3 8288//3
f 8301//6 8298//6 8300//6
f 8303//4 8298//4 8299//4
f 8301//3 8303//3 8299//3
f 8290//4 8275//4 8276//4
f 8275//3 8287//3 8274//3
f 8301//4 8285//4 8286//4
f 8285//3 8298//3 8284//3
f 8281//6 8275//6 8280//6
f 8277//3 8275//3 8273//3
f 8303//6 8295//6 8302//6
f 8298//3 8295//3 8293//3
f 8285//6 8281//6 8282//6
f 8285//4 8279//4 8283//4
f 8295//6 8291//6 8292//6
f 8295//4 8290//4 8293//4
f 8298//6 8290//6 8297//6
f 8298//4 8281//4 8284//4
f 8281//3 8290//3 8276//3
f 8278//4 8255//4 8256//4
f 8258//3 8278//3 8256//3
f 8255//3 8273//3 8251//3
f 8288//6 8266//6 8287//6
f 8288//3 8271//3 8267//3
f 8274//3 8266//3 8259//3
f 8307//6 8303//6 8304//6
f 8307//4 8301//4 8305//4
f 8316//4 8312//4 8313//4
f 8312//3 8314//3 8311//3
f 8327//6 8324//6 8326//6
f 8327//4 8322//4 8323//4
f 8322//3 8324//3 8321//3
f 8323//4 8315//4 8316//4
f 8315//3 8321//3 8314//3
f 8317//3 8316//3 8313//3
f 8314//4 8309//4 8311//4
f 8324//4 8319//4 8321//4
f 8321//4 8310//4 8314//4
f 8318//3 8323//3 8316//3
f 8333//4 8329//4 8330//4
f 8331//3 8333//3 8330//3
f 8338//4 8335//4 8336//4
f 8345//4 8341//4 8342//4
f 8352//6 8349//6 8351//6
f 8352//4 8347//4 8348//4
f 8347//3 8349//3 8346//3
f 8342//4 8332//4 8333//4
f 8334//3 8342//3 8333//3
f 8348//4 8337//4 8338//4
f 8341//3 8340//3 8339//3
f 8337//4 8331//4 8335//4
f 8347//6 8342//6 8343//6
f 8349//4 8342//4 8346//4
f 8347//4 8334//4 8337//4
f 8361//4 8357//4 8358//4
f 8359//3 8361//3 8358//3
f 8368//4 8364//4 8365//4
f 8378//4 8374//4 8375//4
f 8382//6 8379//6 8381//6
f 8384//4 8379//4 8380//4
f 8391//6 8388//6 8390//6
f 8391//4 8386//4 8387//4
f 8386//3 8388//3 8385//3
f 8382//4 8367//4 8368//4
f 8367//3 8379//3 8366//3
f 8387//4 8369//4 8370//4
f 8372//6 8364//6 8371//6
f 8372//3 8368//3 8365//3
f 8378//6 8369//6 8377//6
f 8377//4 8372//4 8374//4
f 8386//6 8380//6 8382//6
f 8388//4 8380//4 8385//4
f 8377//6 8368//6 8373//6
f 8386//4 8368//4 8369//4
f 8378//3 8387//3 8370//3
f 8358//4 8324//4 8325//4
f 8327//3 8358//3 8325//3
f 8357//4 8320//4 8324//4
f 8372//4 8344//4 8345//4
f 8375//4 8349//4 8350//4
f 8352//3 8375//3 8350//3
f 8374//4 8345//4 8349//4
f 8344//3 8364//3 8340//3
f 8353//3 8338//3 8336//3
f 8354//3 8348//3 8338//3
f 8332//4 8317//4 8329//4
f 8340//4 8323//4 8339//4
f 8341//6 8323//6 8328//6
f 8341//4 8318//4 8332//4
f 8367//6 8361//6 8362//6
f 8367//4 8359//4 8364//4
f 8379//4 8361//4 8366//4
f 8364//4 8327//4 8340//4
f 8396//6 8393//6 8395//6
f 8396//3 8397//3 8394//3
f 8403//6 8400//6 8402//6
f 8412//6 8409//6 8411//6
f 8412//4 8407//4 8408//4
f 8407//3 8409//3 8406//3
f 8403//3 8413//3 8401//3
f 8412//3 8415//3 8410//3
f 8410//6 8402//6 8409//6
f 8406//3 8402//3 8399//3
f 8402//6 8397//6 8398//6
f 8402//4 8396//4 8399//4
f 8407//6 8404//6 8405//6
f 8406//6 8396//6 8404//6
f 8410//3 8414//3 8403//3
f 8421//6 8418//6 8420//6
f 8423//4 8418//4 8419//4
f 8421//3 8423//3 8419//3
f 8428//6 8425//6 8427//6
f 8432//6 8429//6 8431//6
f 8440//6 8437//6 8439//6
f 8440//4 8435//4 8436//4
f 8435//3 8437//3 8434//3
f 8430//6 8420//6 8429//6
f 8430//3 8424//3 8421//3
f 8438//6 8427//6 8437//6
f 8427//6 8423//6 8424//6
f 8435//6 8430//6 8432//6
f 8437//4 8430//4 8434//4
f 8437//6 8424//6 8433//6
f 8445//6 8442//6 8444//6
f 8445//3 8446//3 8443//3
f 8453//6 8450//6 8452//6
f 8458//6 8455//6 8457//6
f 8460//4 8455//4 8456//4
f 8467//6 8464//6 8466//6
f 8467//4 8462//4 8463//4
f 8462//3 8464//3 8461//3
f 8474//6 8471//6 8473//6
f 8469//4 8450//4 8451//4
f 8453//3 8469//3 8451//3
f 8477//4 8464//4 8465//4
f 8460//6 8452//6 8459//6
f 8455//3 8452//3 8449//3
f 8477//6 8473//6 8476//6
f 8462//6 8456//6 8458//6
f 8464//4 8456//4 8461//4
f 8473//6 8469//6 8470//6
f 8464//6 8453//6 8460//6
f 8473//4 8453//4 8454//4
f 8464//3 8473//3 8454//3
f 8443//6 8407//6 8442//6
f 8443//3 8412//3 8408//3
f 8442//6 8405//6 8441//6
f 8469//6 8431//6 8468//6
f 8472//6 8435//6 8471//6
f 8472//3 8440//3 8436//3
f 8471//6 8432//6 8469//6
f 8450//3 8431//3 8417//3
f 8420//6 8413//6 8414//6
f 8431//6 8415//6 8416//6
f 8429//6 8414//6 8415//6
f 8431//4 8412//4 8417//4
f 8452//6 8446//6 8447//6
f 8452//4 8445//4 8449//4
f 8455//6 8445//6 8448//6
f 8450//6 8412//6 8446//6
f 8396//4 8263//4 8264//4
f 8263//3 8393//3 8262//3
f 8271//3 8404//3 8269//3
f 8269//3 8396//3 8264//3
f 8445//4 8295//4 8296//4
f 8295//3 8442//3 8294//3
f 8442//4 8291//4 8294//4
f 8303//3 8445//3 8296//3
f 8458//4 8307//4 8308//4
f 8307//3 8455//3 8306//3
f 8455//4 8303//4 8306//4
f 8291//3 8405//3 8271//3
f 8481//4 8388//4 8389//4
f 8480//4 8384//4 8388//4
f 8309//3 8249//3 8246//3
f 8319//3 8258//3 8254//3
f 8310//3 8254//3 8249//3
f 8361//6 8285//6 8360//6
f 8357//3 8285//3 8283//3
f 8357//6 8279//6 8356//6
f 8361//3 8301//3 8286//3
f 8384//6 8307//6 8383//6
f 8379//3 8307//3 8305//3
f 8379//6 8301//6 8363//6
f 8320//3 8279//3 8258//3
f 8481//6 8462//6 8480//6
f 8480//6 8458//6 8479//6
f 8247//4 8215//4 8244//4
f 8251//4 8219//4 8250//4
f 8252//6 8219//6 8223//6
f 8252//4 8216//4 8247//4
f 8261//6 8237//6 8238//6
f 8266//6 8239//6 8240//6
f 8265//6 8238//6 8239//6
f 8266//4 8236//4 8259//4
f 8273//6 8241//6 8242//6
f 8274//4 8241//4 8272//4
f 8274//6 8236//6 8243//6
f 8273//4 8222//4 8251//4
f 8384//3 8458//3 8308//3
f 8486//5 8483//5 8485//5
f 8491//5 8488//5 8490//5
f 8496//5 8493//5 8495//5
f 8500//5 8497//5 8499//5
f 8494//5 8485//5 8493//5
f 8502//5 8490//5 8501//5
f 8490//5 8484//5 8486//5
f 8503//5 8494//5 8496//5
f 8502//6 8497//6 8498//6
f 8503//4 8497//4 8501//4
f 8503//6 8492//6 8499//6
f 8502//4 8487//4 8491//4
f 8501//5 8486//5 8494//5
f 8507//5 8504//5 8506//5
f 8513//5 8510//5 8512//5
f 8519//5 8515//5 8517//5
f 8525//6 8522//6 8524//6
f 8525//5 8520//5 8523//5
f 8516//5 8506//5 8515//5
f 8521//5 8512//5 8520//5
f 8512//5 8505//5 8507//5
f 8523//6 8518//6 8522//6
f 8523//5 8516//5 8519//5
f 8509//4 8504//4 8508//4
f 8520//5 8507//5 8516//5
f 8532//5 8528//5 8530//5
f 8537//5 8533//5 8535//5
f 8546//6 8543//6 8545//6
f 8546//4 8541//4 8542//4
f 8546//5 8540//5 8544//5
f 8550//6 8547//6 8549//6
f 8552//5 8547//5 8551//5
f 8550//4 8536//4 8537//4
f 8550//5 8535//5 8548//5
f 8554//5 8543//5 8553//5
f 8544//6 8536//6 8543//6
f 8544//5 8534//5 8537//5
f 8555//5 8549//5 8552//5
f 8539//6 8533//6 8534//6
f 8553//5 8536//5 8549//5
f 8567//6 8564//6 8566//6
f 8567//4 8562//4 8563//4
f 8567//5 8561//5 8565//5
f 8571//6 8568//6 8570//6
f 8575//6 8572//6 8574//6
f 8577//5 8572//5 8576//5
f 8563//5 8556//5 8561//5
f 8575//5 8558//5 8573//5
f 8573//6 8562//6 8572//6
f 8576//5 8562//5 8566//5
f 8577//6 8569//6 8571//6
f 8576//6 8560//6 8569//6
f 8573//5 8557//5 8563//5
f 8581//6 8578//6 8580//6
f 8583//5 8578//5 8582//5
f 8587//5 8584//5 8586//5
f 8586//5 8580//5 8583//5
f 8539//5 8495//5 8538//5
f 8542//5 8499//5 8540//5
f 8539//4 8492//4 8496//4
f 8540//5 8492//5 8534//5
f 8581//4 8518//4 8519//4
f 8581//5 8517//5 8579//5
f 8585//5 8522//5 8584//5
f 8584//5 8518//5 8580//5
f 8565//6 8531//6 8564//6
f 8565//5 8529//5 8532//5
f 8517//5 8498//5 8500//5
f 8509//5 8489//5 8491//5
f 8509//6 8487//6 8506//6
f 8515//5 8487//5 8498//5
f 8579//6 8541//6 8578//6
f 8582//5 8541//5 8545//5
f 8588//5 8545//5 8554//5
f 8552//6 8526//6 8527//6
f 8554//6 8528//6 8529//6
f 8555//4 8528//4 8553//4
f 8555//6 8527//6 8530//6
f 8583//6 8556//6 8557//6
f 8587//6 8558//6 8559//6
f 8586//6 8557//6 8558//6
f 8588//4 8556//4 8582//4
f 8588//6 8529//6 8561//6
f 8579//5 8500//5 8542//5
f 8598//6 8595//6 8597//6
f 8598//4 8593//4 8594//4
f 8593//3 8595//3 8592//3
f 8602//3 8603//3 8601//3
f 8609//4 8605//4 8606//4
f 8607//3 8609//3 8606//3
f 8616//3 8617//3 8615//3
f 8606//4 8595//4 8596//4
f 8598//3 8606//3 8596//3
f 8604//3 8615//3 8603//3
f 8599//3 8598//3 8594//3
f 8615//3 8613//3 8611//3
f 8603//4 8599//4 8601//4
f 8613//6 8609//6 8610//6
f 8613//4 8607//4 8611//4
f 8615//6 8607//6 8614//6
f 8615//4 8600//4 8603//4
f 8600//3 8607//3 8598//3
f 8626//6 8623//6 8625//6
f 8626//4 8621//4 8622//4
f 8621//3 8623//3 8620//3
f 8636//6 8633//6 8635//6
f 8636//4 8631//4 8632//4
f 8645//6 8642//6 8644//6
f 8647//4 8642//4 8643//4
f 8640//4 8623//4 8624//4
f 8645//4 8629//4 8630//4
f 8629//3 8642//3 8628//3
f 8640//6 8631//6 8639//6
f 8640//3 8636//3 8632//3
f 8647//6 8637//6 8646//6
f 8629//6 8624//6 8626//6
f 8629//4 8622//4 8627//4
f 8646//4 8640//4 8642//4
f 8646//6 8636//6 8641//6
f 8642//4 8624//4 8628//4
f 8653//6 8650//6 8652//6
f 8660//6 8657//6 8659//6
f 8660//4 8655//4 8656//4
f 8655//3 8657//3 8654//3
f 8664//6 8661//6 8663//6
f 8658//6 8648//6 8657//6
f 8662//6 8652//6 8661//6
f 8663//6 8658//6 8660//6
f 8661//6 8649//6 8658//6
f 8669//6 8666//6 8668//6
f 8671//4 8666//4 8667//4
f 8669//3 8671//3 8667//3
f 8676//6 8673//6 8675//6
f 8676//3 8677//3 8674//3
f 8672//3 8679//3 8671//3
f 8674//6 8668//6 8673//6
f 8674//3 8672//3 8669//3
f 8687//6 8684//6 8686//6
f 8687//3 8688//3 8685//3
f 8693//6 8690//6 8692//6
f 8697//6 8694//6 8696//6
f 8697//3 8698//3 8695//3
f 8683//3 8694//3 8682//3
f 8695//6 8686//6 8694//6
f 8695//3 8689//3 8687//3
f 8701//6 8692//6 8700//6
f 8692//6 8688//6 8689//6
f 8702//6 8698//6 8699//6
f 8700//6 8689//6 8698//6
f 8682//3 8686//3 8681//3
f 8622//4 8590//4 8591//4
f 8613//3 8666//3 8612//3
f 8676//4 8618//4 8619//4
f 8618//3 8673//3 8617//3
f 8666//4 8609//4 8612//4
f 8617//3 8668//3 8613//3
f 8609//6 8590//6 8608//6
f 8605//3 8590//3 8589//3
f 8671//6 8629//6 8670//6
f 8666//3 8629//3 8627//3
f 8666//6 8622//6 8665//6
f 8671//3 8645//3 8630//3
f 8685//6 8655//6 8684//6
f 8685//3 8660//3 8656//3
f 8691//6 8663//6 8690//6
f 8690//6 8660//6 8688//6
f 8655//6 8643//6 8645//6
f 8657//4 8643//4 8654//4
f 8657//6 8638//6 8647//6
f 8683//6 8677//6 8678//6
f 8686//6 8679//6 8680//6
f 8682//6 8672//6 8677//6
f 8686//4 8672//4 8681//4
f 8684//6 8645//6 8679//6
f 8609//3 8622//3 8591//3
f 8709//2 8707//2 8706//2
f 8709//5 8705//5 8708//5
f 8721//2 8719//2 8718//2
f 8721//5 8717//5 8720//5
f 8718//2 8710//2 8709//2
f 8718//5 8708//5 8717//5
f 8712//5 8707//5 8710//5
f 8725//6 8721//6 8724//6
f 8725//5 8719//5 8722//5
f 8704//2 8705//2 8703//2
f 8721//6 8715//6 8716//6
f 8715//2 8717//2 8713//2
f 8713//2 8708//2 8704//2
f 8723//5 8710//5 8719//5
f 8732//6 8729//6 8731//6
f 8736//6 8733//6 8735//6
f 8738//5 8733//5 8737//5
f 8742//6 8739//6 8741//6
f 8749//6 8746//6 8748//6
f 8746//2 8744//2 8743//2
f 8749//5 8744//5 8747//5
f 8736//5 8727//5 8734//5
f 8740//6 8731//6 8739//6
f 8744//6 8735//6 8743//6
f 8746//5 8735//5 8738//5
f 8738//6 8730//6 8732//6
f 8748//6 8740//6 8742//6
f 8746//6 8732//6 8740//6
f 8753//6 8750//6 8752//6
f 8755//2 8753//2 8752//2
f 8755//5 8750//5 8754//5
f 8765//6 8762//6 8764//6
f 8767//2 8765//2 8764//2
f 8767//5 8762//5 8766//5
f 8773//6 8770//6 8772//6
f 8774//2 8773//2 8772//2
f 8770//2 8760//2 8759//2
f 8773//5 8760//5 8771//5
f 8776//2 8768//2 8767//2
f 8760//6 8755//6 8759//6
f 8760//5 8753//5 8756//5
f 8767//6 8760//6 8761//6
f 8760//2 8762//2 8758//2
f 8762//6 8753//6 8758//6
f 8773//2 8767//2 8761//2
f 8770//5 8755//5 8769//5
f 8788//6 8785//6 8787//6
f 8795//6 8792//6 8794//6
f 8792//2 8790//2 8789//2
f 8795//5 8790//5 8793//5
f 8797//6 8794//6 8796//6
f 8794//6 8786//6 8788//6
f 8786//2 8789//2 8784//2
f 8750//2 8715//2 8714//2
f 8753//5 8715//5 8751//5
f 8762//2 8725//2 8724//2
f 8765//5 8725//5 8763//5
f 8753//2 8721//2 8716//2
f 8762//5 8721//5 8757//5
f 8779//6 8741//6 8778//6
f 8782//6 8748//6 8781//6
f 8781//6 8742//6 8779//6
f 8786//6 8774//6 8785//6
f 8786//5 8773//5 8775//5
f 8790//6 8776//6 8789//6
f 8789//6 8773//6 8784//6
f 8790//5 8768//5 8777//5
f 8755//6 8727//6 8728//6
f 8772//6 8744//6 8745//6
f 8749//2 8772//2 8745//2
f 8770//6 8736//6 8744//6
f 8736//2 8755//2 8728//2
f 8785//6 8749//6 8782//6
f 8806//6 8803//6 8805//6
f 8810//6 8807//6 8809//6
f 8804//6 8799//6 8803//6
f 8808//6 8801//6 8807//6
f 8809//6 8804//6 8806//6
f 8814//6 8811//6 8813//6
f 8820//6 8817//6 8819//6
f 8820//5 8815//5 8818//5
f 8825//6 8822//6 8824//6
f 8829//6 8826//6 8828//6
f 8831//4 8826//4 8827//4
f 8832//5 8826//5 8830//5
f 8823//6 8813//6 8822//6
f 8831//6 8819//6 8830//6
f 8831//5 8816//5 8820//5
f 8819//6 8812//6 8814//6
f 8832//6 8823//6 8825//6
f 8832//4 8821//4 8828//4
f 8830//6 8814//6 8823//6
f 8838//6 8835//6 8837//6
f 8838//4 8833//4 8834//4
f 8843//6 8840//6 8842//6
f 8847//6 8844//6 8846//6
f 8849//4 8844//4 8845//4
f 8853//6 8850//6 8852//6
f 8855//4 8850//4 8851//4
f 8857//4 8835//4 8836//4
f 8859//4 8840//4 8841//4
f 8857//6 8846//6 8856//6
f 8859//6 8852//6 8858//6
f 8842//6 8836//6 8838//6
f 8852//6 8845//6 8847//6
f 8854//4 8845//4 8850//4
f 8858//6 8847//6 8857//6
f 8858//4 8836//4 8840//4
f 8869//6 8866//6 8868//6
f 8869//4 8864//4 8865//4
f 8873//6 8870//6 8872//6
f 8875//4 8870//4 8871//4
f 8876//5 8870//5 8874//5
f 8880//6 8877//6 8879//6
f 8882//4 8877//4 8878//4
f 8886//6 8883//6 8885//6
f 8886//4 8862//4 8863//4
f 8886//5 8861//5 8884//5
f 8888//4 8866//4 8867//4
f 8888//6 8879//6 8887//6
f 8875//6 8862//6 8874//6
f 8876//6 8867//6 8869//6
f 8876//4 8865//4 8872//4
f 8885//6 8878//6 8880//6
f 8874//6 8860//6 8867//6
f 8885//4 8860//4 8862//4
f 8888//5 8860//5 8880//5
f 8892//6 8889//6 8891//6
f 8896//6 8893//6 8895//6
f 8895//6 8890//6 8892//6
f 8898//6 8892//6 8897//6
f 8892//4 8799//4 8800//4
f 8799//3 8889//3 8798//3
f 8896//4 8801//4 8802//4
f 8898//4 8804//4 8807//4
f 8804//3 8892//3 8800//3
f 8898//5 8801//5 8895//5
f 8900//5 8811//5 8899//5
f 8849//6 8805//6 8848//6
f 8855//6 8809//6 8854//6
f 8854//6 8806//6 8849//6
f 8882//6 8824//6 8881//6
f 8882//5 8821//5 8825//5
f 8884//6 8828//6 8883//6
f 8883//6 8821//6 8878//6
f 8824//6 8808//6 8810//6
f 8822//6 8802//6 8808//6
f 8868//6 8841//6 8843//6
f 8868//4 8839//4 8864//4
f 8879//6 8851//6 8853//6
f 8881//4 8851//4 8877//4
f 8887//6 8853//6 8859//6
f 8887//4 8841//4 8866//4
f 8900//6 8894//6 8896//6
f 8881//6 8810//6 8855//6
f 8900//4 8802//4 8813//4
f 8906//6 8903//6 8905//6
f 8908//5 8903//5 8907//5
f 8913//6 8910//6 8912//6
f 8917//6 8914//6 8916//6
f 8919//5 8914//5 8918//5
f 8923//6 8920//6 8922//6
f 8923//5 8901//5 8921//5
f 8925//4 8910//4 8911//4
f 8926//5 8910//5 8924//5
f 8925//6 8922//6 8924//6
f 8915//6 8905//6 8914//6
f 8918//5 8905//5 8908//5
f 8908//6 8901//6 8902//6
f 8919//6 8911//6 8913//6
f 8919//4 8909//4 8916//4
f 8918//6 8902//6 8911//6
f 8925//5 8902//5 8923//5
f 8930//6 8927//6 8929//6
f 8932//4 8927//4 8928//4
f 8933//5 8927//5 8931//5
f 8937//6 8929//6 8936//6
f 8939//5 8929//5 8933//5
f 8935//6 8928//6 8930//6
f 8932//6 8912//6 8931//6
f 8932//5 8909//5 8913//5
f 8934//6 8909//6 8928//6
f 8940//5 8912//5 8926//5
f 8948//6 8945//6 8947//6
f 8950//4 8945//4 8946//4
f 8947//6 8942//6 8943//6
f 8949//4 8942//4 8945//4
f 8954//6 8951//6 8953//6
f 8957//6 8952//6 8954//6
f 8962//6 8959//6 8961//6
f 8953//6 8946//6 8948//6
f 8966//6 8963//6 8965//6
f 8970//6 8967//6 8969//6
f 8974//6 8971//6 8973//6
f 8976//2 8974//2 8973//2
f 8974//3 8975//3 8972//3
f 8983//6 8980//6 8982//6
f 8980//2 8979//2 8978//2
f 8972//6 8965//6 8971//6
f 8979//6 8969//6 8978//6
f 8969//6 8964//6 8966//6
f 8982//6 8975//6 8977//6
f 8975//2 8978//2 8972//2
f 8978//6 8966//6 8972//6
f 8993//6 8990//6 8992//6
f 8990//2 8989//2 8988//2
f 8997//6 8994//6 8996//6
f 8999//2 8997//2 8996//2
f 8999//5 8994//5 8998//5
f 8989//6 8985//6 8988//6
f 8999//6 8991//6 8993//6
f 8991//2 8994//2 8989//2
f 8994//6 8986//6 8989//6
f 8985//6 8968//6 8970//6
f 8992//6 8981//6 8983//6
f 8981//2 8988//2 8979//2
f 8988//6 8970//6 8979//6
f 8906//5 8526//5 8904//5
f 8917//4 8531//4 8532//4
f 8917//5 8530//5 8915//5
f 8915//5 8527//5 8906//5
f 8935//5 8564//5 8934//5
f 8937//4 8568//4 8569//4
f 8938//5 8568//5 8936//5
f 8935//4 8560//4 8566//4
f 8937//5 8560//5 8930//5
f 8934//5 8531//5 8916//5
f 8942//4 8633//4 8634//4
f 8636//3 8942//3 8634//3
f 8948//4 8637//4 8638//4
f 8947//4 8636//4 8637//4
f 8954//4 8648//4 8649//4
f 8956//4 8650//4 8651//4
f 8957//5 8650//5 8955//5
f 8957//4 8649//4 8652//4
f 8959//2 8701//2 8700//2
f 8702//3 8959//3 8700//3
f 8701//3 8958//3 8693//3
f 8953//4 8638//4 8648//4
f 8963//2 8779//2 8778//2
f 8780//3 8963//3 8778//3
f 8967//2 8782//2 8781//2
f 8964//2 8781//2 8779//2
f 8985//2 8788//2 8787//2
f 8985//5 8785//5 8984//5
f 8994//2 8797//2 8796//2
f 8986//2 8794//2 8788//2
f 8994//5 8794//5 8987//5
f 8968//2 8785//2 8782//2
f 8942//6 8833//6 8941//6
f 8942//3 8838//3 8834//3
f 8950//6 8842//6 8949//6
f 8950//5 8839//5 8843//5
f 8949//6 8838//6 8944//6
f 8952//6 8864//6 8951//6
f 8956//6 8872//6 8955//6
f 8955//6 8865//6 8952//6
f 8951//6 8839//6 8946//6
f 8730//6 8570//6 8729//6
f 8734//6 8574//6 8733//6
f 8737//5 8574//5 8577//5
f 8737//6 8571//6 8730//6
f 8734//5 8559//5 8575//5
f 8704//5 8511//5 8513//5
f 8715//6 8524//6 8714//6
f 8715//5 8521//5 8525//5
f 8705//6 8511//6 8703//6
f 8713//5 8513//5 8521//5
f 8754//5 8585//5 8587//5
f 8754//6 8559//6 8727//6
f 8750//5 8524//5 8585//5
f 8731//6 8651//6 8653//6
f 8741//6 8662//6 8664//6
f 8739//6 8653//6 8662//6
f 8780//6 8691//6 8693//6
f 8778//6 8664//6 8691//6
f 8922//6 8815//6 8816//6
f 8926//6 8827//6 8829//6
f 8924//6 8816//6 8827//6
f 8933//6 8861//6 8863//6
f 8938//6 8871//6 8873//6
f 8939//4 8871//4 8936//4
f 8939//6 8863//6 8875//6
f 8940//4 8861//4 8931//4
f 8940//6 8829//6 8884//6
f 8973//6 8960//6 8962//6
f 8971//6 8958//6 8960//6
f 8729//6 8482//6 8651//6
f 8938//4 8482//4 8570//4
f 8958//2 8780//2 8693//2
f 8956//5 8482//5 8873//5
f 9002//3 9003//3 9001//3
f 9006//3 9007//3 9005//3
f 9014//6 9011//6 9013//6
f 9010//3 9011//3 9009//3
f 9021//6 9018//6 9020//6
f 9021//4 9016//4 9017//4
f 9016//3 9018//3 9015//3
f 9004//3 9009//3 9003//3
f 9008//3 9015//3 9007//3
f 9005//3 9004//3 9002//3
f 9019//6 9013//6 9018//6
f 9015//3 9013//3 9010//3
f 9007//3 9010//3 9004//3
f 9026//4 9022//4 9023//4
f 9024//3 9026//3 9023//3
f 9029//3 9030//3 9028//3
f 9034//3 9035//3 9033//3
f 9038//3 9039//3 9037//3
f 9033//4 9025//4 9026//4
f 9027//3 9033//3 9026//3
f 9031//3 9037//3 9030//3
f 9028//3 9027//3 9024//3
f 9037//3 9036//3 9034//3
f 9030//3 9034//3 9027//3
f 9045//3 9046//3 9044//3
f 9049//3 9050//3 9048//3
f 9048//3 9047//3 9045//3
f 9059//6 9056//6 9058//6
f 9061//2 9059//2 9058//2
f 9059//3 9060//3 9057//3
f 9071//6 9068//6 9070//6
f 9071//4 9066//4 9067//4
f 9066//3 9068//3 9065//3
f 9053//3 9056//3 9052//3
f 9055//3 9065//3 9054//3
f 9069//6 9061//6 9068//6
f 9065//3 9061//3 9058//3
f 9064//6 9060//6 9062//6
f 9072//6 9062//6 9069//6
f 9054//3 9058//3 9053//3
f 9075//3 9076//3 9074//3
f 9088//6 9085//6 9087//6
f 9084//3 9085//3 9083//3
f 9092//6 9089//6 9091//6
f 9092//3 9093//3 9090//3
f 9099//3 9100//3 9098//3
f 9082//3 9089//3 9081//3
f 9098//4 9085//4 9086//4
f 9088//3 9098//3 9086//3
f 9083//3 9082//3 9080//3
f 9098//6 9091//6 9097//6
f 9098//3 9094//3 9092//3
f 9096//6 9093//6 9094//6
f 9104//6 9100//6 9101//6
f 9104//4 9099//4 9102//4
f 9103//6 9094//6 9100//6
f 9085//3 9091//3 9082//3
f 9014//3 9044//3 9012//3
f 9021//3 9048//3 9019//3
f 9019//3 9045//3 9014//3
f 9036//3 9074//3 9035//3
f 9040//3 9078//3 9039//3
f 9039//3 9075//3 9036//3
f 9022//3 9008//3 9006//3
f 9033//6 9016//6 9032//6
f 9033//3 9021//3 9017//3
f 9025//3 9016//3 9008//3
f 9074//3 9051//3 9049//3
f 9090//6 9066//6 9089//6
f 9090//3 9071//3 9067//3
f 9095//6 9071//6 9093//6
f 9081//3 9066//3 9055//3
f 9043//4 9038//4 9042//4
f 9053//6 9046//6 9047//6
f 9055//6 9050//6 9051//6
f 9054//6 9047//6 9050//6
f 9082//6 9076//6 9077//6
f 9082//4 9075//4 9080//4
f 9084//6 9078//6 9079//6
f 9083//6 9075//6 9078//6
f 9081//6 9051//6 9076//6
f 9084//4 9040//4 9043//4
f 9035//3 9049//3 9021//3
f 9114//4 9110//4 9111//4
f 9110//3 9112//3 9109//3
f 9122//4 9118//4 9119//4
f 9118//3 9120//3 9117//3
f 9129//6 9126//6 9128//6
f 9129//4 9124//4 9125//4
f 9124//3 9126//3 9123//3
f 9139//6 9136//6 9138//6
f 9139//4 9134//4 9135//4
f 9134//3 9136//3 9133//3
f 9125//4 9113//4 9114//4
f 9113//3 9123//3 9112//3
f 9135//4 9121//4 9122//4
f 9121//3 9133//3 9120//3
f 9115//3 9114//3 9111//3
f 9131//3 9129//3 9125//3
f 9120//4 9115//4 9117//4
f 9136//4 9131//4 9133//4
f 9136//6 9129//6 9132//6
f 9133//4 9116//4 9120//4
f 9116//3 9125//3 9114//3
f 9144//4 9140//4 9141//4
f 9142//3 9144//3 9141//3
f 9154//4 9150//4 9151//4
f 9159//6 9156//6 9158//6
f 9161//4 9156//4 9157//4
f 9159//3 9161//3 9157//3
f 9159//4 9148//4 9149//4
f 9148//3 9156//3 9147//3
f 9154//6 9148//6 9153//6
f 9150//3 9148//3 9146//3
f 9148//6 9144//6 9145//6
f 9148//4 9142//4 9146//4
f 9156//4 9144//4 9147//4
f 9154//3 9159//3 9149//3
f 9141//4 9126//4 9127//4
f 9129//3 9141//3 9127//3
f 9151//4 9136//4 9137//4
f 9139//3 9151//3 9137//3
f 9146//4 9129//4 9130//4
f 9136//3 9146//3 9130//3
f 9112//4 9106//4 9109//4
f 9123//4 9107//4 9112//4
f 9175//4 9172//4 9173//4
f 9179//4 9176//4 9177//4
f 9183//4 9180//4 9181//4
f 9187//4 9184//4 9185//4
f 9181//4 9174//4 9175//4
f 9185//4 9178//4 9179//4
f 9178//4 9173//4 9176//4
f 9186//4 9181//4 9184//4
f 9184//4 9175//4 9178//4
f 9191//4 9188//4 9189//4
f 9195//4 9192//4 9193//4
f 9199//4 9196//4 9197//4
f 9203//4 9200//4 9201//4
f 9197//4 9190//4 9191//4
f 9201//4 9194//4 9195//4
f 9194//4 9189//4 9192//4
f 9202//4 9197//4 9200//4
f 9200//4 9191//4 9194//4
f 9210//6 9207//6 9209//6
f 9210//4 9205//4 9206//4
f 9205//3 9207//3 9204//3
f 9224//4 9220//4 9221//4
f 9228//6 9225//6 9227//6
f 9230//4 9225//4 9226//4
f 9221//4 9207//4 9208//4
f 9210//3 9221//3 9208//3
f 9228//4 9212//4 9213//4
f 9224//6 9216//6 9223//6
f 9220//3 9216//3 9214//3
f 9230//6 9218//6 9229//6
f 9212//4 9206//4 9211//4
f 9227//6 9221//6 9222//6
f 9229//4 9221//4 9225//4
f 9229//6 9217//6 9224//6
f 9227//4 9210//4 9212//4
f 9239//6 9236//6 9238//6
f 9239//4 9234//4 9235//4
f 9249//6 9246//6 9248//6
f 9251//4 9246//4 9247//4
f 9256//4 9252//4 9253//4
f 9249//4 9232//4 9233//4
f 9253//4 9236//4 9237//4
f 9254//5 9236//5 9252//5
f 9251//6 9240//6 9250//6
f 9256//6 9244//6 9255//6
f 9256//5 9242//5 9245//5
f 9238//4 9231//4 9234//4
f 9254//6 9247//6 9249//6
f 9255//4 9247//4 9252//4
f 9255//6 9241//6 9251//6
f 9254//4 9233//4 9238//4
f 9261//4 9258//4 9259//4
f 9265//4 9262//4 9263//4
f 9206//4 9167//4 9168//4
f 9259//4 9186//4 9187//4
f 9258//4 9183//4 9186//4
f 9263//4 9198//4 9199//4
f 9267//4 9202//4 9203//4
f 9266//4 9199//4 9202//4
f 9172//3 9165//3 9164//3
f 9183//6 9167//6 9182//6
f 9180//3 9167//3 9166//3
f 9174//3 9166//3 9165//3
f 9261//6 9212//6 9260//6
f 9258//3 9212//3 9211//3
f 9258//6 9206//6 9257//6
f 9203//5 9170//5 9171//5
f 9265//6 9232//6 9264//6
f 9265//5 9231//5 9233//5
f 9267//6 9234//6 9266//6
f 9266//6 9231//6 9263//6
f 9190//4 9177//4 9188//4
f 9198//4 9185//4 9196//4
f 9196//4 9179//4 9190//4
f 9248//6 9226//6 9228//6
f 9250//4 9226//4 9246//4
f 9250//6 9219//6 9230//6
f 9248//4 9213//4 9232//4
f 9264//4 9259//4 9262//4
f 9264//6 9213//6 9261//6
f 9262//4 9187//4 9198//4
f 9183//3 9206//3 9168//3
f 9267//5 9171//5 9235//5
f 9271//6 9268//6 9270//6
f 9271//3 9272//3 9269//3
f 9279//6 9276//6 9278//6
f 9279//3 9280//3 9277//3
f 9277//6 9270//6 9276//6
f 9277//3 9273//3 9271//3
f 9278//6 9274//6 9275//6
f 9285//6 9282//6 9284//6
f 9285//3 9286//3 9283//3
f 9291//6 9288//6 9290//6
f 9289//6 9284//6 9288//6
f 9289//3 9287//3 9285//3
f 9283//6 9278//6 9282//6
f 9283//3 9281//3 9279//3
f 9297//6 9294//6 9296//6
f 9304//6 9301//6 9303//6
f 9309//6 9306//6 9308//6
f 9315//6 9312//6 9314//6
f 9306//2 9299//2 9298//2
f 9300//3 9306//3 9298//3
f 9304//3 9310//3 9302//3
f 9302//6 9296//6 9301//6
f 9313//6 9308//6 9312//6
f 9300//6 9295//6 9297//6
f 9314//6 9310//6 9311//6
f 9312//6 9305//6 9310//6
f 9305//2 9300//2 9297//2
f 9302//3 9305//3 9297//3
f 9323//6 9320//6 9322//6
f 9327//6 9324//6 9326//6
f 9331//6 9328//6 9330//6
f 9336//6 9333//6 9335//6
f 9328//2 9317//2 9316//2
f 9331//5 9317//5 9329//5
f 9338//2 9327//2 9326//2
f 9338//5 9324//5 9337//5
f 9334//6 9330//6 9333//6
f 9325//6 9322//6 9324//6
f 9322//6 9317//6 9318//6
f 9338//6 9334//6 9336//6
f 9337//6 9331//6 9334//6
f 9331//2 9322//2 9318//2
f 9337//5 9322//5 9332//5
f 9343//6 9340//6 9342//6
f 9351//6 9348//6 9350//6
f 9351//4 9346//4 9347//4
f 9346//3 9348//3 9345//3
f 9355//6 9352//6 9354//6
f 9361//6 9358//6 9360//6
f 9343//3 9356//3 9341//3
f 9363//4 9352//4 9353//4
f 9349//6 9342//6 9348//6
f 9363//6 9360//6 9362//6
f 9354//6 9349//6 9351//6
f 9360//6 9356//6 9357//6
f 9352//6 9343//6 9349//6
f 9360//4 9343//4 9344//4
f 9352//3 9360//3 9344//3
f 9367//6 9364//6 9366//6
f 9371//6 9368//6 9370//6
f 9378//6 9375//6 9377//6
f 9378//4 9373//4 9374//4
f 9378//5 9372//5 9376//5
f 9382//6 9379//6 9381//6
f 9384//4 9364//4 9365//4
f 9385//5 9364//5 9383//5
f 9387//4 9368//4 9369//4
f 9387//6 9381//6 9386//6
f 9376//6 9366//6 9375//6
f 9377//6 9369//6 9371//6
f 9385//6 9380//6 9382//6
f 9388//6 9382//6 9387//6
f 9388//4 9369//4 9375//4
f 9388//5 9366//5 9385//5
f 9341//6 9303//6 9340//6
f 9359//6 9314//6 9358//6
f 9358//6 9311//6 9356//6
f 9341//3 9311//3 9304//3
f 9380//6 9335//6 9379//6
f 9384//6 9338//6 9383//6
f 9383//6 9336//6 9380//6
f 9384//5 9327//5 9339//5
f 9330//6 9307//6 9309//6
f 9335//6 9313//6 9315//6
f 9333//6 9309//6 9313//6
f 9307//2 9316//2 9299//2
f 9370//6 9353//6 9355//6
f 9381//6 9359//6 9361//6
f 9386//6 9361//6 9363//6
f 9386//4 9353//4 9368//4
f 9379//6 9315//6 9359//6
f 9393//6 9390//6 9392//6
f 9398//6 9395//6 9397//6
f 9400//4 9395//4 9396//4
f 9397//6 9391//6 9393//6
f 9399//4 9391//4 9395//4
f 9404//6 9401//6 9403//6
f 9406//4 9401//4 9402//4
f 9410//6 9407//6 9409//6
f 9409//6 9402//6 9404//6
f 9411//4 9402//4 9407//4
f 9403//6 9396//6 9398//6
f 9405//4 9396//4 9401//4
f 9064//3 9268//3 9063//3
f 9071//3 9274//3 9069//3
f 9274//2 9072//2 9069//2
f 9278//4 9071//4 9073//4
f 9072//3 9270//3 9064//3
f 9096//3 9282//3 9095//3
f 9291//4 9104//4 9105//4
f 9104//3 9288//3 9103//3
f 9103//3 9284//3 9096//3
f 9095//3 9278//3 9073//3
f 9393//4 9216//4 9217//4
f 9216//3 9390//3 9215//3
f 9398//4 9218//4 9219//4
f 9397//4 9217//4 9218//4
f 9404//4 9240//4 9241//4
f 9410//4 9244//4 9245//4
f 9410//5 9243//5 9408//5
f 9409//4 9241//4 9244//4
f 9403//4 9219//4 9240//4
f 9106//3 9031//3 9029//3
f 9107//3 9038//3 9031//3
f 9123//3 9043//3 9042//3
f 9144//6 9087//6 9143//6
f 9140//3 9087//3 9084//3
f 9161//6 9104//6 9160//6
f 9156//3 9104//3 9102//3
f 9156//6 9099//6 9155//6
f 9144//3 9099//3 9088//3
f 9041//1 9106//1 9029//1
f 9123//6 9038//6 9108//6
f 9126//3 9084//3 9043//3
f 9391//6 9346//6 9390//6
f 9391//3 9351//3 9347//3
f 9400//6 9354//6 9399//6
f 9399//6 9351//6 9394//6
f 9406//6 9370//6 9405//6
f 9408//6 9373//6 9407//6
f 9411//5 9373//5 9377//5
f 9411//6 9371//6 9406//6
f 9405//6 9355//6 9400//6
f 9165//4 9119//4 9164//4
f 9167//4 9135//4 9166//4
f 9166//4 9122//4 9165//4
f 9205//6 9151//6 9152//6
f 9207//4 9151//4 9204//4
f 9216//6 9161//6 9162//6
f 9216//4 9159//4 9214//4
f 9220//6 9159//6 9163//6
f 9220//4 9154//4 9207//4
f 9205//4 9139//4 9167//4
f 9296//6 9272//6 9273//6
f 9272//2 9293//2 9269//2
f 9303//6 9280//6 9281//6
f 9301//6 9273//6 9280//6
f 9342//6 9286//6 9287//6
f 9346//6 9289//6 9291//6
f 9348//4 9289//4 9345//4
f 9348//6 9287//6 9292//6
f 9340//6 9281//6 9286//6
f 9390//6 9291//6 9389//6
f 9390//4 9161//4 9215//4
f 9161//3 9291//3 9105//3
f 7159//3 8186//3 7158//3
f 7166//3 8194//3 7165//3
f 8194//4 7162//4 7165//4
f 7162//3 8187//3 7159//3
f 8210//4 7180//4 7181//4
f 7180//3 8208//3 7179//3
f 7183//3 8210//3 7181//3
f 7179//3 8195//3 7166//3
f 8246//4 7241//4 7242//4
f 7241//3 8244//3 7240//3
f 8313//4 7298//4 7299//4
f 7298//3 8311//3 7297//3
f 8311//4 7293//4 7297//4
f 7301//3 8313//3 7299//3
f 8330//4 7318//4 7319//4
f 7320//3 8330//3 7319//3
f 8336//4 7323//4 7324//4
f 8335//4 7320//4 7323//4
f 8329//4 7301//4 7318//4
f 7327//3 8336//3 7324//3
f 8244//4 7183//4 7240//4
f 7293//3 8246//3 7242//3
f 8484//5 7582//5 8483//5
f 8489//5 7587//5 8488//5
f 8488//5 7583//5 8484//5
f 8505//5 7602//5 8504//5
f 8511//5 7608//5 8510//5
f 8508//4 7602//4 7605//4
f 8511//2 7611//2 7609//2
f 8510//5 7603//5 8505//5
f 8508//5 7588//5 8489//5
f 8594//4 7721//4 7722//4
f 7721//3 8592//3 7719//3
f 7730//3 8601//3 7729//3
f 8601//4 7725//4 7729//4
f 7725//3 8594//3 7722//3
f 8706//2 7848//2 7847//2
f 8706//5 7846//5 8705//5
f 8711//5 7848//5 8707//5
f 8705//5 7611//5 8514//5
f 7918//3 9001//3 7917//3
f 7924//3 9005//3 7922//3
f 7922//3 9002//3 7918//3
f 9023//4 7936//4 7937//4
f 7938//3 9023//3 7937//3
f 7942//3 9028//3 7941//3
f 7941//3 9024//3 7938//3
f 9041//4 7942//4 7957//4
f 7936//3 9006//3 7924//3
f 9111//4 8072//4 8073//4
f 8072//3 9109//3 8070//3
f 9119//4 8082//4 8083//4
f 8082//3 9117//3 8080//3
f 9117//4 8076//4 8080//4
f 8076//3 9111//3 8073//3
f 9173//4 8169//4 8170//4
f 9177//4 8173//4 8174//4
f 9176//4 8170//4 8173//4
f 9189//4 8180//4 8181//4
f 9193//4 8184//4 8185//4
f 9192//4 8181//4 8184//4
f 9188//4 8174//4 8180//4
f 8169//3 9164//3 8148//3
f 9193//5 8163//5 9169//5
f 9164//4 8083//4 8148//4
f 8070//3 9041//3 7957//3
f 7905//3 7715//3 7711//3
f 7728//1 7913//1 7727//1
f 7913//3 7730//3 7727//3
f 7907//3 7728//3 7715//3
f 7692//1 7866//1 7691//1
f 7864//3 7692//3 7688//3
f 7676//1 7856//1 7675//1
f 7695//1 7864//1 7688//1
f 7856//3 7695//3 7675//3
f 7732//1 7905//1 7711//1
f 7866//3 7732//3 7691//3
f 7783//1 7962//1 7782//1
f 7959//3 7783//3 7779//3
f 7787//1 7965//1 7786//1
f 7786//1 7959//1 7779//1
f 7797//1 7979//1 7796//1
f 7806//1 7987//1 7805//1
f 7987//5 7802//5 7805//5
f 7802//1 7980//1 7797//1
f 7796//1 7966//1 7787//1
f 7782//1 7857//1 7676//1
f 9001//3 8604//3 8602//3
f 9012//6 8618//6 9011//6
f 9009//3 8618//3 8616//3
f 9003//3 8616//3 8604//3
f 9044//3 8678//3 8676//3
f 9057//6 8696//6 9056//6
f 9057//3 8699//3 8697//3
f 9063//6 8699//6 9060//6
f 9052//3 8696//3 8683//3
f 9052//6 8678//6 9046//6
f 9012//3 8676//3 8619//3
f 9269//6 8961//6 9268//6
f 9295//6 8976//6 9294//6
f 9293//3 8976//3 8973//3
f 9299//6 8982//6 9298//6
f 9298//6 8977//6 9295//6
f 9317//6 8992//6 9316//6
f 9321//6 8999//6 9320//6
f 9321//5 8997//5 9000//5
f 9320//6 8993//6 9317//6
f 9316//6 8983//6 9299//6
f 9293//6 8962//6 9269//6
f 9063//3 8961//3 8702//3
f 7328//1 7027//1 7025//1
f 7330//1 7028//1 7027//1
f 7354//1 7073//1 7071//1
f 7375//1 7093//1 7092//1
f 7379//4 7093//4 7377//4
f 7395//1 7115//1 7113//1
f 7379//1 7100//1 7097//1
f 7395//4 7100//4 7387//4
f 7355//1 7092//1 7073//1
f 7354//4 7028//4 7336//4
f 7484//1 7122//1 7121//1
f 7484//4 7119//4 7482//4
f 7614//4 7262//4 7612//4
f 7630//1 7281//1 7279//1
f 7630//4 7277//4 7626//4
f 7614//1 7266//1 7264//1
f 7626//4 7266//4 7619//4
f 7698//4 7311//4 7697//4
f 7719//4 7326//4 7716//4
f 7716//4 7325//4 7702//4
f 7698//1 7325//1 7314//1
f 7697//4 7281//4 7631//4
f 7396//1 7119//1 7115//1
f 7612//4 7122//4 7486//4
f 8590//4 8348//4 8589//4
f 8595//4 8353//4 8592//4
f 8605//4 8354//4 8595//4
f 8621//6 8375//6 8376//6
f 8623//4 8375//4 8620//4
f 8635//6 8389//6 8391//6
f 8635//4 8387//4 8631//4
f 8639//6 8387//6 8392//6
f 8639//4 8378//4 8623//4
f 8605//6 8348//6 8355//6
f 8621//4 8352//4 8590//4
f 8799//6 8426//6 8428//6
f 8805//6 8438//6 8440//6
f 8803//6 8428//6 8438//6
f 8837//6 8465//6 8467//6
f 8837//4 8463//4 8833//4
f 8846//6 8472//6 8474//6
f 8848//4 8472//4 8844//4
f 8856//6 8474//6 8477//6
f 8856//4 8465//4 8835//4
f 8848//6 8440//6 8475//6
f 8889//4 8426//4 8798//4
f 8941//6 8463//6 8481//6
f 8941//4 8389//4 8633//4
f 8592//4 7327//4 7719//4
f 7917//3 8602//3 7730//3
f 9415//6 9412//6 9414//6
f 9419//6 9416//6 9418//6
f 9418//6 9413//6 9415//6
f 9427//6 9424//6 9426//6
f 9431//6 9428//6 9430//6
f 9433//6 9429//6 9431//6
f 9422//6 9417//6 9419//6
f 9430//6 9425//6 9427//6
f 9442//6 9439//6 9441//6
f 9443//2 9442//2 9441//2
f 9448//6 9445//6 9447//6
f 9455//6 9452//6 9454//6
f 9451//3 9452//3 9450//3
f 9446//6 9437//6 9445//6
f 9453//6 9443//6 9452//6
f 9450//3 9443//3 9441//3
f 9441//6 9436//6 9438//6
f 9451//6 9446//6 9448//6
f 9449//2 9451//2 9448//2
f 9450//6 9438//6 9446//6
f 9459//6 9456//6 9458//6
f 9460//2 9459//2 9458//2
f 9465//6 9462//6 9464//6
f 9466//2 9465//2 9464//2
f 9471//6 9468//6 9470//6
f 9477//6 9474//6 9476//6
f 9477//5 9472//5 9475//5
f 9469//6 9460//6 9468//6
f 9475//6 9466//6 9474//6
f 9475//5 9465//5 9467//5
f 9464//6 9457//6 9459//6
f 9461//2 9464//2 9459//2
f 9476//6 9469//6 9471//6
f 9474//6 9461//6 9469//6
f 9481//6 9478//6 9480//6
f 9488//6 9485//6 9487//6
f 9484//3 9485//3 9483//3
f 9492//6 9489//6 9491//6
f 9496//6 9493//6 9495//6
f 9498//4 9493//4 9494//4
f 9496//3 9498//3 9494//3
f 9490//6 9480//6 9489//6
f 9498//6 9487//6 9497//6
f 9493//3 9487//3 9484//3
f 9484//6 9479//6 9481//6
f 9485//4 9479//4 9483//4
f 9495//6 9490//6 9492//6
f 9493//6 9481//6 9490//6
f 9503//6 9500//6 9502//6
f 9509//6 9506//6 9508//6
f 9509//5 9504//5 9507//5
f 9515//6 9512//6 9514//6
f 9515//4 9510//4 9511//4
f 9519//6 9516//6 9518//6
f 9521//4 9516//4 9517//4
f 9522//5 9516//5 9520//5
f 9513//6 9502//6 9512//6
f 9521//6 9508//6 9520//6
f 9521//5 9505//5 9509//5
f 9508//6 9501//6 9503//6
f 9522//6 9513//6 9515//6
f 9522//4 9511//4 9518//4
f 9520//6 9503//6 9513//6
f 9479//6 9447//6 9478//6
f 9479//3 9449//3 9448//3
f 9486//6 9454//6 9485//6
f 9485//6 9449//6 9482//6
f 9501//6 9470//6 9500//6
f 9507//6 9476//6 9506//6
f 9506//6 9471//6 9501//6
f 9458//6 9440//6 9442//6
f 9444//2 9458//2 9442//2
f 9470//6 9453//6 9455//6
f 9468//6 9444//6 9453//6
f 9502//6 9486//6 9488//6
f 9514//6 9498//6 9499//6
f 9514//4 9496//4 9510//4
f 9512//6 9488//6 9498//6
f 9500//6 9455//6 9486//6
f 9529//6 9526//6 9528//6
f 9527//6 9524//6 9526//6
f 9535//6 9532//6 9534//6
f 9539//6 9534//6 9538//6
f 9533//6 9528//6 9532//6
f 9536//5 9528//5 9530//5
f 9537//6 9529//6 9533//6
f 9549//1 9550//1 9548//1
f 9550//2 9547//2 9546//2
f 9550//5 9545//5 9548//5
f 9544//1 9548//1 9543//1
f 9552//1 9551//1 9549//1
f 9558//5 9555//5 9557//5
f 9561//1 9562//1 9560//1
f 9564//2 9561//2 9560//2
f 9566//5 9561//5 9565//5
f 9574//1 9575//1 9573//1
f 9575//2 9572//2 9571//2
f 9575//5 9570//5 9573//5
f 9580//2 9578//2 9577//2
f 9582//5 9578//5 9581//5
f 9590//2 9588//2 9587//2
f 9592//5 9588//5 9591//5
f 9577//2 9565//2 9564//2
f 9579//5 9565//5 9578//5
f 9587//2 9574//2 9573//2
f 9589//5 9574//5 9588//5
f 9573//5 9567//5 9568//5
f 9586//1 9590//1 9585//1
f 9590//5 9583//5 9585//5
f 9566//2 9567//2 9563//2
f 9584//1 9582//1 9581//1
f 9582//2 9583//2 9579//2
f 9567//1 9569//1 9563//1
f 9579//2 9568//2 9566//2
f 9587//5 9568//5 9583//5
f 9562//2 9544//2 9543//2
f 9562//5 9542//5 9560//5
f 9571//5 9552//5 9570//5
f 9569//2 9552//2 9549//2
f 9569//5 9544//5 9563//5
f 9559//1 9580//1 9558//1
f 9580//5 9556//5 9558//5
f 9577//5 9554//5 9556//5
f 9594//1 9592//1 9591//1
f 9592//2 9593//2 9589//2
f 9440//6 9426//6 9439//6
f 9439//6 9423//6 9436//6
f 9457//6 9430//6 9456//6
f 9463//6 9433//6 9462//6
f 9462//6 9431//6 9457//6
f 9456//6 9427//6 9440//6
f 9524//6 9463//6 9465//6
f 9528//6 9472//6 9473//6
f 9477//2 9528//2 9473//2
f 9526//6 9465//6 9472//6
f 9534//6 9504//6 9505//6
f 9536//4 9504//4 9532//4
f 9540//6 9517//6 9519//6
f 9538//6 9505//6 9517//6
f 9536//6 9477//6 9507//6
f 9523//6 9434//6 9463//6
f 9603//6 9600//6 9602//6
f 9606//6 9601//6 9603//6
f 9602//6 9598//6 9599//6
f 9614//1 9615//1 9613//1
f 9615//5 9611//5 9613//5
f 9618//1 9619//1 9617//1
f 9625//1 9626//1 9624//1
f 9626//5 9622//5 9624//5
f 9633//1 9634//1 9632//1
f 9634//5 9630//5 9632//5
f 9619//2 9610//2 9609//2
f 9619//5 9608//5 9617//5
f 9629//5 9614//5 9628//5
f 9610//1 9613//1 9609//1
f 9627//1 9632//1 9626//1
f 9632//5 9623//5 9626//5
f 9622//1 9620//1 9618//1
f 9621//2 9622//2 9618//2
f 9630//1 9629//1 9628//1
f 9623//1 9628//1 9620//1
f 9628//5 9610//5 9620//5
f 9638//1 9639//1 9637//1
f 9649//1 9650//1 9648//1
f 9650//5 9646//5 9648//5
f 9653//1 9654//1 9652//1
f 9657//5 9653//5 9656//5
f 9645//5 9638//5 9644//5
f 9653//4 9641//4 9642//4
f 9654//5 9641//5 9652//5
f 9640//1 9641//1 9639//1
f 9651//1 9659//1 9650//1
f 9659//5 9647//5 9650//5
f 9646//1 9645//1 9644//1
f 9659//1 9657//1 9656//1
f 9659//4 9653//4 9658//4
f 9647//1 9653//1 9645//1
f 9653//5 9640//5 9645//5
f 9666//5 9663//5 9665//5
f 9676//5 9673//5 9675//5
f 9680//5 9677//5 9679//5
f 9685//1 9686//1 9684//1
f 9686//5 9682//5 9684//5
f 9678//5 9671//5 9677//5
f 9683//5 9675//5 9682//5
f 9675//5 9670//5 9672//5
f 9681//1 9684//1 9680//1
f 9684//5 9678//5 9680//5
f 9682//5 9672//5 9678//5
f 9692//1 9693//1 9691//1
f 9697//4 9693//4 9694//4
f 9697//5 9692//5 9695//5
f 9695//5 9689//5 9690//5
f 9703//5 9700//5 9702//5
f 9709//1 9710//1 9708//1
f 9710//5 9706//5 9708//5
f 9715//5 9712//5 9714//5
f 9707//5 9702//5 9706//5
f 9713//5 9704//5 9712//5
f 9714//5 9707//5 9710//5
f 9712//5 9703//5 9707//5
f 9662//2 9625//2 9624//2
f 9664//5 9625//5 9663//5
f 9668//5 9633//5 9667//5
f 9667//5 9627//5 9664//5
f 9689//5 9649//5 9688//5
f 9692//4 9659//4 9660//4
f 9693//5 9659//5 9691//5
f 9692//5 9651//5 9689//5
f 9616//1 9637//1 9615//1
f 9637//5 9612//5 9615//5
f 9635//1 9648//1 9634//1
f 9648//5 9631//5 9634//5
f 9631//1 9644//1 9629//1
f 9644//5 9616//5 9629//5
f 9702//5 9674//5 9676//5
f 9687//1 9708//1 9686//1
f 9708//5 9683//5 9686//5
f 9706//5 9676//5 9683//5
f 9671//1 9666//1 9665//1
f 9666//2 9670//2 9664//2
f 9673//1 9668//1 9667//1
f 9670//1 9667//1 9664//1
f 9669//2 9671//2 9665//2
f 9700//1 9689//1 9688//1
f 9703//4 9689//4 9701//4
f 9704//1 9697//1 9695//1
f 9715//4 9698//4 9713//4
f 9703//1 9695//1 9690//1
f 9713//4 9697//4 9705//4
f 9674//1 9688//1 9668//1
f 9688//5 9635//5 9668//5
f 9720//1 9721//1 9719//1
f 9720//4 9716//4 9717//4
f 9721//5 9716//5 9719//5
f 9733//5 9729//5 9731//5
f 9737//4 9734//4 9735//4
f 9741//1 9742//1 9740//1
f 9746//4 9742//4 9743//4
f 9746//5 9741//5 9744//5
f 9748//1 9749//1 9747//1
f 9753//4 9749//4 9750//4
f 9753//5 9748//5 9751//5
f 9741//4 9731//4 9732//4
f 9742//5 9731//5 9740//5
f 9748//4 9736//4 9737//4
f 9749//5 9736//5 9747//5
f 9727//1 9734//1 9726//1
f 9737//5 9727//5 9728//5
f 9755//5 9742//5 9745//5
f 9729//1 9727//1 9725//1
f 9733//4 9727//4 9730//4
f 9755//4 9748//4 9754//4
f 9742//1 9748//1 9739//1
f 9742//4 9728//4 9733//4
f 9748//5 9728//5 9739//5
f 9727//4 9721//4 9722//4
f 9727//5 9720//5 9725//5
f 9729//4 9720//4 9723//4
f 9734//5 9721//5 9726//5
f 9655//1 9716//1 9654//1
f 9720//5 9655//5 9657//5
f 9661//1 9720//1 9657//1
f 9697//1 9731//1 9696//1
f 9731//5 9693//5 9696//5
f 9744//5 9698//5 9699//5
f 9741//5 9697//5 9698//5
f 9715//1 9744//1 9699//1
f 9729//5 9661//5 9693//5
f 9761//2 9759//2 9758//2
f 9761//5 9757//5 9760//5
f 9767//2 9765//2 9764//2
f 9767//5 9763//5 9766//5
f 9764//2 9762//2 9761//2
f 9764//5 9760//5 9763//5
f 9775//2 9773//2 9772//2
f 9775//5 9771//5 9774//5
f 9787//2 9785//2 9784//2
f 9787//5 9783//5 9786//5
f 9793//5 9789//5 9792//5
f 9784//2 9776//2 9775//2
f 9784//5 9774//5 9783//5
f 9778//5 9773//5 9776//5
f 9792//6 9787//6 9791//6
f 9792//5 9785//5 9788//5
f 9770//2 9771//2 9769//2
f 9787//6 9781//6 9782//6
f 9781//2 9783//2 9779//2
f 9779//2 9774//2 9770//2
f 9789//5 9776//5 9785//5
f 9797//5 9794//5 9796//5
f 9799//5 9796//5 9798//5
f 9809//6 9806//6 9808//6
f 9806//2 9804//2 9803//2
f 9809//5 9804//5 9807//5
f 9819//6 9816//6 9818//6
f 9816//2 9814//2 9813//2
f 9819//5 9814//5 9817//5
f 9830//6 9827//6 9829//6
f 9827//2 9825//2 9824//2
f 9830//5 9825//5 9828//5
f 9821//2 9809//2 9808//2
f 9821//5 9806//5 9820//5
f 9832//2 9819//2 9818//2
f 9832//5 9816//5 9831//5
f 9825//6 9821//6 9824//6
f 9827//5 9821//5 9823//5
f 9816//5 9810//5 9811//5
f 9809//2 9810//2 9805//2
f 9832//6 9825//6 9826//6
f 9830//2 9832//2 9826//2
f 9816//6 9809//6 9812//6
f 9825//2 9816//2 9812//2
f 9825//5 9809//5 9822//5
f 9803//2 9781//2 9780//2
f 9805//5 9781//5 9804//5
f 9813//2 9792//2 9791//2
f 9815//5 9792//5 9814//5
f 9805//2 9787//2 9782//2
f 9813//5 9787//5 9810//5
f 9770//5 9759//5 9762//5
f 9781//6 9767//6 9780//6
f 9781//5 9765//5 9768//5
f 9779//5 9762//5 9765//5
f 9806//5 9801//5 9802//5
f 9778//2 9794//2 9777//2
f 9799//6 9789//6 9790//6
f 9793//2 9799//2 9790//2
f 9789//2 9796//2 9778//2
f 9815//2 9800//2 9793//2
f 9803//5 9767//5 9801//5
f 9837//2 9830//2 9829//2
f 9837//5 9827//5 9836//5
f 9843//2 9841//2 9840//2
f 9843//5 9839//5 9842//5
f 9848//5 9845//5 9847//5
f 9853//5 9849//5 9852//5
f 9860//6 9857//6 9859//6
f 9857//2 9855//2 9854//2
f 9860//5 9855//5 9858//5
f 9850//2 9844//2 9843//2
f 9850//5 9842//5 9849//5
f 9856//5 9847//5 9855//5
f 9847//5 9841//5 9844//5
f 9855//6 9850//6 9854//6
f 9857//5 9850//5 9853//5
f 9855//5 9844//5 9851//5
f 9867//4 9863//4 9864//4
f 9867//5 9862//5 9865//5
f 9871//5 9868//5 9870//5
f 9878//6 9875//6 9877//6
f 9878//4 9873//4 9874//4
f 9878//5 9872//5 9876//5
f 9882//5 9879//5 9881//5
f 9874//4 9866//4 9867//4
f 9874//5 9865//5 9872//5
f 9880//5 9870//5 9879//5
f 9870//5 9863//5 9866//5
f 9881//5 9873//5 9877//5
f 9879//5 9866//5 9873//5
f 9892//6 9889//6 9891//6
f 9894//5 9889//5 9893//5
f 9901//6 9898//6 9900//6
f 9898//2 9896//2 9895//2
f 9901//5 9896//5 9899//5
f 9892//5 9884//5 9890//5
f 9896//6 9891//6 9895//6
f 9898//5 9891//5 9894//5
f 9894//6 9887//6 9888//6
f 9896//5 9885//5 9892//5
f 9905//5 9902//5 9904//5
f 9909//5 9906//5 9908//5
f 9911//5 9908//5 9910//5
f 9908//5 9903//5 9905//5
f 9918//5 9914//5 9916//5
f 9926//6 9923//6 9925//6
f 9926//4 9921//4 9922//4
f 9926//5 9920//5 9924//5
f 9934//6 9931//6 9933//6
f 9936//5 9931//5 9935//5
f 9922//5 9912//5 9920//5
f 9934//4 9917//4 9918//4
f 9934//5 9916//5 9932//5
f 9932//6 9921//6 9931//6
f 9935//5 9921//5 9925//5
f 9936//6 9928//6 9930//6
f 9936//4 9927//4 9933//4
f 9935//6 9919//6 9928//6
f 9932//5 9913//5 9922//5
f 9940//5 9937//5 9939//5
f 9943//5 9938//5 9940//5
f 9903//5 9852//5 9902//5
f 9907//5 9857//5 9906//5
f 9906//5 9853//5 9903//5
f 9938//5 9875//5 9937//5
f 9942//5 9881//5 9941//5
f 9941//5 9877//5 9938//5
f 9924//6 9900//6 9923//6
f 9924//5 9897//5 9901//5
f 9865//5 9846//5 9848//5
f 9876//6 9859//6 9875//6
f 9876//5 9856//5 9860//5
f 9872//5 9848//5 9856//5
f 9939//5 9907//5 9909//5
f 9944//5 9909//5 9911//5
f 9905//6 9884//6 9885//6
f 9884//2 9902//2 9883//2
f 9911//6 9896//6 9897//6
f 9908//6 9885//6 9886//6
f 9896//2 9908//2 9886//2
f 9940//6 9912//6 9913//6
f 9942//6 9914//6 9915//6
f 9943//4 9914//4 9941//4
f 9943//6 9913//6 9916//6
f 9944//4 9912//4 9939//4
f 9944//6 9897//6 9920//6
f 9942//4 9861//4 9882//4
f 9937//5 9859//5 9907//5
f 9950//4 9946//4 9947//4
f 9950//5 9945//5 9948//5
f 9956//4 9952//4 9953//4
f 9956//5 9951//5 9954//5
f 9965//6 9962//6 9964//6
f 9965//4 9960//4 9961//4
f 9965//5 9959//5 9963//5
f 9971//4 9967//4 9968//4
f 9971//5 9966//5 9969//5
f 9961//4 9949//4 9950//4
f 9961//5 9948//5 9959//5
f 9968//4 9955//4 9956//4
f 9968//5 9954//5 9966//5
f 9958//5 9946//5 9949//5
f 9973//5 9960//5 9964//5
f 9958//4 9951//4 9957//4
f 9973//4 9966//4 9972//4
f 9972//4 9954//4 9958//4
f 9972//5 9949//5 9960//5
f 9988//4 9984//4 9985//4
f 9989//5 9984//5 9987//5
f 9993//6 9990//6 9992//6
f 9995//4 9990//4 9991//4
f 9996//5 9990//5 9994//5
f 10004//6 10001//6 10003//6
f 10004//4 9999//4 10000//4
f 10004//5 9998//5 10002//5
f 10000//4 9982//4 9983//4
f 10006//5 9987//5 10005//5
f 9995//6 9982//6 9994//6
f 9995//5 9981//5 9983//5
f 9989//4 9981//4 9986//4
f 10006//6 9998//6 10000//6
f 9997//6 9981//6 9991//6
f 10006//4 9983//4 9989//4
f 10007//5 9982//5 9999//5
f 9985//4 9962//4 9963//4
f 9986//5 9962//5 9984//5
f 9993//4 9970//4 9971//4
f 9993//5 9969//5 9991//5
f 9997//4 9969//4 9973//4
f 9997//5 9964//5 9986//5
f 9979//5 9952//5 9955//5
f 9980//5 9955//5 9967//5
f 9975//4 9945//4 9974//4
f 9977//4 9959//4 9976//4
f 9976//4 9948//4 9975//4
f 10011//6 10008//6 10010//6
f 10013//5 10008//5 10012//5
f 10021//6 10018//6 10020//6
f 10018//2 10016//2 10015//2
f 10021//5 10016//5 10019//5
f 10016//6 10010//6 10015//6
f 10018//5 10010//5 10013//5
f 10023//6 10016//6 10017//6
f 10022//6 10011//6 10016//6
f 10027//6 10024//6 10026//6
f 10029//4 10024//4 10025//4
f 10030//5 10024//5 10028//5
f 10036//6 10033//6 10035//6
f 10034//6 10026//6 10033//6
f 10037//5 10026//5 10030//5
f 10032//6 10025//6 10027//6
f 10029//6 10020//6 10028//6
f 10029//5 10017//5 10021//5
f 10031//6 10017//6 10025//6
f 10011//5 9887//5 10009//5
f 10023//5 9898//5 10022//5
f 10011//2 9894//2 9888//2
f 10022//5 9894//5 10014//5
f 10032//5 9923//5 10031//5
f 10036//4 9929//4 9930//4
f 10036//5 9928//5 10034//5
f 10032//4 9919//4 9925//4
f 10034//5 9919//5 10027//5
f 10031//5 9900//5 10023//5
f 10002//6 9929//6 10001//6
f 10002//5 9927//5 9930//5
f 9988//6 9917//6 9987//6
f 9988//5 9915//5 9918//5
f 10005//6 9927//6 9998//6
f 10005//5 9917//5 9933//5
f 9975//5 9869//5 9871//5
f 9977//5 9880//5 9882//5
f 9976//5 9871//5 9880//5
f 9977//6 9861//6 9963//6
f 9985//5 9861//5 9915//5
f 10038//5 9929//5 10035//5
f 9758//2 9559//2 9558//2
f 9758//5 9557//5 9757//5
f 9772//2 9586//2 9585//2
f 9772//5 9584//5 9771//5
f 9769//2 9584//2 9581//2
f 9777//5 9586//5 9773//5
f 9795//5 9594//5 9794//5
f 9777//2 9594//2 9591//2
f 9769//5 9559//5 9759//5
f 9840//2 9681//2 9680//2
f 9840//5 9679//5 9839//5
f 9846//5 9685//5 9845//5
f 9845//5 9681//5 9841//5
f 9864//4 9710//4 9711//4
f 9864//5 9709//5 9862//5
f 9869//5 9714//5 9868//5
f 9868//5 9710//5 9863//5
f 9862//5 9687//5 9846//5
f 9947//4 9745//4 9746//4
f 9947//5 9744//5 9945//5
f 9953//4 9752//4 9753//4
f 9953//5 9751//5 9951//5
f 9957//4 9751//4 9755//4
f 9957//5 9745//5 9946//5
f 9974//4 9744//4 9756//4
f 9974//5 9715//5 9869//5
f 9598//6 9495//6 9597//6
f 9597//6 9492//6 9596//6
f 9601//6 9510//6 9600//6
f 9605//6 9518//6 9604//6
f 9604//6 9511//6 9601//6
f 9600//6 9496//6 9598//6
f 9547//1 9617//1 9546//1
f 9621//5 9547//5 9551//5
f 9553//1 9621//1 9551//1
f 9617//5 9541//5 9546//5
f 9572//1 9662//1 9571//1
f 9665//5 9572//5 9576//5
f 9669//5 9576//5 9589//5
f 9679//5 9593//5 9595//5
f 9593//1 9669//1 9589//1
f 9662//5 9553//5 9571//5
f 9607//6 9519//6 9605//6
f 9884//5 9815//5 9819//5
f 9890//6 9832//6 9889//6
f 9893//5 9832//5 9834//5
f 9893//6 9830//6 9887//6
f 9890//5 9819//5 9833//5
f 9842//5 9795//5 9797//5
f 9852//5 9799//5 9800//5
f 9849//5 9797//5 9799//5
f 9902//6 9815//6 9883//6
f 9902//5 9800//5 9835//5
f 10009//6 9837//6 10008//6
f 10009//5 9830//5 9838//5
f 9839//5 9595//5 9795//5
f 4931//2 4//2 3//2
f 4936//2 8//2 7//2
f 9//3 4936//3 7//3
f 4932//2 9//2 4//2
f 4954//2 15//2 14//2
f 4954//5 13//5 4952//5
f 4959//2 17//2 16//2
f 4955//2 16//2 15//2
f 4937//2 13//2 8//2
f 4905//2 3//2 1//2
f 5381//2 191//2 190//2
f 192//3 5381//3 190//3
f 195//3 5387//3 194//3
f 5387//2 200//2 194//2
f 200//3 5383//3 192//3
f 207//3 5425//3 206//3
f 215//3 5431//3 214//3
f 214//3 5427//3 207//3
f 206//3 5389//3 195//3
f 354//3 5526//3 353//3
f 5538//4 363//4 364//4
f 365//3 5538//3 364//3
f 5532//4 354//4 360//4
f 363//3 5532//3 360//3
f 5601//4 432//4 433//4
f 5611//4 453//4 454//4
f 453//3 5609//3 452//3
f 5609//4 448//4 452//4
f 458//3 5611//3 454//3
f 5638//4 464//4 465//4
f 464//3 5635//3 463//3
f 5642//4 465//4 466//4
f 5635//4 458//4 463//4
f 448//3 5601//3 433//3
f 5600//4 365//4 432//4
f 353//3 5433//3 215//3
f 191//3 4905//3 1//3
f 5498//5 17//5 4960//5
f 6790//2 3027//2 3026//2
f 6790//5 3025//5 6788//5
f 6798//2 3037//2 3036//2
f 6798//5 3035//5 6797//5
f 6795//2 3035//2 3031//2
f 6795//5 3027//5 6791//5
f 6818//5 3052//5 6817//5
f 6839//2 3075//2 3074//2
f 6842//5 3075//5 6840//5
f 6839//5 3069//5 6838//5
f 6818//2 3069//2 3053//2
f 6817//5 3037//5 6799//5
f 6924//5 3179//5 6923//5
f 6932//2 3186//2 3185//2
f 6932//5 3183//5 6931//5
f 6917//2 3179//2 3176//2
f 6931//5 3181//5 6924//5
f 6970//4 3187//4 3188//4
f 6971//5 3187//5 6969//5
f 6978//5 3194//5 6977//5
f 6978//4 3191//4 3196//4
f 6977//5 3189//5 6971//5
f 6970//5 3186//5 6933//5
f 6917//5 3076//5 6842//5
f 7433//4 3831//4 3832//4
f 9415//4 4339//4 4340//4
f 4339//3 9412//3 4338//3
f 9419//4 4341//4 4342//4
f 9418//4 4340//4 4341//4
f 9421//4 4358//4 4359//4
f 9422//5 4358//5 9420//5
f 9424//2 4399//2 4398//2
f 4400//3 9424//3 4398//3
f 9423//2 4400//2 4397//2
f 9428//2 4414//2 4413//2
f 9433//2 4419//2 4418//2
f 9433//5 4416//5 9432//5
f 9429//2 4416//2 4414//2
f 9422//4 4342//4 4360//4
f 9425//2 4413//2 4399//2
f 9437//2 4508//2 4507//2
f 4508//3 9436//3 4506//3
f 4510//3 9445//3 4509//3
f 4509//3 9437//3 4507//3
f 4512//3 9478//3 4511//3
f 9492//4 4515//4 4516//4
f 4515//3 9489//3 4514//3
f 4514//3 9480//3 4512//3
f 4511//3 9447//3 4510//3
f 9524//2 4567//2 4566//2
f 9524//5 4564//5 9523//5
f 9529//5 4574//5 9527//5
f 9529//2 4581//2 4575//2
f 9527//5 4567//5 9525//5
f 9535//5 4596//5 9533//5
f 9539//4 4605//4 4606//4
f 9540//5 4605//5 9538//5
f 9537//4 4596//4 4600//4
f 9539//5 4597//5 9535//5
f 9537//5 4581//5 9531//5
f 9434//2 4501//2 4419//2
f 4506//3 9423//3 4397//3
f 9523//5 4501//5 9435//5
f 9598//4 4807//4 4808//4
f 4810//3 9598//3 4808//3
f 9597//4 4804//4 4807//4
f 9603//4 4829//4 4830//4
f 9605//4 4832//4 4833//4
f 9606//5 4832//5 9604//5
f 9606//4 4830//4 4834//4
f 9602//4 4810//4 4829//4
f 9607//4 4833//4 4899//4
f 4804//3 9492//3 4516//3
f 9607//5 4607//5 9540//5
f 3631//3 175//3 172//3
f 124//1 3626//1 123//1
f 3625//3 124//3 121//3
f 123//1 3624//1 117//1
f 181//1 3634//1 180//1
f 3634//3 183//3 180//3
f 3637//3 184//3 183//3
f 184//1 3631//1 172//1
f 3624//3 181//3 117//3
f 3752//3 400//3 397//3
f 3756//3 412//3 409//3
f 3754//3 409//3 400//3
f 3806//3 446//3 443//3
f 3825//6 461//6 3824//6
f 3825//3 465//3 462//3
f 3831//6 465//6 3827//6
f 3811//3 461//3 459//3
f 3811//6 446//6 3807//6
f 3758//3 443//3 412//3
f 3632//3 397//3 175//3
f 7123//3 5276//3 5274//3
f 5287//1 7129//1 5286//1
f 7129//3 5289//3 5286//3
f 7125//3 5287//3 5276//3
f 7156//3 5333//3 5331//3
f 7147//3 5322//3 5320//3
f 5322//1 7145//1 5318//1
f 7145//3 5331//3 5318//3
f 7133//3 5320//3 5289//3
f 5139//1 7038//1 5138//1
f 7036//3 5139//3 5135//3
f 5123//1 7029//1 5122//1
f 5141//1 7036//1 5135//1
f 7029//3 5141//3 5122//3
f 5068//1 7024//1 5067//1
f 5155//1 7054//1 5154//1
f 7054//3 5157//3 5154//3
f 5159//1 7055//1 5155//1
f 5157//1 7030//1 5123//1
f 7024//3 5159//3 5067//3
f 5367//1 7123//1 5274//1
f 7038//3 5367//3 5138//3
f 8186//3 6165//3 6163//3
f 8199//3 6176//3 6174//3
f 8199//6 6172//6 8198//6
f 8188//3 6172//3 6165//3
f 8228//6 6195//6 8227//6
f 8224//3 6195//3 6192//3
f 8228//3 6200//3 6196//3
f 8201//3 6192//3 6176//3
f 8260//3 6248//3 6246//3
f 8394//6 6313//6 8393//6
f 8394//3 6316//3 6314//3
f 8401//6 6319//6 8400//6
f 8400//6 6316//6 8397//6
f 8401//3 6324//3 6320//3
f 8423//6 6341//6 8422//6
f 8418//3 6341//3 6338//3
f 8426//6 6345//6 8425//6
f 8425//6 6342//6 8423//6
f 8418//6 6324//6 8413//6
f 8426//3 6348//3 6346//3
f 8260//6 6200//6 8237//6
f 8262//3 6313//3 6248//3
f 5562//1 7328//1 5561//1
f 5566//1 7332//1 5565//1
f 5565//1 7329//1 5562//1
f 5585//1 7344//1 5584//1
f 5589//1 7348//1 5588//1
f 5588//1 7345//1 5585//1
f 5584//1 7333//1 5566//1
f 7361//5 5589//5 5599//5
f 5676//1 7434//1 5675//1
f 7438//5 5676//5 5677//5
f 5687//1 7449//1 5686//1
f 7453//5 5687//5 5688//5
f 5683//1 7438//1 5677//1
f 7449//5 5683//5 5686//5
f 7433//6 5642//6 7432//6
f 5713//1 7453//1 5688//1
f 5978//1 7507//1 5977//1
f 7511//5 5978//5 5980//5
f 7521//5 5987//5 5988//5
f 5992//1 7521//1 5988//1
f 7519//5 5980//5 5987//5
f 7571//5 6022//5 6024//5
f 7582//5 6030//5 6032//5
f 7580//5 6024//5 6030//5
f 7569//5 5992//5 6022//5
f 5675//1 7361//1 5599//1
f 7507//5 5713//5 5977//5
f 8890//6 6730//6 8889//6
f 8894//6 6734//6 8893//6
f 8893//6 6731//6 8890//6
f 8812//6 6714//6 8811//6
f 8818//6 6720//6 8817//6
f 8818//5 6717//5 6721//5
f 8817//6 6715//6 8812//6
f 8899//6 6735//6 8894//6
f 8899//5 6714//5 6738//5
f 8485//5 6536//5 6538//5
f 8495//5 6548//5 6550//5
f 8493//5 6538//5 6548//5
f 8535//5 6600//5 6603//5
f 8548//6 6612//6 8547//6
f 8551//5 6612//5 6615//5
f 8538//6 6600//6 8533//6
f 8548//5 6603//5 6613//5
f 8551//6 6592//6 8526//6
f 8538//5 6550//5 6605//5
f 8921//6 6780//6 8920//6
f 8904//6 6770//6 8903//6
f 8907//5 6770//5 6773//5
f 8907//6 6767//6 8901//6
f 8921//5 6767//5 6781//5
f 8920//6 6717//6 8815//6
f 8904//5 6592//5 6771//5
f 5561//1 7025//1 5068//1
f 8889//6 6348//6 8478//6
f 7158//3 6163//3 5333//3
f 8483//5 6032//5 6536//5
f 2824//1 3986//1 2823//1
f 2826//1 3993//1 2825//1
f 2825//1 3987//1 2824//1
f 2848//1 4007//1 2847//1
f 2855//1 4015//1 2854//1
f 4015//5 2851//5 2854//5
f 2851//1 4008//1 2848//1
f 2847//1 3994//1 2826//1
f 4058//5 2855//5 2856//5
f 4367//6 3196//6 4366//6
f 4367//5 3193//5 3197//5
f 4366//6 3191//6 4359//6
f 2940//1 4092//1 2939//1
f 4092//5 2936//5 2939//5
f 4101//5 2950//5 2951//5
f 4098//5 2940//5 2950//5
f 4422//5 3246//5 3247//5
f 4431//5 3259//5 3261//5
f 4428//5 3247//5 3259//5
f 4466//6 3302//6 4465//6
f 4468//5 3302//5 3306//5
f 4475//5 3306//5 3314//5
f 4466//5 3261//5 3303//5
f 2936//1 4058//1 2856//1
f 4475//6 3193//6 4363//6
f 4420//5 2951//5 3246//5
f 9413//6 6940//6 9412//6
f 9417//6 6947//6 9416//6
f 9416//6 6941//6 9413//6
f 9421//6 6974//6 9420//6
f 9420//6 6948//6 9417//6
f 2749//1 19//1 18//1
f 2751//1 21//1 20//1
f 22//2 2751//2 20//2
f 2752//1 28//1 21//1
f 28//2 2749//2 18//2
f 35//2 2762//2 34//2
f 38//2 2776//2 36//2
f 36//2 2765//2 35//2
f 2762//1 44//1 34//1
f 44//2 2753//2 22//2
f 2785//1 77//1 75//1
f 2793//1 81//1 79//1
f 2786//1 79//1 77//1
f 2804//1 102//1 101//1
f 2822//1 121//1 119//1
f 2806//1 103//1 102//1
f 2822//4 103//4 2814//4
f 2794//1 101//1 81//1
f 228//2 2974//2 226//2
f 2981//1 236//1 234//1
f 238//2 2981//2 234//2
f 236//2 2977//2 228//2
f 327//2 3011//2 325//2
f 3025//1 338//1 337//1
f 338//2 3023//2 335//2
f 3010//1 327//1 318//1
f 335//2 3010//2 318//2
f 325//2 2984//2 238//2
f 2750//1 75//1 19//1
f 226//2 2779//2 38//2
f 3990//1 3629//1 3627//1
f 3990//4 3625//4 3986//4
f 3991//1 3630//1 3629//1
f 4053//1 3649//1 3647//1
f 4070//1 3668//1 3667//1
f 4074//1 3673//1 3672//1
f 4072//1 3672//1 3668//1
f 4054//1 3667//1 3649//1
f 4053//4 3630//4 3999//4
f 4161//1 3693//1 3692//1
f 4150//1 3692//1 3691//1
f 4201//1 3695//1 3694//1
f 4202//1 3696//1 3695//1
f 4242//1 3699//1 3697//1
f 4244//1 3734//1 3733//1
f 4163//1 3694//1 3693//1
f 3699//2 4150//2 3691//2
f 4244//4 3696//4 4209//4
f 4339//6 3832//6 3834//6
f 4344//6 3837//6 3839//6
f 4346//4 3837//4 4343//4
f 4346//6 3834//6 3840//6
f 4380//6 3846//6 3847//6
f 4393//6 3857//6 3858//6
f 4391//6 3856//6 3857//6
f 4381//4 3846//4 4379//4
f 3856//2 4380//2 3847//2
f 4381//6 3839//6 3855//6
f 4507//6 3912//6 3913//6
f 3912//2 4504//2 3909//2
f 4510//6 3918//6 3919//6
f 4509//6 3913//6 3918//6
f 4512//6 3938//6 3939//6
f 4515//6 3944//6 3945//6
f 4515//4 3943//4 4513//4
f 4514//6 3939//6 3944//6
f 4511//6 3919//6 3938//6
f 4076//1 3697//1 3673//1
f 4504//6 3858//6 3909//6
f 4647//1 3948//1 3947//1
f 4647//4 3946//4 4643//4
f 4663//4 3951//4 4662//4
f 4663//1 3956//1 3955//1
f 4662//4 3948//4 4648//4
f 4737//4 3965//4 4733//4
f 4747//4 3976//4 4744//4
f 4744//4 3966//4 4737//4
f 4785//6 3982//6 3983//6
f 4785//4 3980//4 4783//4
f 4787//6 3980//6 3984//6
f 4799//4 3982//4 4784//4
f 4787//4 3977//4 4747//4
f 4733//4 3956//4 4667//4
f 4245//1 3946//1 3734//1
f 4799//6 3943//6 3985//6
f 4977//2 6783//2 4974//2
f 4974//2 6782//2 4963//2
f 5016//2 6785//2 5012//2
f 5027//2 6786//2 5016//2
f 5012//2 6784//2 4977//2
f 5499//2 6788//2 5498//2
f 6863//6 5502//6 5503//6
f 5502//2 6858//2 5500//2
f 6944//6 5645//6 5647//6
f 6944//4 5643//4 6940//4
f 6955//6 5652//6 5654//6
f 6957//4 5652//4 6953//4
f 6942//6 5634//6 5645//6
f 6955//4 5634//4 6934//4
f 6993//6 5660//6 5662//6
f 6993//4 5659//4 6989//4
f 7002//4 5664//4 7001//4
f 7002//6 5663//6 5667//6
f 7001//4 5660//4 6991//4
f 6957//6 5603//6 5656//6
f 6989//4 5603//4 6908//4
f 7008//6 5846//6 5847//6
f 5846//2 7004//2 5844//2
f 7004//6 5840//6 5844//6
f 7014//6 5866//6 5867//6
f 7020//6 5868//6 5869//6
f 7019//6 5867//6 5868//6
f 7013//6 5847//6 5866//6
f 7022//6 5946//6 5947//6
f 7023//4 5946//4 7021//4
f 7023//6 5869//6 5948//6
f 5840//2 6863//2 5503//2
f 7022//4 5663//4 7000//4
f 6782//1 5499//1 4963//1
f 6858//6 5027//6 5500//6
f 9542//1 7818//1 7816//1
f 9545//1 7822//1 7821//1
f 7823//2 9545//2 7821//2
f 9543//1 7823//1 7818//1
f 7822//2 9541//2 7806//2
f 9555//1 7851//1 7850//1
f 7852//2 9555//2 7850//2
f 7851//2 9554//2 7841//2
f 7855//2 9560//2 7854//2
f 9554//1 7855//1 7841//1
f 7854//2 9542//2 7816//2
f 9608//1 7989//1 7988//1
f 9611//1 7997//1 7995//1
f 7998//2 9611//2 7995//2
f 9609//1 7998//1 7989//1
f 9637//1 8032//1 8031//1
f 9637//4 8028//4 9636//4
f 9641//1 8045//1 8043//1
f 9639//1 8043//1 8032//1
f 9654//4 8045//4 9643//4
f 9612//1 8028//1 7997//1
f 9716//1 8122//1 8120//1
f 9721//4 8122//4 9718//4
f 9721//1 8132//1 8124//1
f 9736//1 8160//1 8158//1
f 9736//4 8155//4 9734//4
f 9752//4 8162//4 9749//4
f 9749//4 8160//4 9738//4
f 9734//4 8132//4 9724//4
f 9654//1 8120//1 8046//1
f 8712//2 9757//2 8711//2
f 9767//6 8725//6 8726//6
f 8725//2 9763//2 8723//2
f 8723//2 9760//2 8712//2
f 8768//2 9801//2 8765//2
f 9821//6 8790//6 8791//6
f 8795//2 9821//2 8791//2
f 9827//6 8795//6 8797//6
f 8790//2 9806//2 8783//2
f 9806//6 8768//6 8783//6
f 8765//2 9767//2 8726//2
f 9837//6 8995//6 8997//6
f 8995//2 9827//2 8797//2
f 9970//4 9170//4 9967//4
f 9979//4 9193//4 9978//4
f 9980//4 9195//4 9979//4
f 9996//6 9237//6 9239//6
f 9996//4 9235//4 9992//4
f 10003//6 9243//6 9245//6
f 10003//4 9242//4 9999//4
f 10007//6 9242//6 9253//6
f 10007//4 9237//4 9994//4
f 9952//1 9193//1 9169//1
f 9980//6 9170//6 9201//6
f 9992//4 9171//4 9970//4
f 10013//6 9321//6 9323//6
f 9321//2 10008//2 9319//2
f 10020//6 9325//6 9327//6
f 10018//6 9323//6 9325//6
f 10030//6 9365//6 9367//6
f 10035//6 9372//6 9374//6
f 10037//4 9372//4 10033//4
f 10037//6 9367//6 9376//6
f 10028//6 9327//6 9365//6
f 10038//6 9374//6 9408//6
f 10038//4 9243//4 10001//4
f 9541//1 7988//1 7806//1
f 10008//6 8997//6 9319//6
f 8711//2 9557//2 7852//2
f 9952//4 8163//4 9752//4
f 2823//1 3625//1 121//1
f 9412//6 5643//6 7433//6
f 5498//2 3025//2 337//2
f 9412//4 3832//4 4338//4
f 3831//3 5642//3 466//3
f 9421//5 3191//5 6975//5
f 8//1 10//1 9//1
f 9//2 10//2 6//2
f 4//2 9//2 5//2
f 14//2 15//2 12//2
f 13//1 14//1 10//1
f 10//2 14//2 11//2
f 21//3 24//3 22//3
f 28//1 30//1 29//1
f 31//2 32//2 28//2
f 29//3 33//3 31//3
f 19//3 30//3 28//3
f 24//1 32//1 31//1
f 28//3 32//3 24//3
f 31//1 33//1 26//1
f 44//1 46//1 45//1
f 47//2 48//2 44//2
f 45//3 49//3 47//3
f 54//1 56//1 55//1
f 55//2 56//2 52//2
f 52//3 56//3 54//3
f 66//2 67//2 64//2
f 65//3 68//3 66//3
f 72//2 73//2 70//2
f 71//3 74//3 72//3
f 63//2 64//2 48//2
f 49//3 65//3 63//3
f 69//2 70//2 54//2
f 55//3 71//3 69//3
f 62//1 73//1 72//1
f 70//3 73//3 62//3
f 57//3 58//3 49//3
f 54//2 58//2 57//2
f 66//1 68//1 62//1
f 62//2 68//2 65//2
f 49//1 58//1 54//1
f 59//2 65//2 49//2
f 54//3 70//3 59//3
f 45//2 46//2 24//2
f 24//3 46//3 44//3
f 26//3 52//3 50//3
f 50//2 57//2 31//2
f 31//3 57//3 45//3
f 44//3 48//3 35//3
f 38//1 67//1 66//1
f 64//3 67//3 38//3
f 48//3 64//3 36//3
f 72//1 74//1 41//1
f 41//2 74//2 71//2
f 79//1 81//1 80//1
f 83//3 86//3 84//3
f 88//1 90//1 89//1
f 95//1 97//1 96//1
f 93//3 97//3 95//3
f 89//2 90//2 77//2
f 77//3 90//3 88//3
f 80//3 99//3 98//3
f 86//1 95//1 94//1
f 92//3 95//3 86//3
f 77//1 79//1 78//1
f 87//1 89//1 83//1
f 84//2 91//2 87//2
f 98//1 99//1 93//1
f 89//1 98//1 92//1
f 78//3 98//3 89//3
f 107//1 109//1 108//1
f 105//3 109//3 107//3
f 111//1 113//1 112//1
f 119//1 121//1 120//1
f 124//4 123//4 120//4
f 120//3 123//3 122//3
f 111//4 110//4 100//4
f 102//3 113//3 111//3
f 109//1 116//1 115//1
f 114//3 116//3 109//3
f 113//1 119//1 118//1
f 110//1 112//1 105//1
f 122//1 123//1 117//1
f 122//4 116//4 114//4
f 112//1 118//1 114//1
f 103//3 119//3 113//3
f 131//1 133//1 132//1
f 129//3 133//3 131//3
f 138//1 140//1 139//1
f 139//2 140//2 136//2
f 136//3 140//3 138//3
f 143//3 145//3 144//3
f 127//3 136//3 134//3
f 141//2 142//2 131//2
f 132//3 143//3 141//3
f 128//3 131//3 127//3
f 136//1 142//1 141//1
f 141//3 144//3 139//3
f 131//3 142//3 136//3
f 147//1 149//1 148//1
f 148//3 151//3 150//3
f 158//1 160//1 159//1
f 156//3 160//3 158//3
f 165//3 168//3 167//3
f 170//1 172//1 171//1
f 175//4 174//4 171//4
f 171//3 174//3 173//3
f 166//4 165//4 159//4
f 159//3 165//3 164//3
f 163//3 172//3 170//3
f 161//3 162//3 160//3
f 166//1 170//1 169//1
f 169//3 173//3 168//3
f 162//3 170//3 166//3
f 179//1 181//1 180//1
f 180//3 183//3 182//3
f 148//2 149//2 86//2
f 86//3 149//3 147//3
f 96//3 153//3 152//3
f 94//3 152//3 148//3
f 108//3 177//3 176//3
f 179//4 178//4 115//4
f 117//3 181//3 179//3
f 115//3 178//3 177//3
f 133//1 158//1 157//1
f 155//3 158//3 133//3
f 164//3 167//3 145//3
f 157//3 164//3 143//3
f 97//1 107//1 106//1
f 104//3 107//3 97//3
f 81//1 101//1 100//1
f 99//1 110//1 104//1
f 100//3 110//3 99//3
f 150//1 151//1 127//1
f 127//2 151//2 148//2
f 152//1 153//1 129//1
f 148//1 152//1 128//1
f 134//2 154//2 150//2
f 176//1 177//1 156//1
f 182//1 183//1 163//1
f 182//4 162//4 161//4
f 177//1 178//1 161//1
f 184//4 172//4 163//4
f 153//1 176//1 155//1
f 106//3 176//3 153//3
f 191//1 193//1 192//1
f 192//2 193//2 189//2
f 189//3 193//3 191//3
f 197//1 199//1 198//1
f 198//3 201//3 200//3
f 186//3 199//3 197//3
f 189//1 197//1 196//1
f 196//3 200//3 192//3
f 200//1 201//1 195//1
f 209//1 211//1 210//1
f 210//3 213//3 212//3
f 217//1 219//1 218//1
f 218//3 221//3 220//3
f 203//3 211//3 209//3
f 205//3 219//3 217//3
f 211//1 217//1 216//1
f 216//3 220//3 213//3
f 212//1 213//1 207//1
f 220//1 221//1 215//1
f 213//1 220//1 214//1
f 204//3 217//3 211//3
f 199//1 209//1 208//1
f 208//3 212//3 201//3
f 201//1 212//1 206//1
f 202//3 209//3 199//3
f 227//2 228//2 226//2
f 232//2 233//2 230//2
f 238//1 240//1 239//1
f 239//2 240//2 236//2
f 236//3 240//3 238//3
f 235//2 236//2 228//2
f 237//1 239//1 233//1
f 233//2 239//2 235//2
f 230//2 235//2 227//2
f 246//1 248//1 247//1
f 247//2 248//2 244//2
f 244//3 248//3 246//3
f 255//1 257//1 256//1
f 256//2 257//2 253//2
f 253//3 257//3 255//3
f 263//3 265//3 264//3
f 261//2 262//2 246//2
f 247//3 263//3 261//3
f 253//1 262//1 261//1
f 261//3 264//3 256//3
f 254//1 256//1 250//1
f 264//1 265//1 260//1
f 260//2 265//2 263//2
f 256//1 264//1 259//1
f 246//3 262//3 253//3
f 270//1 272//1 271//1
f 271//2 272//2 268//2
f 268//3 272//3 270//3
f 277//2 278//2 270//2
f 271//3 279//3 277//3
f 275//3 276//3 271//3
f 270//2 274//2 273//2
f 286//1 288//1 287//1
f 293//1 295//1 294//1
f 294//2 295//2 291//2
f 291//3 295//3 293//3
f 297//1 299//1 298//1
f 300//2 301//2 297//2
f 303//1 305//1 304//1
f 306//2 307//2 303//2
f 304//2 305//2 283//2
f 283//3 305//3 303//3
f 308//2 309//2 286//2
f 283//1 293//1 292//1
f 288//1 301//1 300//1
f 297//3 301//3 288//3
f 285//1 287//1 283//1
f 296//1 298//1 291//1
f 293//2 300//2 296//2
f 287//1 300//1 293//1
f 303//2 308//2 285//2
f 292//3 310//3 304//3
f 314//1 316//1 315//1
f 315//2 316//2 312//2
f 320//1 322//1 321//1
f 326//2 327//2 325//2
f 333//1 335//1 334//1
f 336//2 337//2 333//2
f 338//5 335//5 333//5
f 328//2 329//2 314//2
f 330//5 316//5 314//5
f 334//2 335//2 318//2
f 312//1 320//1 319//1
f 323//5 320//5 312//5
f 318//1 327//1 326//1
f 323//2 326//2 324//2
f 332//1 334//1 330//1
f 331//2 336//2 332//2
f 317//1 326//1 323//1
f 330//2 334//2 317//2
f 340//1 342//1 341//1
f 341//3 344//3 343//3
f 347//1 349//1 348//1
f 348//3 351//3 350//3
f 342//1 347//1 346//1
f 346//3 350//3 344//3
f 298//2 299//2 223//2
f 321//2 322//2 233//2
f 233//3 322//3 320//3
f 324//2 325//2 238//2
f 320//2 324//2 237//2
f 250//3 342//3 340//3
f 260//3 349//3 347//3
f 340//2 345//2 254//2
f 259//3 347//3 342//3
f 223//1 255//1 254//1
f 291//1 340//1 339//1
f 339//3 343//3 294//3
f 298//1 345//1 340//1
f 230//1 278//1 277//1
f 277//3 280//3 232//3
f 273//3 274//3 227//3
f 227//1 274//1 270//1
f 270//3 278//3 230//3
f 246//2 276//2 275//2
f 277//1 279//1 253//1
f 255//2 280//2 277//2
f 271//1 276//1 246//1
f 253//2 279//2 271//2
f 313//1 315//1 288//1
f 288//2 315//2 311//2
f 319//1 321//1 299//1
f 311//1 319//1 297//1
f 309//2 328//2 313//2
f 232//1 280//1 255//1
f 299//2 321//2 232//2
f 254//3 345//3 298//3
f 359//1 361//1 360//1
f 359//4 358//4 355//4
f 357//3 361//3 359//3
f 361//1 364//1 363//1
f 362//3 364//3 361//3
f 358//1 360//1 354//1
f 370//3 372//3 371//3
f 374//3 376//3 375//3
f 382//3 384//3 383//3
f 387//3 389//3 388//3
f 367//3 382//3 381//3
f 376//3 387//3 386//3
f 386//3 388//3 384//3
f 377//3 379//3 372//3
f 371//1 372//1 367//1
f 377//1 378//1 374//1
f 375//2 379//2 377//2
f 380//4 376//4 374//4
f 372//1 379//1 375//1
f 381//2 385//2 371//2
f 375//3 386//3 382//3
f 392//3 394//3 393//3
f 400//4 399//4 396//4
f 396//3 399//3 398//3
f 404//3 406//3 405//3
f 412//4 411//4 408//4
f 408//3 411//3 410//3
f 394//3 404//3 403//3
f 409//4 408//4 399//4
f 399//3 408//3 407//3
f 395//3 398//3 394//3
f 407//3 410//3 406//3
f 405//4 402//4 401//4
f 403//4 401//4 390//4
f 398//3 407//3 404//3
f 414//1 416//1 415//1
f 419//4 418//4 415//4
f 415//3 418//3 417//3
f 421//3 424//3 423//3
f 428//1 430//1 429//1
f 433//4 432//4 429//4
f 429//3 432//3 431//3
f 418//3 426//3 425//3
f 428//4 427//4 422//4
f 424//3 430//3 428//3
f 419//1 423//1 422//1
f 420//3 423//3 419//3
f 422//3 427//3 426//3
f 437//3 439//3 438//3
f 443//6 441//6 440//6
f 445//4 444//4 440//4
f 443//3 446//3 445//3
f 454//4 453//4 450//4
f 450//3 453//3 452//3
f 439//3 450//3 449//3
f 456//4 455//4 444//4
f 446//3 457//3 456//3
f 440//3 444//3 439//3
f 456//6 451//6 450//6
f 456//3 458//3 454//3
f 438//4 435//4 434//4
f 452//4 448//4 447//4
f 449//4 447//4 435//4
f 444//3 455//3 450//3
f 465//4 464//4 461//4
f 461//3 464//3 463//3
f 384//3 416//3 414//3
f 389//3 421//3 420//3
f 388//3 420//3 416//3
f 406//3 437//3 436//3
f 443//4 442//4 411//4
f 411//3 442//3 440//3
f 436//4 434//4 402//4
f 410//3 440//3 437//3
f 401//3 402//3 389//3
f 391//3 393//3 380//3
f 380//1 393//1 390//1
f 390//3 401//3 387//3
f 434//3 435//3 424//3
f 447//3 448//3 433//3
f 435//3 447//3 430//3
f 461//6 460//6 456//6
f 463//4 458//4 456//4
f 461//4 457//4 446//4
f 402//3 434//3 421//3
f 225//2 226//2 38//2
f 41//3 244//3 242//3
f 267//2 268//2 62//2
f 62//3 268//3 266//3
f 266//2 273//2 66//2
f 72//3 275//3 267//3
f 242//2 275//2 72//2
f 66//3 273//3 225//3
f 368//2 369//2 138//2
f 139//3 370//3 368//3
f 145//3 378//3 377//3
f 144//3 377//3 370//3
f 168//3 392//3 391//3
f 397//4 396//4 174//4
f 174//3 396//3 395//3
f 173//3 395//3 392//3
f 167//3 391//3 378//3
f 219//1 356//1 355//1
f 355//3 358//3 221//3
f 221//1 358//1 353//1
f 352//3 356//3 219//3
f 134//3 138//3 41//3
f 30//1 88//1 87//1
f 87//3 91//3 33//3
f 33//1 91//1 84//1
f 75//3 88//3 30//3
f 52//1 147//1 146//1
f 146//3 150//3 55//3
f 150//3 154//3 71//3
f 71//1 154//1 134//1
f 84//3 147//3 52//3
f 381//3 383//3 260//3
f 244//1 369//1 368//1
f 368//3 371//3 247//3
f 263//1 385//1 381//1
f 371//3 385//3 263//3
f 349//1 414//1 413//1
f 413//3 417//3 351//3
f 383//3 414//3 349//3
f 292//1 294//1 186//1
f 302//1 304//1 189//1
f 191//2 306//2 302//2
f 304//1 310//1 197//1
f 197//2 310//2 292//2
f 343//1 344//1 203//1
f 350//1 351//1 205//1
f 344//1 350//1 204//1
f 294//1 343//1 202//1
f 425//1 426//1 357//1
f 431//1 432//1 365//1
f 431//4 364//4 362//4
f 426//1 427//1 362//1
f 425//4 356//4 352//4
f 351//1 417//1 352//1
f 138//3 369//3 244//3
f 4//1 307//1 306//1
f 303//3 307//3 4//3
f 6//1 309//1 308//1
f 5//1 308//1 303//1
f 12//1 329//1 328//1
f 331//5 329//5 12//5
f 17//1 337//1 336//1
f 16//1 336//1 331//1
f 11//1 328//1 309//1
f 3//1 306//1 191//1
f 474//1 476//1 475//1
f 475//2 476//2 472//2
f 473//1 475//1 470//1
f 480//1 482//1 481//1
f 481//2 482//2 478//2
f 486//1 488//1 487//1
f 487//2 488//2 484//2
f 485//1 487//1 482//1
f 482//2 487//2 483//2
f 479//1 481//1 476//1
f 476//2 481//2 477//2
f 492//1 494//1 493//1
f 499//1 501//1 500//1
f 502//2 503//2 499//2
f 500//3 504//3 502//3
f 494//1 503//1 502//1
f 499//3 503//3 494//3
f 502//1 504//1 497//1
f 509//1 511//1 510//1
f 515//1 517//1 516//1
f 513//3 517//3 515//3
f 519//1 521//1 520//1
f 526//1 528//1 527//1
f 524//3 528//3 526//3
f 520//2 521//2 507//2
f 507//3 521//3 519//3
f 510//3 530//3 529//3
f 517//1 526//1 525//1
f 523//3 526//3 517//3
f 507//1 509//1 508//1
f 518//1 520//1 513//1
f 515//2 522//2 518//2
f 529//1 530//1 524//1
f 520//1 529//1 523//1
f 508//3 529//3 520//3
f 497//1 515//1 514//1
f 501//1 519//1 518//1
f 518//3 522//3 504//3
f 504//1 522//1 515//1
f 505//3 519//3 501//3
f 541//1 543//1 542//1
f 545//1 547//1 546//1
f 536//1 541//1 540//1
f 539//1 545//1 544//1
f 537//1 538//1 536//1
f 544//1 546//1 543//1
f 538//1 544//1 541//1
f 550//1 552//1 551//1
f 555//1 557//1 556//1
f 559//1 561//1 560//1
f 562//2 563//2 559//2
f 560//3 564//3 562//3
f 566//1 568//1 567//1
f 569//2 570//2 566//2
f 567//3 571//3 569//3
f 572//2 573//2 550//2
f 551//3 574//3 572//3
f 576//2 577//2 555//2
f 556//3 578//3 576//3
f 568//1 577//1 576//1
f 552//1 563//1 562//1
f 562//1 564//1 557//1
f 557//2 564//2 560//2
f 572//1 574//1 568//1
f 570//2 575//2 572//2
f 551//1 562//1 555//1
f 568//2 574//2 551//2
f 555//3 577//3 568//3
f 582//1 584//1 583//1
f 583//2 584//2 580//2
f 588//1 590//1 589//1
f 589//2 590//2 586//2
f 592//1 594//1 593//1
f 597//1 599//1 598//1
f 601//2 602//2 582//2
f 603//2 604//2 588//2
f 580//1 592//1 591//1
f 591//3 595//3 583//3
f 586//1 597//1 596//1
f 600//5 597//5 586//5
f 587//1 589//1 584//1
f 584//2 589//2 585//2
f 596//1 598//1 594//1
f 585//1 596//1 592//1
f 602//2 603//2 587//2
f 606//1 608//1 607//1
f 609//2 610//2 606//2
f 607//3 611//3 609//3
f 613//1 615//1 614//1
f 617//1 619//1 618//1
f 618//3 621//3 620//3
f 623//1 625//1 624//1
f 608//1 617//1 616//1
f 616//3 620//3 611//3
f 615//1 623//1 622//1
f 612//1 614//1 608//1
f 622//1 624//1 619//1
f 614//1 622//1 617//1
f 627//1 629//1 628//1
f 631//1 633//1 632//1
f 533//3 625//3 623//3
f 532//3 623//3 615//3
f 628//2 629//2 536//2
f 536//3 629//3 627//3
f 632//2 633//2 539//2
f 632//5 538//5 537//5
f 627//2 630//2 537//2
f 634//5 545//5 539//5
f 557//1 610//1 609//1
f 606//3 610//3 557//3
f 561//1 613//1 612//1
f 560//1 612//1 606//1
f 594//1 627//1 626//1
f 599//1 631//1 630//1
f 598//1 630//1 627//1
f 540//1 542//1 533//1
f 535//1 540//1 532//1
f 581//1 583//1 552//1
f 591//1 593//1 561//1
f 563//2 595//2 591//2
f 583//1 595//1 563//1
f 573//2 601//2 581//2
f 626//1 628//1 615//1
f 593//1 626//1 613//1
f 615//2 628//2 535//2
f 638//2 639//2 636//2
f 647//1 649//1 648//1
f 650//2 651//2 647//2
f 648//3 652//3 650//3
f 648//2 649//2 639//2
f 639//3 649//3 647//3
f 647//3 651//3 641//3
f 650//1 652//1 645//1
f 645//2 652//2 648//2
f 658//2 659//2 656//2
f 664//1 666//1 665//1
f 665//2 666//2 662//2
f 662//3 666//3 664//3
f 675//2 676//2 673//2
f 673//3 676//3 674//3
f 680//2 681//2 678//2
f 679//3 682//3 680//3
f 672//2 673//2 659//2
f 659//3 673//3 671//3
f 677//2 678//2 664//2
f 665//3 679//3 677//3
f 656//1 668//1 667//1
f 667//3 669//3 658//3
f 683//3 684//3 675//3
f 664//2 669//2 667//2
f 681//2 684//2 683//2
f 675//1 684//1 681//1
f 678//2 683//2 669//2
f 669//3 683//3 672//3
f 661//2 662//2 645//2
f 645//3 662//3 660//3
f 667//2 668//2 651//2
f 660//2 667//2 650//2
f 651//3 668//3 656//3
f 654//2 682//2 679//2
f 694//2 695//2 693//2
f 697//1 699//1 698//1
f 700//2 701//2 697//2
f 698//3 702//3 700//3
f 710//1 712//1 711//1
f 711//2 712//2 708//2
f 708//3 712//3 710//3
f 714//1 716//1 715//1
f 717//2 718//2 714//2
f 707//2 708//2 691//2
f 715//2 716//2 695//2
f 691//1 701//1 700//1
f 693//1 704//1 703//1
f 703//3 705//3 694//3
f 701//2 705//2 703//2
f 713//1 715//1 708//1
f 710//2 717//2 713//2
f 694//1 705//1 701//1
f 708//2 715//2 694//2
f 700//3 719//3 707//3
f 723//1 725//1 724//1
f 724//2 725//2 721//2
f 729//1 731//1 730//1
f 730//2 731//2 727//2
f 739//2 740//2 737//2
f 744//2 745//2 742//2
f 736//2 737//2 723//2
f 724//3 738//3 736//3
f 741//2 742//2 729//2
f 743//5 731//5 729//5
f 721//1 733//1 732//1
f 727//1 735//1 734//1
f 728//1 730//1 725//1
f 725//2 730//2 726//2
f 740//2 744//2 741//2
f 726//1 734//1 733//1
f 737//2 741//2 728//2
f 749//2 750//2 748//2
f 755//2 756//2 754//2
f 753//2 754//2 750//2
f 752//2 755//2 753//2
f 751//2 753//2 749//2
f 759//2 760//2 758//2
f 763//2 764//2 762//2
f 767//2 768//2 766//2
f 771//2 772//2 770//2
f 765//2 766//2 760//2
f 769//2 770//2 764//2
f 760//2 763//2 761//2
f 768//2 771//2 769//2
f 766//2 769//2 763//2
f 776//2 777//2 774//2
f 775//3 778//3 776//3
f 784//2 785//2 783//2
f 782//2 783//2 777//2
f 777//2 781//2 779//2
f 757//2 758//2 687//2
f 761//2 762//2 689//2
f 758//2 761//2 688//2
f 773//2 774//2 710//2
f 711//3 775//3 773//3
f 779//2 780//2 718//2
f 774//2 779//2 717//2
f 783//3 785//3 752//3
f 748//1 780//1 779//1
f 779//3 781//3 749//3
f 749//1 781//1 777//1
f 777//3 783//3 751//3
f 687//1 740//1 739//1
f 689//1 745//1 744//1
f 688//1 744//1 740//1
f 695//2 724//2 720//2
f 736//1 738//1 716//1
f 718//2 739//2 736//2
f 720//1 732//1 704//1
f 716//2 738//2 724//2
f 750//2 759//2 757//2
f 756//2 767//2 765//2
f 754//2 765//2 759//2
f 686//1 739//1 718//1
f 748//2 757//2 686//2
f 718//3 780//3 748//3
f 786//5 745//5 689//5
f 794//1 796//1 795//1
f 792//3 796//3 794//3
f 788//3 792//3 791//3
f 791//3 794//3 790//3
f 803//3 805//3 804//3
f 807//1 809//1 808//1
f 810//2 811//2 807//2
f 808//3 812//3 810//3
f 815//1 817//1 816//1
f 818//2 819//2 815//2
f 816//3 820//3 818//3
f 816//2 817//2 800//2
f 800//3 817//3 815//3
f 800//1 811//1 810//1
f 807//3 811//3 800//3
f 804//1 805//1 800//1
f 800//2 805//2 803//2
f 803//1 813//1 807//1
f 815//2 821//2 804//2
f 810//3 822//3 816//3
f 824//3 826//3 825//3
f 828//3 830//3 829//3
f 832//1 834//1 833//1
f 835//2 836//2 832//2
f 833//3 837//3 835//3
f 839//1 841//1 840//1
f 840//3 843//3 842//3
f 826//3 834//3 832//3
f 830//3 841//3 839//3
f 827//3 829//3 826//3
f 834//1 839//1 838//1
f 838//3 842//3 837//3
f 829//3 839//3 834//3
f 850//3 853//3 851//3
f 857//2 858//2 855//2
f 856//3 859//3 857//3
f 864//2 865//2 862//2
f 862//3 865//3 863//3
f 869//3 871//3 870//3
f 861//2 862//2 853//2
f 853//3 862//3 860//3
f 859//3 869//3 868//3
f 853//1 858//1 857//1
f 855//3 858//3 853//3
f 868//3 870//3 864//3
f 867//2 871//2 869//2
f 857//3 868//3 861//3
f 880//3 882//3 881//3
f 884//3 886//3 885//3
f 890//3 892//3 891//3
f 895//3 897//3 896//3
f 878//3 890//3 889//3
f 886//3 895//3 894//3
f 883//3 885//3 878//3
f 894//3 896//3 892//3
f 881//1 882//1 878//1
f 878//2 882//2 880//2
f 887//1 888//1 884//1
f 880//1 887//1 883//1
f 889//2 893//2 881//2
f 885//3 894//3 890//3
f 854//2 855//2 794//2
f 795//3 856//3 854//3
f 794//3 855//3 850//3
f 820//3 873//3 872//3
f 837//3 880//3 879//3
f 843//3 888//3 887//3
f 842//3 887//3 880//3
f 796//1 836//1 835//1
f 832//3 836//3 796//3
f 825//3 832//3 792//3
f 889//3 891//3 867//3
f 879//3 881//3 859//3
f 869//1 893//1 889//1
f 881//3 893//3 869//3
f 844//3 846//3 812//3
f 810//1 812//1 788//1
f 790//2 820//2 816//2
f 816//1 822//1 791//1
f 791//2 822//2 810//2
f 844//1 845//1 824//1
f 825//2 846//2 844//2
f 847//1 848//1 828//1
f 845//1 847//1 827//1
f 872//1 873//1 850//1
f 851//2 874//2 872//2
f 860//2 875//2 874//2
f 812//1 846//1 825//1
f 850//2 873//2 820//2
f 835//3 879//3 856//3
f 698//2 699//2 470//2
f 470//3 699//3 697//3
f 703//2 704//2 474//2
f 697//2 703//2 473//2
f 732//2 733//2 480//2
f 734//2 735//2 486//2
f 733//2 734//2 485//2
f 704//2 732//2 479//2
f 801//2 802//2 492//2
f 493//3 803//3 801//3
f 808//2 809//2 497//2
f 497//3 809//3 807//3
f 807//2 813//2 502//2
f 502//3 813//3 803//3
f 516//3 845//3 844//3
f 527//3 848//3 847//3
f 525//3 847//3 845//3
f 514//3 844//3 808//3
f 860//3 863//3 654//3
f 645//1 819//1 818//1
f 815//3 819//3 645//3
f 636//1 802//1 801//1
f 801//3 804//3 638//3
f 648//1 821//1 815//1
f 804//3 821//3 648//3
f 872//3 874//3 665//3
f 874//3 875//3 679//3
f 679//1 875//1 860//1
f 818//3 872//3 661//3
f 470//1 570//1 569//1
f 472//1 573//1 572//1
f 572//3 575//3 475//3
f 475//1 575//1 570//1
f 478//1 602//1 601//1
f 484//1 604//1 603//1
f 483//1 603//1 602//1
f 477//1 601//1 573//1
f 569//1 571//1 494//1
f 494//2 571//2 567//2
f 576//1 578//1 501//1
f 567//1 576//1 499//1
f 501//2 578//2 556//2
f 609//1 611//1 507//1
f 620//1 621//1 511//1
f 611//1 620//1 509//1
f 556//1 609//1 505//1
f 700//1 702//1 639//1
f 639//2 702//2 698//2
f 641//2 711//2 707//2
f 707//1 719//1 647//1
f 647//2 719//2 700//2
f 776//1 778//1 659//1
f 659//2 778//2 775//2
f 674//2 784//2 782//2
f 671//2 782//2 776//2
f 656//2 775//2 711//2
f 469//1 569//1 492//1
f 636//2 698//2 469//2
f 492//3 802//3 636//3
f 901//1 903//1 902//1
f 902//2 903//2 899//2
f 904//1 905//1 903//1
f 914//1 916//1 915//1
f 917//2 918//2 914//2
f 919//5 916//5 914//5
f 922//1 924//1 923//1
f 926//1 928//1 927//1
f 934//1 936//1 935//1
f 935//2 936//2 932//2
f 935//5 931//5 930//5
f 927//2 928//2 911//2
f 927//5 910//5 909//5
f 937//2 938//2 922//2
f 939//5 924//5 922//5
f 911//1 918//1 917//1
f 932//1 938//1 937//1
f 921//1 923//1 919//1
f 919//2 923//2 920//2
f 930//1 931//1 928//1
f 929//2 933//2 930//2
f 912//1 921//1 918//1
f 928//2 931//2 912//2
f 937//5 921//5 912//5
f 948//1 950//1 949//1
f 949//2 950//2 946//2
f 949//5 945//5 944//5
f 943//1 948//1 947//1
f 947//5 944//5 940//5
f 951//1 952//1 950//1
f 954//1 956//1 955//1
f 961//1 963//1 962//1
f 962//2 963//2 959//2
f 962//5 958//5 957//5
f 965//1 967//1 966//1
f 969//1 971//1 970//1
f 973//5 971//5 969//5
f 956//1 965//1 964//1
f 959//1 969//1 968//1
f 972//5 969//5 959//5
f 957//1 958//1 956//1
f 968//1 970//1 967//1
f 958//1 968//1 965//1
f 981//1 983//1 982//1
f 985//5 983//5 981//5
f 991//1 993//1 992//1
f 997//1 999//1 998//1
f 998//5 995//5 994//5
f 982//5 976//5 975//5
f 992//2 993//2 979//2
f 992//5 978//5 977//5
f 983//1 991//1 990//1
f 989//1 997//1 996//1
f 996//5 994//5 986//5
f 987//1 988//1 985//1
f 985//2 988//2 986//2
f 994//1 995//1 993//1
f 986//1 994//1 991//1
f 990//5 977//5 976//5
f 966//5 908//5 907//5
f 916//1 954//1 953//1
f 924//1 961//1 960//1
f 960//5 957//5 920//5
f 920//1 957//1 954//1
f 974//5 961//5 924//5
f 946//1 981//1 980//1
f 984//5 981//5 946//5
f 952//1 987//1 984//1
f 941//1 942//1 936//1
f 936//2 942//2 940//2
f 944//1 945//1 939//1
f 940//1 944//1 938//1
f 975//1 976//1 963//1
f 977//1 978//1 973//1
f 976//1 977//1 972//1
f 974//2 980//2 975//2
f 945//1 980//1 974//1
f 1002//2 1003//2 1001//2
f 1009//1 1011//1 1010//1
f 1012//2 1013//2 1009//2
f 1014//5 1011//5 1009//5
f 1016//1 1018//1 1017//1
f 1019//2 1020//2 1016//2
f 1021//5 1018//5 1016//5
f 1025//2 1026//2 1023//2
f 1017//2 1018//2 1003//2
f 1027//2 1028//2 1013//2
f 1001//1 1006//1 1005//1
f 1007//5 1006//5 1001//5
f 1023//1 1028//1 1027//1
f 1029//5 1028//5 1023//5
f 1007//2 1012//2 1008//2
f 1024//1 1025//1 1021//1
f 1021//2 1025//2 1022//2
f 1004//1 1012//1 1007//1
f 1018//2 1022//2 1004//2
f 1027//5 1012//5 1004//5
f 1036//1 1038//1 1037//1
f 1039//2 1040//2 1036//2
f 1041//5 1038//5 1036//5
f 1037//2 1038//2 1033//2
f 1037//5 1032//5 1031//5
f 1041//2 1043//2 1042//2
f 1046//2 1047//2 1045//2
f 1051//2 1052//2 1050//2
f 1049//2 1050//2 1047//2
f 1052//2 1054//2 1053//2
f 1050//2 1053//2 1048//2
f 1059//1 1061//1 1060//1
f 1062//2 1063//2 1059//2
f 1064//5 1061//5 1059//5
f 1068//2 1069//2 1066//2
f 1065//2 1066//2 1063//2
f 1067//5 1064//5 1063//5
f 1057//2 1062//2 1058//2
f 1072//2 1073//2 1071//2
f 1082//2 1083//2 1080//2
f 1082//5 1079//5 1078//5
f 1088//2 1089//2 1086//2
f 1088//5 1085//5 1084//5
f 1096//2 1097//2 1094//2
f 1096//5 1093//5 1092//5
f 1085//2 1086//2 1073//2
f 1093//2 1094//2 1083//2
f 1093//5 1082//5 1081//5
f 1071//1 1075//1 1074//1
f 1077//5 1075//5 1071//5
f 1091//5 1090//5 1086//5
f 1078//1 1079//1 1076//1
f 1077//2 1081//2 1078//2
f 1091//2 1095//2 1092//2
f 1090//2 1092//2 1081//2
f 1090//5 1077//5 1073//5
f 1055//2 1056//2 1020//2
f 1060//2 1061//2 1026//2
f 1060//5 1025//5 1024//5
f 1056//2 1058//2 1024//2
f 1074//2 1075//2 1040//2
f 1076//5 1041//5 1040//5
f 1076//2 1079//2 1043//2
f 1074//5 1039//5 1034//5
f 1045//1 1056//1 1055//1
f 1057//5 1056//5 1045//5
f 1068//5 1065//5 1053//5
f 1048//1 1062//1 1057//1
f 1065//5 1062//5 1048//5
f 1031//1 1032//1 1014//1
f 1014//2 1032//2 1030//2
f 1029//2 1039//2 1035//2
f 1034//1 1039//1 1029//1
f 1028//2 1035//2 1031//2
f 1064//2 1072//2 1070//2
f 1084//1 1085//1 1067//1
f 1069//2 1087//2 1084//2
f 1067//2 1085//2 1072//2
f 1061//2 1070//2 1034//2
f 1100//1 1102//1 1101//1
f 1103//2 1104//2 1100//2
f 1105//5 1102//5 1100//5
f 1115//1 1117//1 1116//1
f 1116//2 1117//2 1113//2
f 1116//5 1112//5 1111//5
f 1123//1 1125//1 1124//1
f 1124//2 1125//2 1121//2
f 1124//5 1120//5 1119//5
f 1120//2 1121//2 1109//2
f 1120//5 1108//5 1107//5
f 1127//5 1117//5 1115//5
f 1109//1 1115//1 1114//1
f 1114//5 1111//5 1106//5
f 1128//5 1126//5 1121//5
f 1107//1 1108//1 1105//1
f 1105//2 1108//2 1106//2
f 1106//1 1111//1 1110//1
f 1118//2 1119//2 1107//2
f 1126//5 1115//5 1109//5
f 1130//1 1132//1 1131//1
f 1134//5 1132//5 1130//5
f 1137//5 1135//5 1132//5
f 1142//5 1140//5 1139//5
f 1138//2 1139//2 1123//2
f 1140//5 1125//5 1123//5
f 1113//1 1130//1 1129//1
f 1133//5 1130//5 1113//5
f 1150//5 1148//5 1147//5
f 1156//5 1154//5 1153//5
f 1161//1 1163//1 1162//1
f 1162//2 1163//2 1159//2
f 1162//5 1158//5 1157//5
f 1165//1 1167//1 1166//1
f 1169//5 1167//5 1165//5
f 1158//5 1152//5 1151//5
f 1166//5 1156//5 1155//5
f 1159//1 1165//1 1164//1
f 1168//5 1165//5 1159//5
f 1164//5 1155//5 1152//5
f 1177//1 1179//1 1178//1
f 1178//2 1179//2 1175//2
f 1178//5 1174//5 1173//5
f 1183//5 1181//5 1180//5
f 1187//2 1188//2 1185//2
f 1189//5 1186//5 1185//5
f 1181//5 1172//5 1171//5
f 1184//2 1185//2 1177//2
f 1186//5 1179//5 1177//5
f 1176//5 1173//5 1170//5
f 1187//5 1184//5 1181//5
f 1184//5 1176//5 1172//5
f 1194//5 1192//5 1191//5
f 1198//5 1196//5 1195//5
f 1204//5 1202//5 1201//5
f 1211//5 1209//5 1208//5
f 1202//5 1194//5 1193//5
f 1209//5 1200//5 1199//5
f 1197//5 1195//5 1192//5
f 1210//5 1208//5 1205//5
f 1199//1 1200//1 1198//1
f 1204//2 1206//2 1205//2
f 1205//1 1208//1 1207//1
f 1207//2 1208//2 1199//2
f 1207//5 1197//5 1194//5
f 1174//5 1150//5 1149//5
f 1173//5 1149//5 1146//5
f 1190//2 1191//2 1161//2
f 1192//5 1163//5 1161//5
f 1196//5 1169//5 1168//5
f 1195//5 1168//5 1163//5
f 1160//5 1157//5 1148//5
f 1157//5 1151//5 1145//5
f 1175//1 1191//1 1190//1
f 1193//5 1191//5 1175//5
f 1203//5 1201//5 1186//5
f 1201//5 1193//5 1179//5
f 1190//5 1160//5 1150//5
f 1005//2 1006//2 901//2
f 1010//2 1011//2 906//2
f 1010//5 905//5 904//5
f 1006//2 1008//2 904//2
f 1101//2 1102//2 943//2
f 1101//5 942//5 941//5
f 1112//5 952//5 951//5
f 1110//2 1111//2 951//2
f 1110//5 948//5 943//5
f 1131//2 1132//2 989//2
f 1131//5 988//5 987//5
f 1136//5 999//5 997//5
f 1135//5 997//5 989//5
f 1098//2 1099//2 941//2
f 1129//5 987//5 952//5
f 899//1 926//1 925//1
f 929//5 926//5 899//5
f 906//1 934//1 933//1
f 905//1 933//1 929//1
f 1033//1 1104//1 1103//1
f 1103//5 1099//5 1030//5
f 1122//5 1119//5 1042//5
f 1042//1 1119//1 1118//1
f 1118//5 1104//5 1033//5
f 1080//1 1139//1 1138//1
f 1141//5 1139//5 1080//5
f 1144//5 1143//5 1094//5
f 1143//5 1141//5 1083//5
f 1030//1 1099//1 1098//1
f 1138//5 1122//5 1043//5
f 1147//1 1148//1 1127//1
f 1128//2 1149//2 1147//2
f 1146//1 1149//1 1128//1
f 1127//2 1148//2 1145//2
f 1151//1 1152//1 1134//1
f 1153//1 1154//1 1136//1
f 1137//2 1155//2 1153//2
f 1152//1 1155//1 1137//1
f 1171//1 1172//1 1142//1
f 1142//2 1172//2 1170//2
f 1144//2 1182//2 1180//2
f 1143//2 1180//2 1171//2
f 1145//1 1151//1 1133//1
f 1140//2 1170//2 1146//2
f 1098//5 934//5 906//5
f 1213//1 1215//1 1214//1
f 1221//1 1223//1 1222//1
f 1219//3 1223//3 1221//3
f 1229//1 1231//1 1230//1
f 1233//1 1235//1 1234//1
f 1234//3 1237//3 1236//3
f 1226//4 1225//4 1214//4
f 1214//3 1225//3 1224//3
f 1217//3 1235//3 1233//3
f 1223//1 1229//1 1228//1
f 1227//3 1229//3 1223//3
f 1226//1 1233//1 1232//1
f 1224//1 1225//1 1219//1
f 1236//1 1237//1 1231//1
f 1236//4 1229//4 1227//4
f 1225//1 1232//1 1227//1
f 1216//3 1233//3 1226//3
f 1244//1 1246//1 1245//1
f 1244//4 1243//4 1240//4
f 1242//3 1246//3 1244//3
f 1246//1 1248//1 1247//1
f 1243//1 1245//1 1239//1
f 1235//1 1241//1 1240//1
f 1240//3 1243//3 1237//3
f 1237//1 1243//1 1238//1
f 1253//1 1255//1 1254//1
f 1257//1 1259//1 1258//1
f 1255//1 1261//1 1260//1
f 1259//1 1263//1 1262//1
f 1256//1 1258//1 1255//1
f 1258//1 1262//1 1261//1
f 1265//1 1267//1 1266//1
f 1266//3 1269//3 1268//3
f 1271//1 1273//1 1272//1
f 1278//1 1280//1 1279//1
f 1278//4 1277//4 1274//4
f 1276//3 1280//3 1278//3
f 1282//1 1284//1 1283//1
f 1267//1 1275//1 1274//1
f 1274//3 1277//3 1269//3
f 1273//1 1282//1 1281//1
f 1270//1 1272//1 1267//1
f 1281//1 1283//1 1276//1
f 1285//4 1280//4 1276//4
f 1272//1 1281//1 1275//1
f 1290//1 1292//1 1291//1
f 1294//1 1296//1 1295//1
f 1293//1 1295//1 1292//1
f 1304//1 1306//1 1305//1
f 1304//4 1303//4 1300//4
f 1302//3 1306//3 1304//3
f 1310//1 1312//1 1311//1
f 1319//1 1321//1 1320//1
f 1319//4 1318//4 1315//4
f 1317//3 1321//3 1319//3
f 1323//1 1325//1 1324//1
f 1327//4 1326//4 1324//4
f 1310//4 1309//4 1297//4
f 1299//3 1312//3 1310//3
f 1323//4 1322//4 1307//4
f 1312//1 1316//1 1315//1
f 1315//3 1318//3 1313//3
f 1306//1 1308//1 1307//1
f 1303//1 1305//1 1299//1
f 1322//1 1324//1 1317//1
f 1326//4 1321//4 1317//4
f 1314//1 1322//1 1316//1
f 1314//4 1312//4 1299//4
f 1307//3 1322//3 1314//3
f 1329//1 1331//1 1330//1
f 1333//4 1332//4 1330//4
f 1335//1 1337//1 1336//1
f 1340//4 1339//4 1336//4
f 1340//5 1337//5 1335//5
f 1346//1 1348//1 1347//1
f 1351//1 1353//1 1352//1
f 1346//4 1345//4 1341//4
f 1351//4 1350//4 1343//4
f 1333//1 1342//1 1341//1
f 1340//1 1344//1 1343//1
f 1334//1 1336//1 1331//1
f 1339//4 1333//4 1331//4
f 1350//1 1352//1 1348//1
f 1339//1 1343//1 1342//1
f 1350//4 1346//4 1342//4
f 1251//3 1273//3 1271//3
f 1290//4 1289//4 1260//4
f 1294//4 1293//4 1262//4
f 1293//4 1290//4 1261//4
f 1260//3 1289//3 1287//3
f 1294//5 1263//5 1259//5
f 1280//1 1298//1 1297//1
f 1284//1 1301//1 1300//1
f 1300//3 1303//3 1285//3
f 1285//1 1303//1 1298//1
f 1297//3 1309//3 1286//3
f 1292//1 1329//1 1328//1
f 1296//1 1335//1 1334//1
f 1295//1 1334//1 1329//1
f 1252//1 1254//1 1251//1
f 1289//1 1291//1 1284//1
f 1287//1 1289//1 1282//1
f 1328//1 1330//1 1302//1
f 1332//4 1306//4 1302//4
f 1345//1 1347//1 1325//1
f 1349//4 1327//4 1325//4
f 1332//1 1341//1 1308//1
f 1345//4 1323//4 1308//4
f 1291//1 1328//1 1301//1
f 1287//4 1273//4 1251//4
f 1361//1 1363//1 1362//1
f 1361//4 1360//4 1358//4
f 1367//1 1369//1 1368//1
f 1367//4 1366//4 1364//4
f 1366//1 1368//1 1363//1
f 1366//4 1361//4 1359//4
f 1371//3 1373//3 1372//3
f 1378//1 1380//1 1379//1
f 1379//3 1382//3 1381//3
f 1384//1 1386//1 1385//1
f 1389//4 1388//4 1385//4
f 1385//3 1388//3 1387//3
f 1373//3 1380//3 1378//3
f 1376//3 1386//3 1384//3
f 1374//3 1375//3 1373//3
f 1380//1 1384//1 1383//1
f 1383//3 1387//3 1382//3
f 1375//3 1384//3 1380//3
f 1393//3 1396//3 1395//3
f 1399//3 1402//3 1401//3
f 1405//1 1407//1 1406//1
f 1410//4 1409//4 1406//4
f 1406//3 1409//3 1408//3
f 1417//1 1419//1 1418//1
f 1422//4 1421//4 1418//4
f 1418//3 1421//3 1420//3
f 1427//1 1429//1 1428//1
f 1432//4 1431//4 1428//4
f 1428//3 1431//3 1430//3
f 1409//3 1424//3 1423//3
f 1427//4 1426//4 1413//4
f 1415//3 1429//3 1427//3
f 1410//1 1414//1 1413//1
f 1412//3 1414//3 1410//3
f 1426//3 1430//3 1425//3
f 1420//1 1421//1 1415//1
f 1420//4 1414//4 1412//4
f 1434//4 1432//4 1429//4
f 1411//1 1416//1 1412//1
f 1433//4 1429//4 1415//4
f 1413//3 1426//3 1424//3
f 1436//3 1438//3 1437//3
f 1445//3 1447//3 1446//3
f 1449//3 1451//3 1450//3
f 1453//3 1455//3 1454//3
f 1438//3 1449//3 1448//3
f 1443//3 1453//3 1452//3
f 1441//3 1442//3 1438//3
f 1452//3 1454//3 1451//3
f 1439//1 1440//1 1436//1
f 1446//1 1447//1 1443//1
f 1446//4 1442//4 1441//4
f 1440//1 1444//1 1441//1
f 1456//4 1453//4 1443//4
f 1442//3 1452//3 1449//3
f 1458//1 1460//1 1459//1
f 1463//4 1462//4 1459//4
f 1459//3 1462//3 1461//3
f 1465//3 1468//3 1467//3
f 1473//3 1475//3 1474//3
f 1479//1 1481//1 1480//1
f 1484//4 1483//4 1480//4
f 1480//3 1483//3 1482//3
f 1462//3 1473//3 1472//3
f 1479//4 1478//4 1466//4
f 1468//3 1481//3 1479//3
f 1463//1 1467//1 1466//1
f 1464//3 1467//3 1463//3
f 1478//3 1482//3 1475//3
f 1474//1 1475//1 1471//1
f 1474//4 1470//4 1469//4
f 1482//1 1483//1 1477//1
f 1475//1 1482//1 1476//1
f 1466//3 1478//3 1473//3
f 1382//3 1440//3 1439//3
f 1388//3 1445//3 1444//3
f 1387//3 1444//3 1440//3
f 1458//4 1457//4 1400//4
f 1402//3 1460//3 1458//3
f 1403//3 1464//3 1460//3
f 1487//4 1486//4 1431//4
f 1431//3 1486//3 1485//3
f 1389//1 1401//1 1400//1
f 1398//3 1401//3 1389//3
f 1397//3 1398//3 1386//3
f 1469//3 1470//3 1455//3
f 1457//3 1461//3 1447//3
f 1456//1 1472//1 1469//1
f 1461//3 1472//3 1456//3
f 1394//1 1405//1 1404//1
f 1404//3 1408//3 1396//3
f 1390//1 1391//1 1371//1
f 1395//1 1396//1 1376//1
f 1395//4 1375//4 1374//4
f 1391//1 1392//1 1374//1
f 1423//1 1424//1 1399//1
f 1425//4 1402//4 1399//4
f 1425//1 1430//1 1403//1
f 1423//4 1398//4 1397//4
f 1485//1 1486//1 1465//1
f 1488//4 1468//4 1465//4
f 1396//1 1408//1 1397//1
f 1485//4 1464//4 1403//4
f 1400//3 1457//3 1445//3
f 1499//1 1501//1 1500//1
f 1499//4 1498//4 1495//4
f 1497//3 1501//3 1499//3
f 1496//4 1495//4 1492//4
f 1508//1 1510//1 1509//1
f 1506//3 1510//3 1508//3
f 1510//1 1512//1 1511//1
f 1518//1 1520//1 1519//1
f 1518//4 1517//4 1514//4
f 1516//3 1520//3 1518//3
f 1525//4 1524//4 1522//4
f 1537//1 1539//1 1538//1
f 1537//4 1536//4 1534//4
f 1541//1 1543//1 1542//1
f 1546//4 1545//4 1542//4
f 1542//3 1545//3 1544//3
f 1531//4 1530//4 1519//4
f 1519//3 1530//3 1529//3
f 1541//4 1540//4 1527//4
f 1531//1 1535//1 1534//1
f 1534//3 1536//3 1532//3
f 1525//1 1528//1 1527//1
f 1526//3 1528//3 1525//3
f 1521//1 1522//1 1516//1
f 1524//4 1520//4 1516//4
f 1544//1 1545//1 1539//1
f 1544//4 1537//4 1535//4
f 1533//1 1540//1 1535//1
f 1533//4 1531//4 1520//4
f 1527//3 1540//3 1533//3
f 1523//4 1522//4 1500//4
f 1500//3 1522//3 1521//3
f 1521//4 1515//4 1494//4
f 1502//3 1526//3 1523//3
f 1546//1 1549//1 1548//1
f 1545//1 1548//1 1547//1
f 1529//1 1530//1 1506//1
f 1532//4 1510//4 1506//4
f 1536//1 1538//1 1513//1
f 1532//1 1536//1 1512//1
f 1529//4 1505//4 1503//4
f 1554//1 1556//1 1555//1
f 1554//4 1553//4 1550//4
f 1552//3 1556//3 1554//3
f 1558//1 1560//1 1559//1
f 1562//4 1561//4 1559//4
f 1569//4 1568//4 1566//4
f 1578//1 1580//1 1579//1
f 1578//4 1577//4 1574//4
f 1576//3 1580//3 1578//3
f 1567//4 1566//4 1555//4
f 1555//3 1566//3 1565//3
f 1575//4 1574//4 1563//4
f 1569//1 1573//1 1572//1
f 1571//3 1573//3 1569//3
f 1562//1 1564//1 1563//1
f 1557//1 1559//1 1552//1
f 1561//4 1556//4 1552//4
f 1577//4 1573//4 1571//4
f 1570//1 1574//1 1571//1
f 1570//4 1567//4 1556//4
f 1563//3 1574//3 1570//3
f 1585//4 1584//4 1582//4
f 1590//4 1589//4 1587//4
f 1596//1 1598//1 1597//1
f 1600//4 1599//4 1597//4
f 1602//1 1604//1 1603//1
f 1607//4 1606//4 1603//4
f 1607//5 1604//5 1602//5
f 1596//4 1595//4 1591//4
f 1602//4 1601//4 1593//4
f 1585//1 1592//1 1591//1
f 1590//1 1594//1 1593//1
f 1589//4 1585//4 1583//4
f 1601//1 1603//1 1598//1
f 1606//4 1600//4 1598//4
f 1589//1 1593//1 1592//1
f 1601//4 1596//4 1592//4
f 1612//1 1614//1 1613//1
f 1612//4 1611//4 1608//4
f 1610//3 1614//3 1612//3
f 1619//4 1618//4 1616//4
f 1624//4 1623//4 1621//4
f 1622//4 1621//4 1613//4
f 1613//3 1621//3 1620//3
f 1626//4 1625//4 1618//4
f 1615//1 1616//1 1610//1
f 1618//4 1614//4 1610//4
f 1627//4 1624//4 1622//4
f 1625//4 1622//4 1614//4
f 1631//4 1630//4 1628//4
f 1635//4 1634//4 1632//4
f 1637//4 1636//4 1630//4
f 1639//4 1638//4 1634//4
f 1634//4 1631//4 1629//4
f 1638//4 1637//4 1631//4
f 1646//4 1645//4 1643//4
f 1650//4 1649//4 1647//4
f 1654//4 1653//4 1651//4
f 1653//4 1650//4 1648//4
f 1609//4 1608//4 1572//4
f 1617//4 1616//4 1579//4
f 1579//3 1616//3 1615//3
f 1615//4 1609//4 1573//4
f 1629//4 1628//4 1599//4
f 1633//4 1632//4 1606//4
f 1632//4 1629//4 1600//4
f 1624//1 1642//1 1641//1
f 1626//1 1644//1 1643//1
f 1643//3 1645//3 1627//3
f 1627//1 1645//1 1642//1
f 1637//1 1648//1 1647//1
f 1639//1 1652//1 1651//1
f 1654//5 1652//5 1639//5
f 1638//1 1651//1 1648//1
f 1581//1 1582//1 1560//1
f 1584//4 1562//4 1560//4
f 1595//1 1597//1 1576//1
f 1599//4 1580//4 1576//4
f 1584//1 1591//1 1564//1
f 1595//4 1575//4 1564//4
f 1630//4 1619//4 1617//4
f 1636//4 1626//4 1619//4
f 1649//4 1646//4 1644//4
f 1636//1 1647//1 1644//1
f 1628//4 1617//4 1580//4
f 1222//3 1391//3 1390//3
f 1394//4 1393//4 1230//4
f 1230//3 1393//3 1392//3
f 1228//3 1392//3 1391//3
f 1239//3 1407//3 1405//3
f 1417//4 1416//4 1247//4
f 1249//3 1419//3 1417//3
f 1411//4 1407//4 1239//4
f 1247//3 1416//3 1411//3
f 1238//3 1405//3 1394//3
f 1490//4 1489//4 1320//4
f 1558//4 1557//4 1356//4
f 1557//4 1551//4 1355//4
f 1583//4 1582//4 1362//4
f 1362//3 1582//3 1581//3
f 1588//4 1587//4 1368//4
f 1588//5 1369//5 1367//5
f 1587//4 1583//4 1363//4
f 1581//4 1558//4 1357//4
f 1484//1 1508//1 1507//1
f 1505//3 1508//3 1484//3
f 1483//1 1507//1 1504//1
f 1503//3 1505//3 1481//3
f 1422//1 1493//1 1492//1
f 1491//3 1493//3 1422//3
f 1495//3 1498//3 1434//3
f 1434//1 1498//1 1494//1
f 1492//3 1495//3 1433//3
f 1487//1 1515//1 1514//1
f 1514//3 1517//3 1488//3
f 1488//1 1517//1 1503//1
f 1494//3 1515//3 1487//3
f 1327//1 1357//1 1356//1
f 1326//1 1356//1 1355//1
f 1348//1 1359//1 1358//1
f 1358//3 1360//3 1349//3
f 1353//1 1365//1 1364//1
f 1367//5 1365//5 1353//5
f 1352//1 1364//1 1359//1
f 1349//1 1360//1 1357//1
f 1490//1 1551//1 1550//1
f 1268//1 1269//1 1215//1
f 1277//1 1279//1 1217//1
f 1269//1 1277//1 1216//1
f 1286//4 1235//4 1217//4
f 1309//1 1311//1 1242//1
f 1313//4 1246//4 1242//4
f 1318//1 1320//1 1249//1
f 1313//1 1318//1 1248//1
f 1286//1 1309//1 1241//1
f 1553//4 1493//4 1491//4
f 1565//1 1566//1 1497//1
f 1568//4 1501//4 1497//4
f 1568//1 1572//1 1502//1
f 1565//4 1496//4 1493//4
f 1611//4 1528//4 1526//4
f 1620//1 1621//1 1543//1
f 1623//4 1546//4 1543//4
f 1620//4 1541//4 1528//4
f 1623//1 1641//1 1549//1
f 1608//4 1526//4 1502//4
f 1489//1 1550//1 1491//1
f 1489//4 1419//4 1249//4
f 1355//3 1551//3 1490//3
f 1658//1 1660//1 1659//1
f 1662//1 1664//1 1663//1
f 1667//4 1666//4 1663//4
f 1667//5 1664//5 1662//5
f 1669//1 1671//1 1670//1
f 1676//1 1678//1 1677//1
f 1677//5 1674//5 1673//5
f 1660//1 1669//1 1668//1
f 1667//1 1676//1 1675//1
f 1675//5 1673//5 1663//5
f 1661//1 1663//1 1660//1
f 1673//1 1674//1 1671//1
f 1677//4 1672//4 1671//4
f 1663//1 1673//1 1669//1
f 1686//1 1688//1 1687//1
f 1693//1 1695//1 1694//1
f 1694//5 1691//5 1690//5
f 1697//1 1699//1 1698//1
f 1701//5 1699//5 1697//5
f 1686//4 1685//4 1680//4
f 1687//5 1682//5 1680//5
f 1698//5 1684//5 1683//5
f 1688//1 1697//1 1696//1
f 1700//5 1697//5 1688//5
f 1690//1 1691//1 1688//1
f 1694//4 1689//4 1688//4
f 1702//1 1703//1 1701//1
f 1694//1 1702//1 1700//1
f 1696//5 1683//5 1682//5
f 1707//1 1709//1 1708//1
f 1707//4 1706//4 1704//4
f 1717//1 1719//1 1718//1
f 1722//1 1724//1 1723//1
f 1726//4 1725//4 1723//4
f 1731//1 1733//1 1732//1
f 1731//4 1730//4 1727//4
f 1732//5 1729//5 1727//5
f 1717//4 1716//4 1710//4
f 1718//5 1712//5 1710//5
f 1722//4 1721//4 1713//4
f 1709//1 1714//1 1713//1
f 1719//1 1728//1 1727//1
f 1731//5 1728//5 1719//5
f 1710//1 1712//1 1709//1
f 1727//1 1729//1 1724//1
f 1732//4 1726//4 1724//4
f 1718//1 1727//1 1722//1
f 1718//4 1715//4 1709//4
f 1722//5 1714//5 1709//5
f 1738//1 1740//1 1739//1
f 1738//4 1737//4 1734//4
f 1739//5 1736//5 1734//5
f 1659//5 1656//5 1655//5
f 1671//1 1705//1 1704//1
f 1707//5 1705//5 1671//5
f 1678//1 1711//1 1710//1
f 1677//1 1710//1 1707//1
f 1717//5 1711//5 1678//5
f 1699//1 1735//1 1734//1
f 1738//5 1735//5 1699//5
f 1703//1 1741//1 1738//1
f 1680//1 1682//1 1667//1
f 1683//1 1684//1 1678//1
f 1682//1 1683//1 1676//1
f 1698//4 1679//4 1678//4
f 1734//1 1736//1 1719//1
f 1739//4 1720//4 1719//4
f 1739//1 1742//1 1731//1
f 1698//1 1734//1 1717//1
f 1750//5 1748//5 1746//5
f 1752//1 1754//1 1753//1
f 1756//5 1754//5 1752//5
f 1748//1 1752//1 1751//1
f 1755//5 1752//5 1748//5
f 1770//1 1772//1 1771//1
f 1770//4 1769//4 1766//4
f 1771//5 1768//5 1766//5
f 1774//1 1776//1 1775//1
f 1779//4 1778//4 1775//4
f 1779//5 1776//5 1774//5
f 1785//5 1783//5 1781//5
f 1794//4 1793//4 1790//4
f 1795//5 1792//5 1790//5
f 1783//4 1782//4 1771//4
f 1783//5 1772//5 1770//5
f 1788//4 1787//4 1778//4
f 1788//5 1779//5 1777//5
f 1764//1 1774//1 1773//1
f 1777//5 1774//5 1764//5
f 1783//1 1791//1 1790//1
f 1794//5 1791//5 1783//5
f 1766//1 1768//1 1764//1
f 1771//4 1765//4 1764//4
f 1790//1 1792//1 1788//1
f 1795//4 1789//4 1788//4
f 1771//1 1780//1 1777//1
f 1790//4 1786//4 1777//4
f 1790//5 1780//5 1771//5
f 1798//1 1800//1 1799//1
f 1803//4 1802//4 1799//4
f 1803//5 1800//5 1798//5
f 1809//4 1808//4 1805//4
f 1809//5 1806//5 1804//5
f 1806//4 1805//4 1802//4
f 1806//5 1803//5 1801//5
f 1798//4 1797//4 1793//4
f 1799//5 1795//5 1793//5
f 1798//5 1794//5 1785//5
f 1754//1 1767//1 1766//1
f 1770//5 1767//5 1754//5
f 1781//5 1770//5 1756//5
f 1773//1 1775//1 1760//1
f 1778//4 1761//4 1760//4
f 1816//1 1818//1 1817//1
f 1821//4 1820//4 1817//4
f 1821//5 1818//5 1816//5
f 1825//1 1827//1 1826//1
f 1826//5 1823//5 1822//5
f 1817//5 1812//5 1811//5
f 1823//5 1814//5 1813//5
f 1821//1 1825//1 1824//1
f 1824//5 1822//5 1817//5
f 1822//5 1813//5 1812//5
f 1834//5 1832//5 1831//5
f 1840//5 1838//5 1836//5
f 1847//5 1845//5 1844//5
f 1851//5 1849//5 1848//5
f 1842//5 1834//5 1833//5
f 1849//5 1840//5 1839//5
f 1839//5 1836//5 1832//5
f 1850//5 1848//5 1842//5
f 1844//1 1845//1 1842//1
f 1847//4 1843//4 1842//4
f 1844//4 1841//4 1833//4
f 1848//5 1839//5 1834//5
f 1856//4 1855//4 1852//4
f 1857//5 1854//5 1852//5
f 1864//1 1866//1 1865//1
f 1864//4 1863//4 1860//4
f 1865//5 1862//5 1860//5
f 1861//4 1860//4 1855//4
f 1862//5 1857//5 1855//5
f 1859//5 1858//5 1854//5
f 1868//5 1867//5 1862//5
f 1867//5 1859//5 1857//5
f 1832//5 1821//5 1819//5
f 1838//4 1837//4 1826//4
f 1838//5 1827//5 1825//5
f 1836//5 1825//5 1821//5
f 1854//5 1830//5 1829//5
f 1829//5 1828//5 1823//5
f 1838//1 1853//1 1852//1
f 1856//5 1853//5 1838//5
f 1864//5 1861//5 1849//5
f 1861//5 1856//5 1840//5
f 1852//5 1829//5 1826//5
f 1870//1 1872//1 1871//1
f 1875//4 1874//4 1871//4
f 1875//5 1872//5 1870//5
f 1879//1 1881//1 1880//1
f 1879//4 1878//4 1876//4
f 1889//4 1888//4 1886//4
f 1893//1 1895//1 1894//1
f 1893//4 1892//4 1890//4
f 1884//4 1883//4 1874//4
f 1887//4 1886//4 1880//4
f 1887//5 1881//5 1879//5
f 1884//1 1891//1 1890//1
f 1889//1 1898//1 1897//1
f 1897//5 1896//5 1886//5
f 1878//1 1880//1 1875//1
f 1878//4 1873//4 1870//4
f 1897//4 1893//4 1891//4
f 1886//1 1896//1 1891//1
f 1886//4 1884//4 1875//4
f 1890//5 1882//5 1874//5
f 1904//4 1903//4 1900//4
f 1905//5 1902//5 1900//5
f 1913//4 1912//4 1910//4
f 1918//4 1917//4 1914//4
f 1919//5 1916//5 1914//5
f 1923//4 1922//4 1920//4
f 1925//1 1927//1 1926//1
f 1930//4 1929//4 1926//4
f 1930//5 1927//5 1925//5
f 1921//4 1920//4 1912//4
f 1925//4 1924//4 1917//4
f 1926//5 1919//5 1917//5
f 1918//5 1915//5 1907//5
f 1914//1 1916//1 1911//1
f 1919//4 1913//4 1911//4
f 1929//4 1923//4 1921//4
f 1926//4 1921//4 1913//4
f 1932//1 1934//1 1933//1
f 1937//4 1936//4 1933//4
f 1937//5 1934//5 1932//5
f 1946//4 1945//4 1942//4
f 1946//5 1943//5 1941//5
f 1943//4 1942//4 1936//4
f 1943//5 1937//5 1935//5
f 1951//5 1950//5 1942//5
f 1939//4 1935//4 1932//4
f 1948//4 1944//4 1941//4
f 1947//4 1941//4 1935//4
f 1950//5 1940//5 1936//5
f 1911//4 1910//4 1894//4
f 1911//5 1895//5 1893//5
f 1915//4 1914//4 1897//4
f 1914//4 1909//4 1893//4
f 1915//5 1898//5 1889//5
f 1932//4 1931//4 1903//4
f 1933//5 1905//5 1903//5
f 1938//4 1932//4 1904//4
f 1900//1 1902//1 1887//1
f 1905//4 1889//4 1887//4
f 1900//4 1885//4 1879//4
f 1936//4 1908//4 1907//4
f 1951//4 1928//4 1925//4
f 1936//1 1940//1 1918//1
f 1950//4 1925//4 1918//4
f 1933//4 1907//4 1889//4
f 1748//4 1747//4 1694//4
f 1748//5 1695//5 1693//5
f 1753//5 1703//5 1702//5
f 1751//5 1702//5 1694//5
f 1760//4 1759//4 1732//4
f 1760//5 1733//5 1731//5
f 1764//4 1763//4 1739//4
f 1764//5 1740//5 1738//5
f 1766//4 1762//4 1738//4
f 1773//5 1742//5 1739//5
f 1773//4 1758//4 1731//4
f 1766//5 1741//5 1703//5
f 1870//4 1869//4 1743//4
f 1876//4 1870//4 1744//4
f 1726//1 1744//1 1743//1
f 1732//1 1745//1 1744//1
f 1760//1 1877//1 1876//1
f 1879//5 1877//5 1760//5
f 1788//1 1901//1 1900//1
f 1904//5 1901//5 1788//5
f 1795//1 1906//1 1904//1
f 1900//5 1899//5 1778//5
f 1939//5 1938//5 1799//5
f 1809//1 1949//1 1948//1
f 1948//5 1947//5 1805//5
f 1947//5 1939//5 1802//5
f 1778//1 1899//1 1879//1
f 1938//5 1906//5 1795//5
f 1811//1 1812//1 1750//1
f 1811//4 1749//4 1746//4
f 1813//1 1814//1 1756//1
f 1812//1 1813//1 1755//1
f 1823//4 1757//4 1756//4
f 1829//1 1830//1 1785//1
f 1829//4 1784//4 1781//4
f 1859//4 1801//4 1798//4
f 1868//4 1807//4 1804//4
f 1854//1 1858//1 1798//1
f 1867//4 1804//4 1801//4
f 1823//1 1828//1 1781//1
f 1854//4 1796//4 1785//4
f 1876//5 1745//5 1732//5
f 1960//2 1961//2 1958//2
f 1958//3 1961//3 1959//3
f 1965//2 1966//2 1963//2
f 1964//3 1967//3 1965//3
f 1973//2 1974//2 1971//2
f 1971//3 1974//3 1972//3
f 1978//6 1976//6 1975//6
f 1980//2 1981//2 1978//2
f 1978//3 1981//3 1979//3
f 1970//2 1971//2 1961//2
f 1961//3 1971//3 1969//3
f 1975//2 1976//2 1966//2
f 1967//3 1977//3 1975//3
f 1963//3 1966//3 1955//3
f 1982//3 1983//3 1973//3
f 1955//2 1960//2 1957//2
f 1979//2 1983//2 1982//2
f 1968//6 1960//6 1955//6
f 1976//2 1982//2 1968//2
f 1968//3 1982//3 1970//3
f 1994//2 1995//2 1992//2
f 1993//3 1996//3 1994//3
f 2001//6 1999//6 1998//6
f 2003//2 2004//2 2001//2
f 2001//3 2004//3 2002//3
f 1998//2 1999//2 1995//2
f 1996//3 2000//3 1998//3
f 1992//6 1985//6 1984//6
f 1992//3 1995//3 1986//3
f 1993//6 1991//6 1987//6
f 1990//2 1996//2 1993//2
f 1997//2 2000//2 1996//2
f 1984//2 1985//2 1974//2
f 1988//2 1989//2 1981//2
f 1981//3 1989//3 1987//3
f 1987//2 1991//2 1983//2
f 1983//3 1991//3 1984//3
f 1953//2 1967//2 1964//2
f 2009//2 2010//2 2008//2
f 2015//2 2016//2 2014//2
f 2013//2 2014//2 2010//2
f 2006//2 2009//2 2007//2
f 2012//2 2015//2 2013//2
f 2011//2 2013//2 2009//2
f 2019//2 2020//2 2018//2
f 2023//2 2024//2 2022//2
f 2027//2 2028//2 2026//2
f 2031//2 2032//2 2030//2
f 2025//2 2026//2 2020//2
f 2029//2 2030//2 2024//2
f 2020//2 2023//2 2021//2
f 2028//2 2031//2 2029//2
f 2026//2 2029//2 2023//2
f 2035//2 2036//2 2034//2
f 2039//2 2040//2 2038//2
f 2037//2 2038//2 2036//2
f 2052//6 2050//6 2049//6
f 2054//2 2055//2 2052//2
f 2052//3 2055//3 2053//3
f 2058//2 2059//2 2057//2
f 2068//6 2066//6 2065//6
f 2069//2 2070//2 2068//2
f 2076//6 2074//6 2073//6
f 2073//2 2074//2 2072//2
f 2062//2 2063//2 2055//2
f 2065//2 2066//2 2059//2
f 2060//3 2067//3 2065//3
f 2072//6 2063//6 2062//6
f 2072//3 2074//3 2064//3
f 2078//6 2070//6 2069//6
f 2060//6 2058//6 2053//6
f 2053//2 2058//2 2056//2
f 2064//2 2069//2 2067//2
f 2077//6 2069//6 2064//6
f 2063//2 2067//2 2060//2
f 2061//3 2071//3 2062//3
f 2081//2 2082//2 2080//2
f 2085//2 2086//2 2084//2
f 2090//6 2088//6 2087//6
f 2091//2 2092//2 2090//2
f 2096//6 2094//6 2093//6
f 2097//2 2098//2 2096//2
f 2087//2 2088//2 2082//2
f 2093//2 2094//2 2086//2
f 2101//6 2098//6 2097//6
f 2082//2 2085//2 2083//2
f 2095//6 2093//6 2088//6
f 2092//2 2097//2 2095//2
f 2088//2 2093//2 2085//2
f 2045//2 2046//2 2028//2
f 2047//2 2048//2 2032//2
f 2046//2 2047//2 2031//2
f 2049//2 2050//2 2040//2
f 2041//3 2051//3 2049//3
f 2056//2 2057//2 2043//2
f 2050//2 2056//2 2042//2
f 2034//3 2036//3 2006//3
f 2038//3 2040//3 2012//3
f 2043//6 2016//6 2015//6
f 2042//6 2015//6 2012//6
f 2036//3 2038//3 2011//3
f 2080//6 2046//6 2045//6
f 2084//6 2048//6 2047//6
f 2083//6 2047//6 2046//6
f 2010//2 2019//2 2017//2
f 2016//2 2027//2 2025//2
f 2014//2 2025//2 2019//2
f 2059//2 2081//2 2079//2
f 2089//6 2087//6 2066//6
f 2070//2 2091//2 2089//2
f 2099//6 2091//6 2070//6
f 2066//2 2087//2 2081//2
f 2079//6 2045//6 2044//6
f 2044//2 2045//2 2027//2
f 2043//3 2057//3 2044//3
f 2106//2 2107//2 2104//2
f 2104//3 2107//3 2105//3
f 2111//3 2113//3 2112//3
f 2116//3 2118//3 2117//3
f 2122//2 2123//2 2120//2
f 2121//3 2124//3 2122//3
f 2115//2 2116//2 2107//2
f 2107//3 2116//3 2114//3
f 2113//3 2121//3 2119//3
f 2110//3 2112//3 2106//3
f 2120//6 2116//6 2115//6
f 2120//3 2123//3 2118//3
f 2109//2 2113//2 2111//2
f 2112//3 2119//3 2115//3
f 2129//3 2131//3 2130//3
f 2134//3 2136//3 2135//3
f 2138//3 2140//3 2139//3
f 2145//3 2147//3 2146//3
f 2131//3 2138//3 2137//3
f 2136//3 2145//3 2144//3
f 2133//3 2135//3 2131//3
f 2144//3 2146//3 2140//3
f 2143//6 2142//6 2139//6
f 2139//2 2142//2 2141//2
f 2137//2 2141//2 2132//2
f 2135//3 2144//3 2138//3
f 2154//6 2152//6 2151//6
f 2156//2 2157//2 2154//2
f 2154//3 2157//3 2155//3
f 2157//3 2159//3 2158//3
f 2152//3 2155//3 2150//3
f 2164//2 2165//2 2162//2
f 2163//3 2166//3 2164//3
f 2171//6 2169//6 2168//6
f 2173//2 2174//2 2171//2
f 2171//3 2174//3 2172//3
f 2184//6 2182//6 2181//6
f 2180//3 2183//3 2181//3
f 2168//2 2169//2 2165//2
f 2166//3 2170//3 2168//3
f 2182//6 2174//6 2173//6
f 2179//3 2181//3 2173//3
f 2178//6 2176//6 2172//6
f 2172//2 2176//2 2175//2
f 2167//3 2179//3 2170//3
f 2191//6 2189//6 2188//6
f 2187//3 2190//3 2188//3
f 2196//3 2198//3 2197//3
f 2201//3 2203//3 2202//3
f 2210//6 2208//6 2207//6
f 2207//2 2208//2 2205//2
f 2206//3 2209//3 2207//3
f 2200//2 2201//2 2191//2
f 2191//3 2201//3 2199//3
f 2198//3 2206//3 2204//3
f 2195//3 2197//3 2190//3
f 2205//6 2201//6 2200//6
f 2205//3 2208//3 2203//3
f 2196//6 2195//6 2192//6
f 2194//2 2198//2 2196//2
f 2195//6 2187//6 2185//6
f 2197//3 2204//3 2200//3
f 2118//3 2149//3 2148//3
f 2151//2 2152//2 2123//2
f 2124//3 2153//3 2151//3
f 2123//3 2152//3 2149//3
f 2143//3 2187//3 2186//3
f 2147//3 2193//3 2192//3
f 2185//2 2187//2 2143//2
f 2146//3 2192//3 2185//3
f 2128//3 2130//3 2109//3
f 2141//3 2142//3 2124//3
f 2132//6 2113//6 2109//6
f 2132//3 2141//3 2121//3
f 2189//6 2157//6 2156//6
f 2186//3 2188//3 2156//3
f 2199//3 2202//3 2160//3
f 2189//3 2199//3 2159//3
f 2117//2 2127//2 2126//2
f 2114//2 2126//2 2125//2
f 2163//6 2161//6 2148//6
f 2150//2 2166//2 2163//2
f 2180//6 2179//6 2158//6
f 2160//2 2183//2 2180//2
f 2167//6 2166//6 2150//6
f 2158//2 2179//2 2167//2
f 2212//6 2211//6 2202//6
f 2211//6 2183//6 2160//6
f 2148//2 2161//2 2127//2
f 2142//3 2186//3 2153//3
f 2221//6 2219//6 2218//6
f 2223//2 2224//2 2221//2
f 2221//3 2224//3 2222//3
f 2220//6 2218//6 2214//6
f 2217//2 2223//2 2220//2
f 2233//6 2231//6 2230//6
f 2230//2 2231//2 2229//2
f 2239//6 2237//6 2236//6
f 2236//2 2237//2 2235//2
f 2229//6 2226//6 2225//6
f 2238//6 2236//6 2231//6
f 2231//2 2236//2 2234//2
f 2234//6 2227//6 2226//6
f 2232//6 2230//6 2222//6
f 2222//2 2230//2 2228//2
f 2244//6 2242//6 2241//6
f 2246//2 2247//2 2244//2
f 2244//3 2247//3 2245//3
f 2257//6 2255//6 2254//6
f 2253//3 2256//3 2254//3
f 2257//3 2259//3 2258//3
f 2255//6 2247//6 2246//6
f 2252//3 2254//3 2246//3
f 2253//6 2252//6 2248//6
f 2251//2 2256//2 2253//2
f 2252//6 2243//6 2240//6
f 2267//6 2265//6 2264//6
f 2269//2 2270//2 2267//2
f 2267//3 2270//3 2268//3
f 2279//6 2277//6 2276//6
f 2275//3 2278//3 2276//3
f 2284//6 2282//6 2281//6
f 2291//6 2289//6 2288//6
f 2293//2 2294//2 2291//2
f 2291//3 2294//3 2292//3
f 2281//2 2282//2 2272//2
f 2273//3 2283//3 2281//3
f 2279//3 2287//3 2286//3
f 2277//6 2270//6 2269//6
f 2274//3 2276//3 2269//3
f 2289//6 2284//6 2283//6
f 2289//3 2292//3 2285//3
f 2273//6 2271//6 2268//6
f 2290//6 2288//6 2286//6
f 2280//6 2273//6 2270//6
f 2286//2 2288//2 2280//2
f 2280//3 2288//3 2283//3
f 2265//6 2250//6 2249//6
f 2265//3 2268//3 2251//3
f 2272//6 2257//6 2256//6
f 2271//6 2256//6 2251//6
f 2272//3 2282//3 2259//3
f 2275//6 2274//6 2261//6
f 2263//2 2278//2 2275//2
f 2274//6 2266//6 2260//6
f 2300//6 2298//6 2297//6
f 2297//2 2298//2 2296//2
f 2310//6 2308//6 2307//6
f 2315//6 2313//6 2312//6
f 2317//2 2318//2 2315//2
f 2315//3 2318//3 2316//3
f 2324//6 2322//6 2321//6
f 2321//2 2322//2 2320//2
f 2305//2 2306//2 2300//2
f 2300//3 2306//3 2304//3
f 2307//2 2308//2 2302//2
f 2313//6 2306//6 2305//6
f 2320//6 2310//6 2309//6
f 2320//3 2322//3 2311//3
f 2309//6 2307//6 2304//6
f 2323//6 2321//6 2316//6
f 2316//2 2321//2 2319//2
f 2319//6 2309//6 2306//6
f 2304//2 2307//2 2301//2
f 2303//3 2312//3 2305//3
f 2332//6 2330//6 2329//6
f 2333//2 2334//2 2332//2
f 2338//6 2336//6 2335//6
f 2339//2 2340//2 2338//2
f 2344//6 2342//6 2341//6
f 2348//6 2346//6 2345//6
f 2329//2 2330//2 2326//2
f 2335//2 2336//2 2328//2
f 2342//6 2334//6 2333//6
f 2346//6 2340//6 2339//6
f 2337//6 2335//6 2330//6
f 2334//2 2339//2 2337//2
f 2347//6 2345//6 2342//6
f 2345//6 2339//6 2334//6
f 2330//2 2335//2 2327//2
f 2354//6 2352//6 2351//6
f 2350//3 2353//3 2351//3
f 2361//6 2359//6 2358//6
f 2359//6 2354//6 2353//6
f 2357//6 2355//6 2352//6
f 2372//6 2370//6 2369//6
f 2378//6 2376//6 2375//6
f 2376//6 2372//6 2371//6
f 2377//6 2375//6 2373//6
f 2375//6 2371//6 2368//6
f 2382//6 2380//6 2379//6
f 2386//6 2384//6 2383//6
f 2390//6 2388//6 2387//6
f 2394//6 2392//6 2391//6
f 2388//6 2382//6 2381//6
f 2392//6 2386//6 2385//6
f 2385//6 2383//6 2380//6
f 2393//6 2391//6 2388//6
f 2391//6 2385//6 2382//6
f 2364//2 2365//2 2344//2
f 2366//2 2367//2 2348//2
f 2365//2 2366//2 2347//2
f 2369//2 2370//2 2356//2
f 2357//3 2371//3 2369//3
f 2361//3 2374//3 2373//3
f 2368//2 2371//2 2357//2
f 2359//3 2373//3 2368//3
f 2352//6 2318//6 2317//6
f 2349//3 2351//3 2317//3
f 2356//6 2324//6 2323//6
f 2355//6 2323//6 2318//6
f 2380//6 2365//6 2364//6
f 2384//6 2367//6 2366//6
f 2383//6 2366//6 2365//6
f 2331//6 2329//6 2308//6
f 2311//2 2333//2 2331//2
f 2343//6 2341//6 2322//6
f 2341//6 2333//6 2311//6
f 2308//2 2329//2 2325//2
f 2381//6 2379//6 2370//6
f 2389//6 2387//6 2376//6
f 2387//6 2381//6 2372//6
f 2379//6 2364//6 2363//6
f 2363//2 2364//2 2343//2
f 2356//3 2370//3 2363//3
f 2384//5 2362//5 2348//5
f 2215//2 2216//2 2076//2
f 2076//3 2216//3 2214//3
f 2218//2 2219//2 2078//2
f 2214//2 2218//2 2077//2
f 2225//2 2226//2 2092//2
f 2234//2 2235//2 2101//2
f 2226//2 2227//2 2097//2
f 2099//3 2228//3 2225//3
f 2234//5 2100//5 2097//5
f 2219//2 2228//2 2099//2
f 2241//2 2242//2 2177//2
f 2178//3 2243//3 2241//3
f 2249//2 2250//2 2184//2
f 2184//3 2250//3 2248//3
f 2240//2 2243//2 2178//2
f 2182//3 2248//3 2240//3
f 2210//3 2262//3 2261//3
f 2208//3 2261//3 2260//3
f 2212//3 2266//3 2264//3
f 2260//2 2266//2 2212//2
f 2211//3 2264//3 2249//3
f 2102//3 2105//3 1953//3
f 2126//3 2127//3 1980//3
f 2125//3 2126//3 1977//3
f 2162//6 1989//6 1988//6
f 2162//3 2165//3 1990//3
f 2177//6 2004//6 2003//6
f 2175//3 2176//3 2003//3
f 2175//6 2000//6 1997//6
f 2165//3 2169//3 1997//3
f 2125//6 1967//6 1953//6
f 2127//3 2161//3 1988//3
f 2296//6 2216//6 2215//6
f 2296//3 2298//3 2217//3
f 2302//6 2224//6 2223//6
f 2301//6 2223//6 2217//6
f 2326//6 2233//6 2232//6
f 2328//6 2239//6 2238//6
f 2327//6 2238//6 2233//6
f 2325//6 2232//6 2224//6
f 1959//2 2035//2 2033//2
f 2041//6 2039//6 1972//6
f 1972//2 2039//2 2037//2
f 1969//2 2037//2 2035//2
f 1986//2 2054//2 2051//2
f 2075//6 2073//6 2002//6
f 2002//2 2073//2 2071//2
f 2061//6 2054//6 1986//6
f 1999//2 2071//2 2061//2
f 1985//2 2051//2 2041//2
f 2299//6 2297//6 2245//6
f 2245//2 2297//2 2295//2
f 2314//6 2312//6 2258//6
f 2303//6 2299//6 2247//6
f 2258//2 2312//2 2303//2
f 2350//6 2349//6 2282//6
f 2285//2 2353//2 2350//2
f 2360//6 2358//6 2292//6
f 2358//6 2353//6 2285//6
f 2349//6 2314//6 2259//6
f 2295//6 2215//6 2213//6
f 2213//2 2215//2 2075//2
f 2177//3 2242//3 2213//3
f 2397//2 2398//2 2396//2
f 2403//2 2404//2 2402//2
f 2401//2 2402//2 2398//2
f 2398//2 2400//2 2399//2
f 2402//2 2405//2 2400//2
f 2408//2 2409//2 2407//2
f 2417//2 2418//2 2415//2
f 2419//5 2416//5 2415//5
f 2414//2 2415//2 2409//2
f 2416//5 2410//5 2409//5
f 2413//2 2417//2 2414//2
f 2424//2 2425//2 2422//2
f 2424//5 2421//5 2420//5
f 2432//2 2433//2 2430//2
f 2432//5 2429//5 2428//5
f 2436//2 2437//2 2435//2
f 2446//2 2447//2 2444//2
f 2446//5 2443//5 2442//5
f 2434//2 2435//2 2425//2
f 2443//2 2444//2 2433//2
f 2443//5 2432//5 2431//5
f 2427//5 2426//5 2422//5
f 2440//6 2437//6 2436//6
f 2440//5 2438//5 2435//5
f 2427//2 2431//2 2428//2
f 2446//6 2445//6 2440//6
f 2440//2 2445//2 2442//2
f 2438//2 2442//2 2431//2
f 2438//5 2427//5 2425//5
f 2454//6 2452//6 2451//6
f 2451//2 2452//2 2450//2
f 2458//6 2456//6 2455//6
f 2460//2 2461//2 2458//2
f 2460//5 2457//5 2455//5
f 2466//2 2467//2 2465//2
f 2479//6 2477//6 2476//6
f 2476//2 2477//2 2474//2
f 2479//5 2475//5 2474//5
f 2464//2 2465//2 2454//2
f 2464//5 2453//5 2451//5
f 2468//2 2469//2 2461//2
f 2472//6 2467//6 2466//6
f 2472//5 2470//5 2465//5
f 2474//6 2469//6 2468//6
f 2460//6 2459//6 2452//6
f 2452//2 2459//2 2455//2
f 2472//2 2476//2 2473//2
f 2473//6 2468//6 2465//6
f 2465//2 2468//2 2460//2
f 2474//5 2462//5 2461//5
f 2488//6 2486//6 2485//6
f 2485//2 2486//2 2483//2
f 2488//5 2484//5 2483//5
f 2494//2 2495//2 2493//2
f 2492//2 2493//2 2488//2
f 2492//5 2487//5 2485//5
f 2485//5 2482//5 2480//5
f 2488//2 2490//2 2489//2
f 2449//2 2450//2 2413//2
f 2455//2 2456//2 2418//2
f 2458//5 2419//5 2418//5
f 2450//2 2455//2 2417//2
f 2482//2 2483//2 2440//2
f 2484//5 2441//5 2440//5
f 2484//2 2489//2 2446//2
f 2482//5 2439//5 2436//5
f 2413//6 2404//6 2403//6
f 2413//5 2411//5 2402//5
f 2408//5 2406//5 2399//5
f 2414//6 2405//6 2402//6
f 2414//5 2408//5 2400//5
f 2424//6 2423//6 2409//6
f 2409//2 2423//2 2420//2
f 2419//2 2436//2 2434//2
f 2416//2 2434//2 2424//2
f 2461//2 2481//2 2480//2
f 2492//6 2491//6 2474//6
f 2479//2 2494//2 2492//2
f 2485//6 2481//6 2461//6
f 2474//2 2491//2 2485//2
f 2458//2 2480//2 2436//2
f 2449//5 2412//5 2403//5
f 2502//5 2499//5 2498//5
f 2511//6 2509//6 2508//6
f 2508//2 2509//2 2506//2
f 2511//5 2507//5 2506//5
f 2519//5 2516//5 2515//5
f 2531//6 2529//6 2528//6
f 2528//2 2529//2 2526//2
f 2531//5 2527//5 2526//5
f 2521//2 2522//2 2511//2
f 2521//5 2510//5 2508//5
f 2527//5 2514//5 2513//5
f 2513//5 2512//5 2507//5
f 2526//6 2522//6 2521//6
f 2528//5 2525//5 2521//5
f 2521//6 2520//6 2515//6
f 2519//2 2523//2 2521//2
f 2528//6 2523//6 2519//6
f 2515//2 2520//2 2508//2
f 2526//5 2513//5 2511//5
f 2536//5 2533//5 2532//5
f 2505//2 2506//2 2501//2
f 2507//5 2502//5 2501//5
f 2535//6 2531//6 2530//6
f 2535//5 2532//5 2527//5
f 2542//5 2540//5 2539//5
f 2546//2 2547//2 2544//2
f 2548//5 2545//5 2544//5
f 2558//6 2556//6 2555//6
f 2555//2 2556//2 2553//2
f 2558//5 2554//5 2553//5
f 2550//5 2542//5 2541//5
f 2552//2 2553//2 2547//2
f 2554//5 2548//5 2547//5
f 2546//5 2543//5 2540//5
f 2555//5 2552//5 2550//5
f 2552//5 2546//5 2542//5
f 2562//5 2560//5 2559//5
f 2569//5 2567//5 2566//5
f 2573//5 2571//5 2570//5
f 2577//5 2575//5 2574//5
f 2571//5 2562//5 2561//5
f 2579//5 2569//5 2568//5
f 2576//5 2574//5 2571//5
f 2568//5 2566//5 2563//5
f 2562//2 2564//2 2563//2
f 2579//6 2578//6 2574//6
f 2568//6 2564//6 2562//6
f 2574//2 2578//2 2568//2
f 2574//5 2565//5 2562//5
f 2585//5 2582//5 2581//5
f 2590//6 2588//6 2587//6
f 2592//2 2593//2 2590//2
f 2592//5 2589//5 2587//5
f 2599//6 2597//6 2596//6
f 2599//5 2595//5 2594//5
f 2606//5 2604//5 2603//5
f 2601//5 2592//5 2591//5
f 2604//5 2598//5 2596//5
f 2597//6 2593//6 2592//6
f 2597//5 2594//5 2590//5
f 2605//5 2603//5 2601//5
f 2603//5 2596//5 2592//5
f 2582//2 2583//2 2558//2
f 2582//5 2557//5 2555//5
f 2581//5 2555//5 2551//5
f 2590//5 2573//5 2572//5
f 2595//5 2577//5 2576//5
f 2594//5 2576//5 2573//5
f 2561//5 2559//5 2545//5
f 2572//5 2570//5 2554//5
f 2570//5 2561//5 2548//5
f 2588//6 2583//6 2582//6
f 2591//5 2587//5 2582//5
f 2600//5 2591//5 2585//5
f 2588//5 2572//5 2558//5
f 2610//6 2608//6 2607//6
f 2612//2 2613//2 2610//2
f 2612//5 2609//5 2607//5
f 2615//6 2614//6 2608//6
f 2613//2 2617//2 2615//2
f 2627//6 2625//6 2624//6
f 2624//2 2625//2 2622//2
f 2627//5 2623//5 2622//5
f 2633//6 2631//6 2630//6
f 2643//6 2641//6 2640//6
f 2640//2 2641//2 2638//2
f 2643//5 2639//5 2638//5
f 2647//6 2645//6 2644//6
f 2630//2 2631//2 2619//2
f 2633//5 2620//5 2619//5
f 2635//2 2636//2 2627//2
f 2647//5 2629//5 2628//5
f 2638//6 2633//6 2632//6
f 2640//5 2637//5 2632//5
f 2645//6 2636//6 2635//6
f 2626//6 2624//6 2619//6
f 2646//6 2644//6 2638//6
f 2643//2 2648//2 2646//2
f 2644//6 2635//6 2633//6
f 2633//2 2635//2 2626//2
f 2645//5 2628//5 2627//5
f 2652//6 2650//6 2649//6
f 2660//6 2658//6 2657//6
f 2657//2 2658//2 2655//2
f 2660//5 2656//5 2655//5
f 2655//6 2652//6 2651//6
f 2657//5 2654//5 2651//5
f 2662//6 2661//6 2655//6
f 2673//6 2671//6 2670//6
f 2670//2 2671//2 2668//2
f 2673//5 2669//5 2668//5
f 2679//6 2677//6 2676//6
f 2677//6 2673//6 2672//6
f 2677//5 2675//5 2669//5
f 2672//6 2670//6 2665//6
f 2676//6 2672//6 2666//6
f 2687//6 2685//6 2684//6
f 2689//5 2686//5 2684//5
f 2695//6 2693//6 2692//6
f 2697//5 2694//5 2692//5
f 2701//6 2699//6 2698//6
f 2705//6 2703//6 2702//6
f 2707//5 2704//5 2702//5
f 2698//2 2699//2 2682//2
f 2701//5 2683//5 2682//5
f 2705//5 2691//5 2690//5
f 2703//6 2701//6 2700//6
f 2693//6 2687//6 2686//6
f 2696//5 2692//5 2686//5
f 2689//6 2688//6 2682//6
f 2682//2 2688//2 2684//2
f 2697//6 2696//6 2690//6
f 2696//6 2689//6 2683//6
f 2703//5 2690//5 2683//5
f 2711//6 2709//6 2708//6
f 2715//6 2713//6 2712//6
f 2713//6 2711//6 2710//6
f 2717//6 2716//6 2713//6
f 2708//2 2709//2 2665//2
f 2711//5 2666//5 2665//5
f 2717//5 2678//5 2676//5
f 2713//2 2716//2 2676//2
f 2713//5 2674//5 2666//5
f 2665//6 2643//6 2642//6
f 2668//6 2647//6 2646//6
f 2670//5 2667//5 2646//5
f 2670//6 2648//6 2643//6
f 2682//6 2660//6 2659//6
f 2682//5 2680//5 2656//5
f 2684//6 2662//6 2656//6
f 2698//5 2681//5 2659//5
f 2651//6 2649//6 2622//6
f 2627//2 2653//2 2651//2
f 2659//6 2657//6 2628//6
f 2657//6 2653//6 2627//6
f 2647//2 2663//2 2659//2
f 2700//6 2698//6 2668//6
f 2707//6 2706//6 2677//6
f 2677//2 2706//2 2702//2
f 2702//6 2700//6 2669//6
f 2698//6 2663//6 2647//6
f 2607//2 2608//2 2472//2
f 2615//2 2616//2 2479//2
f 2615//5 2478//5 2476//5
f 2608//2 2614//2 2476//2
f 2649//2 2650//2 2518//2
f 2652//5 2519//5 2518//5
f 2662//5 2530//5 2528//5
f 2655//2 2661//2 2528//2
f 2655//5 2524//5 2519//5
f 2684//2 2685//2 2535//2
f 2687//5 2536//5 2535//5
f 2695//5 2538//5 2537//5
f 2693//5 2537//5 2536//5
f 2622//2 2649//2 2517//2
f 2684//5 2534//5 2530//5
f 2497//5 2496//5 2430//5
f 2501//6 2447//6 2446//6
f 2501//5 2498//5 2444//5
f 2498//5 2497//5 2433//5
f 2518//6 2495//6 2494//6
f 2518//5 2515//5 2493//5
f 2508//5 2505//5 2489//5
f 2508//6 2490//6 2488//6
f 2515//5 2504//5 2488//5
f 2517//6 2494//6 2479//6
f 2505//5 2500//5 2446//5
f 2619//6 2613//6 2612//6
f 2622//6 2616//6 2615//6
f 2624//5 2621//5 2615//5
f 2624//6 2617//6 2613//6
f 2497//2 2541//2 2539//2
f 2550//6 2549//6 2498//6
f 2502//2 2551//2 2550//2
f 2498//2 2549//2 2541//2
f 2585//6 2584//6 2513//6
f 2513//2 2584//2 2581//2
f 2581//6 2580//6 2507//6
f 2527//2 2586//2 2585//2
f 2601//6 2600//6 2532//6
f 2536//2 2602//2 2601//2
f 2606//6 2605//6 2537//6
f 2605//6 2602//6 2536//6
f 2600//6 2586//6 2527//6
f 2507//2 2580//2 2551//2
f 2622//5 2503//5 2479//5
f 2719//3 2721//3 2720//3
f 2723//3 2726//3 2724//3
f 2728//3 2730//3 2729//3
f 2732//1 2734//1 2733//1
f 2735//2 2736//2 2732//2
f 2733//3 2737//3 2735//3
f 2721//3 2728//3 2727//3
f 2733//2 2734//2 2726//2
f 2726//3 2734//3 2732//3
f 2722//3 2724//3 2721//3
f 2732//3 2736//3 2730//3
f 2724//3 2732//3 2728//3
f 2742//1 2744//1 2743//1
f 2743//2 2744//2 2740//2
f 2740//3 2744//3 2742//3
f 2746//1 2748//1 2747//1
f 2747//3 2750//3 2749//3
f 2743//3 2752//3 2751//3
f 2740//1 2746//1 2745//1
f 2745//3 2749//3 2743//3
f 2749//3 2754//3 2752//3
f 2756//3 2758//3 2757//3
f 2763//2 2764//2 2761//2
f 2762//3 2765//3 2763//3
f 2770//3 2773//3 2771//3
f 2777//2 2778//2 2775//2
f 2776//3 2779//3 2777//3
f 2758//3 2767//3 2766//3
f 2774//2 2775//2 2764//2
f 2765//3 2776//3 2774//3
f 2761//3 2764//3 2758//3
f 2775//3 2778//3 2768//3
f 2770//6 2769//6 2766//6
f 2768//2 2773//2 2770//2
f 2766//2 2769//2 2759//2
f 2764//3 2775//3 2767//3
f 2730//3 2756//3 2755//3
f 2760//2 2761//2 2736//2
f 2737//3 2762//3 2760//3
f 2736//3 2761//3 2756//3
f 2726//1 2742//1 2741//1
f 2738//3 2742//3 2726//3
f 2751//3 2753//3 2737//3
f 2741//3 2751//3 2733//3
f 2753//3 2780//3 2762//3
f 2782//1 2784//1 2783//1
f 2783//3 2786//3 2785//3
f 2790//1 2792//1 2791//1
f 2795//4 2794//4 2791//4
f 2791//3 2794//3 2793//3
f 2797//1 2799//1 2798//1
f 2784//1 2790//1 2789//1
f 2789//3 2793//3 2786//3
f 2787//1 2788//1 2784//1
f 2796//1 2798//1 2792//1
f 2788//1 2796//1 2790//1
f 2805//1 2807//1 2806//1
f 2803//3 2807//3 2805//3
f 2809//1 2811//1 2810//1
f 2813//4 2812//4 2810//4
f 2815//1 2817//1 2816//1
f 2819//1 2821//1 2820//1
f 2824//4 2823//4 2816//4
f 2816//3 2823//3 2822//3
f 2826//4 2825//4 2820//4
f 2807//1 2815//1 2814//1
f 2813//1 2819//1 2818//1
f 2808//1 2810//1 2803//1
f 2812//4 2807//4 2803//4
f 2818//1 2820//1 2817//1
f 2812//1 2818//1 2815//1
f 2825//4 2824//4 2817//4
f 2828//1 2830//1 2829//1
f 2832//4 2831//4 2829//4
f 2834//1 2836//1 2835//1
f 2838//4 2837//4 2835//4
f 2840//1 2842//1 2841//1
f 2850//1 2852//1 2851//1
f 2855//4 2854//4 2851//4
f 2855//5 2852//5 2850//5
f 2848//4 2847//4 2841//4
f 2848//5 2842//5 2840//5
f 2850//4 2849//4 2843//4
f 2832//1 2840//1 2839//1
f 2838//1 2844//1 2843//1
f 2833//1 2835//1 2830//1
f 2837//4 2832//4 2830//4
f 2849//1 2851//1 2848//1
f 2837//1 2843//1 2840//1
f 2849//4 2846//4 2840//4
f 2850//5 2844//5 2838//5
f 2795//1 2805//1 2804//1
f 2802//3 2805//3 2795//3
f 2799//1 2809//1 2808//1
f 2798//1 2808//1 2802//1
f 2801//1 2828//1 2827//1
f 2827//1 2829//1 2811//1
f 2831//4 2813//4 2811//4
f 2839//1 2841//1 2821//1
f 2831//1 2839//1 2819//1
f 2847//4 2826//4 2821//4
f 2800//1 2827//1 2809//1
f 2863//4 2862//4 2860//4
f 2868//1 2870//1 2869//1
f 2868//4 2867//4 2864//4
f 2869//5 2866//5 2864//5
f 2874//4 2873//4 2871//4
f 2879//4 2878//4 2876//4
f 2881//1 2883//1 2882//1
f 2886//4 2885//4 2882//4
f 2886//5 2883//5 2881//5
f 2877//4 2876//4 2869//4
f 2881//4 2880//4 2873//4
f 2882//5 2875//5 2873//5
f 2879//1 2889//1 2888//1
f 2888//5 2887//5 2876//5
f 2873//1 2875//1 2870//1
f 2873//4 2868//4 2865//4
f 2885//4 2879//4 2877//4
f 2882//4 2877//4 2870//4
f 2894//4 2893//4 2891//4
f 2898//4 2897//4 2895//4
f 2902//4 2901//4 2899//4
f 2900//4 2899//4 2893//4
f 2904//4 2903//4 2897//4
f 2897//4 2894//4 2892//4
f 2905//4 2902//4 2900//4
f 2903//4 2900//4 2894//4
f 2912//4 2911//4 2908//4
f 2920//4 2919//4 2916//4
f 2920//5 2917//5 2915//5
f 2924//6 2922//6 2921//6
f 2926//4 2925//4 2921//4
f 2924//4 2923//4 2911//4
f 2924//5 2912//5 2910//5
f 2926//6 2914//6 2913//6
f 2911//4 2907//4 2906//4
f 2923//6 2921//6 2915//6
f 2925//4 2918//4 2915//4
f 2923//4 2917//4 2907//4
f 2933//4 2932//4 2929//4
f 2933//5 2930//5 2928//5
f 2935//1 2937//1 2936//1
f 2940//4 2939//4 2936//4
f 2940//5 2937//5 2935//5
f 2948//4 2947//4 2944//4
f 2948//5 2945//5 2943//5
f 2955//5 2953//5 2952//5
f 2945//4 2944//4 2932//4
f 2945//5 2933//5 2931//5
f 2950//5 2940//5 2938//5
f 2942//5 2941//5 2929//5
f 2954//5 2952//5 2944//5
f 2942//4 2938//4 2935//4
f 2952//1 2953//1 2950//1
f 2955//4 2951//4 2950//4
f 2929//1 2941//1 2935//1
f 2952//4 2949//4 2938//4
f 2952//5 2942//5 2932//5
f 2959//4 2958//4 2956//4
f 2961//4 2960//4 2958//4
f 2909//4 2908//4 2862//4
f 2908//4 2906//4 2859//4
f 2930//4 2929//4 2885//4
f 2930//5 2886//5 2884//5
f 2935//4 2934//4 2888//4
f 2936//5 2890//5 2888//5
f 2929//4 2927//4 2879//4
f 2935//5 2889//5 2879//5
f 2957//4 2956//4 2901//4
f 2898//5 2896//5 2857//5
f 2904//6 2861//6 2860//6
f 2905//5 2903//5 2860//5
f 2905//6 2862//6 2859//6
f 2904//5 2898//5 2858//5
f 2959//5 2957//5 2906//5
f 2961//6 2917//6 2916//6
f 2962//5 2960//5 2916//5
f 2961//5 2959//5 2907//5
f 2893//4 2874//4 2872//4
f 2901//4 2884//4 2881//4
f 2899//4 2881//4 2874//4
f 2958//4 2931//4 2928//4
f 2962//4 2946//4 2943//4
f 2960//4 2943//4 2931//4
f 2956//4 2928//4 2884//4
f 2957//5 2902//5 2859//5
f 2968//6 2966//6 2965//6
f 2970//2 2971//2 2968//2
f 2968//3 2971//3 2969//3
f 2975//2 2976//2 2973//2
f 2974//3 2977//3 2975//3
f 2984//2 2985//2 2982//2
f 2988//2 2989//2 2987//2
f 2979//2 2980//2 2971//2
f 2981//2 2982//2 2976//2
f 2977//3 2983//3 2981//3
f 2973//3 2976//3 2964//3
f 2987//6 2980//6 2979//6
f 2964//2 2970//2 2967//2
f 2985//2 2988//2 2986//2
f 2978//6 2970//6 2964//6
f 2982//2 2986//2 2978//2
f 2978//3 2986//3 2979//3
f 2996//6 2994//6 2993//6
f 2997//2 2998//2 2996//2
f 3004//6 3002//6 3001//6
f 3000//3 3003//3 3001//3
f 2993//2 2994//2 2991//2
f 2992//3 2995//3 2993//3
f 3007//6 2998//6 2997//6
f 3005//3 3006//3 2997//3
f 3009//6 3004//6 3003//6
f 3000//6 2999//6 2994//6
f 2998//2 3003//2 3000//2
f 3008//6 3003//6 2998//6
f 3014//2 3015//2 3012//2
f 3016//5 3013//5 3012//5
f 3020//6 3018//6 3017//6
f 3021//2 3022//2 3020//2
f 3026//2 3027//2 3024//2
f 3036//2 3037//2 3034//2
f 3036//5 3033//5 3032//5
f 3028//2 3029//2 3015//2
f 3030//5 3016//5 3015//5
f 3033//2 3034//2 3022//2
f 3024//1 3029//1 3028//1
f 3031//5 3029//5 3024//5
f 3019//6 3017//6 3012//6
f 3016//2 3021//2 3019//2
f 3032//1 3033//1 3030//1
f 3031//2 3035//2 3032//2
f 3030//2 3033//2 3021//2
f 3028//5 3014//5 3010//5
f 3042//6 3040//6 3039//6
f 3043//2 3044//2 3042//2
f 3048//6 3046//6 3045//6
f 3047//6 3045//6 3040//6
f 3044//2 3049//2 3047//2
f 3062//6 3060//6 3059//6
f 3059//2 3060//2 3058//2
f 3067//6 3065//6 3064//6
f 3069//2 3070//2 3067//2
f 3069//5 3066//5 3064//5
f 3080//6 3078//6 3077//6
f 3082//2 3083//2 3080//2
f 3082//5 3079//5 3077//5
f 3064//2 3065//2 3055//2
f 3067//5 3056//5 3055//5
f 3071//2 3072//2 3062//2
f 3075//6 3070//6 3069//6
f 3075//5 3073//5 3067//5
f 3078//6 3072//6 3071//6
f 3061//6 3059//6 3055//6
f 3082//6 3081//6 3075//6
f 3075//2 3081//2 3077//2
f 3077//6 3071//6 3067//6
f 3067//2 3071//2 3061//2
f 3078//5 3063//5 3062//5
f 3011//2 3012//2 2985//2
f 3017//2 3018//2 2989//2
f 3012//2 3017//2 2988//2
f 3039//2 3040//2 3007//2
f 3045//2 3046//2 3009//2
f 3040//2 3045//2 3008//2
f 3009//3 3046//3 3038//3
f 3052//5 3051//5 3034//5
f 3051//5 3050//5 3022//5
f 3055//6 3044//6 3043//6
f 3058//6 3048//6 3047//6
f 3059//5 3057//5 3047//5
f 3059//6 3049//6 3044//6
f 2992//6 2990//6 2969//6
f 2989//2 3006//2 3005//2
f 3005//6 2995//6 2980//6
f 2980//2 2995//2 2992//2
f 3041//6 3039//6 3018//6
f 3022//2 3043//2 3041//2
f 3069//6 3068//6 3052//6
f 3052//2 3068//2 3064//2
f 3051//2 3064//2 3054//2
f 3054//6 3043//6 3022//6
f 3018//2 3039//2 3006//2
f 3100//6 3098//6 3097//6
f 3107//6 3105//6 3104//6
f 3107//4 3106//4 3102//4
f 3107//5 3103//5 3101//5
f 3111//6 3109//6 3108//6
f 3113//4 3112//4 3108//4
f 3111//4 3110//4 3091//4
f 3105//6 3095//6 3094//6
f 3113//6 3100//6 3099//6
f 3113//5 3109//5 3096//5
f 3099//6 3097//6 3093//6
f 3110//6 3108//6 3101//6
f 3112//4 3105//4 3101//4
f 3112//6 3099//6 3095//6
f 3117//6 3115//6 3114//6
f 3121//6 3119//6 3118//6
f 3125//6 3123//6 3122//6
f 3129//6 3127//6 3126//6
f 3123//6 3117//6 3116//6
f 3127//6 3121//6 3120//6
f 3120//6 3118//6 3115//6
f 3128//6 3126//6 3123//6
f 3126//6 3120//6 3117//6
f 3133//6 3131//6 3130//6
f 3137//6 3135//6 3134//6
f 3141//6 3139//6 3138//6
f 3145//6 3143//6 3142//6
f 3139//6 3133//6 3132//6
f 3143//6 3137//6 3136//6
f 3136//6 3134//6 3131//6
f 3144//6 3142//6 3139//6
f 3142//6 3136//6 3133//6
f 3149//6 3147//6 3146//6
f 3151//2 3152//2 3149//2
f 3151//5 3148//5 3146//5
f 3156//6 3154//6 3153//6
f 3162//6 3160//6 3159//6
f 3162//5 3158//5 3157//5
f 3166//6 3164//6 3163//6
f 3169//5 3161//5 3159//5
f 3160//6 3152//6 3151//6
f 3160//5 3157//5 3149//5
f 3164//6 3156//6 3155//6
f 3155//6 3153//6 3147//6
f 3165//6 3163//6 3157//6
f 3162//2 3167//2 3165//2
f 3163//6 3155//6 3149//6
f 3173//6 3171//6 3170//6
f 3114//2 3115//2 3085//2
f 3086//3 3116//3 3114//3
f 3145//4 3144//4 3087//4
f 3166//5 3090//5 3089//5
f 3173//4 3172//4 3094//4
f 3173//5 3095//5 3093//5
f 3174//4 3171//4 3093//4
f 3175//5 3104//5 3094//5
f 3147//6 3125//6 3124//6
f 3154//6 3129//6 3128//6
f 3153//6 3128//6 3125//6
f 3098//6 3088//6 3087//6
f 3171//6 3141//6 3140//6
f 3174//6 3144//6 3141//6
f 3106//6 3104//6 3089//6
f 3132//6 3130//6 3119//6
f 3140//6 3138//6 3127//6
f 3138//6 3132//6 3121//6
f 3172//6 3170//6 3154//6
f 3175//6 3172//6 3156//6
f 3170//6 3140//6 3129//6
f 3175//4 3164//4 3089//4
f 3174//5 3097//5 3087//5
f 3182//6 3180//6 3179//6
f 3182//5 3178//5 3177//5
f 3186//6 3184//6 3183//6
f 3184//6 3182//6 3181//6
f 3190//6 3188//6 3187//6
f 3197//6 3195//6 3194//6
f 3197//5 3193//5 3192//5
f 3195//6 3190//6 3189//6
f 3211//6 3209//6 3208//6
f 3211//4 3210//4 3206//4
f 3211//5 3207//5 3205//5
f 3207//5 3200//5 3199//5
f 3209//6 3204//6 3203//6
f 3209//5 3205//5 3201//5
f 3219//6 3217//6 3216//6
f 3221//4 3220//4 3216//4
f 3222//5 3218//5 3216//5
f 3226//6 3224//6 3223//6
f 3228//4 3227//4 3223//4
f 3229//5 3225//5 3223//5
f 3234//6 3232//6 3231//6
f 3236//5 3233//5 3231//5
f 3234//4 3233//4 3214//4
f 3234//5 3215//5 3213//5
f 3228//6 3215//6 3214//6
f 3228//5 3224//5 3212//5
f 3222//6 3220//6 3213//6
f 3222//4 3215//4 3212//4
f 3230//6 3218//6 3212//6
f 3237//4 3232//4 3213//4
f 3238//5 3227//5 3214//5
f 3245//6 3243//6 3242//6
f 3245//4 3244//4 3240//4
f 3245//5 3241//5 3239//5
f 3251//5 3249//5 3248//5
f 3257//5 3255//5 3253//5
f 3261//5 3259//5 3258//5
f 3254//4 3253//4 3242//4
f 3255//5 3244//5 3242//5
f 3263//5 3251//5 3250//5
f 3250//5 3248//5 3240//5
f 3264//5 3262//5 3255//5
f 3251//4 3247//4 3246//4
f 3263//6 3262//6 3258//6
f 3264//4 3260//4 3258//4
f 3264//6 3257//6 3252//6
f 3263//4 3259//4 3247//4
f 3262//5 3250//5 3244//5
f 3272//6 3270//6 3269//6
f 3274//5 3271//5 3269//5
f 3281//5 3279//5 3278//5
f 3285//6 3283//6 3282//6
f 3290//6 3288//6 3287//6
f 3292//5 3289//5 3287//5
f 3282//2 3283//2 3267//2
f 3285//5 3268//5 3267//5
f 3290//5 3277//5 3276//5
f 3288//6 3285//6 3284//6
f 3291//5 3287//5 3284//5
f 3280//5 3278//5 3271//5
f 3274//6 3273//6 3267//6
f 3281//6 3280//6 3276//6
f 3281//4 3277//4 3275//4
f 3280//6 3274//6 3268//6
f 3288//5 3276//5 3268//5
f 3298//6 3296//6 3295//6
f 3298//5 3294//5 3293//5
f 3307//6 3305//6 3304//6
f 3307//4 3306//4 3302//4
f 3307//5 3303//5 3301//5
f 3312//5 3310//5 3308//5
f 3309//4 3308//4 3295//4
f 3310//5 3297//5 3295//5
f 3314//5 3306//5 3304//5
f 3305//6 3298//6 3297//6
f 3305//5 3301//5 3294//5
f 3315//5 3313//5 3310//5
f 3300//6 3299//6 3293//6
f 3313//5 3304//5 3297//5
f 3272//4 3271//4 3203//4
f 3272//5 3204//5 3202//5
f 3279//5 3210//5 3208//5
f 3278//5 3208//5 3203//5
f 3300//5 3257//5 3256//5
f 3303//5 3261//5 3260//5
f 3300//4 3294//4 3252//4
f 3301//5 3260//5 3252//5
f 3243//5 3239//5 3198//5
f 3254//6 3207//6 3206//6
f 3256//5 3253//5 3206//5
f 3254//5 3243//5 3200//5
f 3296//5 3293//5 3275//5
f 3309//6 3290//6 3289//6
f 3311//5 3308//5 3289//5
f 3299//6 3279//6 3275//6
f 3309//5 3296//5 3277//5
f 3229//6 3227//6 3199//6
f 3229//4 3200//4 3198//4
f 3236//6 3235//6 3202//6
f 3236//4 3204//4 3201//4
f 3238//6 3233//6 3201//6
f 3238//4 3205//4 3199//4
f 3265//6 3225//6 3198//6
f 3299//5 3256//5 3210//5
f 2965//2 2966//2 2772//2
f 2773//3 2967//3 2965//3
f 2972//2 2973//2 2778//2
f 2779//3 2974//3 2972//3
f 2963//2 2967//2 2773//2
f 2778//3 2973//3 2963//3
f 3219//4 3218//4 2913//4
f 3226//4 3225//4 2919//4
f 3226//5 2920//5 2918//5
f 3230//4 3224//4 2918//4
f 3230//5 2925//5 2913//5
f 3241//4 3240//4 2947//4
f 3241//5 2948//5 2946//5
f 3249//5 2955//5 2954//5
f 3249//4 3246//4 2951//4
f 3248//5 2954//5 2947//5
f 3265//4 3239//4 2946//4
f 3265//5 2962//5 2919//5
f 2748//1 2782//1 2781//1
f 2781//3 2785//3 2750//3
f 3180//6 3083//6 3082//6
f 3180//5 3177//5 3080//5
f 3179//6 3082//6 3076//6
f 3267//6 3162//6 3161//6
f 3270//6 3166//6 3165//6
f 3273//5 3269//5 3165//5
f 3273//6 3167//6 3162//6
f 3282//5 3266//5 3161//5
f 3232//6 3103//6 3102//6
f 3235//5 3231//5 3102//5
f 3221//6 3092//6 3091//6
f 3237//6 3110//6 3103//6
f 3237//5 3220//5 3091//5
f 3235//6 3106//6 3090//6
f 3270//5 3202//5 3090//5
f 2864//1 2866//1 2836//1
f 2869//4 2838//4 2836//4
f 2888//1 2890//1 2855//1
f 2888//4 2853//4 2850//4
f 2876//1 2887//1 2850//1
f 2876//4 2845//4 2838//4
f 2936//4 2856//4 2855//4
f 3086//6 3084//6 3002//6
f 3124//6 3122//6 3046//6
f 3122//6 3116//6 3038//6
f 3151//6 3150//6 3060//6
f 3060//2 3150//2 3146//2
f 3169//6 3168//6 3078//6
f 3159//6 3151//6 3062//6
f 3078//2 3168//2 3159//2
f 3146//6 3124//6 3048//6
f 3038//2 3116//2 3086//2
f 3284//6 3282//6 3177//6
f 3182//2 3286//2 3284//2
f 3292//6 3291//6 3184//6
f 3291//6 3286//6 3182//6
f 3312//6 3311//6 3188//6
f 3314//6 3313//6 3192//6
f 3315//4 3195//4 3192//4
f 3315//6 3312//6 3190//6
f 3311//6 3292//6 3186//6
f 3282//6 3169//6 3080//6
f 3320//5 3317//5 3316//5
f 3327//4 3326//4 3323//4
f 3327//5 3324//5 3322//5
f 3324//4 3323//4 3319//4
f 3324//5 3320//5 3318//5
f 3335//6 3333//6 3332//6
f 3335//5 3331//5 3330//5
f 3346//6 3344//6 3343//6
f 3348//4 3347//4 3343//4
f 3349//5 3345//5 3343//5
f 3355//6 3353//6 3352//6
f 3357//4 3356//4 3352//4
f 3358//5 3354//5 3352//5
f 3365//6 3363//6 3362//6
f 3365//4 3364//4 3360//4
f 3365//5 3361//5 3359//5
f 3355//4 3354//4 3339//4
f 3355//5 3340//5 3338//5
f 3367//5 3349//5 3347//5
f 3348//6 3340//6 3339//6
f 3348//5 3344//5 3337//5
f 3368//5 3366//5 3354//5
f 3349//4 3342//4 3341//4
f 3358//6 3356//6 3350//6
f 3367//6 3366//6 3359//6
f 3368//4 3363//4 3359//4
f 3368//6 3358//6 3351//6
f 3367//4 3361//4 3342//4
f 3366//5 3347//5 3339//5
f 3346//4 3345//4 3326//4
f 3346//5 3327//5 3325//5
f 3344//5 3325//5 3321//5
f 3357//6 3335//6 3334//6
f 3357//5 3353//5 3331//5
f 3374//5 3372//5 3371//5
f 3378//5 3376//5 3375//5
f 3382//5 3380//5 3379//5
f 3389//5 3386//5 3385//5
f 3384//5 3374//5 3373//5
f 3386//5 3378//5 3377//5
f 3377//5 3375//5 3369//5
f 3387//5 3385//5 3380//5
f 3374//4 3370//4 3369//4
f 3384//6 3383//6 3379//6
f 3384//4 3380//4 3370//4
f 3385//5 3377//5 3370//5
f 3396//6 3394//6 3393//6
f 3396//4 3395//4 3391//4
f 3396//5 3392//5 3390//5
f 3403//4 3402//4 3399//4
f 3404//5 3401//5 3399//5
f 3400//4 3399//4 3393//4
f 3401//5 3395//5 3393//5
f 3398//5 3397//5 3391//5
f 3406//5 3405//5 3401//5
f 3405//5 3398//5 3395//5
f 3412//6 3410//6 3409//6
f 3412//5 3408//5 3407//5
f 3416//6 3414//6 3413//6
f 3418//4 3417//4 3413//4
f 3419//5 3415//5 3413//5
f 3423//5 3421//5 3420//5
f 3421//5 3411//5 3409//5
f 3425//5 3419//5 3417//5
f 3418//6 3412//6 3411//6
f 3418//5 3414//5 3408//5
f 3426//5 3424//5 3421//5
f 3424//5 3417//5 3411//5
f 3430//5 3428//5 3427//5
f 3408//5 3382//5 3381//5
f 3416//4 3415//4 3388//4
f 3416//5 3389//5 3387//5
f 3414//5 3387//5 3382//5
f 3428//5 3404//5 3402//5
f 3394//5 3390//5 3376//5
f 3403//6 3389//6 3388//6
f 3403//5 3400//5 3386//5
f 3400//5 3394//5 3378//5
f 3429//5 3427//5 3415//5
f 3431//5 3429//5 3419//5
f 3427//5 3402//5 3388//5
f 3435//4 3434//4 3432//4
f 3442//6 3440//6 3439//6
f 3442//4 3441//4 3437//4
f 3442//5 3438//5 3436//5
f 3448//4 3447//4 3444//4
f 3453//4 3452//4 3449//4
f 3454//5 3451//5 3449//5
f 3445//4 3444//4 3434//4
f 3450//4 3449//4 3439//4
f 3451//5 3441//5 3439//5
f 3441//4 3435//4 3433//4
f 3454//6 3452//6 3446//6
f 3454//4 3448//4 3445//4
f 3451//4 3445//4 3435//4
f 3460//4 3459//4 3456//4
f 3460//5 3457//5 3455//5
f 3464//4 3463//4 3461//4
f 3472//4 3471//4 3468//4
f 3472//5 3469//5 3467//5
f 3469//4 3468//4 3459//4
f 3469//5 3460//5 3458//5
f 3466//5 3465//5 3456//5
f 3476//5 3475//5 3468//5
f 3463//4 3458//4 3455//4
f 3474//4 3470//4 3467//4
f 3473//4 3467//4 3458//4
f 3475//5 3466//5 3459//5
f 3482//4 3481//4 3478//4
f 3486//6 3484//6 3483//6
f 3488//4 3487//4 3483//4
f 3489//5 3485//5 3483//5
f 3498//6 3496//6 3495//6
f 3498//4 3497//4 3493//4
f 3502//6 3500//6 3499//6
f 3504//4 3503//4 3499//4
f 3505//5 3501//5 3499//5
f 3502//4 3501//4 3481//4
f 3502//5 3482//5 3480//5
f 3507//4 3506//4 3487//4
f 3507//6 3494//6 3493//6
f 3508//5 3506//5 3493//5
f 3491//6 3479//6 3478//6
f 3492//5 3490//5 3478//5
f 3492//4 3488//4 3484//4
f 3505//6 3503//6 3496//6
f 3505//4 3498//4 3494//4
f 3492//6 3481//6 3477//6
f 3501//4 3494//4 3477//4
f 3507//5 3488//5 3477//5
f 3512//6 3510//6 3509//6
f 3514//4 3513//4 3509//4
f 3515//5 3511//5 3509//5
f 3518//4 3517//4 3513//4
f 3486//4 3485//4 3447//4
f 3486//5 3448//5 3446//5
f 3491//4 3490//4 3452//4
f 3490//4 3484//4 3446//4
f 3491//5 3453//5 3443//5
f 3512//4 3511//4 3471//4
f 3512//5 3472//5 3470//5
f 3516//4 3510//4 3470//4
f 3466//4 3440//4 3436//4
f 3476//4 3453//4 3450//4
f 3476//6 3471//6 3443//6
f 3475//4 3450//4 3440//4
f 3515//6 3513//6 3480//6
f 3515//4 3482//4 3479//4
f 3519//4 3504//4 3500//4
f 3517//4 3500//4 3480//4
f 3511//4 3479//4 3443//4
f 3526//6 3524//6 3523//6
f 3526//5 3522//5 3521//5
f 3530//6 3528//6 3527//6
f 3537//6 3535//6 3534//6
f 3537//4 3536//4 3532//4
f 3537//5 3533//5 3531//5
f 3535//6 3526//6 3525//6
f 3535//5 3531//5 3522//5
f 3536//6 3534//6 3528//6
f 3534//6 3525//6 3520//6
f 3543//6 3541//6 3540//6
f 3545//5 3542//5 3540//5
f 3550//6 3548//6 3547//6
f 3555//5 3553//5 3551//5
f 3559//6 3557//6 3556//6
f 3559//5 3539//5 3538//5
f 3562//4 3561//4 3547//4
f 3563//5 3549//5 3547//5
f 3562//6 3559//6 3558//6
f 3552//6 3543//6 3542//6
f 3554//5 3551//5 3542//5
f 3545//6 3544//6 3538//6
f 3555//6 3554//6 3548//6
f 3555//4 3550//4 3546//4
f 3554//6 3545//6 3539//6
f 3562//5 3548//5 3539//5
f 3571//6 3569//6 3568//6
f 3575//6 3573//6 3572//6
f 3577//4 3576//4 3572//4
f 3578//5 3574//5 3572//5
f 3585//6 3583//6 3582//6
f 3585//4 3584//4 3580//4
f 3585//5 3581//5 3579//5
f 3589//6 3587//6 3586//6
f 3589//4 3588//4 3565//4
f 3589//5 3566//5 3564//5
f 3592//4 3591//4 3568//4
f 3593//5 3570//5 3568//5
f 3592//6 3581//6 3580//6
f 3577//6 3566//6 3565//6
f 3578//6 3576//6 3569//6
f 3578//4 3571//4 3567//4
f 3588//6 3586//6 3579//6
f 3590//4 3583//4 3579//4
f 3594//6 3588//6 3581//6
f 3594//4 3592//4 3569//4
f 3594//5 3576//5 3565//5
f 3601//6 3599//6 3598//6
f 3601//4 3600//4 3596//4
f 3601//5 3597//5 3595//5
f 3604//6 3597//6 3596//6
f 3606//5 3603//5 3596//5
f 3611//6 3609//6 3608//6
f 3615//6 3611//6 3610//6
f 3613//6 3612//6 3609//6
f 3613//5 3525//5 3523//5
f 3615//4 3614//4 3527//4
f 3616//5 3529//5 3527//5
f 3613//4 3611//4 3520//4
f 3615//5 3528//5 3520//5
f 3583//6 3530//6 3529//6
f 3587//6 3533//6 3532//6
f 3590//5 3586//5 3532//5
f 3590//6 3536//6 3530//6
f 3599//6 3550//6 3549//6
f 3599//5 3595//5 3546//5
f 3602//6 3553//6 3546//6
f 3607//5 3598//5 3549//5
f 3558//6 3556//6 3521//6
f 3560//4 3524//4 3521//4
f 3563//6 3561//6 3531//6
f 3561//6 3558//6 3522//6
f 3600//6 3598//6 3564//6
f 3605//6 3603//6 3573//6
f 3606//4 3577//4 3573//4
f 3606//6 3600//6 3566//6
f 3607//4 3587//4 3564//4
f 3607//6 3563//6 3533//6
f 3621//4 3620//4 3617//4
f 3543//5 3329//5 3328//5
f 3552//4 3551//4 3332//4
f 3553//5 3334//5 3332//5
f 3552//5 3333//5 3329//5
f 3597//5 3351//5 3350//5
f 3604//4 3603//4 3362//4
f 3605//5 3364//5 3362//5
f 3602//4 3595//4 3350//4
f 3604//5 3363//5 3351//5
f 3605//4 3575//4 3336//4
f 3602//5 3356//5 3334//5
f 3618//4 3617//4 3495//4
f 3619//5 3497//5 3495//5
f 3623//4 3622//4 3503//4
f 3622//4 3618//4 3496//4
f 3464//6 3320//6 3319//6
f 3464//5 3462//5 3317//5
f 3474//5 3473//5 3323//5
f 3473//5 3463//5 3319//5
f 3514//5 3510//5 3341//5
f 3518//6 3361//6 3360//6
f 3519//5 3517//5 3360//5
f 3516//6 3345//6 3341//6
f 3518//5 3514//5 3342//5
f 3519//6 3364//6 3336//6
f 3516//5 3474//5 3326//5
f 3621//6 3571//6 3570//6
f 3621//5 3618//5 3567//5
f 3623//6 3575//6 3574//6
f 3622//6 3574//6 3567//6
f 3398//4 3318//4 3316//4
f 3406//4 3325//4 3322//4
f 3406//6 3404//6 3321//6
f 3405//4 3322//4 3318//4
f 3423//6 3422//6 3328//6
f 3425//6 3424//6 3330//6
f 3426//4 3333//4 3330//4
f 3426//6 3423//6 3329//6
f 3430//6 3429//6 3338//6
f 3430//4 3340//4 3337//4
f 3431//4 3353//4 3338//4
f 3431//6 3425//6 3331//6
f 3428//4 3337//4 3321//4
f 3623//5 3504//5 3336//5
f 1957//2 1958//2 676//2
f 676//3 1958//3 1956//3
f 1962//2 1963//2 681//2
f 682//3 1964//3 1962//3
f 1954//2 1957//2 675//2
f 681//3 1963//3 1954//3
f 1952//2 1964//2 682//2
f 2007//2 2008//2 756//2
f 2005//2 2007//2 755//2
f 2017//2 2018//2 768//2
f 2021//2 2022//2 772//2
f 2018//2 2021//2 771//2
f 2033//2 2034//2 785//2
f 2008//2 2017//2 767//2
f 785//3 2034//3 2005//3
f 2103//2 2104//2 865//2
f 865//3 2104//3 2102//3
f 871//3 2111//3 2110//3
f 2108//2 2111//2 871//2
f 870//3 2110//3 2103//3
f 892//3 2129//3 2128//3
f 897//3 2134//3 2133//3
f 896//3 2133//3 2129//3
f 891//3 2128//3 2108//3
f 1956//2 2033//2 784//2
f 863//3 2102//3 1952//3
f 2395//2 2396//2 1052//2
f 2396//2 2399//2 1054//2
f 2406//2 2407//2 1069//2
f 2421//2 2422//2 1089//2
f 2421//5 1088//5 1087//5
f 2429//2 2430//2 1097//2
f 2429//5 1096//5 1095//5
f 2426//2 2428//2 1095//2
f 2426//5 1091//5 1089//5
f 2407//2 2420//2 1087//2
f 2406//5 1068//5 1054//5
f 2540//5 1183//5 1182//5
f 2543//2 2544//2 1188//2
f 2545//5 1189//5 1188//5
f 2543//5 1187//5 1183//5
f 2560//5 1204//5 1203//5
f 2567//5 1211//5 1210//5
f 2560//2 2563//2 1206//2
f 2566//5 1210//5 1206//5
f 2559//5 1203//5 1189//5
f 2496//2 2539//2 1182//2
f 2496//5 1144//5 1097//5
f 1451//3 2719//3 2718//3
f 1455//3 2723//3 2722//3
f 1454//3 2722//3 2719//3
f 1471//3 2740//3 2738//3
f 1477//3 2748//3 2746//3
f 1476//3 2746//3 2740//3
f 1470//3 2738//3 2723//3
f 1509//3 2788//3 2787//3
f 2797//4 2796//4 1511//4
f 1513//3 2799//3 2797//3
f 2787//4 2782//4 1504//4
f 1511//3 2796//3 2788//3
f 2801//4 2800//4 1538//4
f 2834//4 2833//4 1548//4
f 2833//4 2828//4 1547//4
f 2800//4 2799//4 1513//4
f 1547//3 2828//3 2801//3
f 2865//4 2864//4 1641//4
f 2872//4 2871//4 1645//4
f 2871//4 2865//4 1642//4
f 2892//4 2891//4 1649//4
f 2896//4 2895//4 1653//4
f 2895//4 2892//4 1650//4
f 2891//4 2872//4 1646//4
f 2896//5 1654//5 1640//5
f 2864//4 2834//4 1549//4
f 1504//3 2782//3 2748//3
f 3317//5 1809//5 1807//5
f 3372//5 1847//5 1846//5
f 3376//5 1851//5 1850//5
f 3372//4 3369//4 1843//4
f 3375//5 1850//5 1843//5
f 3392//4 3391//4 1865//4
f 3392//5 1866//5 1864//5
f 3397//5 1868//5 1865//5
f 3390//5 1864//5 1851//5
f 3433//4 3432//4 1922//4
f 3438//4 3437//4 1929//4
f 3438//5 1930//5 1928//5
f 3437//4 3433//4 1923//4
f 3457//4 3456//4 1945//4
f 3457//5 1946//5 1944//5
f 3462//4 3461//4 1948//4
f 3461//4 3455//4 1944//4
f 3465//5 1951//5 1945//5
f 3465//4 3436//4 1928//4
f 3397//4 3316//4 1807//4
f 3462//5 1949//5 1809//5
f 528//1 1221//1 1220//1
f 1218//3 1221//3 528//3
f 511//1 1213//1 1212//1
f 530//1 1224//1 1218//1
f 1212//3 1224//3 530//3
f 1370//3 1372//3 830//3
f 841//1 1378//1 1377//1
f 1377//3 1381//3 843//3
f 1372//3 1378//3 841//3
f 1435//3 1437//3 886//3
f 1448//3 1450//3 897//3
f 888//1 1439//1 1435//1
f 1437//3 1448//3 895//3
f 848//1 1390//1 1370//1
f 1381//3 1439//3 888//3
f 619//1 1265//1 1264//1
f 1264//3 1268//3 621//3
f 625//1 1271//1 1270//1
f 624//1 1270//1 1265//1
f 543//1 1253//1 1252//1
f 547//1 1257//1 1256//1
f 546//1 1256//1 1253//1
f 542//1 1252//1 1250//1
f 1250//3 1271//3 625//3
f 621//1 1268//1 1213//1
f 1220//3 1390//3 848//3
f 2718//3 2720//3 2136//3
f 2727//3 2729//3 2147//3
f 2720//3 2727//3 2145//3
f 2755//3 2757//3 2194//3
f 2772//6 2210//6 2209//6
f 2769//3 2771//3 2209//3
f 2759//6 2198//6 2194//6
f 2759//3 2769//3 2206//3
f 2729//3 2755//3 2193//3
f 2966//3 2969//3 2263//3
f 2991//6 2279//6 2278//6
f 3002//6 2294//6 2293//6
f 2999//3 3001//3 2293//3
f 2999//6 2290//6 2287//6
f 2991//3 2994//3 2287//3
f 2990//6 2278//6 2263//6
f 3085//6 2361//6 2360//6
f 3119//6 2378//6 2377//6
f 3118//6 2377//6 2374//6
f 3131//6 2390//6 2389//6
f 3135//6 2394//6 2393//6
f 3134//6 2393//6 2390//6
f 3130//6 2389//6 2378//6
f 3085//3 3115//3 2374//3
f 3084//6 2360//6 2294//6
f 2772//3 2966//3 2262//3
f 967//1 1658//1 1657//1
f 971//1 1662//1 1661//1
f 1665//5 1662//5 971//5
f 970//1 1661//1 1658//1
f 979//1 1681//1 1680//1
f 999//1 1693//1 1692//1
f 1692//5 1690//5 995//5
f 995//1 1690//1 1686//1
f 1686//5 1681//5 979//5
f 978//1 1680//1 1665//1
f 1657//5 1655//5 908//5
f 1811//5 1810//5 1154//5
f 1167//1 1816//1 1815//1
f 1819//5 1816//5 1167//5
f 1815//5 1811//5 1156//5
f 1833//5 1831//5 1196//5
f 1846//5 1844//5 1209//5
f 1200//1 1835//1 1833//1
f 1844//5 1835//5 1200//5
f 1831//5 1819//5 1169//5
f 1154//1 1810//1 1746//1
f 1746//5 1693//5 999//5
f 3524//6 2679//6 2678//6
f 3609//6 2715//6 2714//6
f 3612//6 2717//6 2715//6
f 3557//6 2705//6 2704//6
f 3560//5 3556//5 2704//5
f 3541//6 2695//6 2694//6
f 3544//5 3540//5 2694//5
f 3544//6 2697//6 2691//6
f 3557//5 3538//5 2691//5
f 3560//6 2707//6 2679//6
f 3612//5 3523//5 2678//5
f 3381//5 3379//5 2575//5
f 3373//5 3371//5 2567//5
f 3383//6 2579//6 2575//6
f 3383//5 3373//5 2569//5
f 3410//6 2599//6 2598//6
f 3410//5 3407//5 2595//5
f 3422//5 3420//5 2604//5
f 3420//5 3409//5 2598//5
f 3407//5 3381//5 2577//5
f 3422//6 2606//6 2538//6
f 3541//5 3328//5 2538//5
f 900//1 902//1 488//1
f 488//2 902//2 898//2
f 907//1 908//1 547//1
f 909//1 910//1 590//1
f 913//1 915//1 599//1
f 600//2 917//2 913//2
f 910//1 917//1 600//1
f 604//2 925//2 909//2
f 953//1 955//1 633//1
f 955//1 964//1 634//1
f 915//1 953//1 631//1
f 634//2 964//2 907//2
f 731//2 1002//2 1000//2
f 1015//1 1017//1 743//1
f 745//2 1019//2 1015//2
f 1000//1 1005//1 735//1
f 743//2 1017//2 1002//2
f 764//2 1046//2 1044//2
f 772//2 1051//2 1049//2
f 770//2 1049//2 1046//2
f 1044//1 1055//1 786//1
f 786//2 1055//2 1019//2
f 898//1 925//1 604//1
f 735//2 1005//2 900//2
f 1655//1 1656//1 1259//1
f 1668//1 1670//1 1296//1
f 1659//1 1668//1 1294//1
f 1706//1 1708//1 1340//1
f 1706//4 1338//4 1335//4
f 1721//1 1723//1 1353//1
f 1725//4 1354//4 1353//4
f 1708//1 1713//1 1344//1
f 1721//4 1351//4 1344//4
f 1670//1 1704//1 1335//1
f 1659//4 1288//4 1259//4
f 1869//1 1871//1 1588//1
f 1874//4 1590//4 1588//4
f 1892//1 1894//1 1607//1
f 1892//4 1605//4 1602//4
f 1874//1 1882//1 1594//1
f 1890//4 1602//4 1594//4
f 1912//4 1635//4 1633//4
f 1922//4 1640//4 1639//4
f 1920//4 1639//4 1635//4
f 1910//4 1633//4 1607//4
f 1725//1 1743//1 1367//1
f 1869//4 1586//4 1367//4
f 2024//2 2397//2 2395//2
f 2032//2 2403//2 2401//2
f 2030//2 2401//2 2397//2
f 2086//2 2451//2 2449//2
f 2464//6 2463//6 2094//6
f 2098//2 2466//2 2464//2
f 2471//6 2466//6 2098//6
f 2094//2 2463//2 2451//2
f 2449//6 2448//6 2048//6
f 2048//2 2448//2 2403//2
f 2612//6 2611//6 2237//6
f 2237//2 2611//2 2607//2
f 2632//6 2630//6 2336//6
f 2340//2 2634//2 2632//2
f 2642//6 2640//6 2346//6
f 2640//6 2634//6 2340//6
f 2336//2 2630//2 2618//2
f 2710//6 2708//6 2384//6
f 2714//6 2712//6 2392//6
f 2712//6 2710//6 2386//6
f 2664//6 2642//6 2348//6
f 2384//2 2708//2 2664//2
f 2618//6 2612//6 2239//6
f 2235//2 2607//2 2471//2
f 3434//4 2858//4 2857//4
f 3447//4 2863//4 2861//4
f 3444//4 2861//4 2858//4
f 3489//6 3487//6 2910//6
f 3489//4 2912//4 2909//4
f 3508//4 2926//4 2922//4
f 3508//6 3497//6 2914//6
f 3506//4 2922//4 2910//4
f 3485//4 2909//4 2863//4
f 3584//6 3582//6 3098//6
f 3584//4 3100//4 3096//4
f 3593//6 3591//6 3109//6
f 3591//6 3580//6 3096//6
f 3593//4 3111//4 3092//4
f 3610//6 3608//6 3135//6
f 3616//6 3614//6 3143//6
f 3614//6 3610//6 3137//6
f 3582//6 3529//6 3088//6
f 3616//4 3145//4 3088//4
f 3619//6 3617//6 3217//6
f 3620//4 3221//4 3217//4
f 3620//6 3570//6 3092//6
f 3619//4 3219//4 2914//4
f 908//1 1655//1 1257//1
f 3608//6 2714//6 2394//6
f 2022//2 2395//2 1051//2
f 3432//4 2857//4 1640//4
f 1450//3 2718//3 2134//3
f 3371//5 1846//5 1211//5
f 3627//1 3629//1 3628//1
f 3638//1 3640//1 3639//1
f 3638//4 3637//4 3634//4
f 3636//3 3640//3 3638//3
f 3647//1 3649//1 3648//1
f 3652//4 3651//4 3648//4
f 3648//3 3651//3 3650//3
f 3654//3 3657//3 3656//3
f 3662//4 3661//4 3658//4
f 3660//3 3663//3 3662//3
f 3655//4 3654//4 3639//4
f 3639//3 3654//3 3653//3
f 3651//3 3665//3 3664//3
f 3644//3 3645//3 3640//3
f 3655//1 3659//1 3658//1
f 3658//3 3661//3 3657//3
f 3643//1 3647//1 3646//1
f 3641//1 3642//1 3636//1
f 3650//4 3645//4 3644//4
f 3664//1 3665//1 3660//1
f 3666//4 3663//4 3660//4
f 3642//1 3646//1 3644//1
f 3664//4 3659//4 3645//4
f 3645//3 3659//3 3655//3
f 3668//3 3671//3 3670//3
f 3673//3 3676//3 3674//3
f 3679//1 3681//1 3680//1
f 3680//3 3683//3 3682//3
f 3686//1 3688//1 3687//1
f 3687//3 3690//3 3689//3
f 3679//4 3678//4 3669//4
f 3671//3 3681//3 3679//3
f 3687//2 3688//2 3676//2
f 3676//3 3688//3 3686//3
f 3672//3 3674//3 3671//3
f 3681//1 3686//1 3685//1
f 3685//3 3689//3 3683//3
f 3674//3 3686//3 3681//3
f 3643//4 3642//4 3628//4
f 3628//3 3642//3 3641//3
f 3641//4 3635//4 3624//4
f 3630//3 3647//3 3643//3
f 3652//1 3670//1 3669//1
f 3667//3 3670//3 3652//3
f 3678//3 3682//3 3666//3
f 3666//1 3682//1 3677//1
f 3669//3 3678//3 3665//3
f 3656//1 3657//1 3633//1
f 3656//4 3632//4 3631//4
f 3701//1 3703//1 3702//1
f 3702//2 3703//2 3699//2
f 3699//3 3703//3 3701//3
f 3707//1 3709//1 3708//1
f 3708//3 3711//3 3710//3
f 3716//3 3718//3 3717//3
f 3720//3 3722//3 3721//3
f 3702//3 3716//3 3715//3
f 3705//3 3720//3 3719//3
f 3719//3 3721//3 3714//3
f 3699//1 3707//1 3706//1
f 3706//3 3710//3 3702//3
f 3710//1 3711//1 3705//1
f 3717//1 3718//1 3714//1
f 3714//2 3718//2 3716//2
f 3716//1 3723//1 3719//1
f 3719//2 3723//2 3710//2
f 3710//3 3723//3 3716//3
f 3727//1 3729//1 3728//1
f 3728//3 3731//3 3730//3
f 3736//1 3738//1 3737//1
f 3736//4 3735//4 3732//4
f 3734//3 3738//3 3736//3
f 3740//3 3742//3 3741//3
f 3745//3 3747//3 3746//3
f 3725//3 3740//3 3739//3
f 3750//4 3749//4 3737//4
f 3737//3 3749//3 3748//3
f 3744//3 3746//3 3742//3
f 3729//1 3733//1 3732//1
f 3732//3 3735//3 3731//3
f 3730//1 3731//1 3725//1
f 3748//1 3749//1 3745//1
f 3751//4 3747//4 3745//4
f 3743//1 3748//1 3744//1
f 3743//4 3740//4 3725//4
f 3735//3 3748//3 3743//3
f 3693//3 3709//3 3707//3
f 3692//3 3707//3 3699//3
f 3695//3 3729//3 3727//3
f 3696//3 3733//3 3729//3
f 3739//3 3741//3 3722//3
f 3709//1 3727//1 3726//1
f 3726//3 3730//3 3711//3
f 3711//1 3730//1 3724//1
f 3724//3 3739//3 3720//3
f 3694//3 3727//3 3709//3
f 3753//3 3755//3 3754//3
f 3757//3 3759//3 3758//3
f 3755//3 3757//3 3756//3
f 3766//4 3765//4 3762//4
f 3764//3 3767//3 3766//3
f 3775//4 3774//4 3771//4
f 3773//3 3776//3 3775//3
f 3772//4 3771//4 3765//4
f 3767//3 3773//3 3772//3
f 3762//3 3765//3 3761//3
f 3771//3 3774//3 3770//3
f 3765//3 3771//3 3768//3
f 3783//3 3785//3 3784//3
f 3787//3 3789//3 3788//3
f 3796//3 3798//3 3797//3
f 3800//3 3802//3 3801//3
f 3785//3 3796//3 3795//3
f 3789//3 3800//3 3799//3
f 3786//3 3788//3 3781//3
f 3803//3 3804//3 3798//3
f 3784//4 3780//4 3778//4
f 3781//2 3785//2 3783//2
f 3790//1 3791//1 3787//1
f 3797//4 3794//4 3792//4
f 3805//6 3804//6 3801//6
f 3801//2 3804//2 3803//2
f 3783//1 3790//1 3786//1
f 3803//6 3796//6 3793//6
f 3795//4 3792//4 3780//4
f 3793//2 3796//2 3785//2
f 3788//3 3799//3 3793//3
f 3814//6 3812//6 3811//6
f 3814//4 3813//4 3809//4
f 3809//3 3813//3 3811//3
f 3820//3 3822//3 3821//3
f 3826//3 3828//3 3827//3
f 3834//6 3832//6 3831//6
f 3834//4 3833//4 3829//4
f 3839//6 3837//6 3836//6
f 3825//4 3824//4 3811//4
f 3814//3 3826//3 3825//3
f 3839//4 3838//4 3822//4
f 3822//3 3838//3 3836//3
f 3816//6 3810//6 3809//6
f 3816//3 3818//3 3814//3
f 3837//6 3830//6 3829//6
f 3837//3 3840//3 3834//3
f 3820//6 3819//6 3816//6
f 3821//4 3818//4 3816//4
f 3833//6 3831//6 3827//6
f 3833//4 3828//4 3826//4
f 3836//6 3829//6 3826//6
f 3836//4 3835//4 3818//4
f 3818//3 3835//3 3826//3
f 3844//6 3842//6 3841//6
f 3846//4 3845//4 3841//4
f 3844//3 3847//3 3846//3
f 3854//6 3852//6 3851//6
f 3851//2 3852//2 3849//2
f 3850//3 3853//3 3851//3
f 3854//3 3858//3 3857//3
f 3849//6 3844//6 3843//6
f 3849//3 3852//3 3847//3
f 3852//3 3857//3 3856//3
f 3770//3 3809//3 3808//3
f 3816//4 3815//4 3774//4
f 3776//3 3817//3 3816//3
f 3820//4 3817//4 3776//4
f 3774//3 3815//3 3809//3
f 3798//3 3843//3 3841//3
f 3805//3 3850//3 3848//3
f 3804//3 3848//3 3843//3
f 3778//3 3780//3 3767//3
f 3792//3 3794//3 3776//3
f 3797//6 3777//6 3776//6
f 3780//3 3792//3 3773//3
f 3846//6 3823//6 3822//6
f 3841//3 3845//3 3822//3
f 3846//3 3855//3 3839//3
f 3761//4 3755//4 3753//4
f 3770//6 3769//6 3758//6
f 3770//4 3759//4 3757//4
f 3768//4 3757//4 3755//4
f 3811//4 3807//4 3806//4
f 3808//4 3806//4 3758//4
f 3797//3 3841//3 3820//3
f 3860//3 3862//3 3861//3
f 3864//3 3866//3 3865//3
f 3868//3 3870//3 3869//3
f 3873//3 3875//3 3874//3
f 3862//3 3868//3 3867//3
f 3866//3 3873//3 3872//3
f 3863//3 3865//3 3862//3
f 3872//3 3874//3 3870//3
f 3865//3 3872//3 3868//3
f 3877//3 3879//3 3878//3
f 3881//3 3883//3 3882//3
f 3886//3 3888//3 3887//3
f 3890//3 3892//3 3891//3
f 3879//3 3886//3 3885//3
f 3883//3 3890//3 3889//3
f 3880//3 3882//3 3879//3
f 3889//3 3891//3 3888//3
f 3882//3 3889//3 3886//3
f 3898//3 3901//3 3899//3
f 3903//3 3905//3 3904//3
f 3911//6 3909//6 3908//6
f 3911//3 3913//3 3912//3
f 3917//6 3915//6 3914//6
f 3917//3 3919//3 3918//3
f 3908//2 3909//2 3900//2
f 3901//3 3910//3 3908//3
f 3907//3 3916//3 3914//3
f 3902//3 3904//3 3896//3
f 3915//6 3911//6 3910//6
f 3915//3 3918//3 3913//3
f 3898//6 3897//6 3894//6
f 3896//2 3901//2 3898//2
f 3907//6 3906//6 3904//6
f 3906//6 3901//6 3896//6
f 3906//3 3914//3 3910//3
f 3921//3 3923//3 3922//3
f 3930//3 3932//3 3931//3
f 3937//6 3935//6 3934//6
f 3937//3 3939//3 3938//3
f 3943//6 3941//6 3940//6
f 3943//3 3945//3 3944//3
f 3925//3 3936//3 3934//3
f 3943//4 3942//4 3932//4
f 3932//3 3942//3 3940//3
f 3926//3 3928//3 3923//3
f 3941//6 3937//6 3936//6
f 3941//3 3944//3 3939//3
f 3925//6 3924//6 3922//6
f 3930//6 3929//6 3926//6
f 3931//4 3928//4 3926//4
f 3931//6 3925//6 3923//6
f 3931//3 3940//3 3936//3
f 3870//3 3895//3 3894//3
f 3875//3 3903//3 3902//3
f 3894//2 3897//2 3871//2
f 3874//3 3902//3 3895//3
f 3888//3 3921//3 3920//3
f 3892//3 3927//3 3926//3
f 3930//4 3927//4 3892//4
f 3891//3 3926//3 3921//3
f 3876//3 3878//3 3866//3
f 3885//3 3887//3 3875//3
f 3878//3 3885//3 3873//3
f 3920//3 3922//3 3905//3
f 3935//6 3917//6 3916//6
f 3935//3 3938//3 3919//3
f 3924//6 3907//6 3905//6
f 3924//3 3934//3 3916//3
f 3887//3 3920//3 3903//3
f 3633//3 3753//3 3752//3
f 3763//4 3762//4 3661//4
f 3663//3 3764//3 3763//3
f 3661//3 3762//3 3760//3
f 3683//3 3783//3 3782//3
f 3690//3 3791//3 3790//3
f 3782//4 3778//4 3677//4
f 3787//2 3791//2 3690//2
f 3689//3 3790//3 3783//3
f 3760//4 3753//4 3633//4
f 3677//3 3778//3 3764//3
f 3714//3 3860//3 3859//3
f 3722//3 3864//3 3863//3
f 3721//3 3863//3 3860//3
f 3742//3 3877//3 3876//3
f 3747//3 3881//3 3880//3
f 3884//4 3881//4 3747//4
f 3746//3 3880//3 3877//3
f 3741//3 3876//3 3864//3
f 3676//1 3701//1 3700//1
f 3697//3 3701//3 3676//3
f 3715//3 3717//3 3690//3
f 3690//1 3717//1 3713//1
f 3700//3 3715//3 3687//3
f 3859//3 3861//3 3789//3
f 3867//3 3869//3 3802//3
f 3871//6 3805//6 3802//6
f 3861//3 3867//3 3800//3
f 3900//6 3854//6 3853//6
f 3897//3 3899//3 3853//3
f 3900//3 3909//3 3858//3
f 3871//3 3897//3 3850//3
f 3713//3 3859//3 3787//3
f 3953//1 3955//1 3954//1
f 3953//4 3952//4 3949//4
f 3951//3 3955//3 3953//3
f 3948//3 3951//3 3950//3
f 3964//4 3963//4 3960//4
f 3960//3 3963//3 3962//3
f 3975//6 3973//6 3972//6
f 3975//4 3974//4 3970//4
f 3970//3 3974//3 3972//3
f 3971//4 3970//4 3963//4
f 3963//3 3970//3 3969//3
f 3965//3 3966//3 3964//3
f 3976//3 3977//3 3975//3
f 3962//4 3958//4 3957//4
f 3972//4 3968//4 3967//4
f 3969//4 3967//4 3958//4
f 3966//3 3976//3 3971//3
f 3982//4 3981//4 3978//4
f 3980//3 3983//3 3982//3
f 3979//4 3978//4 3972//4
f 3975//3 3980//3 3979//3
f 3977//3 3984//3 3980//3
f 3961//4 3960//4 3954//4
f 3954//3 3960//3 3959//3
f 3956//3 3965//3 3961//3
f 3946//3 3947//3 3738//3
f 3750//1 3950//1 3949//1
f 3949//3 3952//3 3751//3
f 3947//3 3950//3 3750//3
f 3957//3 3958//3 3883//3
f 3967//3 3968//3 3892//3
f 3884//1 3959//1 3957//1
f 3972//6 3893//6 3892//6
f 3958//3 3967//3 3890//3
f 3982//6 3933//6 3932//6
f 3978//3 3981//3 3932//3
f 3982//3 3985//3 3943//3
f 3972//3 3978//3 3930//3
f 3952//3 3959//3 3884//3
f 3987//1 3989//1 3988//1
f 3992//4 3991//4 3988//4
f 3988//3 3991//3 3990//3
f 3994//1 3996//1 3995//1
f 3998//4 3997//4 3995//4
f 4000//1 4002//1 4001//1
f 4004//1 4006//1 4005//1
f 3992//1 4000//1 3999//1
f 3998//1 4004//1 4003//1
f 3993//1 3995//1 3989//1
f 3997//4 3992//4 3989//4
f 4003//1 4005//1 4002//1
f 3997//1 4003//1 4000//1
f 4011//1 4013//1 4012//1
f 4011//4 4010//4 4007//4
f 4012//5 4009//5 4007//5
f 4019//1 4021//1 4020//1
f 4013//1 4019//1 4018//1
f 4015//1 4017//1 4013//1
f 4015//4 4011//4 4008//4
f 4025//1 4027//1 4026//1
f 4034//1 4036//1 4035//1
f 4035//2 4036//2 4032//2
f 4027//1 4034//1 4033//1
f 4024//1 4026//1 4023//1
f 4033//1 4035//1 4030//1
f 4026//1 4033//1 4028//1
f 4038//1 4040//1 4039//1
f 4045//1 4047//1 4046//1
f 4046//2 4047//2 4043//2
f 4050//1 4052//1 4051//1
f 4040//1 4045//1 4044//1
f 4049//1 4051//1 4047//1
f 4047//2 4051//2 4048//2
f 4041//1 4049//1 4045//1
f 4058//1 4060//1 4059//1
f 4065//1 4067//1 4066//1
f 4069//5 4067//5 4065//5
f 4060//1 4065//1 4064//1
f 4068//5 4065//5 4060//5
f 4064//1 4066//1 4063//1
f 4059//1 4064//1 4062//1
f 4071//1 4073//1 4072//1
f 4075//1 4077//1 4076//1
f 4073//1 4075//1 4074//1
f 4081//1 4083//1 4082//1
f 4085//5 4083//5 4081//5
f 4083//1 4087//1 4086//1
f 4080//1 4082//1 4079//1
f 4055//4 4054//4 4001//4
f 4001//3 4054//3 4053//3
f 4058//4 4057//4 4015//4
f 4059//5 4017//5 4015//5
f 4063//5 4021//5 4019//5
f 4059//4 4056//4 4013//4
f 4062//5 4019//5 4013//5
f 4023//3 4073//3 4071//3
f 4076//2 4077//2 4030//2
f 4030//3 4077//3 4075//3
f 4028//3 4075//3 4073//3
f 4079//5 4040//5 4038//5
f 4086//2 4087//2 4050//2
f 4088//5 4052//5 4050//5
f 4079//2 4082//2 4041//2
f 4086//5 4049//5 4041//5
f 4006//1 4025//1 4024//1
f 4005//1 4024//1 4022//1
f 4055//1 4071//1 4070//1
f 4021//1 4038//1 4037//1
f 4067//1 4081//1 4080//1
f 4084//5 4081//5 4067//5
f 4066//1 4080//1 4078//1
f 4007//1 4009//1 3996//1
f 4012//4 3998//4 3996//4
f 4018//1 4020//1 4006//1
f 4012//1 4018//1 4004//1
f 4037//1 4039//1 4027//1
f 4044//1 4046//1 4036//1
f 4036//2 4046//2 4042//2
f 4039//1 4044//1 4034//1
f 4020//1 4037//1 4025//1
f 4022//3 4071//3 4055//3
f 4078//5 4038//5 4021//5
f 4094//5 4091//5 4090//5
f 4098//1 4100//1 4099//1
f 4103//4 4102//4 4099//4
f 4103//5 4100//5 4098//5
f 4107//1 4109//1 4108//1
f 4108//5 4105//5 4104//5
f 4098//4 4097//4 4092//4
f 4099//5 4094//5 4092//5
f 4105//5 4096//5 4095//5
f 4103//1 4107//1 4106//1
f 4106//5 4104//5 4099//5
f 4104//5 4095//5 4094//5
f 4115//1 4117//1 4116//1
f 4118//2 4119//2 4115//2
f 4120//5 4117//5 4115//5
f 4125//1 4127//1 4126//1
f 4128//2 4129//2 4125//2
f 4130//5 4127//5 4125//5
f 4138//1 4140//1 4139//1
f 4139//2 4140//2 4136//2
f 4139//5 4135//5 4134//5
f 4126//2 4127//2 4113//2
f 4126//5 4112//5 4111//5
f 4135//5 4123//5 4122//5
f 4113//1 4119//1 4118//1
f 4118//5 4114//5 4110//5
f 4133//5 4132//5 4127//5
f 4122//1 4123//1 4120//1
f 4120//2 4123//2 4121//2
f 4133//2 4137//2 4134//2
f 4131//1 4137//1 4133//1
f 4132//2 4134//2 4122//2
f 4132//5 4119//5 4113//5
f 4109//1 4129//1 4128//1
f 4128//5 4124//5 4105//5
f 4124//5 4111//5 4096//5
f 4143//1 4145//1 4144//1
f 4149//1 4151//1 4150//1
f 4147//3 4151//3 4149//3
f 4153//1 4155//1 4154//1
f 4158//1 4160//1 4159//1
f 4161//2 4162//2 4158//2
f 4159//3 4163//3 4161//3
f 4164//2 4165//2 4143//2
f 4144//3 4166//3 4164//3
f 4151//1 4162//1 4161//1
f 4158//3 4162//3 4151//3
f 4155//1 4165//1 4164//1
f 4152//1 4154//1 4147//1
f 4149//2 4156//2 4152//2
f 4164//1 4166//1 4160//1
f 4154//1 4164//1 4158//1
f 4143//3 4165//3 4155//3
f 4171//1 4173//1 4172//1
f 4175//1 4177//1 4176//1
f 4179//1 4181//1 4180//1
f 4183//1 4185//1 4184//1
f 4186//2 4187//2 4183//2
f 4180//2 4181//2 4168//2
f 4188//2 4189//2 4175//2
f 4190//5 4177//5 4175//5
f 4168//1 4171//1 4170//1
f 4185//1 4189//1 4188//1
f 4174//1 4176//1 4173//1
f 4182//1 4184//1 4181//1
f 4169//1 4174//1 4171//1
f 4181//2 4184//2 4169//2
f 4188//5 4174//5 4169//5
f 4192//1 4194//1 4193//1
f 4198//1 4200//1 4199//1
f 4203//4 4202//4 4199//4
f 4199//3 4202//3 4201//3
f 4210//1 4212//1 4211//1
f 4208//3 4212//3 4210//3
f 4214//1 4216//1 4215//1
f 4206//4 4205//4 4193//4
f 4193//3 4205//3 4204//3
f 4196//3 4216//3 4214//3
f 4203//1 4210//1 4209//1
f 4207//3 4210//3 4203//3
f 4206//1 4214//1 4213//1
f 4204//1 4205//1 4200//1
f 4213//1 4215//1 4208//1
f 4217//4 4212//4 4208//4
f 4205//1 4213//1 4207//1
f 4195//3 4214//3 4206//3
f 4219//1 4221//1 4220//1
f 4223//1 4225//1 4224//1
f 4227//1 4229//1 4228//1
f 4238//1 4240//1 4239//1
f 4233//5 4225//5 4223//5
f 4236//4 4235//4 4228//4
f 4236//5 4229//5 4227//5
f 4238//4 4237//4 4230//4
f 4221//1 4227//1 4226//1
f 4225//1 4231//1 4230//1
f 4222//1 4224//1 4221//1
f 4237//1 4239//1 4236//1
f 4224//1 4230//1 4227//1
f 4237//4 4234//4 4227//4
f 4238//5 4231//5 4225//5
f 4150//3 4243//3 4242//3
f 4211//3 4245//3 4244//3
f 4160//1 4198//1 4197//1
f 4197//3 4201//3 4163//3
f 4145//1 4192//1 4191//1
f 4166//1 4204//1 4198//1
f 4191//3 4204//3 4166//3
f 4173//1 4219//1 4218//1
f 4177//1 4223//1 4222//1
f 4176//1 4222//1 4219//1
f 4232//5 4223//5 4177//5
f 4170//1 4172//1 4145//1
f 4178//1 4180//1 4155//1
f 4167//1 4170//1 4143//1
f 4155//2 4180//2 4167//2
f 4218//1 4220//1 4194//1
f 4226//1 4228//1 4196//1
f 4220//1 4226//1 4195//1
f 4235//4 4216//4 4196//4
f 4172//1 4218//1 4192//1
f 4249//1 4251//1 4250//1
f 4250//5 4247//5 4246//5
f 4254//1 4256//1 4255//1
f 4257//2 4258//2 4254//2
f 4259//5 4256//5 4254//5
f 4251//1 4258//1 4257//1
f 4257//5 4253//5 4247//5
f 4260//1 4261//1 4259//1
f 4252//1 4260//1 4258//1
f 4263//1 4265//1 4264//1
f 4267//5 4265//5 4263//5
f 4274//1 4276//1 4275//1
f 4274//4 4273//4 4270//4
f 4275//5 4272//5 4270//5
f 4265//1 4271//1 4270//1
f 4274//5 4271//5 4265//5
f 4268//1 4269//1 4267//1
f 4277//1 4278//1 4276//1
f 4269//1 4277//1 4274//1
f 4286//1 4288//1 4287//1
f 4287//2 4288//2 4284//2
f 4287//5 4283//5 4282//5
f 4290//1 4292//1 4291//1
f 4294//5 4292//5 4290//5
f 4299//5 4297//5 4296//5
f 4295//2 4296//2 4286//2
f 4297//5 4288//5 4286//5
f 4284//1 4290//1 4289//1
f 4293//5 4290//5 4284//5
f 4282//1 4283//1 4281//1
f 4300//5 4293//5 4288//5
f 4309//5 4307//5 4306//5
f 4307//5 4302//5 4301//5
f 4308//5 4306//5 4303//5
f 4311//1 4313//1 4312//1
f 4315//5 4313//5 4311//5
f 4318//1 4320//1 4319//1
f 4323//4 4322//4 4319//4
f 4323//5 4320//5 4318//5
f 4326//5 4323//5 4321//5
f 4313//1 4318//1 4317//1
f 4321//5 4318//5 4313//5
f 4325//5 4321//5 4315//5
f 4333//5 4331//5 4330//5
f 4337//5 4335//5 4334//5
f 4331//5 4329//5 4328//5
f 4336//5 4334//5 4331//5
f 4279//2 4280//2 4249//2
f 4281//5 4251//5 4249//5
f 4291//5 4261//5 4260//5
f 4281//2 4283//2 4252//2
f 4289//5 4260//5 4252//5
f 4312//5 4269//5 4268//5
f 4319//5 4278//5 4277//5
f 4319//4 4316//4 4276//4
f 4317//5 4277//5 4269//5
f 4256//1 4263//1 4262//1
f 4266//5 4263//5 4256//5
f 4261//1 4268//1 4266//1
f 4292//1 4311//1 4310//1
f 4314//5 4311//5 4292//5
f 4332//5 4330//5 4307//5
f 4330//5 4328//5 4302//5
f 4301//1 4302//1 4294//1
f 4304//1 4305//1 4299//1
f 4299//2 4305//2 4303//2
f 4303//1 4306//1 4300//1
f 4300//2 4306//2 4301//2
f 4328//1 4329//1 4315//1
f 4334//1 4335//1 4326//1
f 4337//4 4327//4 4326//4
f 4331//1 4334//1 4325//1
f 4331//4 4324//4 4315//4
f 4302//1 4328//1 4314//1
f 4310//5 4268//5 4261//5
f 4349//6 4347//6 4346//6
f 4349//4 4348//4 4344//4
f 4344//3 4348//3 4346//3
f 4353//6 4351//6 4350//6
f 4347//6 4340//6 4339//6
f 4351//6 4342//6 4341//6
f 4352//6 4350//6 4347//6
f 4350//6 4341//6 4340//6
f 4361//6 4359//6 4358//6
f 4365//6 4363//6 4362//6
f 4367//4 4366//4 4362//4
f 4368//5 4364//5 4362//5
f 4372//6 4370//6 4369//6
f 4376//6 4374//6 4373//6
f 4378//5 4375//5 4373//5
f 4365//5 4355//5 4354//5
f 4376//5 4357//5 4356//5
f 4370//6 4361//6 4360//6
f 4374//6 4365//6 4364//6
f 4377//5 4373//5 4364//5
f 4368//6 4366//6 4359//6
f 4378//6 4377//6 4370//6
f 4377//6 4368//6 4361//6
f 4374//5 4356//5 4355//5
f 4384//6 4382//6 4381//6
f 4384//3 4386//3 4385//3
f 4390//6 4388//6 4387//6
f 4397//6 4395//6 4394//6
f 4394//2 4395//2 4392//2
f 4393//3 4396//3 4394//3
f 4380//3 4383//3 4381//3
f 4392//6 4384//6 4383//6
f 4392//3 4395//3 4386//3
f 4399//6 4390//6 4389//6
f 4389//6 4387//6 4385//6
f 4400//6 4398//6 4395//6
f 4398//6 4389//6 4386//6
f 4405//6 4403//6 4402//6
f 4409//6 4407//6 4406//6
f 4411//2 4412//2 4409//2
f 4411//5 4408//5 4406//5
f 4419//6 4417//6 4416//6
f 4414//6 4405//6 4404//6
f 4417//6 4412//6 4411//6
f 4417//5 4415//5 4409//5
f 4411//6 4410//6 4403//6
f 4416//6 4411//6 4405//6
f 4382//6 4345//6 4344//6
f 4382//3 4385//3 4349//3
f 4388//6 4353//6 4352//6
f 4387//6 4352//6 4349//6
f 4403//6 4372//6 4371//6
f 4407//6 4376//6 4375//6
f 4410//5 4406//5 4375//5
f 4410//6 4378//6 4372//6
f 4407//5 4401//5 4357//5
f 4371//6 4369//6 4351//6
f 4369//6 4360//6 4342//6
f 4404//6 4402//6 4388//6
f 4413//6 4404//6 4390//6
f 4402//6 4371//6 4353//6
f 4423//5 4421//5 4420//5
f 4427//5 4425//5 4424//5
f 4433//6 4431//6 4430//6
f 4433//5 4429//5 4428//5
f 4439//6 4437//6 4436//6
f 4439//5 4435//5 4434//5
f 4429//5 4423//5 4422//5
f 4435//5 4427//5 4426//5
f 4426//5 4424//5 4421//5
f 4437//6 4433//6 4432//6
f 4437//5 4434//5 4429//5
f 4434//5 4426//5 4423//5
f 4443//5 4441//5 4440//5
f 4449//2 4450//2 4447//2
f 4451//5 4448//5 4447//5
f 4455//5 4453//5 4452//5
f 4464//6 4462//6 4461//6
f 4461//2 4462//2 4459//2
f 4464//5 4460//5 4459//5
f 4453//5 4443//5 4442//5
f 4458//2 4459//2 4450//2
f 4460//5 4451//5 4450//5
f 4449//5 4446//5 4444//5
f 4461//5 4458//5 4456//5
f 4443//2 4445//2 4444//2
f 4455//2 4457//2 4456//2
f 4453//2 4456//2 4445//2
f 4458//5 4449//5 4445//5
f 4469//5 4467//5 4465//5
f 4474//5 4471//5 4470//5
f 4473//5 4470//5 4467//5
f 4479//6 4477//6 4476//6
f 4481//2 4482//2 4479//2
f 4481//5 4478//5 4476//5
f 4492//2 4493//2 4490//2
f 4492//5 4489//5 4488//5
f 4499//6 4497//6 4496//6
f 4501//2 4502//2 4499//2
f 4501//5 4498//5 4496//5
f 4495//5 4481//5 4480//5
f 4496//2 4497//2 4486//2
f 4499//5 4487//5 4486//5
f 4486//6 4482//6 4481//6
f 4486//5 4484//5 4479//5
f 4492//6 4491//6 4486//6
f 4486//2 4491//2 4488//2
f 4488//6 4483//6 4479//6
f 4499//2 4503//2 4492//2
f 4496//5 4485//5 4481//5
f 4466//4 4465//4 4430//4
f 4467//5 4432//5 4430//5
f 4471//2 4472//2 4439//2
f 4471//5 4438//5 4436//5
f 4470//5 4436//5 4432//5
f 4479//5 4455//5 4454//5
f 4489//2 4490//2 4464//2
f 4489//5 4463//5 4461//5
f 4479//2 4483//2 4457//2
f 4488//5 4461//5 4457//5
f 4442//5 4440//5 4425//5
f 4454//5 4452//5 4435//5
f 4452//5 4442//5 4427//5
f 4477//6 4472//6 4471//6
f 4480//5 4476//5 4471//5
f 4477//5 4454//5 4439//5
f 4508//6 4506//6 4505//6
f 4524//5 4522//5 4521//5
f 4528//5 4526//5 4525//5
f 4532//5 4530//5 4529//5
f 4536//5 4534//5 4533//5
f 4530//5 4524//5 4523//5
f 4534//5 4528//5 4527//5
f 4527//5 4525//5 4522//5
f 4535//5 4533//5 4530//5
f 4533//5 4527//5 4524//5
f 4542//5 4540//5 4539//5
f 4546//5 4544//5 4543//5
f 4550//5 4548//5 4547//5
f 4554//5 4552//5 4551//5
f 4548//5 4542//5 4541//5
f 4552//5 4546//5 4545//5
f 4545//5 4543//5 4540//5
f 4553//5 4551//5 4548//5
f 4551//5 4545//5 4542//5
f 4559//5 4556//5 4555//5
f 4567//6 4565//6 4564//6
f 4571//6 4569//6 4568//6
f 4573//5 4570//5 4568//5
f 4582//6 4580//6 4579//6
f 4579//2 4580//2 4577//2
f 4582//5 4578//5 4577//5
f 4568//2 4569//2 4558//2
f 4571//5 4559//5 4558//5
f 4578//5 4562//5 4561//5
f 4561//5 4560//5 4556//5
f 4577//6 4571//6 4570//6
f 4579//5 4576//5 4570//5
f 4573//6 4572//6 4565//6
f 4565//2 4572//2 4568//2
f 4581//6 4579//6 4574//6
f 4579//6 4573//6 4567//6
f 4577//5 4561//5 4559//5
f 4588//5 4586//5 4585//5
f 4595//5 4592//5 4591//5
f 4603//6 4601//6 4600//6
f 4603//5 4599//5 4598//5
f 4608//6 4606//6 4605//6
f 4612//6 4610//6 4609//6
f 4614//4 4613//4 4609//4
f 4615//5 4611//5 4609//5
f 4599//5 4590//5 4589//5
f 4612//4 4611//4 4594//4
f 4612//5 4595//5 4593//5
f 4614//6 4603//6 4602//6
f 4614//5 4610//5 4599//5
f 4602//6 4600//6 4596//6
f 4615//6 4613//6 4606//6
f 4615//4 4608//4 4604//4
f 4613//6 4602//6 4597//6
f 4610//5 4593//5 4590//5
f 4619//5 4617//5 4616//5
f 4622//5 4620//5 4617//5
f 4584//5 4532//5 4531//5
f 4586//5 4536//5 4535//5
f 4585//5 4535//5 4532//5
f 4617//5 4550//5 4549//5
f 4621//5 4554//5 4553//5
f 4620//5 4553//5 4550//5
f 4601//6 4582//6 4581//6
f 4601//5 4598//5 4578//5
f 4598//5 4589//5 4562//5
f 4541//5 4539//5 4526//5
f 4549//5 4547//5 4534//5
f 4547//5 4541//5 4528//5
f 4618//5 4616//5 4586//5
f 4518//2 4523//2 4521//2
f 4520//2 4531//2 4529//2
f 4519//2 4529//2 4523//2
f 4584//6 4583//6 4555//6
f 4588//6 4587//6 4561//6
f 4561//2 4587//2 4585//2
f 4585//6 4584//6 4556//6
f 4619//6 4618//6 4589//6
f 4621//6 4620//6 4591//6
f 4622//4 4593//4 4591//4
f 4622//6 4619//6 4590//6
f 4618//6 4588//6 4562//6
f 4555//2 4583//2 4531//2
f 4621//4 4592//4 4538//4
f 4616//5 4549//5 4536//5
f 4421//5 4103//5 4101//5
f 4425//5 4109//5 4107//5
f 4424//5 4107//5 4103//5
f 4441//5 4130//5 4129//5
f 4446//2 4447//2 4138//2
f 4448//5 4140//5 4138//5
f 4441//2 4444//2 4131//2
f 4446//5 4137//5 4131//5
f 4440//5 4129//5 4109//5
f 4522//5 4305//5 4304//5
f 4526//5 4309//5 4308//5
f 4525//5 4308//5 4305//5
f 4540//5 4333//5 4332//5
f 4544//5 4337//5 4336//5
f 4543//5 4336//5 4333//5
f 4517//2 4521//2 4304//2
f 4544//4 4537//4 4327//4
f 4539//5 4332//5 4309//5
f 4030//1 4149//1 4148//1
f 4032//1 4153//1 4152//1
f 4152//3 4156//3 4035//3
f 4035//1 4156//1 4149//1
f 4043//1 4179//1 4178//1
f 4052//1 4187//1 4186//1
f 4186//5 4182//5 4048//5
f 4048//1 4182//1 4179//1
f 4042//1 4178//1 4153//1
f 4148//3 4242//3 4076//3
f 4506//6 4397//6 4396//6
f 4504//3 4505//3 4396//3
f 4117//1 4280//1 4279//1
f 4285//5 4282//5 4121//5
f 4136//1 4296//1 4295//1
f 4298//5 4296//5 4136//5
f 4121//1 4282//1 4280//1
f 4295//5 4285//5 4123//5
f 4279//5 4248//5 4089//5
f 4518//5 4517//5 4448//5
f 4520//5 4519//5 4460//5
f 4519//5 4518//5 4451//5
f 4565//6 4502//6 4501//6
f 4565//5 4563//5 4499//5
f 4558//6 4493//6 4492//6
f 4558//5 4555//5 4490//5
f 4568//6 4503//6 4499//6
f 4568//5 4557//5 4492//5
f 4555//5 4520//5 4464//5
f 4090//1 4091//1 4060//1
f 4094//4 4061//4 4060//4
f 4095//1 4096//1 4069//1
f 4094//1 4095//1 4068//1
f 4111//1 4112//1 4085//1
f 4085//2 4112//2 4110//2
f 4114//1 4116//1 4088//1
f 4110//1 4114//1 4087//1
f 4096//1 4111//1 4084//1
f 4088//2 4116//2 4089//2
f 4246//1 4247//1 4185//1
f 4187//2 4248//2 4246//2
f 4253//1 4255//1 4190//1
f 4247//1 4253//1 4189//1
f 4262//1 4264//1 4233//1
f 4270//1 4272//1 4240//1
f 4275//4 4241//4 4240//4
f 4264//1 4270//1 4238//1
f 4255//1 4262//1 4232//1
f 4469//6 4468//6 4354//6
f 4474//6 4473//6 4356//6
f 4473//6 4469//6 4355//6
f 4475//4 4363//4 4354//4
f 4495//6 4494//6 4407//6
f 4501//6 4500//6 4417//6
f 4417//2 4500//2 4496//2
f 4496//6 4495//6 4409//6
f 4407//2 4494//2 4480//2
f 4480//6 4474//6 4357//6
f 4089//1 4248//1 4187//1
f 4517//5 4298//5 4140//5
f 4628//1 4630//1 4629//1
f 4628//4 4627//4 4625//4
f 4634//1 4636//1 4635//1
f 4634//4 4633//4 4631//4
f 4640//1 4642//1 4641//1
f 4640//4 4639//4 4637//4
f 4639//1 4641//1 4636//1
f 4639//4 4634//4 4632//4
f 4644//1 4646//1 4645//1
f 4649//4 4648//4 4645//4
f 4645//3 4648//3 4647//3
f 4659//1 4661//1 4660//1
f 4659//4 4658//4 4656//4
f 4668//4 4667//4 4664//4
f 4666//3 4669//3 4668//3
f 4674//4 4673//4 4671//4
f 4665//4 4664//4 4654//4
f 4672//4 4671//4 4660//4
f 4660//3 4671//3 4670//3
f 4649//1 4655//1 4654//1
f 4653//3 4655//3 4649//3
f 4664//3 4667//3 4663//3
f 4652//1 4657//1 4656//1
f 4650//1 4651//1 4646//1
f 4658//4 4655//4 4653//4
f 4670//1 4671//1 4666//1
f 4673//4 4669//4 4666//4
f 4651//1 4656//1 4653//1
f 4670//4 4665//4 4655//4
f 4654//3 4664//3 4662//3
f 4682//1 4684//1 4683//1
f 4682//4 4681//4 4679//4
f 4688//1 4690//1 4689//1
f 4688//4 4687//4 4685//4
f 4694//4 4693//4 4691//4
f 4699//4 4698//4 4696//4
f 4692//4 4691//4 4683//4
f 4697//4 4696//4 4689//4
f 4697//5 4690//5 4688//5
f 4676//1 4680//1 4679//1
f 4678//1 4686//1 4685//1
f 4687//1 4689//1 4684//1
f 4687//4 4682//4 4680//4
f 4698//4 4694//4 4692//4
f 4677//1 4685//1 4680//1
f 4696//4 4692//4 4684//4
f 4644//4 4643//4 4623//4
f 4652//4 4651//4 4629//4
f 4629//3 4651//3 4650//3
f 4650//4 4644//4 4624//4
f 4676//4 4675//4 4635//4
f 4678//4 4677//4 4641//4
f 4677//4 4676//4 4636//4
f 4633//1 4635//1 4630//1
f 4633//4 4628//4 4626//4
f 4681//1 4683//1 4661//1
f 4681//4 4659//4 4657//4
f 4693//4 4674//4 4672//4
f 4675//1 4679//1 4657//1
f 4691//4 4672//4 4661//4
f 4675//4 4652//4 4630//4
f 4704//1 4706//1 4705//1
f 4709//4 4708//4 4705//4
f 4709//5 4706//5 4704//5
f 4719//1 4721//1 4720//1
f 4724//4 4723//4 4720//4
f 4724//5 4721//5 4719//5
f 4729//4 4728//4 4725//4
f 4730//5 4727//5 4725//5
f 4719//4 4718//4 4711//4
f 4720//5 4713//5 4711//5
f 4726//4 4725//4 4715//4
f 4709//1 4716//1 4715//1
f 4715//5 4714//5 4705//5
f 4732//5 4731//5 4720//5
f 4711//1 4713//1 4709//1
f 4711//4 4707//4 4704//4
f 4732//4 4729//4 4726//4
f 4720//1 4731//1 4726//1
f 4720//4 4717//4 4709//4
f 4726//5 4716//5 4709//5
f 4704//4 4703//4 4700//4
f 4705//5 4702//5 4700//5
f 4734//1 4736//1 4735//1
f 4739//4 4738//4 4735//4
f 4735//3 4738//3 4737//3
f 4743//4 4742//4 4740//4
f 4750//6 4748//6 4747//6
f 4750//4 4749//4 4745//4
f 4745//3 4749//3 4747//3
f 4754//4 4753//4 4751//4
f 4746//4 4745//4 4738//4
f 4738//3 4745//3 4744//3
f 4752//4 4751//4 4742//4
f 4742//4 4739//4 4736//4
f 4753//4 4750//4 4746//4
f 4751//4 4746//4 4739//4
f 4760//4 4759//4 4757//4
f 4766//4 4765//4 4763//4
f 4764//4 4763//4 4759//4
f 4774//4 4773//4 4771//4
f 4780//4 4779//4 4777//4
f 4778//4 4777//4 4773//4
f 4776//4 4774//4 4772//4
f 4782//4 4780//4 4778//4
f 4781//4 4778//4 4774//4
f 4791//4 4790//4 4787//4
f 4798//6 4796//6 4795//6
f 4798//4 4797//4 4793//4
f 4793//3 4797//3 4795//3
f 4802//6 4800//6 4799//6
f 4804//4 4803//4 4799//4
f 4802//3 4805//3 4804//3
f 4810//6 4808//6 4807//6
f 4815//4 4814//4 4812//4
f 4802//4 4801//4 4785//4
f 4785//3 4801//3 4799//3
f 4813//4 4812//4 4795//4
f 4791//6 4786//6 4785//6
f 4787//3 4790//3 4785//3
f 4815//6 4810//6 4809//6
f 4812//3 4814//3 4809//3
f 4793//6 4792//6 4788//6
f 4795//4 4791//4 4788//4
f 4809//6 4807//6 4804//6
f 4809//4 4805//4 4802//4
f 4812//6 4806//6 4802//6
f 4812//4 4811//4 4791//4
f 4791//3 4811//3 4802//3
f 4821//6 4819//6 4818//6
f 4821//4 4820//4 4816//4
f 4828//6 4826//6 4825//6
f 4828//4 4827//4 4823//4
f 4828//5 4824//5 4822//5
f 4835//6 4833//6 4832//6
f 4839//4 4838//4 4836//4
f 4843//4 4842//4 4840//4
f 4837//4 4836//4 4818//4
f 4841//4 4840//4 4825//4
f 4839//6 4830//6 4829//6
f 4843//6 4835//6 4834//6
f 4843//5 4841//5 4831//5
f 4827//6 4825//6 4819//6
f 4827//4 4821//4 4817//4
f 4842//4 4839//4 4837//4
f 4842//6 4834//6 4830//6
f 4840//4 4837//4 4819//4
f 4788//4 4787//4 4747//4
f 4750//3 4789//3 4788//3
f 4794//4 4793//4 4753//4
f 4793//4 4789//4 4750//4
f 4817//4 4816//4 4761//4
f 4824//4 4823//4 4765//4
f 4823//4 4817//4 4762//4
f 4767//3 4768//3 4743//3
f 4769//3 4770//3 4754//3
f 4768//3 4769//3 4752//3
f 4756//1 4772//1 4771//1
f 4780//6 4762//6 4761//6
f 4776//5 4775//5 4757//5
f 4782//5 4781//5 4763//5
f 4757//1 4775//1 4772//1
f 4782//6 4765//6 4762//6
f 4781//5 4776//5 4759//5
f 4773//4 4768//4 4767//4
f 4779//4 4770//4 4769//4
f 4777//4 4769//4 4768//4
f 4820//6 4818//6 4796//6
f 4820//4 4798//4 4794//4
f 4838//4 4815//4 4813//4
f 4838//6 4829//6 4810//6
f 4836//4 4813//4 4796//4
f 4755//1 4771//1 4767//1
f 4779//6 4761//6 4754//6
f 4816//4 4794//4 4754//4
f 4849//4 4848//4 4845//4
f 4849//5 4846//5 4844//5
f 4851//1 4853//1 4852//1
f 4856//4 4855//4 4852//4
f 4856//5 4853//5 4851//5
f 4864//4 4863//4 4860//4
f 4864//5 4861//5 4859//5
f 4871//6 4869//6 4868//6
f 4871//4 4870//4 4866//4
f 4871//5 4867//5 4865//5
f 4861//4 4860//4 4848//4
f 4861//5 4849//5 4847//5
f 4867//4 4866//4 4855//4
f 4867//5 4856//5 4854//5
f 4858//5 4857//5 4845//5
f 4873//5 4872//5 4860//5
f 4858//4 4854//4 4851//4
f 4873//4 4869//4 4865//4
f 4872//4 4865//4 4854//4
f 4872//5 4858//5 4848//5
f 4885//6 4883//6 4882//6
f 4887//4 4886//4 4882//4
f 4888//5 4884//5 4882//5
f 4893//4 4892//4 4889//4
f 4898//6 4896//6 4895//6
f 4900//4 4899//4 4895//4
f 4901//5 4897//5 4895//5
f 4898//4 4897//4 4880//4
f 4898//5 4881//5 4879//5
f 4893//6 4881//6 4880//6
f 4893//5 4890//5 4878//5
f 4888//6 4886//6 4879//6
f 4888//4 4881//4 4878//4
f 4894//6 4884//6 4878//6
f 4902//4 4896//4 4879//4
f 4903//5 4892//5 4880//5
f 4885//4 4884//4 4863//4
f 4885//5 4864//5 4862//5
f 4890//4 4889//4 4868//4
f 4891//5 4870//5 4868//5
f 4894//4 4890//4 4869//4
f 4894//5 4873//5 4863//5
f 4875//4 4847//4 4844//4
f 4877//4 4862//4 4859//4
f 4876//4 4859//4 4847//4
f 4734//4 4733//4 4667//4
f 4669//3 4736//3 4734//3
f 4741//4 4740//4 4673//4
f 4740//4 4736//4 4669//4
f 4756//4 4755//4 4693//4
f 4758//4 4757//4 4698//4
f 4757//4 4756//4 4694//4
f 4755//4 4741//4 4674//4
f 4846//4 4845//4 4723//4
f 4846//5 4724//5 4722//5
f 4851//4 4850//4 4728//4
f 4852//5 4730//5 4728//5
f 4857//4 4851//4 4729//4
f 4857//5 4732//5 4723//5
f 4700//1 4702//1 4642//1
f 4715//4 4688//4 4686//4
f 4725//1 4727//1 4697//1
f 4730//4 4699//4 4697//4
f 4705//1 4714//1 4686//1
f 4725//4 4695//4 4688//4
f 4705//4 4678//4 4642//4
f 4855//4 4760//4 4758//4
f 4870//4 4766//4 4764//4
f 4866//4 4764//4 4760//4
f 4891//6 4889//6 4822//6
f 4892//4 4826//4 4822//4
f 4901//6 4899//6 4833//6
f 4901//4 4835//4 4831//4
f 4903//6 4897//6 4831//6
f 4903//4 4841//4 4826//4
f 4891//4 4824//4 4766//4
f 4852//4 4758//4 4699//4
f 4212//1 4624//1 4623//1
f 4216//1 4626//1 4625//1
f 4625//3 4627//3 4217//3
f 4217//1 4627//1 4624//1
f 4236//1 4632//1 4631//1
f 4240//1 4638//1 4637//1
f 4640//5 4638//5 4240//5
f 4239//1 4637//1 4632//1
f 4235//1 4631//1 4626//1
f 4623//3 4643//3 4245//3
f 4804//6 4516//6 4515//6
f 4799//3 4803//3 4515//3
f 4276//1 4701//1 4700//1
f 4323//1 4712//1 4711//1
f 4711//5 4710//5 4319//5
f 4722//5 4719//5 4326//5
f 4319//1 4710//1 4704//1
f 4719//5 4712//5 4323//5
f 4704//5 4701//5 4276//5
f 4900//6 4608//6 4607//6
f 4900//5 4896//5 4604//5
f 4887//6 4595//6 4594//6
f 4887//5 4883//5 4592//5
f 4902//6 4611//6 4604//6
f 4902//5 4886//5 4594//5
f 4875//5 4874//5 4544//5
f 4877//5 4876//5 4552//5
f 4876//5 4875//5 4546//5
f 4544//1 4874//1 4844//1
f 4877//6 4554//6 4538//6
f 4883//5 4862//5 4538//5
f 4275//1 4700//1 4640//1
f 4844//5 4722//5 4327//5
f 4907//2 4908//2 4905//2
f 4913//2 4914//2 4911//2
f 4911//3 4914//3 4912//3
f 4910//2 4911//2 4908//2
f 4908//3 4911//3 4909//3
f 4919//2 4920//2 4917//2
f 4917//3 4920//3 4918//3
f 4924//2 4925//2 4923//2
f 4922//2 4923//2 4920//2
f 4920//3 4923//3 4921//3
f 4916//2 4917//2 4914//2
f 4914//3 4917//3 4915//3
f 4930//1 4932//1 4931//1
f 4933//2 4934//2 4930//2
f 4931//3 4935//3 4933//3
f 4939//2 4940//2 4937//2
f 4945//2 4946//2 4944//2
f 4949//2 4950//2 4948//2
f 4943//2 4944//2 4928//2
f 4947//2 4948//2 4934//2
f 4948//3 4950//3 4942//3
f 4928//1 4940//1 4939//1
f 4936//1 4938//1 4932//1
f 4934//2 4939//2 4936//2
f 4942//2 4945//2 4943//2
f 4927//1 4939//1 4934//1
f 4941//2 4943//2 4927//2
f 4934//3 4948//3 4941//3
f 4953//1 4955//1 4954//1
f 4956//2 4957//2 4953//2
f 4962//2 4963//2 4960//2
f 4962//5 4959//5 4958//5
f 4966//2 4967//2 4965//2
f 4972//1 4974//1 4973//1
f 4975//2 4976//2 4972//2
f 4977//5 4974//5 4972//5
f 4968//2 4969//2 4957//2
f 4973//2 4974//2 4963//2
f 4973//5 4962//5 4961//5
f 4965//1 4969//1 4968//1
f 4970//5 4969//5 4965//5
f 4958//1 4959//1 4955//1
f 4957//2 4961//2 4958//2
f 4970//2 4975//2 4971//2
f 4969//2 4971//2 4961//2
f 4968//5 4956//5 4951//5
f 4982//2 4983//2 4981//2
f 4986//2 4987//2 4985//2
f 4997//6 4995//6 4994//6
f 4994//2 4995//2 4992//2
f 4993//3 4996//3 4994//3
f 5000//2 5001//2 4999//2
f 4989//2 4990//2 4983//2
f 4991//2 4992//2 4987//2
f 4985//3 4987//3 4979//3
f 4999//6 4990//6 4989//6
f 4979//2 4982//2 4980//2
f 4995//2 5000//2 4998//2
f 4998//6 4989//6 4988//6
f 4988//2 4989//2 4982//2
f 4987//3 4992//3 4988//3
f 5005//2 5006//2 5004//2
f 5016//6 5014//6 5013//6
f 5013//2 5014//2 5011//2
f 5016//5 5012//5 5011//5
f 5024//6 5022//6 5021//6
f 5021//2 5022//2 5019//2
f 5024//5 5020//5 5019//5
f 5028//2 5029//2 5027//2
f 5018//2 5019//2 5009//2
f 5026//2 5027//2 5016//2
f 5026//5 5015//5 5013//5
f 5009//6 5006//6 5005//6
f 5009//5 5007//5 5004//5
f 5009//2 5013//2 5010//2
f 5026//6 5025//6 5019//6
f 5024//2 5028//2 5026//2
f 5019//2 5025//2 5013//2
f 5018//5 5008//5 5005//5
f 4980//2 4981//2 4946//2
f 4984//2 4985//2 4950//2
f 4978//2 4980//2 4945//2
f 4950//3 4985//3 4978//3
f 5003//2 5004//2 4967//2
f 5010//2 5011//2 4976//2
f 5012//5 4977//5 4976//5
f 5007//2 5010//2 4975//2
f 5007//5 4970//5 4967//5
f 4940//2 4956//2 4952//2
f 4946//2 4966//2 4964//2
f 4951//1 4956//1 4940//1
f 4944//2 4964//2 4951//2
f 4983//2 5005//2 5003//2
f 5023//6 5021//6 5001//6
f 5001//2 5021//2 5018//2
f 5018//6 5017//6 4990//6
f 4990//2 5017//2 5005//2
f 4981//2 5003//2 4966//2
f 5034//2 5035//2 5033//2
f 5039//6 5037//6 5036//6
f 5040//2 5041//2 5039//2
f 5038//6 5036//6 5031//6
f 5035//2 5040//2 5038//2
f 5044//2 5045//2 5043//2
f 5041//2 5044//2 5042//2
f 5032//2 5033//2 4997//2
f 4997//3 5033//3 5031//3
f 5036//2 5037//2 5001//2
f 5039//5 5002//5 5001//5
f 5031//2 5036//2 5000//2
f 5042//2 5043//2 5024//2
f 5043//2 5046//2 5028//2
f 5039//2 5042//2 5023//2
f 4933//1 4935//1 4908//1
f 4908//2 4935//2 4931//2
f 4912//2 4949//2 4947//2
f 4909//2 4947//2 4933//2
f 4918//2 4986//2 4984//2
f 4993//6 4991//6 4921//6
f 4925//2 4996//2 4993//2
f 4921//2 4991//2 4986//2
f 4915//2 4984//2 4949//2
f 5030//2 5032//2 4996//2
f 5058//1 5060//1 5059//1
f 5059//2 5060//2 5056//2
f 5056//3 5060//3 5058//3
f 5057//1 5059//1 5053//1
f 5053//2 5059//2 5055//2
f 5066//1 5068//1 5067//1
f 5064//1 5066//1 5065//1
f 5073//1 5075//1 5074//1
f 5079//1 5081//1 5080//1
f 5082//2 5083//2 5079//2
f 5080//3 5084//3 5082//3
f 5070//3 5081//3 5079//3
f 5075//1 5083//1 5082//1
f 5079//3 5083//3 5075//3
f 5082//1 5084//1 5077//1
f 5090//1 5092//1 5091//1
f 5097//1 5099//1 5098//1
f 5098//2 5099//2 5095//2
f 5095//3 5099//3 5097//3
f 5101//1 5103//1 5102//1
f 5104//2 5105//2 5101//2
f 5107//1 5109//1 5108//1
f 5110//2 5111//2 5107//2
f 5108//3 5112//3 5110//3
f 5108//2 5109//2 5087//2
f 5087//3 5109//3 5107//3
f 5113//2 5114//2 5090//2
f 5087//1 5097//1 5096//1
f 5092//1 5105//1 5104//1
f 5101//3 5105//3 5092//3
f 5089//1 5091//1 5087//1
f 5100//1 5102//1 5095//1
f 5097//2 5104//2 5100//2
f 5091//1 5104//1 5097//1
f 5107//2 5113//2 5089//2
f 5096//3 5115//3 5108//3
f 5117//1 5119//1 5118//1
f 5121//1 5123//1 5122//1
f 5127//1 5129//1 5128//1
f 5125//3 5129//3 5127//3
f 5137//1 5139//1 5138//1
f 5135//3 5139//3 5137//3
f 5130//2 5131//2 5117//2
f 5118//3 5132//3 5130//3
f 5122//3 5141//3 5140//3
f 5129//1 5137//1 5136//1
f 5134//3 5137//3 5129//3
f 5119//1 5121//1 5120//1
f 5130//1 5132//1 5125//1
f 5127//2 5133//2 5130//2
f 5140//1 5141//1 5135//1
f 5132//1 5140//1 5134//1
f 5120//3 5140//3 5132//3
f 5143//1 5145//1 5144//1
f 5144//3 5147//3 5146//3
f 5149//1 5151//1 5150//1
f 5153//1 5155//1 5154//1
f 5154//3 5157//3 5156//3
f 5145//1 5153//1 5152//1
f 5152//3 5156//3 5147//3
f 5148//1 5150//1 5145//1
f 5158//1 5159//1 5155//1
f 5150//1 5158//1 5153//1
f 5150//2 5151//2 5064//2
f 5064//3 5151//3 5149//3
f 5067//3 5159//3 5158//3
f 5065//3 5158//3 5150//3
f 5081//1 5131//1 5130//1
f 5130//3 5133//3 5084//3
f 5084//1 5133//1 5127//1
f 5117//3 5131//3 5081//3
f 5095//1 5143//1 5142//1
f 5142//3 5146//3 5098//3
f 5103//1 5149//1 5148//1
f 5102//1 5148//1 5143//1
f 5096//1 5098//1 5070//1
f 5110//1 5112//1 5075//1
f 5075//2 5112//2 5108//2
f 5108//1 5115//1 5079//1
f 5079//2 5115//2 5096//2
f 5146//1 5147//1 5119//1
f 5156//1 5157//1 5123//1
f 5147//1 5156//1 5121//1
f 5098//1 5146//1 5117//1
f 5062//3 5149//3 5103//3
f 5166//2 5167//2 5164//2
f 5175//1 5177//1 5176//1
f 5178//2 5179//2 5175//2
f 5176//3 5180//3 5178//3
f 5176//2 5177//2 5167//2
f 5167//3 5177//3 5175//3
f 5175//3 5179//3 5169//3
f 5178//1 5180//1 5173//1
f 5173//2 5180//2 5176//2
f 5170//2 5176//2 5166//2
f 5187//1 5189//1 5188//1
f 5188//2 5189//2 5185//2
f 5191//1 5193//1 5192//1
f 5194//2 5195//2 5191//2
f 5192//3 5196//3 5194//3
f 5203//1 5205//1 5204//1
f 5204//2 5205//2 5201//2
f 5201//3 5205//3 5203//3
f 5209//2 5210//2 5207//2
f 5200//2 5201//2 5183//2
f 5206//2 5207//2 5187//2
f 5188//3 5208//3 5206//3
f 5183//1 5195//1 5194//1
f 5191//3 5195//3 5183//3
f 5185//1 5198//1 5197//1
f 5183//2 5188//2 5184//2
f 5206//1 5208//1 5201//1
f 5203//2 5209//2 5206//2
f 5184//1 5197//1 5191//1
f 5201//2 5208//2 5188//2
f 5194//3 5211//3 5200//3
f 5215//2 5216//2 5214//2
f 5221//2 5222//2 5220//2
f 5219//2 5220//2 5216//2
f 5218//2 5221//2 5219//2
f 5217//2 5219//2 5215//2
f 5226//2 5227//2 5224//2
f 5232//2 5233//2 5230//2
f 5230//3 5233//3 5231//3
f 5241//2 5242//2 5239//2
f 5239//3 5242//3 5240//3
f 5247//2 5248//2 5245//2
f 5245//3 5248//3 5246//3
f 5238//2 5239//2 5227//2
f 5227//3 5239//3 5237//3
f 5244//2 5245//2 5233//2
f 5233//3 5245//3 5243//3
f 5224//1 5235//1 5234//1
f 5234//3 5236//3 5226//3
f 5249//3 5250//3 5241//3
f 5231//2 5236//2 5234//2
f 5246//2 5250//2 5249//2
f 5243//2 5249//2 5236//2
f 5236//3 5249//3 5238//3
f 5254//2 5255//2 5252//2
f 5253//3 5256//3 5254//3
f 5261//2 5262//2 5260//2
f 5259//2 5260//2 5255//2
f 5255//2 5258//2 5257//2
f 5213//2 5214//2 5161//2
f 5229//2 5230//2 5173//2
f 5173//3 5230//3 5228//3
f 5234//2 5235//2 5179//2
f 5228//2 5234//2 5178//2
f 5179//3 5235//3 5224//3
f 5251//2 5252//2 5203//2
f 5204//3 5253//3 5251//3
f 5252//2 5257//2 5209//2
f 5161//1 5210//1 5209//1
f 5260//3 5262//3 5218//3
f 5257//3 5258//3 5215//3
f 5215//1 5258//1 5255//1
f 5255//3 5260//3 5217//3
f 5194//1 5196//1 5167//1
f 5167//2 5196//2 5192//2
f 5169//2 5204//2 5200//2
f 5200//1 5211//1 5175//1
f 5175//2 5211//2 5194//2
f 5254//1 5256//1 5227//1
f 5227//2 5256//2 5253//2
f 5240//2 5261//2 5259//2
f 5237//2 5259//2 5254//2
f 5224//2 5253//2 5204//2
f 5209//3 5257//3 5213//3
f 5266//3 5269//3 5267//3
f 5274//3 5276//3 5275//3
f 5278//1 5280//1 5279//1
f 5281//2 5282//2 5278//2
f 5279//3 5283//3 5281//3
f 5285//1 5287//1 5286//1
f 5286//3 5289//3 5288//3
f 5272//3 5280//3 5278//3
f 5276//3 5287//3 5285//3
f 5273//3 5275//3 5272//3
f 5280//1 5285//1 5284//1
f 5284//3 5288//3 5283//3
f 5275//3 5285//3 5280//3
f 5291//3 5293//3 5292//3
f 5295//1 5297//1 5296//1
f 5298//2 5299//2 5295//2
f 5296//3 5300//3 5298//3
f 5305//2 5306//2 5303//2
f 5303//3 5306//3 5304//3
f 5309//3 5311//3 5310//3
f 5293//3 5303//3 5301//3
f 5307//2 5308//2 5299//2
f 5300//3 5309//3 5307//3
f 5295//3 5299//3 5293//3
f 5303//1 5308//1 5307//1
f 5307//3 5310//3 5305//3
f 5299//3 5308//3 5303//3
f 5314//3 5316//3 5315//3
f 5320//3 5322//3 5321//3
f 5327//3 5329//3 5328//3
f 5331//3 5333//3 5332//3
f 5316//3 5327//3 5326//3
f 5318//3 5331//3 5330//3
f 5330//3 5332//3 5325//3
f 5319//3 5321//3 5316//3
f 5321//1 5322//1 5318//1
f 5328//1 5329//1 5325//1
f 5325//2 5329//2 5327//2
f 5316//1 5321//1 5317//1
f 5323//2 5327//2 5316//2
f 5317//3 5330//3 5323//3
f 5296//2 5297//2 5269//2
f 5269//3 5297//3 5295//3
f 5267//3 5295//3 5291//3
f 5283//3 5314//3 5313//3
f 5289//3 5320//3 5319//3
f 5288//3 5319//3 5314//3
f 5269//1 5282//1 5281//1
f 5278//3 5282//3 5269//3
f 5271//3 5278//3 5266//3
f 5313//3 5315//3 5300//3
f 5326//3 5328//3 5311//3
f 5315//3 5326//3 5309//3
f 5281//3 5313//3 5296//3
f 5335//3 5338//3 5336//3
f 5344//1 5346//1 5345//1
f 5347//2 5348//2 5344//2
f 5345//3 5349//3 5347//3
f 5352//1 5354//1 5353//1
f 5355//2 5356//2 5352//2
f 5353//3 5357//3 5355//3
f 5353//2 5354//2 5338//2
f 5338//3 5354//3 5352//3
f 5349//3 5359//3 5358//3
f 5338//1 5348//1 5347//1
f 5344//3 5348//3 5338//3
f 5358//3 5360//3 5357//3
f 5339//1 5341//1 5335//1
f 5336//2 5342//2 5339//2
f 5341//1 5350//1 5344//1
f 5347//3 5358//3 5353//3
f 5363//3 5365//3 5364//3
f 5357//3 5369//3 5368//3
f 5346//1 5362//1 5361//1
f 5361//3 5364//3 5349//3
f 5192//2 5193//2 5053//2
f 5053//3 5193//3 5191//3
f 5197//2 5198//2 5058//2
f 5191//2 5197//2 5057//2
f 5058//3 5198//3 5185//3
f 5164//2 5192//2 5052//2
f 5339//2 5340//2 5073//2
f 5074//3 5341//3 5339//3
f 5077//3 5346//3 5344//3
f 5344//2 5350//2 5082//2
f 5082//3 5350//3 5341//3
f 5361//2 5362//2 5127//2
f 5128//3 5363//3 5361//3
f 5138//3 5367//3 5366//3
f 5136//3 5366//3 5363//3
f 5127//3 5362//3 5346//3
f 5053//1 5111//1 5110//1
f 5107//3 5111//3 5053//3
f 5056//1 5114//1 5113//1
f 5055//1 5113//1 5107//1
f 5090//3 5114//3 5056//3
f 5052//1 5110//1 5073//1
f 5173//1 5356//1 5355//1
f 5352//3 5356//3 5173//3
f 5164//1 5340//1 5339//1
f 5339//3 5342//3 5166//3
f 5166//1 5342//1 5336//1
f 5336//3 5352//3 5170//3
f 5368//3 5370//3 5232//3
f 5371//3 5372//3 5247//3
f 5370//3 5371//3 5244//3
f 5355//3 5368//3 5229//3
f 5358//1 5359//1 5266//1
f 5267//2 5360//2 5358//2
f 5357//1 5360//1 5267//1
f 5266//2 5359//2 5349//2
f 5364//1 5365//1 5272//1
f 5272//2 5365//2 5363//2
f 5366//1 5367//1 5274//1
f 5363//1 5366//1 5273//1
f 5368//1 5369//1 5291//1
f 5292//2 5370//2 5368//2
f 5304//2 5372//2 5371//2
f 5301//2 5371//2 5370//2
f 5349//1 5364//1 5271//1
f 5291//2 5369//2 5357//2
f 5073//3 5340//3 5164//3
f 5383//3 5385//3 5384//3
f 5387//1 5389//1 5388//1
f 5390//2 5391//2 5387//2
f 5388//3 5392//3 5390//3
f 5398//2 5399//2 5396//2
f 5396//3 5399//3 5397//3
f 5403//3 5405//3 5404//3
f 5395//2 5396//2 5380//2
f 5380//3 5396//3 5394//3
f 5392//3 5403//3 5402//3
f 5380//1 5391//1 5390//1
f 5387//3 5391//3 5380//3
f 5402//3 5404//3 5398//3
f 5384//1 5385//1 5380//1
f 5380//2 5385//2 5383//2
f 5397//2 5401//2 5400//2
f 5383//1 5393//1 5387//1
f 5394//2 5400//2 5384//2
f 5390//3 5402//3 5395//3
f 5414//1 5416//1 5415//1
f 5415//2 5416//2 5412//2
f 5412//3 5416//3 5414//3
f 5419//1 5421//1 5420//1
f 5420//3 5423//3 5422//3
f 5407//3 5412//3 5410//3
f 5409//3 5421//3 5419//3
f 5412//1 5419//1 5418//1
f 5418//3 5422//3 5415//3
f 5408//3 5419//3 5412//3
f 5425//1 5427//1 5426//1
f 5426//3 5429//3 5428//3
f 5431//1 5433//1 5432//1
f 5432//3 5435//3 5434//3
f 5427//1 5431//1 5430//1
f 5430//3 5434//3 5429//3
f 5440//2 5441//2 5438//2
f 5438//3 5441//3 5439//3
f 5446//2 5447//2 5444//2
f 5444//3 5447//3 5445//3
f 5443//2 5444//2 5441//2
f 5441//3 5444//3 5442//3
f 5452//2 5453//2 5450//2
f 5450//3 5453//3 5451//3
f 5462//2 5463//2 5460//2
f 5460//3 5463//3 5461//3
f 5459//2 5460//2 5453//2
f 5453//3 5460//3 5458//3
f 5456//3 5457//3 5452//3
f 5467//3 5468//3 5462//3
f 5451//2 5455//2 5454//2
f 5461//2 5465//2 5464//2
f 5458//2 5464//2 5455//2
f 5457//3 5467//3 5459//3
f 5473//3 5475//3 5474//3
f 5480//1 5482//1 5481//1
f 5481//2 5482//2 5478//2
f 5478//3 5482//3 5480//3
f 5489//2 5490//2 5487//2
f 5487//3 5490//3 5488//3
f 5475//3 5492//3 5491//3
f 5494//2 5495//2 5480//2
f 5481//3 5496//3 5494//3
f 5476//3 5480//3 5470//3
f 5487//1 5495//1 5494//1
f 5494//3 5497//3 5489//3
f 5470//2 5475//2 5473//2
f 5483//1 5484//1 5478//1
f 5491//1 5492//1 5487//1
f 5488//2 5493//2 5491//2
f 5473//1 5483//1 5476//1
f 5487//2 5492//2 5475//2
f 5480//3 5495//3 5487//3
f 5376//3 5438//3 5436//3
f 5449//2 5450//2 5399//2
f 5399//3 5450//3 5448//3
f 5448//2 5454//2 5401//2
f 5404//3 5456//3 5449//3
f 5471//2 5472//2 5414//2
f 5415//3 5473//3 5471//3
f 5423//3 5484//3 5483//3
f 5478//2 5484//2 5423//2
f 5422//3 5483//3 5473//3
f 5410//3 5414//3 5376//3
f 5406//3 5410//3 5374//3
f 5438//1 5472//1 5471//1
f 5471//3 5474//3 5440//3
f 5491//3 5493//3 5446//3
f 5474//3 5491//3 5443//3
f 5389//1 5425//1 5424//1
f 5424//3 5428//3 5392//3
f 5404//1 5405//1 5376//1
f 5376//2 5405//2 5403//2
f 5374//2 5403//2 5392//2
f 5428//1 5429//1 5407//1
f 5434//1 5435//1 5409//1
f 5429//1 5434//1 5408//1
f 5439//2 5457//2 5456//2
f 5445//2 5468//2 5467//2
f 5442//2 5467//2 5457//2
f 5392//1 5428//1 5406//1
f 5436//2 5456//2 5404//2
f 5414//3 5472//3 5438//3
f 5509//1 5511//1 5510//1
f 5514//4 5513//4 5510//4
f 5510//3 5513//3 5512//3
f 5516//1 5518//1 5517//1
f 5522//1 5524//1 5523//1
f 5520//3 5524//3 5522//3
f 5505//3 5511//3 5509//3
f 5514//1 5522//1 5521//1
f 5519//3 5522//3 5514//3
f 5512//1 5513//1 5507//1
f 5521//1 5523//1 5518//1
f 5513//1 5521//1 5516//1
f 5526//1 5528//1 5527//1
f 5531//4 5530//4 5527//4
f 5527//3 5530//3 5529//3
f 5538//1 5540//1 5539//1
f 5543//4 5542//4 5539//4
f 5539//3 5542//3 5541//3
f 5546//1 5548//1 5547//1
f 5546//4 5545//4 5534//4
f 5536//3 5548//3 5546//3
f 5531//1 5535//1 5534//1
f 5533//3 5535//3 5531//3
f 5541//1 5542//1 5536//1
f 5541//4 5535//4 5533//4
f 5532//1 5537//1 5533//1
f 5549//4 5548//4 5536//4
f 5534//3 5545//3 5544//3
f 5551//1 5553//1 5552//1
f 5556//1 5558//1 5557//1
f 5560//1 5562//1 5561//1
f 5564//1 5566//1 5565//1
f 5553//1 5560//1 5559//1
f 5558//1 5564//1 5563//1
f 5555//1 5557//1 5553//1
f 5563//1 5565//1 5562//1
f 5557//1 5563//1 5560//1
f 5573//1 5575//1 5574//1
f 5573//4 5572//4 5569//4
f 5571//3 5575//3 5573//3
f 5577//1 5579//1 5578//1
f 5581//4 5580//4 5578//4
f 5583//1 5585//1 5584//1
f 5587//1 5589//1 5588//1
f 5577//4 5576//4 5567//4
f 5575//1 5583//1 5582//1
f 5581//1 5587//1 5586//1
f 5576//1 5578//1 5571//1
f 5580//4 5575//4 5571//4
f 5586//1 5588//1 5585//1
f 5580//1 5586//1 5583//1
f 5591//1 5593//1 5592//1
f 5592//3 5595//3 5594//3
f 5593//1 5597//1 5596//1
f 5507//3 5593//3 5591//3
f 5596//2 5597//2 5516//2
f 5517//3 5598//3 5596//3
f 5516//3 5597//3 5593//3
f 5518//1 5551//1 5550//1
f 5524//1 5556//1 5555//1
f 5554//3 5556//3 5524//3
f 5523//1 5555//1 5551//1
f 5548//1 5570//1 5569//1
f 5543//1 5568//1 5567//1
f 5549//1 5576//1 5570//1
f 5567//3 5576//3 5549//3
f 5529//1 5530//1 5505//1
f 5545//1 5547//1 5520//1
f 5544//1 5545//1 5519//1
f 5544//4 5511//4 5505//4
f 5572//1 5574//1 5558//1
f 5572//4 5556//4 5554//4
f 5582//1 5584//1 5566//1
f 5574//1 5582//1 5564//1
f 5547//1 5569//1 5554//1
f 5607//4 5606//4 5604//4
f 5614//4 5613//4 5610//4
f 5610//3 5613//3 5612//3
f 5617//1 5619//1 5618//1
f 5621//4 5620//4 5618//4
f 5625//4 5624//4 5622//4
f 5617//4 5616//4 5606//4
f 5608//3 5619//3 5617//3
f 5623//4 5622//4 5613//4
f 5621//1 5627//1 5626//1
f 5612//1 5613//1 5608//1
f 5612//4 5607//4 5605//4
f 5624//4 5621//4 5619//4
f 5624//1 5629//1 5627//1
f 5622//4 5619//4 5608//4
f 5638//6 5636//6 5635//6
f 5640//4 5639//4 5635//4
f 5647//6 5645//6 5644//6
f 5647//4 5646//4 5642//4
f 5642//3 5646//3 5644//3
f 5651//4 5650//4 5648//4
f 5658//6 5656//6 5655//6
f 5658//4 5657//4 5653//4
f 5658//5 5654//5 5652//5
f 5649//4 5648//4 5631//4
f 5654//4 5653//4 5633//4
f 5640//6 5632//6 5631//6
f 5635//3 5639//3 5631//3
f 5645//6 5634//6 5633//6
f 5642//6 5641//6 5636//6
f 5644//4 5640//4 5636//4
f 5657//4 5651//4 5649//4
f 5644//6 5633//6 5632//6
f 5653//4 5649//4 5632//4
f 5669//4 5668//4 5665//4
f 5669//5 5666//5 5664//5
f 5666//4 5665//4 5661//4
f 5666//5 5662//5 5660//5
f 5674//1 5676//1 5675//1
f 5682//1 5684//1 5683//1
f 5682//4 5681//4 5678//4
f 5683//5 5680//5 5678//5
f 5687//4 5686//4 5683//4
f 5687//5 5684//5 5682//5
f 5671//1 5679//1 5678//1
f 5682//5 5679//5 5671//5
f 5678//1 5680//1 5676//1
f 5683//4 5677//4 5676//4
f 5694//4 5693//4 5690//4
f 5694//5 5691//5 5689//5
f 5699//4 5698//4 5695//4
f 5706//4 5705//4 5702//4
f 5706//5 5703//5 5701//5
f 5713//5 5710//5 5709//5
f 5703//4 5702//4 5693//4
f 5703//5 5694//5 5692//5
f 5706//1 5712//1 5711//1
f 5711//5 5709//5 5702//5
f 5697//6 5695//6 5689//6
f 5698//4 5692//4 5689//4
f 5708//4 5704//4 5701//4
f 5707//4 5701//4 5692//4
f 5709//5 5700//5 5693//5
f 5671//4 5670//4 5624//4
f 5674//4 5673//4 5626//4
f 5675//5 5628//5 5626//5
f 5678//4 5674//4 5627//4
f 5678//5 5629//5 5624//5
f 5691//4 5690//4 5650//4
f 5696//4 5695//4 5655//4
f 5697//5 5657//5 5655//5
f 5697//4 5691//4 5651//4
f 5601//1 5605//1 5604//1
f 5604//3 5606//3 5602//3
f 5699//6 5662//6 5661//6
f 5699//5 5696//5 5659//5
f 5708//5 5707//5 5665//5
f 5707//5 5698//5 5661//5
f 5631//4 5614//4 5611//4
f 5650//4 5625//4 5623//4
f 5635//6 5630//6 5611//6
f 5648//4 5623//4 5614//4
f 5693//4 5672//4 5671//4
f 5709//1 5710//1 5687//1
f 5713//4 5688//4 5687//4
f 5693//1 5700//1 5682//1
f 5709//4 5685//4 5682//4
f 5690//4 5671//4 5625//4
f 5696//5 5656//5 5603//5
f 5720//2 5721//2 5718//2
f 5718//3 5721//3 5719//3
f 5724//2 5725//2 5723//2
f 5730//2 5731//2 5728//2
f 5728//3 5731//3 5729//3
f 5727//2 5728//2 5721//2
f 5721//3 5728//3 5726//3
f 5715//2 5720//2 5717//2
f 5725//2 5730//2 5727//2
f 5723//2 5727//2 5720//2
f 5735//2 5736//2 5734//2
f 5743//6 5741//6 5740//6
f 5740//2 5741//2 5738//2
f 5739//3 5742//3 5740//3
f 5751//2 5752//2 5750//2
f 5755//2 5756//2 5754//2
f 5749//2 5750//2 5743//2
f 5743//3 5750//3 5748//3
f 5753//2 5754//2 5746//2
f 5746//6 5736//6 5735//6
f 5744//3 5745//3 5735//3
f 5759//6 5752//6 5751//6
f 5757//3 5758//3 5751//3
f 5739//6 5737//6 5732//6
f 5736//2 5742//2 5739//2
f 5756//2 5758//2 5757//2
f 5757//6 5749//6 5747//6
f 5747//2 5749//2 5742//2
f 5746//3 5754//3 5747//3
f 5761//1 5763//1 5762//1
f 5764//2 5765//2 5761//2
f 5762//3 5766//3 5764//3
f 5768//2 5769//2 5765//2
f 5773//2 5774//2 5772//2
f 5778//2 5779//2 5777//2
f 5782//2 5783//2 5781//2
f 5786//2 5787//2 5785//2
f 5780//2 5781//2 5774//2
f 5784//2 5785//2 5779//2
f 5774//2 5778//2 5776//2
f 5783//2 5786//2 5784//2
f 5781//2 5784//2 5778//2
f 5794//6 5792//6 5791//6
f 5791//2 5792//2 5789//2
f 5790//3 5793//3 5791//3
f 5801//6 5799//6 5798//6
f 5798//2 5799//2 5796//2
f 5801//5 5797//5 5796//5
f 5804//2 5805//2 5803//2
f 5808//2 5809//2 5807//2
f 5802//2 5803//2 5794//2
f 5806//2 5807//2 5801//2
f 5800//6 5798//6 5792//6
f 5792//2 5798//2 5795//2
f 5805//2 5808//2 5806//2
f 5803//2 5806//2 5800//2
f 5771//2 5772//2 5725//2
f 5776//2 5777//2 5731//2
f 5731//3 5777//3 5775//3
f 5772//2 5776//2 5730//2
f 5788//2 5789//2 5756//2
f 5795//2 5796//2 5759//2
f 5789//2 5795//2 5758//2
f 5761//3 5765//3 5715//3
f 5723//1 5769//1 5768//1
f 5768//3 5770//3 5724//3
f 5717//1 5767//1 5761//1
f 5765//3 5769//3 5723//3
f 5719//2 5745//2 5744//2
f 5729//2 5755//2 5753//2
f 5726//2 5753//2 5745//2
f 5790//6 5788//6 5775//6
f 5779//2 5793//2 5790//2
f 5787//2 5804//2 5802//2
f 5785//2 5802//2 5793//2
f 5775//2 5788//2 5755//2
f 5819//6 5817//6 5816//6
f 5820//2 5821//2 5819//2
f 5825//6 5823//6 5822//6
f 5826//2 5827//2 5825//2
f 5816//2 5817//2 5813//2
f 5822//2 5823//2 5815//2
f 5829//6 5821//6 5820//6
f 5831//6 5827//6 5826//6
f 5824//6 5822//6 5817//6
f 5821//2 5826//2 5824//2
f 5830//6 5826//6 5821//6
f 5817//2 5822//2 5814//2
f 5840//6 5838//6 5837//6
f 5842//2 5843//2 5840//2
f 5842//5 5839//5 5837//5
f 5851//6 5849//6 5848//6
f 5860//6 5858//6 5857//6
f 5857//2 5858//2 5855//2
f 5860//5 5856//5 5855//5
f 5864//6 5862//6 5861//6
f 5848//2 5849//2 5835//2
f 5851//5 5836//5 5835//5
f 5861//2 5862//2 5846//2
f 5864//5 5847//5 5846//5
f 5855//6 5851//6 5850//6
f 5857//5 5854//5 5850//5
f 5846//6 5843//6 5842//6
f 5846//5 5844//5 5840//5
f 5842//6 5841//6 5835//6
f 5835//2 5841//2 5837//2
f 5863//6 5861//6 5855//6
f 5860//2 5865//2 5863//2
f 5861//6 5853//6 5851//6
f 5851//2 5853//2 5842//2
f 5861//5 5845//5 5842//5
f 5876//6 5874//6 5873//6
f 5878//5 5875//5 5873//5
f 5887//6 5885//6 5884//6
f 5884//2 5885//2 5881//2
f 5887//4 5886//4 5882//4
f 5887//5 5883//5 5881//5
f 5876//5 5867//5 5866//5
f 5883//5 5869//5 5868//5
f 5881//6 5876//6 5875//6
f 5884//5 5880//5 5875//5
f 5878//6 5877//6 5871//6
f 5884//6 5878//6 5872//6
f 5881//5 5868//5 5867//5
f 5891//6 5889//6 5888//6
f 5892//2 5893//2 5891//2
f 5897//6 5895//6 5894//6
f 5898//2 5899//2 5897//2
f 5900//2 5901//2 5893//2
f 5896//6 5894//6 5889//6
f 5893//2 5898//2 5896//2
f 5911//2 5912//2 5910//2
f 5917//6 5915//6 5914//6
f 5919//2 5920//2 5917//2
f 5919//5 5916//5 5914//5
f 5914//2 5915//2 5907//2
f 5917//5 5908//5 5907//5
f 5923//6 5920//6 5919//6
f 5923//5 5921//5 5917//5
f 5919//6 5918//6 5912//6
f 5912//2 5918//2 5914//2
f 5910//2 5914//2 5906//2
f 5928//6 5926//6 5925//6
f 5930//2 5931//2 5928//2
f 5930//5 5927//5 5925//5
f 5937//6 5935//6 5934//6
f 5937//5 5933//5 5932//5
f 5945//5 5942//5 5941//5
f 5942//2 5943//2 5937//2
f 5942//5 5936//5 5934//5
f 5935//6 5931//6 5930//6
f 5935//5 5932//5 5928//5
f 5939//6 5938//6 5932//6
f 5941//5 5934//5 5930//5
f 5888//2 5889//2 5829//2
f 5894//2 5895//2 5831//2
f 5897//5 5832//5 5831//5
f 5889//2 5894//2 5830//2
f 5925//2 5926//2 5871//2
f 5928//5 5872//5 5871//5
f 5939//5 5886//5 5884//5
f 5932//2 5938//2 5884//2
f 5932//5 5879//5 5872//5
f 5910//6 5901//6 5900//6
f 5911//5 5909//5 5900//5
f 5907//6 5899//6 5898//6
f 5907//5 5905//5 5897//5
f 5906//6 5898//6 5893//6
f 5910//5 5904//5 5893//5
f 5871//6 5860//6 5859//6
f 5874//6 5864//6 5863//6
f 5877//5 5873//5 5863//5
f 5877//6 5865//6 5860//6
f 5874//5 5866//5 5847//5
f 5850//6 5848//6 5823//6
f 5827//2 5852//2 5850//2
f 5859//6 5857//6 5831//6
f 5857//6 5852//6 5827//6
f 5823//2 5848//2 5834//2
f 5930//6 5929//6 5907//6
f 5907//2 5929//2 5925//2
f 5945//6 5944//6 5923//6
f 5923//2 5944//2 5941//2
f 5941//6 5940//6 5917//6
f 5917//2 5940//2 5930//2
f 5925//6 5903//6 5897//6
f 5897//2 5903//2 5859//2
f 5925//5 5870//5 5859//5
f 5949//5 5947//5 5946//5
f 5956//6 5954//6 5953//6
f 5956//4 5955//4 5951//4
f 5956//5 5952//5 5950//5
f 5960//6 5958//6 5957//6
f 5962//5 5959//5 5957//5
f 5967//5 5965//5 5963//5
f 5960//5 5949//5 5948//5
f 5964//4 5963//4 5953//4
f 5965//5 5955//5 5953//5
f 5954//5 5950//5 5947//5
f 5964//6 5960//6 5959//6
f 5966//5 5963//5 5959//5
f 5964//5 5954//5 5949//5
f 5974//5 5972//5 5971//5
f 5976//1 5978//1 5977//1
f 5980//5 5978//5 5976//5
f 5985//5 5983//5 5982//5
f 5992//5 5990//5 5989//5
f 5983//5 5974//5 5973//5
f 5987//5 5980//5 5979//5
f 5979//5 5976//5 5969//5
f 5991//5 5989//5 5983//5
f 5971//1 5972//1 5969//1
f 5974//4 5970//4 5969//4
f 5989//1 5990//1 5987//1
f 5992//4 5988//4 5987//4
f 5983//1 5989//1 5986//1
f 5983//4 5981//4 5970//4
f 5986//5 5979//5 5970//5
f 5999//5 5997//5 5996//5
f 6003//5 6001//5 6000//5
f 6007//2 6008//2 6005//2
f 6009//5 6006//5 6005//5
f 6016//5 6014//5 6013//5
f 6006//5 5995//5 5994//5
f 6014//5 6003//5 6002//5
f 6012//5 6011//5 6006//5
f 6002//5 6000//5 5997//5
f 5999//6 5998//6 5994//6
f 5994//2 5998//2 5996//2
f 6012//2 6015//2 6013//2
f 6013//6 6010//6 6006//6
f 6006//2 6010//2 5999//2
f 6013//5 6002//5 5999//5
f 6020//5 6018//5 6017//5
f 6024//5 6022//5 6021//5
f 6028//5 6026//5 6025//5
f 6032//5 6030//5 6029//5
f 6026//5 6020//5 6019//5
f 6030//5 6024//5 6023//5
f 6023//5 6021//5 6018//5
f 6031//5 6029//5 6026//5
f 6029//5 6023//5 6020//5
f 5997//5 5962//5 5961//5
f 6001//5 5967//5 5966//5
f 6000//5 5966//5 5962//5
f 6018//5 5985//5 5984//5
f 6022//5 5992//5 5991//5
f 6021//5 5991//5 5985//5
f 5973//5 5971//5 5951//5
f 5984//5 5982//5 5965//5
f 5982//5 5973//5 5955//5
f 6019//5 6017//5 6001//5
f 6027//5 6025//5 6014//5
f 6025//5 6019//5 6003//5
f 6017//5 5984//5 5967//5
f 5717//2 5718//2 5447//2
f 5447//3 5718//3 5716//3
f 5733//2 5734//2 5463//2
f 5463//3 5734//3 5732//3
f 5737//2 5738//2 5466//2
f 5732//2 5737//2 5465//2
f 5468//3 5744//3 5733//3
f 5762//2 5763//2 5490//2
f 5490//3 5763//3 5761//3
f 5761//2 5767//2 5493//2
f 5716//2 5744//2 5468//2
f 5493//3 5767//3 5717//3
f 5837//2 5838//2 5502//2
f 5840//5 5503//5 5502//5
f 5952//4 5951//4 5668//4
f 5952//5 5669//5 5667//5
f 5950//5 5667//5 5663//5
f 5969//5 5706//5 5704//5
f 5976//4 5975//4 5711//4
f 5977//5 5713//5 5711//5
f 5971//4 5968//4 5704//4
f 5976//5 5712//5 5706//5
f 5971//5 5708//5 5668//5
f 5421//1 5509//1 5508//1
f 5508//3 5512//3 5423//3
f 5423//1 5512//1 5506//1
f 5504//3 5509//3 5421//3
f 5478//1 5591//1 5590//1
f 5590//3 5594//3 5481//3
f 5433//1 5526//1 5525//1
f 5525//3 5529//3 5435//3
f 5435//1 5529//1 5504//1
f 5506//3 5591//3 5478//3
f 5958//6 5883//6 5882//6
f 5961//5 5957//5 5882//5
f 5958//5 5948//5 5869//5
f 5994//5 5993//5 5933//5
f 6005//6 5943//6 5942//6
f 6007//5 6004//5 5942//5
f 5996//6 5939//6 5933//6
f 6005//5 5994//5 5937//5
f 5996//5 5961//5 5886//5
f 5602//4 5543//4 5540//4
f 5616//1 5618//1 5579//1
f 5620//4 5581//4 5579//4
f 5626//1 5628//1 5589//1
f 5620//1 5626//1 5587//1
f 5616//4 5577//4 5568//4
f 5602//1 5606//1 5568//1
f 5675//4 5599//4 5589//4
f 5741//2 5812//2 5811//2
f 5818//6 5816//6 5748//6
f 5752//2 5820//2 5818//2
f 5828//6 5820//6 5752//6
f 5748//2 5816//2 5812//2
f 5890//6 5888//6 5796//6
f 5801//2 5892//2 5890//2
f 5809//2 5902//2 5900//2
f 5807//2 5900//2 5892//2
f 5911//6 5902//6 5809//6
f 5796//2 5888//2 5828//2
f 6037//2 6038//2 6036//2
f 6042//2 6043//2 6041//2
f 6040//2 6041//2 6038//2
f 6034//2 6037//2 6035//2
f 6039//2 6040//2 6037//2
f 6048//2 6049//2 6046//2
f 6046//3 6049//3 6047//3
f 6054//2 6055//2 6052//2
f 6052//3 6055//3 6053//3
f 6061//2 6062//2 6060//2
f 6067//2 6068//2 6065//2
f 6065//3 6068//3 6066//3
f 6059//2 6060//2 6049//2
f 6049//3 6060//3 6058//3
f 6064//2 6065//2 6055//2
f 6055//3 6065//3 6063//3
f 6056//3 6057//3 6048//3
f 6071//6 6062//6 6061//6
f 6069//3 6070//3 6061//3
f 6053//2 6057//2 6056//2
f 6066//2 6070//2 6069//2
f 6063//2 6069//2 6057//2
f 6057//3 6069//3 6059//3
f 6074//2 6075//2 6073//2
f 6079//2 6080//2 6077//2
f 6078//3 6081//3 6079//3
f 6076//2 6077//2 6075//2
f 6080//2 6083//2 6082//2
f 6096//6 6094//6 6093//6
f 6093//2 6094//2 6091//2
f 6092//3 6095//3 6093//3
f 6098//2 6099//2 6096//2
f 6096//3 6099//3 6097//3
f 6092//6 6090//6 6087//6
f 6089//2 6095//2 6092//2
f 6104//6 6102//6 6101//6
f 6106//2 6107//2 6104//2
f 6104//3 6107//3 6105//3
f 6113//6 6111//6 6110//6
f 6110//2 6111//2 6109//2
f 6121//2 6122//2 6120//2
f 6129//6 6127//6 6126//6
f 6126//2 6127//2 6124//2
f 6125//3 6128//3 6126//3
f 6119//2 6120//2 6113//2
f 6113//3 6120//3 6118//3
f 6123//2 6124//2 6116//2
f 6116//6 6107//6 6106//6
f 6114//3 6115//3 6106//3
f 6132//6 6122//6 6121//6
f 6130//3 6131//3 6121//3
f 6112//6 6110//6 6105//6
f 6105//2 6110//2 6108//2
f 6133//6 6131//6 6127//6
f 6127//2 6131//2 6130//2
f 6130//6 6119//6 6117//6
f 6117//2 6119//2 6112//2
f 6116//3 6124//3 6117//3
f 6068//3 6088//3 6087//3
f 6090//2 6091//2 6071//2
f 6087//2 6090//2 6070//2
f 6071//3 6091//3 6086//3
f 6101//2 6102//2 6080//2
f 6081//3 6103//3 6101//3
f 6108//2 6109//2 6084//2
f 6102//2 6108//2 6083//2
f 6073//3 6075//3 6034//3
f 6084//6 6043//6 6042//6
f 6082//3 6083//3 6042//3
f 6082//6 6040//6 6039//6
f 6075//3 6077//3 6039//3
f 6047//2 6074//2 6072//2
f 6078//6 6076//6 6058//6
f 6062//2 6081//2 6078//2
f 6058//2 6076//2 6074//2
f 6094//2 6115//2 6114//2
f 6125//6 6123//6 6097//6
f 6100//2 6128//2 6125//2
f 6114//6 6103//6 6086//6
f 6097//2 6123//2 6115//2
f 6086//2 6103//2 6081//2
f 6084//3 6109//3 6085//3
f 6136//3 6138//3 6137//3
f 6142//2 6143//2 6140//2
f 6141//3 6144//3 6142//3
f 6154//6 6152//6 6151//6
f 6151//2 6152//2 6149//2
f 6150//3 6153//3 6151//3
f 6138//3 6146//3 6145//3
f 6148//2 6149//2 6143//2
f 6144//3 6150//3 6148//3
f 6140//6 6136//6 6135//6
f 6140//3 6143//3 6138//3
f 6149//3 6152//3 6147//3
f 6143//3 6149//3 6146//3
f 6159//3 6161//3 6160//3
f 6163//3 6165//3 6164//3
f 6168//3 6170//3 6169//3
f 6174//3 6176//3 6175//3
f 6161//3 6168//3 6167//3
f 6165//3 6172//3 6171//3
f 6162//3 6164//3 6157//3
f 6173//3 6175//3 6170//3
f 6159//6 6158//6 6155//6
f 6157//2 6161//2 6159//2
f 6174//6 6173//6 6171//6
f 6166//6 6161//6 6157//6
f 6171//2 6173//2 6166//2
f 6166//3 6173//3 6168//3
f 6180//3 6182//3 6181//3
f 6187//6 6185//6 6184//6
f 6189//2 6190//2 6187//2
f 6187//3 6190//3 6188//3
f 6196//6 6194//6 6193//6
f 6192//3 6195//3 6193//3
f 6190//3 6198//3 6197//3
f 6196//3 6200//3 6199//3
f 6194//6 6190//6 6189//6
f 6191//3 6193//3 6189//3
f 6194//3 6199//3 6198//3
f 6179//2 6180//2 6154//2
f 6154//3 6180//3 6178//3
f 6152//3 6178//3 6177//3
f 6170//3 6186//3 6184//3
f 6176//3 6192//3 6191//3
f 6175//3 6191//3 6186//3
f 6158//3 6160//3 6144//3
f 6167//3 6169//3 6153//3
f 6160//3 6167//3 6150//3
f 6185//6 6180//6 6179//6
f 6185//3 6188//3 6182//3
f 6188//3 6197//3 6183//3
f 6169//3 6184//3 6179//3
f 6204//3 6207//3 6205//3
f 6214//6 6212//6 6211//6
f 6211//2 6212//2 6209//2
f 6210//3 6213//3 6211//3
f 6229//6 6227//6 6226//6
f 6226//2 6227//2 6224//2
f 6225//3 6228//3 6226//3
f 6233//6 6231//6 6230//6
f 6235//2 6236//2 6233//2
f 6233//3 6236//3 6234//3
f 6220//2 6221//2 6214//2
f 6214//3 6221//3 6219//3
f 6218//3 6232//3 6230//3
f 6216//3 6217//3 6213//3
f 6231//6 6221//6 6220//6
f 6231//3 6234//3 6222//3
f 6225//6 6223//6 6219//6
f 6222//2 6228//2 6225//2
f 6237//6 6228//6 6222//6
f 6219//2 6223//2 6215//2
f 6217//3 6230//3 6220//3
f 6244//6 6242//6 6241//6
f 6240//3 6243//3 6241//3
f 6246//3 6248//3 6247//3
f 6245//3 6247//3 6243//3
f 6208//2 6209//2 6206//2
f 6207//3 6210//3 6208//3
f 6242//6 6236//6 6235//6
f 6239//3 6241//3 6235//3
f 6255//6 6253//6 6252//6
f 6256//2 6257//2 6255//2
f 6251//2 6256//2 6254//2
f 6267//6 6265//6 6264//6
f 6269//2 6270//2 6267//2
f 6267//3 6270//3 6268//3
f 6265//6 6260//6 6259//6
f 6265//3 6268//3 6261//3
f 6266//6 6264//6 6262//6
f 6278//6 6276//6 6275//6
f 6275//2 6276//2 6273//2
f 6274//3 6277//3 6275//3
f 6289//6 6287//6 6286//6
f 6293//6 6291//6 6290//6
f 6297//6 6295//6 6294//6
f 6299//2 6300//2 6297//2
f 6297//3 6300//3 6298//3
f 6286//2 6287//2 6280//2
f 6281//3 6288//3 6286//3
f 6290//2 6291//2 6283//2
f 6284//3 6292//3 6290//3
f 6283//6 6278//6 6277//6
f 6295//6 6289//6 6288//6
f 6281//6 6279//6 6276//6
f 6296//6 6294//6 6291//6
f 6294//6 6288//6 6285//6
f 6285//2 6288//2 6281//2
f 6283//3 6291//3 6285//3
f 6310//6 6308//6 6307//6
f 6306//3 6309//3 6307//3
f 6314//6 6312//6 6311//6
f 6314//3 6316//3 6315//3
f 6320//6 6318//6 6317//6
f 6310//3 6322//3 6321//3
f 6320//3 6324//3 6323//3
f 6312//6 6303//6 6302//6
f 6312//3 6315//3 6304//3
f 6318//6 6310//6 6309//6
f 6306//6 6305//6 6301//6
f 6304//2 6309//2 6306//2
f 6319//6 6317//6 6315//6
f 6317//6 6309//6 6304//6
f 6318//3 6323//3 6322//3
f 6328//6 6326//6 6325//6
f 6328//3 6330//3 6329//3
f 6335//6 6333//6 6332//6
f 6342//6 6340//6 6339//6
f 6339//2 6340//2 6337//2
f 6338//3 6341//3 6339//3
f 6346//6 6344//6 6343//6
f 6337//6 6328//6 6327//6
f 6337//3 6340//3 6330//3
f 6344//6 6335//6 6334//6
f 6334//6 6332//6 6329//6
f 6329//2 6332//2 6331//2
f 6345//6 6343//6 6340//6
f 6343//6 6334//6 6330//6
f 6346//3 6348//3 6347//3
f 6308//6 6270//6 6269//6
f 6305//3 6307//3 6269//3
f 6305//6 6266//6 6263//6
f 6308//3 6321//3 6271//3
f 6326//6 6293//6 6292//6
f 6333//6 6300//6 6299//6
f 6331//3 6332//3 6299//3
f 6331//6 6296//6 6293//6
f 6274//6 6272//6 6258//6
f 6261//2 6277//2 6274//2
f 6284//6 6282//6 6268//6
f 6282//6 6277//6 6261//6
f 6271//2 6292//2 6284//2
f 6327//6 6325//6 6321//6
f 6338//6 6336//6 6323//6
f 6336//6 6327//6 6322//6
f 6325//6 6292//6 6271//6
f 6249//2 6250//2 6129//2
f 6252//2 6253//2 6132//2
f 6133//3 6254//3 6252//3
f 6250//2 6254//2 6133//2
f 6259//2 6260//2 6229//2
f 6229//3 6260//3 6258//3
f 6236//3 6263//3 6262//3
f 6262//2 6264//2 6237//2
f 6237//3 6264//3 6259//3
f 6302//2 6303//2 6244//2
f 6244//3 6303//3 6301//3
f 6248//3 6313//3 6311//3
f 6247//3 6311//3 6302//3
f 6258//2 6272//2 6238//2
f 6242//3 6301//3 6263//3
f 6201//3 6202//3 6054//3
f 6206//6 6068//6 6067//6
f 6203//3 6205//3 6067//3
f 6202//3 6203//3 6064//3
f 6209//3 6212//3 6089//3
f 6224//6 6099//6 6098//6
f 6224//3 6227//3 6100//3
f 6215//6 6095//6 6089//6
f 6215//3 6223//3 6098//3
f 6238//6 6128//6 6100//6
f 6206//3 6209//3 6088//3
f 6273//6 6250//6 6249//6
f 6273//3 6276//3 6251//3
f 6280//6 6257//6 6256//6
f 6279//6 6256//6 6251//6
f 6137//2 6202//2 6201//2
f 6204//6 6203//6 6145//6
f 6147//2 6207//2 6204//2
f 6145//2 6203//2 6202//2
f 6218//6 6217//6 6181//6
f 6181//2 6217//2 6216//2
f 6216//6 6210//6 6177//6
f 6183//2 6232//2 6218//2
f 6240//6 6239//6 6197//6
f 6246//6 6245//6 6199//6
f 6245//6 6240//6 6198//6
f 6239//6 6232//6 6183//6
f 6177//2 6210//2 6207//2
f 6238//3 6272//3 6249//3
f 6351//2 6352//2 6350//2
f 6355//2 6356//2 6354//2
f 6359//2 6360//2 6358//2
f 6363//2 6364//2 6362//2
f 6357//2 6358//2 6352//2
f 6361//2 6362//2 6356//2
f 6352//2 6355//2 6353//2
f 6360//2 6363//2 6361//2
f 6358//2 6361//2 6355//2
f 6367//2 6368//2 6366//2
f 6371//2 6372//2 6370//2
f 6375//2 6376//2 6374//2
f 6373//2 6374//2 6368//2
f 6368//2 6371//2 6369//2
f 6376//2 6378//2 6377//2
f 6374//2 6377//2 6371//2
f 6386//2 6387//2 6385//2
f 6384//2 6385//2 6381//2
f 6396//2 6397//2 6395//2
f 6400//2 6401//2 6399//2
f 6405//6 6403//6 6402//6
f 6406//2 6407//2 6405//2
f 6411//6 6409//6 6408//6
f 6412//2 6413//2 6411//2
f 6402//2 6403//2 6397//2
f 6408//2 6409//2 6401//2
f 6415//6 6407//6 6406//6
f 6417//6 6413//6 6412//6
f 6397//2 6400//2 6398//2
f 6410//6 6408//6 6403//6
f 6407//2 6412//2 6410//2
f 6416//6 6412//6 6407//6
f 6403//2 6408//2 6400//2
f 6420//2 6421//2 6419//2
f 6426//6 6424//6 6423//6
f 6428//2 6429//2 6426//2
f 6428//5 6425//5 6423//5
f 6434//6 6432//6 6431//6
f 6435//2 6436//2 6434//2
f 6448//6 6446//6 6445//6
f 6445//2 6446//2 6443//2
f 6448//5 6444//5 6443//5
f 6431//2 6432//2 6421//2
f 6434//5 6422//5 6421//5
f 6437//2 6438//2 6429//2
f 6441//6 6436//6 6435//6
f 6441//5 6439//5 6434//5
f 6443//6 6438//6 6437//6
f 6428//6 6427//6 6421//6
f 6421//2 6427//2 6423//2
f 6441//2 6445//2 6442//2
f 6442//6 6437//6 6434//6
f 6434//2 6437//2 6428//2
f 6443//5 6430//5 6429//5
f 6389//2 6390//2 6360//2
f 6391//2 6392//2 6364//2
f 6390//2 6391//2 6363//2
f 6418//2 6419//2 6383//2
f 6423//2 6424//2 6387//2
f 6426//5 6388//5 6387//5
f 6419//2 6423//2 6386//2
f 6395//6 6390//6 6389//6
f 6399//6 6392//6 6391//6
f 6398//6 6391//6 6390//6
f 6383//6 6376//6 6375//6
f 6381//6 6372//6 6371//6
f 6381//5 6379//5 6370//5
f 6386//5 6384//5 6377//5
f 6386//6 6378//6 6376//6
f 6384//5 6380//5 6371//5
f 6356//2 6367//2 6365//2
f 6364//2 6375//2 6373//2
f 6362//2 6373//2 6367//2
f 6401//2 6420//2 6418//2
f 6433//6 6431//6 6409//6
f 6413//2 6435//2 6433//2
f 6440//6 6435//6 6413//6
f 6409//2 6431//2 6420//2
f 6418//6 6393//6 6392//6
f 6392//2 6393//2 6375//2
f 6418//5 6382//5 6375//5
f 6455//6 6453//6 6452//6
f 6452//2 6453//2 6450//2
f 6455//5 6451//5 6450//5
f 6461//2 6462//2 6459//2
f 6463//5 6460//5 6459//5
f 6468//2 6469//2 6466//2
f 6468//5 6465//5 6464//5
f 6476//6 6474//6 6473//6
f 6478//2 6479//2 6476//2
f 6478//5 6475//5 6473//5
f 6465//2 6466//2 6455//2
f 6465//5 6454//5 6452//5
f 6473//2 6474//2 6462//2
f 6476//5 6463//5 6462//5
f 6472//5 6471//5 6466//5
f 6461//5 6458//5 6456//5
f 6455//2 6457//2 6456//2
f 6472//2 6477//2 6473//2
f 6473//6 6470//6 6466//6
f 6466//2 6470//2 6457//2
f 6473//5 6461//5 6457//5
f 6492//6 6490//6 6489//6
f 6489//2 6490//2 6487//2
f 6492//5 6488//5 6487//5
f 6500//2 6501//2 6499//2
f 6498//2 6499//2 6492//2
f 6498//5 6491//5 6489//5
f 6487//6 6484//6 6483//6
f 6489//5 6486//5 6483//5
f 6494//6 6493//6 6487//6
f 6492//2 6496//2 6494//2
f 6499//2 6502//2 6496//2
f 6483//2 6484//2 6469//2
f 6494//2 6495//2 6479//2
f 6494//5 6478//5 6477//5
f 6487//2 6493//2 6477//2
f 6487//5 6472//5 6469//5
f 6463//2 6481//2 6480//2
f 6476//2 6482//2 6481//2
f 6508//6 6506//6 6505//6
f 6510//2 6511//2 6508//2
f 6510//5 6507//5 6505//5
f 6515//5 6513//5 6512//5
f 6523//5 6520//5 6519//5
f 6527//2 6528//2 6525//2
f 6529//5 6526//5 6525//5
f 6520//2 6521//2 6511//2
f 6520//5 6510//5 6509//5
f 6526//5 6515//5 6514//5
f 6514//5 6512//5 6508//5
f 6525//6 6521//6 6520//6
f 6527//5 6524//5 6520//5
f 6517//6 6516//6 6512//6
f 6515//2 6518//2 6517//2
f 6526//2 6530//2 6518//2
f 6525//5 6514//5 6511//5
f 6534//5 6532//5 6531//5
f 6538//5 6536//5 6535//5
f 6545//5 6543//5 6542//5
f 6550//5 6548//5 6547//5
f 6543//5 6534//5 6533//5
f 6548//5 6538//5 6537//5
f 6537//5 6535//5 6532//5
f 6549//5 6547//5 6543//5
f 6545//6 6544//6 6540//6
f 6540//2 6544//2 6542//2
f 6549//6 6545//6 6541//6
f 6547//5 6537//5 6534//5
f 6554//2 6555//2 6552//2
f 6556//5 6553//5 6552//5
f 6565//6 6563//6 6562//6
f 6567//5 6564//5 6562//5
f 6575//6 6573//6 6572//6
f 6572//2 6573//2 6570//2
f 6575//5 6571//5 6570//5
f 6562//2 6563//2 6555//2
f 6565//5 6556//5 6555//5
f 6570//6 6565//6 6564//6
f 6572//5 6569//5 6564//5
f 6567//6 6566//6 6560//6
f 6560//2 6566//2 6562//2
f 6572//6 6567//6 6561//6
f 6570//5 6557//5 6556//5
f 6582//6 6580//6 6579//6
f 6584//2 6585//2 6582//2
f 6584//5 6581//5 6579//5
f 6587//5 6584//5 6583//5
f 6583//5 6579//5 6577//5
f 6598//6 6596//6 6595//6
f 6598//5 6594//5 6593//5
f 6603//5 6600//5 6599//5
f 6609//5 6607//5 6606//5
f 6613//6 6611//6 6610//6
f 6615//5 6612//5 6610//5
f 6607//5 6597//5 6595//5
f 6610//2 6611//2 6602//2
f 6613//5 6603//5 6602//5
f 6602//6 6598//6 6597//6
f 6602//5 6599//5 6594//5
f 6614//5 6610//5 6607//5
f 6605//6 6604//6 6599//6
f 6610//5 6601//5 6597//5
f 6577//5 6523//5 6522//5
f 6579//2 6580//2 6528//2
f 6582//5 6529//5 6528//5
f 6579//5 6527//5 6523//5
f 6594//5 6541//5 6540//5
f 6605//5 6550//5 6549//5
f 6599//2 6604//2 6549//2
f 6599//5 6546//5 6541//5
f 6589//5 6588//5 6571//5
f 6540//5 6539//5 6526//5
f 6533//5 6531//5 6517//5
f 6542//6 6530//6 6526//6
f 6542//5 6533//5 6518//5
f 6596//6 6585//6 6584//6
f 6596//5 6593//5 6582//5
f 6606//5 6595//5 6584//5
f 6504//2 6522//2 6519//2
f 6577//6 6576//6 6552//6
f 6556//2 6578//2 6577//2
f 6587//6 6586//6 6570//6
f 6583//6 6578//6 6556//6
f 6570//2 6586//2 6583//2
f 6609//6 6608//6 6589//6
f 6589//2 6608//2 6606//2
f 6615//6 6614//6 6591//6
f 6614//6 6609//6 6590//6
f 6606//6 6587//6 6571//6
f 6552//2 6576//2 6522//2
f 6593//5 6540//5 6529//5
f 6619//6 6617//6 6616//6
f 6620//2 6621//2 6619//2
f 6625//6 6623//6 6622//6
f 6626//2 6627//2 6625//2
f 6624//6 6622//6 6617//6
f 6621//2 6626//2 6624//2
f 6631//6 6629//6 6628//6
f 6632//2 6633//2 6631//2
f 6635//6 6634//6 6629//6
f 6633//2 6637//2 6635//2
f 6630//6 6628//6 6623//6
f 6627//2 6632//2 6630//2
f 6646//6 6644//6 6643//6
f 6650//6 6648//6 6647//6
f 6656//6 6654//6 6653//6
f 6653//2 6654//2 6652//2
f 6662//6 6660//6 6659//6
f 6659//2 6660//2 6658//2
f 6643//2 6644//2 6640//2
f 6647//2 6648//2 6642//2
f 6652//6 6646//6 6645//6
f 6658//6 6650//6 6649//6
f 6649//6 6647//6 6644//6
f 6661//6 6659//6 6654//6
f 6654//2 6659//2 6657//2
f 6657//6 6649//6 6646//6
f 6644//2 6647//2 6641//2
f 6672//6 6670//6 6669//6
f 6669//2 6670//2 6667//2
f 6672//5 6668//5 6667//5
f 6677//6 6675//6 6674//6
f 6686//6 6684//6 6683//6
f 6683//2 6684//2 6681//2
f 6686//5 6682//5 6681//5
f 6690//6 6688//6 6687//6
f 6674//2 6675//2 6664//2
f 6677//5 6665//5 6664//5
f 6678//2 6679//2 6672//2
f 6681//6 6677//6 6676//6
f 6688//6 6679//6 6678//6
f 6671//6 6669//6 6664//6
f 6689//6 6687//6 6681//6
f 6686//2 6691//2 6689//2
f 6687//6 6678//6 6677//6
f 6677//2 6678//2 6671//2
f 6688//5 6673//5 6672//5
f 6695//6 6693//6 6692//6
f 6699//6 6697//6 6696//6
f 6704//6 6702//6 6701//6
f 6711//6 6709//6 6708//6
f 6708//2 6709//2 6706//2
f 6711//5 6707//5 6706//5
f 6715//6 6713//6 6712//6
f 6721//6 6719//6 6718//6
f 6721//5 6717//5 6716//5
f 6713//6 6704//6 6703//6
f 6719//6 6711//6 6710//6
f 6719//5 6716//5 6707//5
f 6710//6 6708//6 6702//6
f 6720//6 6718//6 6713//6
f 6718//6 6710//6 6704//6
f 6731//6 6729//6 6728//6
f 6735//6 6733//6 6732//6
f 6729//6 6724//6 6723//6
f 6733//6 6727//6 6726//6
f 6726//6 6725//6 6722//6
f 6734//6 6732//6 6729//6
f 6732//6 6726//6 6724//6
f 6723//2 6724//2 6695//2
f 6695//3 6724//3 6722//3
f 6726//2 6727//2 6699//2
f 6726//5 6698//5 6696//5
f 6722//2 6725//2 6696//2
f 6700//3 6728//3 6723//3
f 6738//5 6714//5 6712//5
f 6737//5 6712//5 6703//5
f 6693//6 6656//6 6655//6
f 6697//6 6662//6 6661//6
f 6696//6 6661//6 6656//6
f 6702//6 6686//6 6685//6
f 6706//6 6690//6 6689//6
f 6708//5 6705//5 6689//5
f 6708//6 6691//6 6686//6
f 6676//6 6674//6 6648//6
f 6685//6 6683//6 6660//6
f 6660//2 6683//2 6680//2
f 6680//6 6676//6 6650//6
f 6648//2 6674//2 6663//2
f 6703//6 6701//6 6697//6
f 6738//6 6737//6 6733//6
f 6737//6 6736//6 6727//6
f 6701//6 6685//6 6662//6
f 6727//2 6736//2 6703//2
f 6742//6 6740//6 6739//6
f 6750//6 6748//6 6747//6
f 6747//2 6748//2 6745//2
f 6750//5 6746//5 6745//5
f 6756//5 6749//5 6747//5
f 6745//6 6742//6 6741//6
f 6747//5 6744//5 6741//5
f 6752//6 6751//6 6745//6
f 6750//2 6754//2 6752//2
f 6763//6 6761//6 6760//6
f 6765//5 6762//5 6760//5
f 6771//6 6769//6 6768//6
f 6773//5 6770//5 6768//5
f 6777//6 6775//6 6774//6
f 6781//6 6779//6 6778//6
f 6774//2 6775//2 6758//2
f 6777//5 6759//5 6758//5
f 6781//5 6767//5 6766//5
f 6779//6 6777//6 6776//6
f 6769//6 6763//6 6762//6
f 6772//5 6768//5 6762//5
f 6765//6 6764//6 6758//6
f 6773//6 6772//6 6766//6
f 6772//6 6765//6 6759//6
f 6779//5 6766//5 6759//5
f 6758//6 6750//6 6749//6
f 6761//6 6753//6 6752//6
f 6764//5 6760//5 6752//5
f 6764//6 6754//6 6750//6
f 6774//5 6757//5 6749//5
f 6616//2 6617//2 6415//2
f 6622//2 6623//2 6417//2
f 6617//2 6622//2 6416//2
f 6628//2 6629//2 6441//2
f 6635//2 6636//2 6448//2
f 6635//5 6447//5 6445//5
f 6629//2 6634//2 6445//2
f 6623//2 6628//2 6440//2
f 6739//2 6740//2 6560//2
f 6742//5 6561//5 6560//5
f 6752//2 6753//2 6575//2
f 6752//5 6574//5 6572//5
f 6745//2 6751//2 6572//2
f 6745//5 6568//5 6561//5
f 6763//5 6590//5 6589//5
f 6771//5 6592//5 6591//5
f 6769//5 6591//5 6590//5
f 6761//5 6589//5 6575//5
f 6640//6 6621//6 6620//6
f 6642//6 6627//6 6626//6
f 6641//6 6626//6 6621//6
f 6664//6 6633//6 6632//6
f 6667//6 6636//6 6635//6
f 6669//5 6666//5 6635//5
f 6669//6 6637//6 6633//6
f 6663//6 6632//6 6627//6
f 6504//5 6503//5 6476//5
f 6560//6 6501//6 6500//6
f 6560//5 6558//5 6499//5
f 6552//6 6495//6 6494//6
f 6554//5 6551//5 6494//5
f 6562//6 6502//6 6499//6
f 6562//5 6554//5 6496//5
f 6509//5 6505//5 6480//5
f 6519//5 6509//5 6481//5
f 6519//6 6482//6 6476//6
f 6552//5 6504//5 6479//5
f 6381//2 6452//2 6449//2
f 6468//6 6467//6 6387//6
f 6387//2 6467//2 6464//2
f 6385//2 6464//2 6452//2
f 6429//2 6485//2 6483//2
f 6498//6 6497//6 6443//6
f 6448//2 6500//2 6498//2
f 6489//6 6485//6 6429//6
f 6443//2 6497//2 6489//2
f 6426//2 6483//2 6468//2
f 6741//6 6739//6 6667//6
f 6672//2 6743//2 6741//2
f 6756//6 6755//6 6688//6
f 6747//6 6743//6 6672//6
f 6688//2 6755//2 6747//2
f 6776//6 6774//6 6706//6
f 6780//6 6778//6 6716//6
f 6778//6 6776//6 6707//6
f 6774//6 6756//6 6690//6
f 6739//6 6638//6 6636//6
f 6636//2 6638//2 6500//2
f 6739//5 6559//5 6500//5
f 6035//2 6036//2 5222//2
f 6033//2 6035//2 5221//2
f 6045//2 6046//2 5242//2
f 5242//3 6046//3 6044//3
f 6051//2 6052//2 5248//2
f 5248//3 6052//3 6050//3
f 6050//2 6056//2 5250//2
f 5250//3 6056//3 6045//3
f 6072//2 6073//2 5262//2
f 6044//2 6072//2 5261//2
f 5262//3 6073//3 6033//3
f 6135//2 6136//2 5306//2
f 5306//3 6136//3 6134//3
f 5311//3 6141//3 6139//3
f 5310//3 6139//3 6135//3
f 5325//3 6156//3 6155//3
f 5333//3 6163//3 6162//3
f 6155//2 6158//2 5328//2
f 5332//3 6162//3 6156//3
f 5328//3 6158//3 6141//3
f 6134//2 6201//2 5372//2
f 5372//3 6201//3 6051//3
f 6349//2 6350//2 5783//2
f 6353//2 6354//2 5787//2
f 6350//2 6353//2 5786//2
f 6365//2 6366//2 5805//2
f 6369//2 6370//2 5809//2
f 6366//2 6369//2 5808//2
f 6354//2 6365//2 5804//2
f 6379//5 5810//5 5809//5
f 6449//2 6450//2 5912//2
f 6451//5 5913//5 5912//5
f 6458//2 6459//2 5923//2
f 6460//5 5924//5 5923//5
f 6451//2 6456//2 5919//2
f 6458//5 5922//5 5919//5
f 6460//2 6480//2 5945//2
f 6505//2 6506//2 6008//2
f 6508//5 6009//5 6008//5
f 6517//5 6016//5 6015//5
f 6512//2 6516//2 6015//2
f 6512//5 6012//5 6009//5
f 6532//5 6028//5 6027//5
f 6536//5 6032//5 6031//5
f 6535//5 6031//5 6028//5
f 6531//5 6027//5 6016//5
f 6379//2 6449//2 5911//2
f 6505//5 6007//5 5945//5
f 4905//1 5382//1 5381//1
f 5381//3 5384//3 4907//3
f 5400//3 5401//3 4913//3
f 5384//3 5400//3 4910//3
f 5454//3 5455//3 4919//3
f 5466//6 4925//6 4924//6
f 5464//3 5465//3 4924//3
f 5455//3 5464//3 4922//3
f 5401//3 5454//3 4916//3
f 5499//5 5498//5 4960//5
f 5502//6 5029//6 5028//6
f 5502//5 5500//5 5027//5
f 5813//6 5035//6 5034//6
f 5811//3 5812//3 5034//3
f 5815//6 5041//6 5040//6
f 5814//6 5040//6 5035//6
f 5835//6 5045//6 5044//6
f 5835//5 5833//5 5043//5
f 5837//6 5046//6 5043//6
f 5834//6 5044//6 5041//6
f 5811//6 5032//6 5030//6
f 5466//3 5738//3 5030//3
f 5837//5 5501//5 5028//5
f 5494//1 5496//1 5056//1
f 5058//2 5497//2 5494//2
f 5489//1 5497//1 5058//1
f 5056//2 5496//2 5481//2
f 5550//1 5552//1 5064//1
f 5559//1 5561//1 5068//1
f 5552//1 5559//1 5066//1
f 5594//1 5595//1 5092//1
f 5092//2 5595//2 5592//2
f 5596//1 5598//1 5103//1
f 5592//1 5596//1 5101//1
f 5517//1 5550//1 5062//1
f 5103//2 5598//2 5517//2
f 5764//1 5766//1 5189//1
f 5189//2 5766//2 5762//2
f 5210//2 5770//2 5768//2
f 5207//2 5768//2 5764//2
f 5216//2 5773//2 5771//2
f 5222//2 5782//2 5780//2
f 5220//2 5780//2 5773//2
f 5724//1 5770//1 5210//1
f 5214//2 5771//2 5724//2
f 5481//1 5594//1 5090//1
f 5185//2 5762//2 5489//2
f 6038//2 6351//2 6349//2
f 6043//2 6359//2 6357//2
f 6041//2 6357//2 6351//2
f 6111//2 6396//2 6394//2
f 6404//6 6402//6 6118//6
f 6122//2 6406//2 6404//2
f 6414//6 6406//6 6122//6
f 6118//2 6402//2 6396//2
f 6394//6 6389//6 6085//6
f 6085//2 6389//2 6359//2
f 6618//6 6616//6 6253//6
f 6257//2 6620//2 6618//2
f 6645//6 6643//6 6287//6
f 6655//6 6653//6 6298//6
f 6298//2 6653//2 6651//2
f 6651//6 6645//6 6289//6
f 6287//2 6643//2 6639//2
f 6694//6 6692//6 6333//6
f 6700//6 6694//6 6335//6
f 6730//6 6728//6 6347//6
f 6692//6 6655//6 6300//6
f 6347//2 6728//2 6700//2
f 6639//6 6620//6 6257//6
f 6253//2 6616//2 6414//2
f 6036//2 6349//2 5782//2
f 6789//1 6791//1 6790//1
f 6792//2 6793//2 6789//2
f 6794//5 6791//5 6789//5
f 6801//5 6798//5 6797//5
f 6805//2 6806//2 6803//2
f 6807//5 6804//5 6803//5
f 6815//5 6813//5 6812//5
f 6802//2 6803//2 6793//2
f 6804//5 6794//5 6793//5
f 6813//5 6801//5 6800//5
f 6796//5 6795//5 6791//5
f 6814//5 6812//5 6808//5
f 6796//2 6800//2 6797//2
f 6807//2 6809//2 6808//2
f 6808//1 6812//1 6810//1
f 6814//6 6809//6 6807//6
f 6810//2 6812//2 6800//2
f 6810//5 6796//5 6794//5
f 6819//2 6820//2 6817//2
f 6821//5 6818//5 6817//5
f 6828//6 6826//6 6825//6
f 6830//2 6831//2 6828//2
f 6830//5 6827//5 6825//5
f 6837//6 6835//6 6834//6
f 6837//5 6833//5 6832//5
f 6825//2 6826//2 6820//2
f 6828//5 6821//5 6820//5
f 6833//5 6824//5 6823//5
f 6823//5 6822//5 6818//5
f 6835//6 6831//6 6830//6
f 6835//5 6832//5 6828//5
f 6832//5 6823//5 6821//5
f 6842//6 6840//6 6839//6
f 6844//5 6841//5 6839//5
f 6848//2 6849//2 6846//2
f 6850//5 6847//5 6846//5
f 6857//5 6855//5 6854//5
f 6861//6 6859//6 6858//6
f 6863//2 6864//2 6861//2
f 6863//5 6860//5 6858//5
f 6870//6 6868//6 6867//6
f 6870//5 6866//5 6865//5
f 6858//2 6859//2 6849//2
f 6861//5 6850//5 6849//5
f 6866//5 6853//5 6852//5
f 6852//5 6851//5 6847//5
f 6868//6 6864//6 6863//6
f 6868//5 6865//5 6861//5
f 6857//6 6856//6 6852//6
f 6852//2 6856//2 6854//2
f 6866//2 6871//2 6857//2
f 6865//5 6852//5 6850//5
f 6875//5 6873//5 6872//5
f 6880//5 6878//5 6877//5
f 6884//5 6882//5 6881//5
f 6891//5 6888//5 6887//5
f 6886//5 6875//5 6874//5
f 6893//5 6880//5 6879//5
f 6889//5 6887//5 6882//5
f 6879//5 6877//5 6873//5
f 6886//6 6885//6 6881//6
f 6893//6 6892//6 6887//6
f 6892//6 6886//6 6882//6
f 6893//4 6888//4 6876//4
f 6892//5 6879//5 6875//5
f 6845//2 6846//2 6806//2
f 6847//5 6807//5 6806//5
f 6855//5 6815//5 6814//5
f 6851//2 6854//2 6814//2
f 6851//5 6811//5 6807//5
f 6873//5 6830//5 6829//5
f 6878//5 6836//5 6834//5
f 6877//5 6834//5 6830//5
f 6817//6 6799//6 6798//6
f 6819//5 6816//5 6798//5
f 6829//5 6825//5 6813//5
f 6825//5 6819//5 6801//5
f 6883//5 6881//5 6866//5
f 6874//5 6872//5 6855//5
f 6885//6 6871//6 6866//6
f 6885//5 6874//5 6857//5
f 6844//6 6843//6 6823//6
f 6823//2 6843//2 6839//2
f 6839//6 6838//6 6818//6
f 6872//5 6829//5 6815//5
f 6902//6 6900//6 6899//6
f 6904//4 6903//4 6899//4
f 6905//5 6901//5 6899//5
f 6913//6 6911//6 6910//6
f 6915//5 6912//5 6910//5
f 6902//5 6895//5 6894//5
f 6913//5 6897//5 6896//5
f 6911//6 6902//6 6901//6
f 6914//5 6910//5 6901//5
f 6915//6 6914//6 6907//6
f 6915//4 6909//4 6906//4
f 6914//6 6905//6 6898//6
f 6911//5 6896//5 6895//5
f 6919//6 6917//6 6916//6
f 6921//2 6922//2 6919//2
f 6921//5 6918//5 6916//5
f 6930//6 6928//6 6927//6
f 6930//5 6926//5 6925//5
f 6928//6 6922//6 6921//6
f 6928//5 6925//5 6919//5
f 6924//6 6923//6 6917//6
f 6932//6 6931//6 6925//6
f 6931//6 6924//6 6919//6
f 6939//6 6937//6 6936//6
f 6945//6 6943//6 6942//6
f 6945//4 6944//4 6940//4
f 6952//6 6950//6 6949//6
f 6952//4 6951//4 6947//4
f 6952//5 6948//5 6946//5
f 6956//6 6954//6 6953//6
f 6958//4 6957//4 6953//4
f 6956//4 6955//4 6934//4
f 6960//4 6959//4 6936//4
f 6961//5 6938//5 6936//5
f 6943//6 6935//6 6934//6
f 6950//6 6939//6 6938//6
f 6951//6 6949//6 6943//6
f 6951//4 6945//4 6941//4
f 6961//6 6959//6 6954//6
f 6949//6 6938//6 6935//6
f 6961//4 6956//4 6935//4
f 6968//6 6966//6 6965//6
f 6968//4 6967//4 6963//4
f 6968//5 6964//5 6962//5
f 6975//6 6973//6 6972//6
f 6973//6 6964//6 6963//6
f 6976//5 6972//5 6963//5
f 6971//6 6969//6 6962//6
f 6978//6 6977//6 6973//6
f 6977//6 6971//6 6964//6
f 6983//5 6980//5 6979//5
f 6990//6 6988//6 6987//6
f 6992//4 6991//4 6987//4
f 6993//5 6989//5 6987//5
f 6997//6 6995//6 6994//6
f 6999//4 6998//4 6994//4
f 7000//5 6996//5 6994//5
f 6997//4 6996//4 6982//4
f 6997//5 6983//5 6981//5
f 6992//6 6983//6 6982//6
f 6992//5 6988//5 6980//5
f 7002//5 7001//5 6996//5
f 6985//6 6984//6 6979//6
f 6986//4 6981//4 6979//4
f 7001//5 6991//5 6982//5
f 6985//5 6905//5 6903//5
f 6990//4 6989//4 6908//4
f 6990//5 6909//5 6907//5
f 6985//4 6980//4 6898//4
f 6988//5 6907//5 6898//5
f 6958//6 6909//6 6908//6
f 6958//5 6954//5 6906//5
f 6960//6 6913//6 6912//6
f 6959//6 6912//6 6906//6
f 6960//5 6937//5 6897//5
f 6966//6 6930//6 6929//6
f 6966//5 6962//5 6926//5
f 6970//6 6933//6 6932//6
f 6969//6 6932//6 6926//6
f 6921//6 6920//6 6894//6
f 6929//6 6927//6 6896//6
f 6927//6 6921//6 6895//6
f 6967//6 6965//6 6937//6
f 6974//6 6972//6 6946//6
f 6976//4 6950//4 6946//4
f 6976//6 6967//6 6939//6
f 6965//6 6929//6 6897//6
f 7008//5 7005//5 7004//5
f 7012//6 7010//6 7009//6
f 7014//5 7011//5 7009//5
f 7018//6 7016//6 7015//6
f 7020//5 7017//5 7015//5
f 7016//6 7012//6 7011//6
f 7019//5 7015//5 7011//5
f 7010//6 7006//6 7005//6
f 7013//5 7009//5 7005//5
f 7005//2 7006//2 6870//2
f 7005//5 6869//5 6867//5
f 7004//5 6867//5 6863//5
f 7012//5 6884//5 6883//5
f 7018//4 7017//4 6890//4
f 7018//5 6891//5 6889//5
f 7016//5 6889//5 6884//5
f 7010//5 6883//5 6870//5
f 7022//5 7000//5 6998//5
f 6904//6 6837//6 6836//6
f 6904//5 6900//5 6833//5
f 6900//5 6894//5 6824//5
f 6999//6 6891//6 6890//6
f 6999//5 6995//5 6888//5
f 6986//5 6984//5 6878//5
f 6986//6 6880//6 6876//6
f 6995//5 6981//5 6876//5
f 6917//6 6842//6 6841//6
f 6920//5 6916//5 6841//5
f 6920//6 6844//6 6824//6
f 6984//5 6903//5 6836//5
f 7023//5 7021//5 7017//5
f 7021//5 6998//5 6890//5
f 6805//5 6802//5 6783//5
f 6802//5 6792//5 6782//5
f 6848//5 6845//5 6785//5
f 6858//5 6848//5 6786//5
f 6845//5 6805//5 6784//5
f 7025//1 7027//1 7026//1
f 7030//1 7032//1 7031//1
f 7039//1 7041//1 7040//1
f 7037//3 7041//3 7039//3
f 7049//1 7051//1 7050//1
f 7050//3 7053//3 7052//3
f 7031//3 7043//3 7042//3
f 7049//4 7048//4 7033//4
f 7035//3 7051//3 7049//3
f 7041//1 7046//1 7045//1
f 7044//3 7046//3 7041//3
f 7032//1 7034//1 7033//1
f 7042//1 7043//1 7037//1
f 7052//1 7053//1 7047//1
f 7052//4 7046//4 7044//4
f 7043//1 7048//1 7044//1
f 7033//3 7048//3 7043//3
f 7055//1 7057//1 7056//1
f 7056//3 7059//3 7058//3
f 7067//1 7069//1 7068//1
f 7067//4 7066//4 7063//4
f 7065//3 7069//3 7067//3
f 7071//1 7073//1 7072//1
f 7057//1 7064//1 7063//1
f 7063//3 7066//3 7059//3
f 7062//1 7071//1 7070//1
f 7060//1 7061//1 7057//1
f 7070//1 7072//1 7065//1
f 7061//1 7070//1 7064//1
f 7080//1 7082//1 7081//1
f 7080//4 7079//4 7076//4
f 7078//3 7082//3 7080//3
f 7082//1 7084//1 7083//1
f 7088//1 7090//1 7089//1
f 7095//1 7097//1 7096//1
f 7095//4 7094//4 7091//4
f 7093//3 7097//3 7095//3
f 7109//1 7111//1 7110//1
f 7109//4 7108//4 7105//4
f 7107//3 7111//3 7109//3
f 7113//1 7115//1 7114//1
f 7117//4 7116//4 7114//4
f 7103//4 7102//4 7089//4
f 7089//3 7102//3 7101//3
f 7113//4 7112//4 7099//4
f 7103//1 7106//1 7105//1
f 7105//3 7108//3 7104//3
f 7097//1 7100//1 7099//1
f 7094//1 7096//1 7090//1
f 7094//4 7088//4 7086//4
f 7112//1 7114//1 7107//1
f 7116//4 7111//4 7107//4
f 7096//1 7099//1 7098//1
f 7112//4 7106//4 7098//4
f 7098//3 7106//3 7103//3
f 7062//4 7061//4 7026//4
f 7026//3 7061//3 7060//3
f 7028//3 7071//3 7062//3
f 7051//1 7077//1 7076//1
f 7076//3 7079//3 7053//3
f 7053//1 7079//1 7075//1
f 7074//3 7077//3 7051//3
f 7069//1 7088//1 7087//1
f 7086//3 7088//3 7069//3
f 7073//1 7092//1 7091//1
f 7072//1 7091//1 7086//1
f 7058//1 7059//1 7032//1
f 7066//1 7068//1 7035//1
f 7059//1 7066//1 7034//1
f 7101//1 7102//1 7078//1
f 7104//4 7082//4 7078//4
f 7108//1 7110//1 7085//1
f 7104//1 7108//1 7084//1
f 7101//4 7077//4 7074//4
f 7068//1 7087//1 7074//1
f 7124//3 7126//3 7125//3
f 7130//1 7132//1 7131//1
f 7131//3 7134//3 7133//3
f 7139//1 7141//1 7140//1
f 7139//4 7138//4 7135//4
f 7137//3 7141//3 7139//3
f 7126//3 7132//3 7130//3
f 7128//3 7137//3 7136//3
f 7132//1 7136//1 7135//1
f 7135//3 7138//3 7134//3
f 7127//3 7136//3 7132//3
f 7148//3 7150//3 7149//3
f 7152//3 7155//3 7154//3
f 7157//3 7159//3 7158//3
f 7164//3 7166//3 7165//3
f 7146//3 7157//3 7156//3
f 7155//3 7164//3 7163//3
f 7151//3 7154//3 7150//3
f 7163//3 7165//3 7161//3
f 7149//1 7150//1 7146//1
f 7161//4 7159//4 7157//4
f 7161//1 7165//1 7162//1
f 7160//4 7157//4 7146//4
f 7154//3 7163//3 7160//3
f 7171//4 7170//4 7167//4
f 7169//3 7172//3 7171//3
f 7176//1 7178//1 7177//1
f 7181//4 7180//4 7177//4
f 7177//3 7180//3 7179//3
f 7176//4 7175//4 7170//4
f 7172//3 7178//3 7176//3
f 7173//3 7174//3 7172//3
f 7182//3 7183//3 7181//3
f 7174//3 7182//3 7178//3
f 7134//3 7148//3 7147//3
f 7153//4 7152//4 7140//4
f 7140//3 7152//3 7151//3
f 7138//3 7151//3 7148//3
f 7144//3 7169//3 7168//3
f 7142//3 7143//3 7141//3
f 7153//1 7168//1 7167//1
f 7167//3 7170//3 7155//3
f 7175//3 7179//3 7166//3
f 7170//3 7175//3 7164//3
f 7143//3 7168//3 7153//3
f 7188//1 7190//1 7189//1
f 7189//3 7192//3 7191//3
f 7187//3 7191//3 7186//3
f 7198//1 7200//1 7199//1
f 7198//4 7197//4 7194//4
f 7196//3 7200//3 7198//3
f 7207//1 7209//1 7208//1
f 7212//4 7211//4 7208//4
f 7208//3 7211//3 7210//3
f 7214//3 7217//3 7216//3
f 7222//1 7224//1 7223//1
f 7222//4 7221//4 7218//4
f 7220//3 7224//3 7222//3
f 7215//4 7214//4 7199//4
f 7199//3 7214//3 7213//3
f 7205//3 7220//3 7219//3
f 7226//4 7225//4 7211//4
f 7203//3 7204//3 7200//3
f 7215//1 7219//1 7218//1
f 7218//3 7221//3 7217//3
f 7201//1 7202//1 7196//1
f 7210//1 7211//1 7205//1
f 7210//4 7204//4 7203//4
f 7227//4 7224//4 7220//4
f 7202//1 7206//1 7203//1
f 7225//4 7220//4 7205//4
f 7204//3 7219//3 7215//3
f 7236//4 7235//4 7232//4
f 7232//3 7235//3 7234//3
f 7242//4 7241//4 7238//4
f 7238//3 7241//3 7240//3
f 7239//4 7238//4 7235//4
f 7235//3 7238//3 7237//3
f 7233//4 7232//4 7223//4
f 7223//3 7232//3 7231//3
f 7221//3 7231//3 7230//3
f 7190//1 7195//1 7194//1
f 7194//3 7197//3 7192//3
f 7197//3 7213//3 7193//3
f 7250//4 7249//4 7246//4
f 7248//3 7251//3 7250//3
f 7256//1 7258//1 7257//1
f 7256//4 7255//4 7252//4
f 7254//3 7258//3 7256//3
f 7260//1 7262//1 7261//1
f 7264//4 7263//4 7261//4
f 7271//4 7270//4 7268//4
f 7279//1 7281//1 7280//1
f 7279//4 7278//4 7276//4
f 7269//4 7268//4 7257//4
f 7257//3 7268//3 7267//3
f 7277//4 7276//4 7265//4
f 7271//1 7275//1 7274//1
f 7273//3 7275//3 7271//3
f 7264//1 7266//1 7265//1
f 7259//1 7261//1 7254//1
f 7263//4 7258//4 7254//4
f 7278//4 7275//4 7273//4
f 7272//1 7276//1 7273//1
f 7272//4 7269//4 7258//4
f 7265//3 7276//3 7272//3
f 7285//1 7287//1 7286//1
f 7290//4 7289//4 7286//4
f 7286//3 7289//3 7288//3
f 7299//4 7298//4 7295//4
f 7295//3 7298//3 7297//3
f 7296//4 7295//4 7289//4
f 7289//3 7295//3 7294//3
f 7300//3 7301//3 7299//3
f 7288//4 7283//4 7282//4
f 7297//4 7293//4 7292//4
f 7294//4 7292//4 7283//4
f 7291//3 7300//3 7296//3
f 7307//4 7306//4 7304//4
f 7314//4 7313//4 7310//4
f 7310//3 7313//3 7312//3
f 7319//4 7318//4 7315//4
f 7317//3 7320//3 7319//3
f 7324//4 7323//4 7321//4
f 7316//4 7315//4 7306//4
f 7308//3 7317//3 7316//3
f 7322//4 7321//4 7313//4
f 7304//3 7306//3 7303//3
f 7312//1 7313//1 7308//1
f 7312//4 7307//4 7305//4
f 7323//4 7320//4 7317//4
f 7321//4 7317//4 7308//4
f 7285//4 7284//4 7249//4
f 7251//3 7287//3 7285//3
f 7284//4 7282//4 7245//4
f 7305//4 7304//4 7274//4
f 7311//4 7310//4 7280//4
f 7280//3 7310//3 7309//3
f 7309//4 7305//4 7275//4
f 7274//3 7304//3 7302//3
f 7326//3 7327//3 7324//3
f 7325//3 7326//3 7322//3
f 7255//4 7244//4 7243//4
f 7267//1 7268//1 7248//1
f 7270//4 7251//4 7248//4
f 7267//4 7247//4 7244//4
f 7303//4 7290//4 7287//4
f 7318//4 7301//4 7300//4
f 7303//1 7306//1 7291//1
f 7315//4 7300//4 7291//4
f 7302//4 7287//4 7251//4
f 7040//3 7185//3 7184//3
f 7188//4 7187//4 7045//4
f 7047//3 7190//3 7188//3
f 7045//3 7187//3 7185//3
f 7081//3 7202//3 7201//3
f 7207//4 7206//4 7083//4
f 7085//3 7209//3 7207//3
f 7201//4 7195//4 7075//4
f 7083//3 7206//3 7202//3
f 7229//4 7228//4 7110//4
f 7228//4 7209//4 7085//4
f 7075//3 7195//3 7190//3
f 7260//4 7259//4 7120//4
f 7122//3 7262//3 7260//3
f 7259//4 7253//4 7118//4
f 7117//1 7121//1 7120//1
f 7119//3 7121//3 7117//3
f 7116//1 7120//1 7118//1
f 7243//3 7244//3 7212//3
f 7226//1 7247//1 7246//1
f 7246//3 7249//3 7227//3
f 7227//1 7249//1 7245//1
f 7244//3 7247//3 7226//3
f 7282//3 7283//3 7236//3
f 7292//3 7293//3 7242//3
f 7283//3 7292//3 7239//3
f 7229//1 7253//1 7252//1
f 7228//1 7252//1 7243//1
f 7245//3 7282//3 7233//3
f 7184//1 7185//1 7124//1
f 7186//4 7126//4 7124//4
f 7191//1 7192//1 7128//1
f 7186//1 7191//1 7127//1
f 7193//4 7137//4 7128//4
f 7216//1 7217//1 7144//1
f 7216//4 7143//4 7142//4
f 7234//4 7174//4 7173//4
f 7240//4 7183//4 7182//4
f 7230//1 7231//1 7173//1
f 7237//4 7182//4 7174//4
f 7193//1 7213//1 7142//1
f 7230//4 7169//4 7144//4
f 7118//3 7253//3 7229//3
f 7329//1 7331//1 7330//1
f 7333//1 7335//1 7334//1
f 7337//1 7339//1 7338//1
f 7341//1 7343//1 7342//1
f 7331//1 7337//1 7336//1
f 7335//1 7341//1 7340//1
f 7332//1 7334//1 7331//1
f 7340//1 7342//1 7339//1
f 7334//1 7340//1 7337//1
f 7345//1 7347//1 7346//1
f 7347//1 7352//1 7351//1
f 7348//1 7350//1 7347//1
f 7361//1 7363//1 7362//1
f 7365//1 7367//1 7366//1
f 7369//1 7371//1 7370//1
f 7374//4 7373//4 7370//4
f 7374//5 7371//5 7369//5
f 7363//1 7369//1 7368//1
f 7368//1 7370//1 7367//1
f 7362//1 7368//1 7365//1
f 7376//1 7378//1 7377//1
f 7380//4 7379//4 7377//4
f 7382//1 7384//1 7383//1
f 7386//4 7385//4 7383//4
f 7388//1 7390//1 7389//1
f 7392//1 7394//1 7393//1
f 7397//4 7396//4 7389//4
f 7389//3 7396//3 7395//3
f 7399//4 7398//4 7393//4
f 7380//1 7388//1 7387//1
f 7386//1 7392//1 7391//1
f 7381//1 7383//1 7378//1
f 7385//4 7380//4 7378//4
f 7391//1 7393//1 7390//1
f 7385//1 7391//1 7388//1
f 7398//4 7397//4 7390//4
f 7401//1 7403//1 7402//1
f 7406//4 7405//4 7402//4
f 7406//5 7403//5 7401//5
f 7409//1 7411//1 7410//1
f 7420//1 7422//1 7421//1
f 7424//4 7423//4 7421//4
f 7426//1 7428//1 7427//1
f 7431//4 7430//4 7427//4
f 7431//5 7428//5 7426//5
f 7418//4 7417//4 7410//4
f 7418//5 7411//5 7409//5
f 7420//4 7419//4 7412//4
f 7421//5 7414//5 7412//5
f 7406//1 7413//1 7412//1
f 7418//1 7426//1 7425//1
f 7408//1 7410//1 7406//1
f 7408//4 7404//4 7401//4
f 7425//1 7427//1 7422//1
f 7430//4 7424//4 7422//4
f 7410//1 7415//1 7413//1
f 7425//4 7420//4 7413//4
f 7425//5 7415//5 7410//5
f 7356//4 7355//4 7338//4
f 7338//3 7355//3 7354//3
f 7358//4 7357//4 7342//4
f 7357//4 7356//4 7339//4
f 7361//4 7360//4 7348//4
f 7362//5 7350//5 7348//5
f 7365//4 7364//4 7351//4
f 7366//5 7353//5 7351//5
f 7362//4 7359//4 7347//4
f 7365//5 7352//5 7347//5
f 7356//1 7376//1 7375//1
f 7358//1 7382//1 7381//1
f 7357//1 7381//1 7376//1
f 7367//1 7401//1 7400//1
f 7374//1 7409//1 7408//1
f 7408//5 7407//5 7370//5
f 7370//1 7407//1 7401//1
f 7344//1 7346//1 7335//1
f 7351//1 7353//1 7343//1
f 7346//1 7351//1 7341//1
f 7400//1 7402//1 7384//1
f 7405//4 7386//4 7384//4
f 7412//1 7414//1 7394//1
f 7405//1 7412//1 7392//1
f 7421//4 7399//4 7394//4
f 7366//1 7400//1 7382//1
f 7366//4 7358//4 7343//4
f 7438//1 7440//1 7439//1
f 7438//4 7437//4 7434//4
f 7439//5 7436//5 7434//5
f 7445//1 7447//1 7446//1
f 7450//1 7452//1 7451//1
f 7455//4 7454//4 7451//4
f 7455//5 7452//5 7450//5
f 7463//1 7465//1 7464//1
f 7464//5 7461//5 7460//5
f 7451//5 7442//5 7441//5
f 7458//4 7457//4 7446//4
f 7458//5 7447//5 7445//5
f 7440//1 7445//1 7444//1
f 7444//5 7443//5 7436//5
f 7455//1 7463//1 7462//1
f 7462//5 7460//5 7451//5
f 7441//1 7442//1 7440//1
f 7460//1 7461//1 7458//1
f 7464//4 7459//4 7458//4
f 7451//1 7460//1 7456//1
f 7451//4 7448//4 7440//4
f 7456//5 7445//5 7440//5
f 7470//1 7472//1 7471//1
f 7475//4 7474//4 7471//4
f 7475//5 7472//5 7470//5
f 7475//1 7480//1 7479//1
f 7479//5 7478//5 7471//5
f 7476//1 7477//1 7475//1
f 7458//1 7470//1 7469//1
f 7473//5 7470//5 7458//5
f 7464//1 7476//1 7473//1
f 7469//5 7468//5 7446//5
f 7466//1 7467//1 7455//1
f 7485//1 7487//1 7486//1
f 7485//4 7484//4 7482//4
f 7491//1 7493//1 7492//1
f 7491//4 7490//4 7488//4
f 7490//1 7492//1 7487//1
f 7490//4 7485//4 7483//4
f 7496//1 7498//1 7497//1
f 7495//1 7497//1 7493//1
f 7495//4 7491//4 7489//4
f 7511//1 7513//1 7512//1
f 7511//4 7510//4 7507//4
f 7512//5 7509//5 7507//5
f 7518//5 7515//5 7514//5
f 7522//5 7520//5 7519//5
f 7526//1 7528//1 7527//1
f 7531//4 7530//4 7527//4
f 7531//5 7528//5 7526//5
f 7520//5 7513//5 7511//5
f 7526//4 7525//4 7516//4
f 7527//5 7518//5 7516//5
f 7513//1 7517//1 7516//1
f 7516//5 7514//5 7509//5
f 7529//5 7526//5 7520//5
f 7523//1 7524//1 7522//1
f 7524//1 7532//1 7529//1
f 7526//5 7517//5 7513//5
f 7535//1 7537//1 7536//1
f 7540//4 7539//4 7536//4
f 7540//5 7537//5 7535//5
f 7542//1 7544//1 7543//1
f 7546//5 7544//5 7542//5
f 7549//1 7551//1 7550//1
f 7557//5 7555//5 7553//5
f 7555//4 7554//4 7550//4
f 7555//5 7551//5 7549//5
f 7540//1 7549//1 7548//1
f 7548//5 7547//5 7536//5
f 7548//1 7550//1 7546//1
f 7548//4 7545//4 7542//4
f 7536//1 7547//1 7542//1
f 7553//5 7549//5 7540//5
f 7563//1 7565//1 7564//1
f 7564//5 7561//5 7560//5
f 7561//5 7559//5 7558//5
f 7567//5 7566//5 7561//5
f 7572//5 7570//5 7569//5
f 7576//5 7574//5 7573//5
f 7583//5 7581//5 7580//5
f 7588//5 7586//5 7585//5
f 7581//5 7572//5 7571//5
f 7586//5 7579//5 7578//5
f 7578//5 7577//5 7570//5
f 7587//5 7585//5 7581//5
f 7578//1 7579//1 7576//1
f 7578//4 7575//4 7573//4
f 7586//4 7584//4 7576//4
f 7585//5 7578//5 7572//5
f 7593//5 7591//5 7589//5
f 7595//1 7597//1 7596//1
f 7599//5 7597//5 7595//5
f 7603//5 7601//5 7600//5
f 7609//5 7607//5 7606//5
f 7601//5 7593//5 7592//5
f 7607//5 7599//5 7598//5
f 7591//1 7595//1 7594//1
f 7598//5 7595//5 7591//5
f 7608//5 7606//5 7601//5
f 7605//4 7602//4 7600//4
f 7609//2 7611//2 7610//2
f 7606//5 7598//5 7593//5
f 7570//5 7524//5 7523//5
f 7574//5 7531//5 7529//5
f 7577//4 7573//4 7529//4
f 7577//5 7532//5 7524//5
f 7591//4 7590//4 7564//4
f 7591//5 7565//5 7563//5
f 7596//5 7568//5 7567//5
f 7594//5 7567//5 7564//5
f 7505//1 7535//1 7534//1
f 7538//5 7535//5 7505//5
f 7531//1 7563//1 7562//1
f 7562//5 7560//5 7527//5
f 7560//5 7558//5 7518//5
f 7592//5 7589//5 7574//5
f 7605//5 7604//5 7586//5
f 7586//1 7604//1 7600//1
f 7600//5 7592//5 7576//5
f 7514//1 7515//1 7505//1
f 7518//4 7506//4 7505//4
f 7509//1 7514//1 7503//1
f 7558//1 7559//1 7540//1
f 7567//1 7568//1 7557//1
f 7567//4 7556//4 7553//4
f 7561//1 7566//1 7553//1
f 7561//4 7552//4 7540//4
f 7518//1 7558//1 7538//1
f 7589//5 7563//5 7531//5
f 7615//4 7614//4 7612//4
f 7624//4 7623//4 7621//4
f 7627//1 7629//1 7628//1
f 7632//4 7631//4 7628//4
f 7628//3 7631//3 7630//3
f 7634//1 7636//1 7635//1
f 7627//4 7626//4 7619//4
f 7634//4 7633//4 7623//4
f 7625//3 7636//3 7634//3
f 7615//1 7620//1 7619//1
f 7618//3 7620//3 7615//3
f 7617//1 7622//1 7621//1
f 7623//4 7620//4 7618//4
f 7633//1 7635//1 7629//1
f 7637//4 7632//4 7629//4
f 7616//1 7621//1 7618//1
f 7633//4 7627//4 7620//4
f 7643//1 7645//1 7644//1
f 7647//4 7646//4 7644//4
f 7651//1 7653//1 7652//1
f 7651//4 7650//4 7648//4
f 7655//1 7657//1 7656//1
f 7659//4 7658//4 7652//4
f 7640//1 7649//1 7648//1
f 7651//5 7649//5 7640//5
f 7647//1 7655//1 7654//1
f 7642//1 7644//1 7640//1
f 7646//4 7641//4 7640//4
f 7654//1 7656//1 7653//1
f 7646//1 7654//1 7651//1
f 7660//4 7659//4 7653//4
f 7666//1 7668//1 7667//1
f 7666//4 7665//4 7663//4
f 7671//1 7673//1 7672//1
f 7678//1 7680//1 7679//1
f 7683//4 7682//4 7679//4
f 7679//3 7682//3 7681//3
f 7690//1 7692//1 7691//1
f 7688//3 7692//3 7690//3
f 7694//1 7696//1 7695//1
f 7686//4 7685//4 7672//4
f 7672//3 7685//3 7684//3
f 7695//2 7696//2 7676//2
f 7676//3 7696//3 7694//3
f 7683//1 7690//1 7689//1
f 7687//3 7690//3 7683//3
f 7686//1 7694//1 7693//1
f 7684//1 7685//1 7680//1
f 7693//1 7695//1 7688//1
f 7685//1 7693//1 7687//1
f 7674//3 7694//3 7686//3
f 7703//4 7702//4 7699//4
f 7701//3 7704//3 7703//3
f 7713//1 7715//1 7714//1
f 7713//4 7712//4 7709//4
f 7711//3 7715//3 7713//3
f 7720//1 7722//1 7721//1
f 7720//4 7719//4 7716//4
f 7718//3 7722//3 7720//3
f 7727//3 7730//3 7729//3
f 7717//4 7716//4 7702//4
f 7704//3 7718//3 7717//3
f 7728//4 7727//4 7714//4
f 7714//3 7727//3 7726//3
f 7724//3 7725//3 7722//3
f 7707//1 7710//1 7709//1
f 7709//3 7712//3 7708//3
f 7705//1 7706//1 7701//1
f 7708//4 7704//4 7701//4
f 7729//4 7725//4 7724//4
f 7723//1 7726//1 7724//1
f 7723//4 7718//4 7704//4
f 7712//3 7726//3 7723//3
f 7700//4 7699//4 7661//4
f 7707//4 7706//4 7667//4
f 7667//3 7706//3 7705//3
f 7705//4 7700//4 7662//4
f 7669//3 7710//3 7707//3
f 7691//3 7732//3 7731//3
f 7632//1 7662//1 7661//1
f 7636//1 7664//1 7663//1
f 7663//3 7665//3 7637//3
f 7637//1 7665//1 7662//1
f 7699//3 7702//3 7698//3
f 7659//1 7678//1 7677//1
f 7657//1 7671//1 7670//1
f 7660//1 7684//1 7678//1
f 7670//3 7684//3 7660//3
f 7650//1 7652//1 7625//1
f 7650//4 7624//4 7622//4
f 7639//1 7648//1 7622//1
f 7658//4 7636//4 7625//4
f 7681//1 7682//1 7668//1
f 7681//4 7666//4 7664//4
f 7682//1 7689//1 7669//1
f 7731//1 7732//1 7711//1
f 7658//1 7677//1 7664//1
f 7731//4 7710//4 7669//4
f 7661//3 7699//3 7697//3
f 7737//1 7739//1 7738//1
f 7737//4 7736//4 7733//4
f 7738//5 7735//5 7733//5
f 7743//1 7745//1 7744//1
f 7750//1 7752//1 7751//1
f 7754//5 7752//5 7750//5
f 7756//1 7758//1 7757//1
f 7751//5 7741//5 7740//5
f 7757//2 7758//2 7748//2
f 7757//5 7747//5 7746//5
f 7739//1 7743//1 7742//1
f 7752//1 7756//1 7755//1
f 7759//5 7756//5 7752//5
f 7740//1 7741//1 7739//1
f 7746//1 7747//1 7745//1
f 7741//1 7746//1 7743//1
f 7755//5 7746//5 7741//5
f 7767//1 7769//1 7768//1
f 7768//2 7769//2 7765//2
f 7768//5 7764//5 7763//5
f 7762//1 7767//1 7766//1
f 7772//1 7774//1 7773//1
f 7776//1 7778//1 7777//1
f 7781//1 7783//1 7782//1
f 7785//1 7787//1 7786//1
f 7788//2 7789//2 7785//2
f 7786//3 7790//3 7788//3
f 7791//5 7787//5 7785//5
f 7774//1 7781//1 7780//1
f 7778//1 7789//1 7788//1
f 7775//1 7777//1 7774//1
f 7788//1 7790//1 7783//1
f 7783//2 7790//2 7786//2
f 7777//1 7788//1 7781//1
f 7799//1 7801//1 7800//1
f 7800//2 7801//2 7797//2
f 7804//1 7806//1 7805//1
f 7808//1 7810//1 7809//1
f 7816//1 7818//1 7817//1
f 7817//2 7818//2 7814//2
f 7817//5 7813//5 7812//5
f 7809//2 7810//2 7795//2
f 7809//5 7794//5 7793//5
f 7820//2 7821//2 7804//2
f 7822//5 7806//5 7804//5
f 7795//1 7799//1 7798//1
f 7814//1 7821//1 7820//1
f 7823//5 7821//5 7814//5
f 7803//1 7805//1 7801//1
f 7801//2 7805//2 7802//2
f 7812//1 7813//1 7810//1
f 7811//2 7815//2 7812//2
f 7813//1 7820//1 7819//1
f 7819//2 7820//2 7803//2
f 7819//5 7799//5 7795//5
f 7825//1 7827//1 7826//1
f 7829//5 7827//5 7825//5
f 7839//1 7841//1 7840//1
f 7840//2 7841//2 7837//2
f 7840//5 7836//5 7835//5
f 7847//2 7848//2 7845//2
f 7847//5 7844//5 7843//5
f 7844//5 7831//5 7830//5
f 7849//2 7850//2 7839//2
f 7851//5 7841//5 7839//5
f 7834//5 7832//5 7827//5
f 7845//1 7850//1 7849//1
f 7852//5 7850//5 7845//5
f 7830//1 7831//1 7829//1
f 7835//1 7836//1 7833//1
f 7834//2 7838//2 7835//2
f 7831//1 7838//1 7834//1
f 7842//2 7843//2 7830//2
f 7849//5 7838//5 7831//5
f 7826//2 7827//2 7762//2
f 7826//5 7761//5 7760//5
f 7833//5 7769//5 7767//5
f 7833//2 7836//2 7770//2
f 7832//5 7767//5 7762//5
f 7853//2 7854//2 7816//2
f 7745//1 7772//1 7771//1
f 7748//1 7776//1 7775//1
f 7747//1 7775//1 7772//1
f 7792//5 7776//5 7748//5
f 7765//1 7808//1 7807//1
f 7811//5 7808//5 7765//5
f 7770//1 7815//1 7811//1
f 7837//1 7854//1 7853//1
f 7855//5 7854//5 7837//5
f 7760//1 7761//1 7754//1
f 7763//1 7764//1 7758//1
f 7759//2 7766//2 7763//2
f 7761//1 7766//1 7759//1
f 7793//1 7794//1 7778//1
f 7798//1 7800//1 7791//1
f 7791//2 7800//2 7796//2
f 7794//1 7798//1 7789//1
f 7792//2 7807//2 7793//2
f 7764//1 7807//1 7792//1
f 7853//5 7815//5 7770//5
f 7505//4 7504//4 7464//4
f 7505//5 7465//5 7463//5
f 7503//5 7463//5 7455//5
f 7509//5 7467//5 7466//5
f 7536//5 7477//5 7476//5
f 7542//4 7541//4 7479//4
f 7543//5 7481//5 7479//5
f 7536//4 7533//4 7475//4
f 7542//5 7480//5 7475//5
f 7509//4 7502//4 7455//4
f 7534//5 7476//5 7464//5
f 7613//4 7612//4 7486//4
f 7617//4 7616//4 7492//4
f 7616//4 7613//4 7487//4
f 7640//4 7639//4 7497//4
f 7640//5 7498//5 7496//5
f 7643//4 7642//4 7499//4
f 7642//4 7638//4 7496//4
f 7639//4 7617//4 7493//4
f 7397//1 7483//1 7482//1
f 7399//1 7489//1 7488//1
f 7398//1 7488//1 7483//1
f 7424//1 7496//1 7495//1
f 7495//5 7494//5 7421//5
f 7431//1 7500//1 7499//1
f 7430//1 7499//1 7496//1
f 7421//1 7494//1 7489//1
f 7544//1 7734//1 7733//1
f 7737//5 7734//5 7544//5
f 7555//1 7750//1 7749//1
f 7753//5 7750//5 7555//5
f 7550//1 7740//1 7737//1
f 7749//5 7740//5 7550//5
f 7597//1 7825//1 7824//1
f 7828//5 7825//5 7597//5
f 7846//5 7843//5 7610//5
f 7610//1 7843//1 7842//1
f 7842//5 7828//5 7599//5
f 7568//1 7760//1 7753//1
f 7824//5 7760//5 7568//5
f 7434//1 7436//1 7363//1
f 7444//1 7446//1 7374//1
f 7444//4 7372//4 7369//4
f 7436//1 7443//1 7369//1
f 7469//1 7471//1 7418//1
f 7479//1 7481//1 7431//1
f 7479//4 7429//4 7426//4
f 7471//1 7478//1 7426//1
f 7469//4 7416//4 7409//4
f 7446//1 7468//1 7409//1
f 7733//1 7735//1 7645//1
f 7738//4 7647//4 7645//4
f 7742//1 7744//1 7657//1
f 7738//1 7742//1 7655//1
f 7771//1 7773//1 7673//1
f 7780//1 7782//1 7676//1
f 7773//1 7780//1 7674//1
f 7744//1 7771//1 7671//1
f 7543//1 7733//1 7643//1
f 7543//4 7501//4 7431//4
f 7643//5 7500//5 7431//5
f 7857//1 7859//1 7858//1
f 7861//1 7863//1 7862//1
f 7867//1 7869//1 7868//1
f 7865//3 7869//3 7867//3
f 7875//1 7877//1 7876//1
f 7873//3 7877//3 7875//3
f 7858//3 7871//3 7870//3
f 7862//3 7879//3 7878//3
f 7869//1 7875//1 7874//1
f 7872//3 7875//3 7869//3
f 7859//1 7861//1 7860//1
f 7870//1 7871//1 7865//1
f 7878//1 7879//1 7873//1
f 7871//1 7878//1 7872//1
f 7860//3 7878//3 7871//3
f 7881//1 7883//1 7882//1
f 7889//1 7891//1 7890//1
f 7887//3 7891//3 7889//3
f 7899//1 7901//1 7900//1
f 7904//4 7903//4 7900//4
f 7900//3 7903//3 7902//3
f 7894//4 7893//4 7882//4
f 7882//3 7893//3 7892//3
f 7885//3 7901//3 7899//3
f 7894//1 7899//1 7898//1
f 7898//3 7902//3 7895//3
f 7892//1 7893//1 7887//1
f 7895//4 7891//4 7887//4
f 7902//1 7903//1 7897//1
f 7895//1 7902//1 7896//1
f 7884//3 7899//3 7894//3
f 7906//3 7908//3 7907//3
f 7910//3 7912//3 7911//3
f 7914//1 7916//1 7915//1
f 7915//3 7918//3 7917//3
f 7923//1 7925//1 7924//1
f 7923//4 7922//4 7919//4
f 7921//3 7925//3 7923//3
f 7908//3 7916//3 7914//3
f 7912//3 7921//3 7920//3
f 7909//3 7911//3 7908//3
f 7916//1 7920//1 7919//1
f 7919//3 7922//3 7918//3
f 7911//3 7920//3 7916//3
f 7935//3 7938//3 7937//3
f 7940//3 7942//3 7941//3
f 7932//3 7935//3 7934//3
f 7939//3 7941//3 7938//3
f 7933//3 7939//3 7935//3
f 7944//3 7947//3 7946//3
f 7949//1 7951//1 7950//1
f 7954//4 7953//4 7950//4
f 7950//3 7953//3 7952//3
f 7953//3 7956//3 7955//3
f 7945//1 7949//1 7948//1
f 7948//3 7952//3 7947//3
f 7868//3 7927//3 7926//3
f 7876//3 7929//3 7928//3
f 7874//3 7928//3 7927//3
f 7945//4 7944//4 7890//4
f 7890//3 7944//3 7943//3
f 7897//3 7951//3 7949//3
f 7896//3 7949//3 7945//3
f 7930//3 7931//3 7912//3
f 7925//1 7937//1 7936//1
f 7934//3 7937//3 7925//3
f 7931//3 7934//3 7921//3
f 7877//1 7889//1 7888//1
f 7886//3 7889//3 7877//3
f 7863//1 7881//1 7880//1
f 7879//1 7892//1 7886//1
f 7880//3 7892//3 7879//3
f 7926//1 7927//1 7906//1
f 7928//1 7929//1 7910//1
f 7927//1 7928//1 7909//1
f 7946//1 7947//1 7932//1
f 7946//4 7931//4 7930//4
f 7955//1 7956//1 7940//1
f 7957//4 7942//4 7940//4
f 7947//1 7952//1 7933//1
f 7955//4 7939//4 7933//4
f 7929//1 7943//1 7930//1
f 7888//3 7943//3 7929//3
f 7959//1 7961//1 7960//1
f 7962//2 7963//2 7959//2
f 7960//3 7964//3 7962//3
f 7966//1 7968//1 7967//1
f 7970//1 7972//1 7971//1
f 7971//3 7974//3 7973//3
f 7976//1 7978//1 7977//1
f 7961//1 7970//1 7969//1
f 7969//3 7973//3 7964//3
f 7968//1 7976//1 7975//1
f 7965//1 7967//1 7961//1
f 7975//1 7977//1 7972//1
f 7967//1 7975//1 7970//1
f 7980//1 7982//1 7981//1
f 7984//1 7986//1 7985//1
f 7987//2 7988//2 7984//2
f 7989//5 7986//5 7984//5
f 7991//1 7993//1 7992//1
f 7995//1 7997//1 7996//1
f 7982//1 7991//1 7990//1
f 7986//1 7995//1 7994//1
f 7998//5 7995//5 7986//5
f 7983//1 7985//1 7982//1
f 7994//1 7996//1 7993//1
f 7985//1 7994//1 7991//1
f 8000//1 8002//1 8001//1
f 8001//3 8004//3 8003//3
f 8006//1 8008//1 8007//1
f 8013//1 8015//1 8014//1
f 8013//4 8012//4 8009//4
f 8011//3 8015//3 8013//3
f 8017//1 8019//1 8018//1
f 8021//4 8020//4 8018//4
f 8002//1 8010//1 8009//1
f 8009//3 8012//3 8004//3
f 8008//1 8017//1 8016//1
f 8005//1 8007//1 8002//1
f 8016//1 8018//1 8011//1
f 8020//4 8015//4 8011//4
f 8007//1 8016//1 8010//1
f 8024//1 8026//1 8025//1
f 8028//1 8030//1 8029//1
f 8032//5 8030//5 8028//5
f 8034//1 8036//1 8035//1
f 8038//4 8037//4 8035//4
f 8043//1 8045//1 8044//1
f 8043//4 8042//4 8039//4
f 8044//5 8041//5 8039//5
f 8026//1 8034//1 8033//1
f 8030//1 8040//1 8039//1
f 8043//5 8040//5 8030//5
f 8027//1 8029//1 8026//1
f 8039//1 8041//1 8036//1
f 8044//4 8038//4 8036//4
f 8029//1 8039//1 8034//1
f 7972//1 8000//1 7999//1
f 7999//3 8003//3 7974//3
f 7978//1 8006//1 8005//1
f 7977//1 8005//1 8000//1
f 7993//1 8024//1 8023//1
f 7997//1 8028//1 8027//1
f 7996//1 8027//1 8024//1
f 7979//1 7981//1 7968//1
f 7990//1 7992//1 7978//1
f 7981//1 7990//1 7976//1
f 8023//1 8025//1 8008//1
f 8033//1 8035//1 8019//1
f 8037//4 8021//4 8019//4
f 8025//1 8033//1 8017//1
f 7992//1 8023//1 8006//1
f 8050//1 8052//1 8051//1
f 8054//3 8057//3 8056//3
f 8062//4 8061//4 8059//4
f 8071//1 8073//1 8072//1
f 8071//4 8070//4 8067//4
f 8069//3 8073//3 8071//3
f 8081//1 8083//1 8082//1
f 8081//4 8080//4 8077//4
f 8079//3 8083//3 8081//3
f 8068//4 8067//4 8055//4
f 8057//3 8069//3 8068//3
f 8078//4 8077//4 8064//4
f 8066//3 8079//3 8078//3
f 8062//1 8065//1 8064//1
f 8063//3 8065//3 8062//3
f 8077//3 8080//3 8075//3
f 8058//1 8059//1 8054//1
f 8061//4 8057//4 8054//4
f 8075//4 8073//4 8069//4
f 8075//1 8080//1 8076//1
f 8074//4 8069//4 8057//4
f 8064//3 8077//3 8074//3
f 8060//4 8059//4 8051//4
f 8051//3 8059//3 8058//3
f 8058//4 8053//4 8047//4
f 8087//1 8089//1 8088//1
f 8091//1 8093//1 8092//1
f 8096//4 8095//4 8092//4
f 8092//3 8095//3 8094//3
f 8106//1 8108//1 8107//1
f 8106//4 8105//4 8103//4
f 8091//4 8090//4 8084//4
f 8099//4 8098//4 8088//4
f 8088//3 8098//3 8097//3
f 8096//1 8102//1 8101//1
f 8099//1 8104//1 8103//1
f 8103//3 8105//3 8100//3
f 8097//1 8098//1 8093//1
f 8100//4 8096//4 8093//4
f 8100//1 8105//1 8102//1
f 8097//4 8091//4 8085//4
f 8110//1 8112//1 8111//1
f 8120//1 8122//1 8121//1
f 8124//4 8123//4 8121//4
f 8128//1 8130//1 8129//1
f 8128//4 8127//4 8125//4
f 8117//4 8116//4 8111//4
f 8117//5 8112//5 8110//5
f 8120//4 8119//4 8113//4
f 8117//1 8126//1 8125//1
f 8128//5 8126//5 8117//5
f 8124//1 8132//1 8131//1
f 8119//1 8121//1 8117//1
f 8123//4 8118//4 8117//4
f 8123//1 8131//1 8128//1
f 8119//4 8115//4 8110//4
f 8135//1 8137//1 8136//1
f 8140//4 8139//4 8136//4
f 8136//3 8139//3 8138//3
f 8145//4 8144//4 8142//4
f 8147//4 8146//4 8139//4
f 8141//1 8142//1 8137//1
f 8144//4 8140//4 8137//4
f 8153//4 8152//4 8150//4
f 8155//1 8157//1 8156//1
f 8160//4 8159//4 8156//4
f 8160//5 8157//5 8155//5
f 8162//4 8161//4 8159//4
f 8154//1 8156//1 8151//1
f 8159//4 8153//4 8151//4
f 8170//4 8169//4 8167//4
f 8174//4 8173//4 8171//4
f 8172//4 8171//4 8165//4
f 8173//4 8170//4 8168//4
f 8171//4 8168//4 8164//4
f 8181//4 8180//4 8178//4
f 8185//4 8184//4 8182//4
f 8179//4 8178//4 8175//4
f 8184//4 8181//4 8179//4
f 8182//4 8179//4 8176//4
f 8135//4 8134//4 8101//4
f 8143//4 8142//4 8107//4
f 8107//3 8142//3 8141//3
f 8141//4 8135//4 8102//4
f 8101//3 8134//3 8133//3
f 8151//4 8150//4 8129//4
f 8151//5 8130//5 8128//5
f 8155//4 8154//4 8131//4
f 8154//4 8149//4 8128//4
f 8147//1 8168//1 8167//1
f 8167//3 8169//3 8148//3
f 8145//1 8166//1 8165//1
f 8144//1 8165//1 8164//1
f 8164//3 8168//3 8147//3
f 8153//1 8176//1 8175//1
f 8162//1 8183//1 8182//1
f 8185//5 8183//5 8162//5
f 8159//1 8177//1 8176//1
f 8182//5 8177//5 8159//5
f 8109//1 8111//1 8089//1
f 8127//1 8129//1 8108//1
f 8127//4 8106//4 8104//4
f 8116//1 8125//1 8104//1
f 8116//4 8099//4 8089//4
f 8152//4 8145//4 8143//4
f 8180//4 8174//4 8172//4
f 8178//4 8172//4 8166//4
f 8152//1 8175//1 8166//1
f 8150//4 8143//4 8108//4
f 7904//1 8050//1 8049//1
f 8048//3 8050//3 7904//3
f 7903//1 8049//1 8047//1
f 7954//1 8056//1 8055//1
f 8053//3 8056//3 7954//3
f 8067//3 8070//3 7957//3
f 8055//3 8067//3 7956//3
f 8047//3 8053//3 7951//3
f 8015//1 8085//1 8084//1
f 8021//1 8087//1 8086//1
f 8020//1 8086//1 8085//1
f 8084//3 8090//3 8022//3
f 8038//1 8110//1 8109//1
f 8045//1 8114//1 8113//1
f 8044//1 8113//1 8110//1
f 8120//5 8114//5 8045//5
f 8037//1 8109//1 8087//1
f 7962//1 7964//1 7859//1
f 7973//1 7974//1 7863//1
f 7964//1 7973//1 7861//1
f 8003//1 8004//1 7883//1
f 8012//1 8014//1 7885//1
f 8004//1 8012//1 7884//1
f 8022//4 7901//4 7885//4
f 7974//1 8003//1 7881//1
f 8094//1 8095//1 8052//1
f 8094//4 8050//4 8048//4
f 8138//1 8139//1 8066//1
f 8138//4 8065//4 8063//4
f 8148//4 8083//4 8079//4
f 8133//1 8134//1 8063//1
f 8146//4 8079//4 8066//4
f 8133//4 8060//4 8052//4
f 8022//1 8090//1 8048//1
f 8187//3 8189//3 8188//3
f 8195//3 8197//3 8196//3
f 8200//3 8202//3 8201//3
f 8204//3 8206//3 8205//3
f 8192//3 8200//3 8199//3
f 8197//3 8204//3 8203//3
f 8194//3 8196//3 8192//3
f 8203//3 8205//3 8202//3
f 8192//6 8191//6 8188//6
f 8192//4 8189//4 8187//4
f 8194//6 8190//6 8187//6
f 8199//4 8198//4 8188//4
f 8196//3 8203//3 8200//3
f 8214//6 8212//6 8211//6
f 8214//4 8213//4 8209//4
f 8209//3 8213//3 8211//3
f 8221//4 8220//4 8217//4
f 8219//3 8222//3 8221//3
f 8218//4 8217//4 8211//4
f 8214//3 8219//3 8218//3
f 8215//3 8216//3 8214//3
f 8216//3 8223//3 8219//3
f 8230//6 8228//6 8227//6
f 8230//4 8229//4 8225//4
f 8225//3 8229//3 8227//3
f 8234//6 8232//6 8231//6
f 8234//3 8236//3 8235//3
f 8230//3 8238//3 8237//3
f 8236//3 8240//3 8239//3
f 8232//6 8226//6 8225//6
f 8232//3 8235//3 8230//3
f 8235//3 8239//3 8238//3
f 8202//3 8225//3 8224//3
f 8234//4 8233//4 8206//4
f 8206//3 8233//3 8231//3
f 8205//3 8231//3 8225//3
f 8222//3 8242//3 8241//3
f 8208//3 8211//3 8197//3
f 8221//6 8207//6 8206//6
f 8217//3 8220//3 8206//3
f 8211//3 8217//3 8204//3
f 8241//3 8243//3 8236//3
f 8221//3 8241//3 8234//3
f 8249//4 8248//4 8245//4
f 8245//3 8248//3 8247//3
f 8258//6 8256//6 8255//6
f 8258//4 8257//4 8253//4
f 8253//3 8257//3 8255//3
f 8254//4 8253//4 8248//4
f 8248//3 8253//3 8252//3
f 8252//3 8255//3 8251//3
f 8261//3 8263//3 8262//3
f 8271//6 8269//6 8268//6
f 8271//4 8270//4 8266//4
f 8266//3 8270//3 8268//3
f 8269//6 8264//6 8263//6
f 8265//3 8268//3 8263//3
f 8273//3 8275//3 8274//3
f 8281//4 8280//4 8277//4
f 8279//3 8282//3 8281//3
f 8290//6 8288//6 8287//6
f 8290//3 8292//3 8291//3
f 8301//6 8299//6 8298//6
f 8303//4 8302//4 8298//4
f 8301//3 8304//3 8303//3
f 8290//4 8289//4 8275//4
f 8275//3 8289//3 8287//3
f 8301//4 8300//4 8285//4
f 8285//3 8300//3 8298//3
f 8281//6 8276//6 8275//6
f 8277//3 8280//3 8275//3
f 8303//6 8296//6 8295//6
f 8298//3 8302//3 8295//3
f 8285//6 8284//6 8281//6
f 8285//4 8282//4 8279//4
f 8295//6 8294//6 8291//6
f 8295//4 8292//4 8290//4
f 8298//6 8293//6 8290//6
f 8298//4 8297//4 8281//4
f 8281//3 8297//3 8290//3
f 8278//4 8277//4 8255//4
f 8258//3 8279//3 8278//3
f 8255//3 8277//3 8273//3
f 8288//6 8267//6 8266//6
f 8288//3 8291//3 8271//3
f 8274//3 8287//3 8266//3
f 8307//6 8306//6 8303//6
f 8307//4 8304//4 8301//4
f 8316//4 8315//4 8312//4
f 8312//3 8315//3 8314//3
f 8327//6 8325//6 8324//6
f 8327//4 8326//4 8322//4
f 8322//3 8326//3 8324//3
f 8323//4 8322//4 8315//4
f 8315//3 8322//3 8321//3
f 8317//3 8318//3 8316//3
f 8314//4 8310//4 8309//4
f 8324//4 8320//4 8319//4
f 8321//4 8319//4 8310//4
f 8318//3 8328//3 8323//3
f 8333//4 8332//4 8329//4
f 8331//3 8334//3 8333//3
f 8338//4 8337//4 8335//4
f 8345//4 8344//4 8341//4
f 8352//6 8350//6 8349//6
f 8352//4 8351//4 8347//4
f 8347//3 8351//3 8349//3
f 8342//4 8341//4 8332//4
f 8334//3 8343//3 8342//3
f 8348//4 8347//4 8337//4
f 8341//3 8344//3 8340//3
f 8337//4 8334//4 8331//4
f 8347//6 8346//6 8342//6
f 8349//4 8345//4 8342//4
f 8347//4 8343//4 8334//4
f 8361//4 8360//4 8357//4
f 8359//3 8362//3 8361//3
f 8368//4 8367//4 8364//4
f 8378//4 8377//4 8374//4
f 8382//6 8380//6 8379//6
f 8384//4 8383//4 8379//4
f 8391//6 8389//6 8388//6
f 8391//4 8390//4 8386//4
f 8386//3 8390//3 8388//3
f 8382//4 8381//4 8367//4
f 8367//3 8381//3 8379//3
f 8387//4 8386//4 8369//4
f 8372//6 8365//6 8364//6
f 8372//3 8373//3 8368//3
f 8378//6 8370//6 8369//6
f 8377//4 8373//4 8372//4
f 8386//6 8385//6 8380//6
f 8388//4 8384//4 8380//4
f 8377//6 8369//6 8368//6
f 8386//4 8382//4 8368//4
f 8378//3 8392//3 8387//3
f 8358//4 8357//4 8324//4
f 8327//3 8359//3 8358//3
f 8357//4 8356//4 8320//4
f 8372//4 8371//4 8344//4
f 8375//4 8374//4 8349//4
f 8352//3 8376//3 8375//3
f 8374//4 8372//4 8345//4
f 8344//3 8371//3 8364//3
f 8353//3 8354//3 8338//3
f 8354//3 8355//3 8348//3
f 8332//4 8318//4 8317//4
f 8340//4 8327//4 8323//4
f 8341//6 8339//6 8323//6
f 8341//4 8328//4 8318//4
f 8367//6 8366//6 8361//6
f 8367//4 8362//4 8359//4
f 8379//4 8363//4 8361//4
f 8364//4 8359//4 8327//4
f 8396//6 8394//6 8393//6
f 8396//3 8398//3 8397//3
f 8403//6 8401//6 8400//6
f 8412//6 8410//6 8409//6
f 8412//4 8411//4 8407//4
f 8407//3 8411//3 8409//3
f 8403//3 8414//3 8413//3
f 8412//3 8416//3 8415//3
f 8410//6 8403//6 8402//6
f 8406//3 8409//3 8402//3
f 8402//6 8400//6 8397//6
f 8402//4 8398//4 8396//4
f 8407//6 8406//6 8404//6
f 8406//6 8399//6 8396//6
f 8410//3 8415//3 8414//3
f 8421//6 8419//6 8418//6
f 8423//4 8422//4 8418//4
f 8421//3 8424//3 8423//3
f 8428//6 8426//6 8425//6
f 8432//6 8430//6 8429//6
f 8440//6 8438//6 8437//6
f 8440//4 8439//4 8435//4
f 8435//3 8439//3 8437//3
f 8430//6 8421//6 8420//6
f 8430//3 8433//3 8424//3
f 8438//6 8428//6 8427//6
f 8427//6 8425//6 8423//6
f 8435//6 8434//6 8430//6
f 8437//4 8433//4 8430//4
f 8437//6 8427//6 8424//6
f 8445//6 8443//6 8442//6
f 8445//3 8447//3 8446//3
f 8453//6 8451//6 8450//6
f 8458//6 8456//6 8455//6
f 8460//4 8459//4 8455//4
f 8467//6 8465//6 8464//6
f 8467//4 8466//4 8462//4
f 8462//3 8466//3 8464//3
f 8474//6 8472//6 8471//6
f 8469//4 8468//4 8450//4
f 8453//3 8470//3 8469//3
f 8477//4 8476//4 8464//4
f 8460//6 8453//6 8452//6
f 8455//3 8459//3 8452//3
f 8477//6 8474//6 8473//6
f 8462//6 8461//6 8456//6
f 8464//4 8460//4 8456//4
f 8473//6 8471//6 8469//6
f 8464//6 8454//6 8453//6
f 8473//4 8470//4 8453//4
f 8464//3 8476//3 8473//3
f 8443//6 8408//6 8407//6
f 8443//3 8446//3 8412//3
f 8442//6 8407//6 8405//6
f 8469//6 8432//6 8431//6
f 8472//6 8436//6 8435//6
f 8472//3 8475//3 8440//3
f 8471//6 8435//6 8432//6
f 8450//3 8468//3 8431//3
f 8420//6 8418//6 8413//6
f 8431//6 8429//6 8415//6
f 8429//6 8420//6 8414//6
f 8431//4 8416//4 8412//4
f 8452//6 8450//6 8446//6
f 8452//4 8447//4 8445//4
f 8455//6 8449//6 8445//6
f 8450//6 8417//6 8412//6
f 8396//4 8395//4 8263//4
f 8263//3 8395//3 8393//3
f 8271//3 8405//3 8404//3
f 8269//3 8404//3 8396//3
f 8445//4 8444//4 8295//4
f 8295//3 8444//3 8442//3
f 8442//4 8441//4 8291//4
f 8303//3 8448//3 8445//3
f 8458//4 8457//4 8307//4
f 8307//3 8457//3 8455//3
f 8455//4 8448//4 8303//4
f 8291//3 8441//3 8405//3
f 8481//4 8480//4 8388//4
f 8480//4 8479//4 8384//4
f 8309//3 8310//3 8249//3
f 8319//3 8320//3 8258//3
f 8310//3 8319//3 8254//3
f 8361//6 8286//6 8285//6
f 8357//3 8360//3 8285//3
f 8357//6 8283//6 8279//6
f 8361//3 8363//3 8301//3
f 8384//6 8308//6 8307//6
f 8379//3 8383//3 8307//3
f 8379//6 8305//6 8301//6
f 8320//3 8356//3 8279//3
f 8481//6 8463//6 8462//6
f 8480//6 8462//6 8458//6
f 8247//4 8216//4 8215//4
f 8251//4 8222//4 8219//4
f 8252//6 8250//6 8219//6
f 8252//4 8223//4 8216//4
f 8261//6 8260//6 8237//6
f 8266//6 8265//6 8239//6
f 8265//6 8261//6 8238//6
f 8266//4 8240//4 8236//4
f 8273//6 8272//6 8241//6
f 8274//4 8243//4 8241//4
f 8274//6 8259//6 8236//6
f 8273//4 8242//4 8222//4
f 8384//3 8479//3 8458//3
f 8486//5 8484//5 8483//5
f 8491//5 8489//5 8488//5
f 8496//5 8494//5 8493//5
f 8500//5 8498//5 8497//5
f 8494//5 8486//5 8485//5
f 8502//5 8491//5 8490//5
f 8490//5 8488//5 8484//5
f 8503//5 8501//5 8494//5
f 8502//6 8501//6 8497//6
f 8503//4 8499//4 8497//4
f 8503//6 8496//6 8492//6
f 8502//4 8498//4 8487//4
f 8501//5 8490//5 8486//5
f 8507//5 8505//5 8504//5
f 8513//5 8511//5 8510//5
f 8519//5 8516//5 8515//5
f 8525//6 8523//6 8522//6
f 8525//5 8521//5 8520//5
f 8516//5 8507//5 8506//5
f 8521//5 8513//5 8512//5
f 8512//5 8510//5 8505//5
f 8523//6 8519//6 8518//6
f 8523//5 8520//5 8516//5
f 8509//4 8506//4 8504//4
f 8520//5 8512//5 8507//5
f 8532//5 8529//5 8528//5
f 8537//5 8534//5 8533//5
f 8546//6 8544//6 8543//6
f 8546//4 8545//4 8541//4
f 8546//5 8542//5 8540//5
f 8550//6 8548//6 8547//6
f 8552//5 8549//5 8547//5
f 8550//4 8549//4 8536//4
f 8550//5 8537//5 8535//5
f 8554//5 8545//5 8543//5
f 8544//6 8537//6 8536//6
f 8544//5 8540//5 8534//5
f 8555//5 8553//5 8549//5
f 8539//6 8538//6 8533//6
f 8553//5 8543//5 8536//5
f 8567//6 8565//6 8564//6
f 8567//4 8566//4 8562//4
f 8567//5 8563//5 8561//5
f 8571//6 8569//6 8568//6
f 8575//6 8573//6 8572//6
f 8577//5 8574//5 8572//5
f 8563//5 8557//5 8556//5
f 8575//5 8559//5 8558//5
f 8573//6 8563//6 8562//6
f 8576//5 8572//5 8562//5
f 8577//6 8576//6 8569//6
f 8576//6 8566//6 8560//6
f 8573//5 8558//5 8557//5
f 8581//6 8579//6 8578//6
f 8583//5 8580//5 8578//5
f 8587//5 8585//5 8584//5
f 8586//5 8584//5 8580//5
f 8539//5 8496//5 8495//5
f 8542//5 8500//5 8499//5
f 8539//4 8534//4 8492//4
f 8540//5 8499//5 8492//5
f 8581//4 8580//4 8518//4
f 8581//5 8519//5 8517//5
f 8585//5 8524//5 8522//5
f 8584//5 8522//5 8518//5
f 8565//6 8532//6 8531//6
f 8565//5 8561//5 8529//5
f 8517//5 8515//5 8498//5
f 8509//5 8508//5 8489//5
f 8509//6 8491//6 8487//6
f 8515//5 8506//5 8487//5
f 8579//6 8542//6 8541//6
f 8582//5 8578//5 8541//5
f 8588//5 8582//5 8545//5
f 8552//6 8551//6 8526//6
f 8554//6 8553//6 8528//6
f 8555//4 8530//4 8528//4
f 8555//6 8552//6 8527//6
f 8583//6 8582//6 8556//6
f 8587//6 8586//6 8558//6
f 8586//6 8583//6 8557//6
f 8588//4 8561//4 8556//4
f 8588//6 8554//6 8529//6
f 8579//5 8517//5 8500//5
f 8598//6 8596//6 8595//6
f 8598//4 8597//4 8593//4
f 8593//3 8597//3 8595//3
f 8602//3 8604//3 8603//3
f 8609//4 8608//4 8605//4
f 8607//3 8610//3 8609//3
f 8616//3 8618//3 8617//3
f 8606//4 8605//4 8595//4
f 8598//3 8607//3 8606//3
f 8604//3 8616//3 8615//3
f 8599//3 8600//3 8598//3
f 8615//3 8617//3 8613//3
f 8603//4 8600//4 8599//4
f 8613//6 8612//6 8609//6
f 8613//4 8610//4 8607//4
f 8615//6 8611//6 8607//6
f 8615//4 8614//4 8600//4
f 8600//3 8614//3 8607//3
f 8626//6 8624//6 8623//6
f 8626//4 8625//4 8621//4
f 8621//3 8625//3 8623//3
f 8636//6 8634//6 8633//6
f 8636//4 8635//4 8631//4
f 8645//6 8643//6 8642//6
f 8647//4 8646//4 8642//4
f 8640//4 8639//4 8623//4
f 8645//4 8644//4 8629//4
f 8629//3 8644//3 8642//3
f 8640//6 8632//6 8631//6
f 8640//3 8641//3 8636//3
f 8647//6 8638//6 8637//6
f 8629//6 8628//6 8624//6
f 8629//4 8626//4 8622//4
f 8646//4 8641//4 8640//4
f 8646//6 8637//6 8636//6
f 8642//4 8640//4 8624//4
f 8653//6 8651//6 8650//6
f 8660//6 8658//6 8657//6
f 8660//4 8659//4 8655//4
f 8655//3 8659//3 8657//3
f 8664//6 8662//6 8661//6
f 8658//6 8649//6 8648//6
f 8662//6 8653//6 8652//6
f 8663//6 8661//6 8658//6
f 8661//6 8652//6 8649//6
f 8669//6 8667//6 8666//6
f 8671//4 8670//4 8666//4
f 8669//3 8672//3 8671//3
f 8676//6 8674//6 8673//6
f 8676//3 8678//3 8677//3
f 8672//3 8680//3 8679//3
f 8674//6 8669//6 8668//6
f 8674//3 8677//3 8672//3
f 8687//6 8685//6 8684//6
f 8687//3 8689//3 8688//3
f 8693//6 8691//6 8690//6
f 8697//6 8695//6 8694//6
f 8697//3 8699//3 8698//3
f 8683//3 8696//3 8694//3
f 8695//6 8687//6 8686//6
f 8695//3 8698//3 8689//3
f 8701//6 8693//6 8692//6
f 8692//6 8690//6 8688//6
f 8702//6 8700//6 8698//6
f 8700//6 8692//6 8689//6
f 8682//3 8694//3 8686//3
f 8622//4 8621//4 8590//4
f 8613//3 8668//3 8666//3
f 8676//4 8675//4 8618//4
f 8618//3 8675//3 8673//3
f 8666//4 8665//4 8609//4
f 8617//3 8673//3 8668//3
f 8609//6 8591//6 8590//6
f 8605//3 8608//3 8590//3
f 8671//6 8630//6 8629//6
f 8666//3 8670//3 8629//3
f 8666//6 8627//6 8622//6
f 8671//3 8679//3 8645//3
f 8685//6 8656//6 8655//6
f 8685//3 8688//3 8660//3
f 8691//6 8664//6 8663//6
f 8690//6 8663//6 8660//6
f 8655//6 8654//6 8643//6
f 8657//4 8647//4 8643//4
f 8657//6 8648//6 8638//6
f 8683//6 8682//6 8677//6
f 8686//6 8684//6 8679//6
f 8682//6 8681//6 8672//6
f 8686//4 8680//4 8672//4
f 8684//6 8655//6 8645//6
f 8609//3 8665//3 8622//3
f 8709//2 8710//2 8707//2
f 8709//5 8706//5 8705//5
f 8721//2 8722//2 8719//2
f 8721//5 8718//5 8717//5
f 8718//2 8719//2 8710//2
f 8718//5 8709//5 8708//5
f 8712//5 8711//5 8707//5
f 8725//6 8722//6 8721//6
f 8725//5 8723//5 8719//5
f 8704//2 8708//2 8705//2
f 8721//6 8720//6 8715//6
f 8715//2 8720//2 8717//2
f 8713//2 8717//2 8708//2
f 8723//5 8712//5 8710//5
f 8732//6 8730//6 8729//6
f 8736//6 8734//6 8733//6
f 8738//5 8735//5 8733//5
f 8742//6 8740//6 8739//6
f 8749//6 8747//6 8746//6
f 8746//2 8747//2 8744//2
f 8749//5 8745//5 8744//5
f 8736//5 8728//5 8727//5
f 8740//6 8732//6 8731//6
f 8744//6 8736//6 8735//6
f 8746//5 8743//5 8735//5
f 8738//6 8737//6 8730//6
f 8748//6 8746//6 8740//6
f 8746//6 8738//6 8732//6
f 8753//6 8751//6 8750//6
f 8755//2 8756//2 8753//2
f 8755//5 8752//5 8750//5
f 8765//6 8763//6 8762//6
f 8767//2 8768//2 8765//2
f 8767//5 8764//5 8762//5
f 8773//6 8771//6 8770//6
f 8774//2 8775//2 8773//2
f 8770//2 8771//2 8760//2
f 8773//5 8761//5 8760//5
f 8776//2 8777//2 8768//2
f 8760//6 8756//6 8755//6
f 8760//5 8758//5 8753//5
f 8767//6 8766//6 8760//6
f 8760//2 8766//2 8762//2
f 8762//6 8757//6 8753//6
f 8773//2 8776//2 8767//2
f 8770//5 8759//5 8755//5
f 8788//6 8786//6 8785//6
f 8795//6 8793//6 8792//6
f 8792//2 8793//2 8790//2
f 8795//5 8791//5 8790//5
f 8797//6 8795//6 8794//6
f 8794//6 8792//6 8786//6
f 8786//2 8792//2 8789//2
f 8750//2 8751//2 8715//2
f 8753//5 8716//5 8715//5
f 8762//2 8763//2 8725//2
f 8765//5 8726//5 8725//5
f 8753//2 8757//2 8721//2
f 8762//5 8724//5 8721//5
f 8779//6 8742//6 8741//6
f 8782//6 8749//6 8748//6
f 8781//6 8748//6 8742//6
f 8786//6 8775//6 8774//6
f 8786//5 8784//5 8773//5
f 8790//6 8777//6 8776//6
f 8789//6 8776//6 8773//6
f 8790//5 8783//5 8768//5
f 8755//6 8754//6 8727//6
f 8772//6 8770//6 8744//6
f 8749//2 8774//2 8772//2
f 8770//6 8769//6 8736//6
f 8736//2 8769//2 8755//2
f 8785//6 8774//6 8749//6
f 8806//6 8804//6 8803//6
f 8810//6 8808//6 8807//6
f 8804//6 8800//6 8799//6
f 8808//6 8802//6 8801//6
f 8809//6 8807//6 8804//6
f 8814//6 8812//6 8811//6
f 8820//6 8818//6 8817//6
f 8820//5 8816//5 8815//5
f 8825//6 8823//6 8822//6
f 8829//6 8827//6 8826//6
f 8831//4 8830//4 8826//4
f 8832//5 8828//5 8826//5
f 8823//6 8814//6 8813//6
f 8831//6 8820//6 8819//6
f 8831//5 8827//5 8816//5
f 8819//6 8817//6 8812//6
f 8832//6 8830//6 8823//6
f 8832//4 8825//4 8821//4
f 8830//6 8819//6 8814//6
f 8838//6 8836//6 8835//6
f 8838//4 8837//4 8833//4
f 8843//6 8841//6 8840//6
f 8847//6 8845//6 8844//6
f 8849//4 8848//4 8844//4
f 8853//6 8851//6 8850//6
f 8855//4 8854//4 8850//4
f 8857//4 8856//4 8835//4
f 8859//4 8858//4 8840//4
f 8857//6 8847//6 8846//6
f 8859//6 8853//6 8852//6
f 8842//6 8840//6 8836//6
f 8852//6 8850//6 8845//6
f 8854//4 8849//4 8845//4
f 8858//6 8852//6 8847//6
f 8858//4 8857//4 8836//4
f 8869//6 8867//6 8866//6
f 8869//4 8868//4 8864//4
f 8873//6 8871//6 8870//6
f 8875//4 8874//4 8870//4
f 8876//5 8872//5 8870//5
f 8880//6 8878//6 8877//6
f 8882//4 8881//4 8877//4
f 8886//6 8884//6 8883//6
f 8886//4 8885//4 8862//4
f 8886//5 8863//5 8861//5
f 8888//4 8887//4 8866//4
f 8888//6 8880//6 8879//6
f 8875//6 8863//6 8862//6
f 8876//6 8874//6 8867//6
f 8876//4 8869//4 8865//4
f 8885//6 8883//6 8878//6
f 8874//6 8862//6 8860//6
f 8885//4 8880//4 8860//4
f 8888//5 8867//5 8860//5
f 8892//6 8890//6 8889//6
f 8896//6 8894//6 8893//6
f 8895//6 8893//6 8890//6
f 8898//6 8895//6 8892//6
f 8892//4 8891//4 8799//4
f 8799//3 8891//3 8889//3
f 8896//4 8895//4 8801//4
f 8898//4 8897//4 8804//4
f 8804//3 8897//3 8892//3
f 8898//5 8807//5 8801//5
f 8900//5 8813//5 8811//5
f 8849//6 8806//6 8805//6
f 8855//6 8810//6 8809//6
f 8854//6 8809//6 8806//6
f 8882//6 8825//6 8824//6
f 8882//5 8878//5 8821//5
f 8884//6 8829//6 8828//6
f 8883//6 8828//6 8821//6
f 8824//6 8822//6 8808//6
f 8822//6 8813//6 8802//6
f 8868//6 8866//6 8841//6
f 8868//4 8843//4 8839//4
f 8879//6 8877//6 8851//6
f 8881//4 8855//4 8851//4
f 8887//6 8879//6 8853//6
f 8887//4 8859//4 8841//4
f 8900//6 8899//6 8894//6
f 8881//6 8824//6 8810//6
f 8900//4 8896//4 8802//4
f 8906//6 8904//6 8903//6
f 8908//5 8905//5 8903//5
f 8913//6 8911//6 8910//6
f 8917//6 8915//6 8914//6
f 8919//5 8916//5 8914//5
f 8923//6 8921//6 8920//6
f 8923//5 8902//5 8901//5
f 8925//4 8924//4 8910//4
f 8926//5 8912//5 8910//5
f 8925//6 8923//6 8922//6
f 8915//6 8906//6 8905//6
f 8918//5 8914//5 8905//5
f 8908//6 8907//6 8901//6
f 8919//6 8918//6 8911//6
f 8919//4 8913//4 8909//4
f 8918//6 8908//6 8902//6
f 8925//5 8911//5 8902//5
f 8930//6 8928//6 8927//6
f 8932//4 8931//4 8927//4
f 8933//5 8929//5 8927//5
f 8937//6 8930//6 8929//6
f 8939//5 8936//5 8929//5
f 8935//6 8934//6 8928//6
f 8932//6 8913//6 8912//6
f 8932//5 8928//5 8909//5
f 8934//6 8916//6 8909//6
f 8940//5 8931//5 8912//5
f 8948//6 8946//6 8945//6
f 8950//4 8949//4 8945//4
f 8947//6 8945//6 8942//6
f 8949//4 8944//4 8942//4
f 8954//6 8952//6 8951//6
f 8957//6 8955//6 8952//6
f 8962//6 8960//6 8959//6
f 8953//6 8951//6 8946//6
f 8966//6 8964//6 8963//6
f 8970//6 8968//6 8967//6
f 8974//6 8972//6 8971//6
f 8976//2 8977//2 8974//2
f 8974//3 8977//3 8975//3
f 8983//6 8981//6 8980//6
f 8980//2 8981//2 8979//2
f 8972//6 8966//6 8965//6
f 8979//6 8970//6 8969//6
f 8969//6 8967//6 8964//6
f 8982//6 8980//6 8975//6
f 8975//2 8980//2 8978//2
f 8978//6 8969//6 8966//6
f 8993//6 8991//6 8990//6
f 8990//2 8991//2 8989//2
f 8997//6 8995//6 8994//6
f 8999//2 9000//2 8997//2
f 8999//5 8996//5 8994//5
f 8989//6 8986//6 8985//6
f 8999//6 8998//6 8991//6
f 8991//2 8998//2 8994//2
f 8994//6 8987//6 8986//6
f 8985//6 8984//6 8968//6
f 8992//6 8990//6 8981//6
f 8981//2 8990//2 8988//2
f 8988//6 8985//6 8970//6
f 8906//5 8527//5 8526//5
f 8917//4 8916//4 8531//4
f 8917//5 8532//5 8530//5
f 8915//5 8530//5 8527//5
f 8935//5 8566//5 8564//5
f 8937//4 8936//4 8568//4
f 8938//5 8570//5 8568//5
f 8935//4 8930//4 8560//4
f 8937//5 8569//5 8560//5
f 8934//5 8564//5 8531//5
f 8942//4 8941//4 8633//4
f 8636//3 8943//3 8942//3
f 8948//4 8947//4 8637//4
f 8947//4 8943//4 8636//4
f 8954//4 8953//4 8648//4
f 8956//4 8955//4 8650//4
f 8957//5 8652//5 8650//5
f 8957//4 8954//4 8649//4
f 8959//2 8960//2 8701//2
f 8702//3 8961//3 8959//3
f 8701//3 8960//3 8958//3
f 8953//4 8948//4 8638//4
f 8963//2 8964//2 8779//2
f 8780//3 8965//3 8963//3
f 8967//2 8968//2 8782//2
f 8964//2 8967//2 8781//2
f 8985//2 8986//2 8788//2
f 8985//5 8787//5 8785//5
f 8994//2 8995//2 8797//2
f 8986//2 8987//2 8794//2
f 8994//5 8796//5 8794//5
f 8968//2 8984//2 8785//2
f 8942//6 8834//6 8833//6
f 8942//3 8944//3 8838//3
f 8950//6 8843//6 8842//6
f 8950//5 8946//5 8839//5
f 8949//6 8842//6 8838//6
f 8952//6 8865//6 8864//6
f 8956//6 8873//6 8872//6
f 8955//6 8872//6 8865//6
f 8951//6 8864//6 8839//6
f 8730//6 8571//6 8570//6
f 8734//6 8575//6 8574//6
f 8737//5 8733//5 8574//5
f 8737//6 8577//6 8571//6
f 8734//5 8727//5 8559//5
f 8704//5 8703//5 8511//5
f 8715//6 8525//6 8524//6
f 8715//5 8713//5 8521//5
f 8705//6 8514//6 8511//6
f 8713//5 8704//5 8513//5
f 8754//5 8750//5 8585//5
f 8754//6 8587//6 8559//6
f 8750//5 8714//5 8524//5
f 8731//6 8729//6 8651//6
f 8741//6 8739//6 8662//6
f 8739//6 8731//6 8653//6
f 8780//6 8778//6 8691//6
f 8778//6 8741//6 8664//6
f 8922//6 8920//6 8815//6
f 8926//6 8924//6 8827//6
f 8924//6 8922//6 8816//6
f 8933//6 8931//6 8861//6
f 8938//6 8936//6 8871//6
f 8939//4 8875//4 8871//4
f 8939//6 8933//6 8863//6
f 8940//4 8884//4 8861//4
f 8940//6 8926//6 8829//6
f 8973//6 8971//6 8960//6
f 8971//6 8965//6 8958//6
f 8729//6 8570//6 8482//6
f 8938//4 8873//4 8482//4
f 8958//2 8965//2 8780//2
f 8956//5 8651//5 8482//5
f 9002//3 9004//3 9003//3
f 9006//3 9008//3 9007//3
f 9014//6 9012//6 9011//6
f 9010//3 9013//3 9011//3
f 9021//6 9019//6 9018//6
f 9021//4 9020//4 9016//4
f 9016//3 9020//3 9018//3
f 9004//3 9010//3 9009//3
f 9008//3 9016//3 9015//3
f 9005//3 9007//3 9004//3
f 9019//6 9014//6 9013//6
f 9015//3 9018//3 9013//3
f 9007//3 9015//3 9010//3
f 9026//4 9025//4 9022//4
f 9024//3 9027//3 9026//3
f 9029//3 9031//3 9030//3
f 9034//3 9036//3 9035//3
f 9038//3 9040//3 9039//3
f 9033//4 9032//4 9025//4
f 9027//3 9034//3 9033//3
f 9031//3 9038//3 9037//3
f 9028//3 9030//3 9027//3
f 9037//3 9039//3 9036//3
f 9030//3 9037//3 9034//3
f 9045//3 9047//3 9046//3
f 9049//3 9051//3 9050//3
f 9048//3 9050//3 9047//3
f 9059//6 9057//6 9056//6
f 9061//2 9062//2 9059//2
f 9059//3 9062//3 9060//3
f 9071//6 9069//6 9068//6
f 9071//4 9070//4 9066//4
f 9066//3 9070//3 9068//3
f 9053//3 9058//3 9056//3
f 9055//3 9066//3 9065//3
f 9069//6 9062//6 9061//6
f 9065//3 9068//3 9061//3
f 9064//6 9063//6 9060//6
f 9072//6 9064//6 9062//6
f 9054//3 9065//3 9058//3
f 9075//3 9077//3 9076//3
f 9088//6 9086//6 9085//6
f 9084//3 9087//3 9085//3
f 9092//6 9090//6 9089//6
f 9092//3 9094//3 9093//3
f 9099//3 9101//3 9100//3
f 9082//3 9091//3 9089//3
f 9098//4 9097//4 9085//4
f 9088//3 9099//3 9098//3
f 9083//3 9085//3 9082//3
f 9098//6 9092//6 9091//6
f 9098//3 9100//3 9094//3
f 9096//6 9095//6 9093//6
f 9104//6 9103//6 9100//6
f 9104//4 9101//4 9099//4
f 9103//6 9096//6 9094//6
f 9085//3 9097//3 9091//3
f 9014//3 9045//3 9044//3
f 9021//3 9049//3 9048//3
f 9019//3 9048//3 9045//3
f 9036//3 9075//3 9074//3
f 9040//3 9079//3 9078//3
f 9039//3 9078//3 9075//3
f 9022//3 9025//3 9008//3
f 9033//6 9017//6 9016//6
f 9033//3 9035//3 9021//3
f 9025//3 9032//3 9016//3
f 9074//3 9076//3 9051//3
f 9090//6 9067//6 9066//6
f 9090//3 9093//3 9071//3
f 9095//6 9073//6 9071//6
f 9081//3 9089//3 9066//3
f 9043//4 9040//4 9038//4
f 9053//6 9052//6 9046//6
f 9055//6 9054//6 9050//6
f 9054//6 9053//6 9047//6
f 9082//6 9081//6 9076//6
f 9082//4 9077//4 9075//4
f 9084//6 9083//6 9078//6
f 9083//6 9080//6 9075//6
f 9081//6 9055//6 9051//6
f 9084//4 9079//4 9040//4
f 9035//3 9074//3 9049//3
f 9114//4 9113//4 9110//4
f 9110//3 9113//3 9112//3
f 9122//4 9121//4 9118//4
f 9118//3 9121//3 9120//3
f 9129//6 9127//6 9126//6
f 9129//4 9128//4 9124//4
f 9124//3 9128//3 9126//3
f 9139//6 9137//6 9136//6
f 9139//4 9138//4 9134//4
f 9134//3 9138//3 9136//3
f 9125//4 9124//4 9113//4
f 9113//3 9124//3 9123//3
f 9135//4 9134//4 9121//4
f 9121//3 9134//3 9133//3
f 9115//3 9116//3 9114//3
f 9131//3 9132//3 9129//3
f 9120//4 9116//4 9115//4
f 9136//4 9132//4 9131//4
f 9136//6 9130//6 9129//6
f 9133//4 9131//4 9116//4
f 9116//3 9131//3 9125//3
f 9144//4 9143//4 9140//4
f 9142//3 9145//3 9144//3
f 9154//4 9153//4 9150//4
f 9159//6 9157//6 9156//6
f 9161//4 9160//4 9156//4
f 9159//3 9162//3 9161//3
f 9159//4 9158//4 9148//4
f 9148//3 9158//3 9156//3
f 9154//6 9149//6 9148//6
f 9150//3 9153//3 9148//3
f 9148//6 9147//6 9144//6
f 9148//4 9145//4 9142//4
f 9156//4 9155//4 9144//4
f 9154//3 9163//3 9159//3
f 9141//4 9140//4 9126//4
f 9129//3 9142//3 9141//3
f 9151//4 9150//4 9136//4
f 9139//3 9152//3 9151//3
f 9146//4 9142//4 9129//4
f 9136//3 9150//3 9146//3
f 9112//4 9107//4 9106//4
f 9123//4 9108//4 9107//4
f 9175//4 9174//4 9172//4
f 9179//4 9178//4 9176//4
f 9183//4 9182//4 9180//4
f 9187//4 9186//4 9184//4
f 9181//4 9180//4 9174//4
f 9185//4 9184//4 9178//4
f 9178//4 9175//4 9173//4
f 9186//4 9183//4 9181//4
f 9184//4 9181//4 9175//4
f 9191//4 9190//4 9188//4
f 9195//4 9194//4 9192//4
f 9199//4 9198//4 9196//4
f 9203//4 9202//4 9200//4
f 9197//4 9196//4 9190//4
f 9201//4 9200//4 9194//4
f 9194//4 9191//4 9189//4
f 9202//4 9199//4 9197//4
f 9200//4 9197//4 9191//4
f 9210//6 9208//6 9207//6
f 9210//4 9209//4 9205//4
f 9205//3 9209//3 9207//3
f 9224//4 9223//4 9220//4
f 9228//6 9226//6 9225//6
f 9230//4 9229//4 9225//4
f 9221//4 9220//4 9207//4
f 9210//3 9222//3 9221//3
f 9228//4 9227//4 9212//4
f 9224//6 9217//6 9216//6
f 9220//3 9223//3 9216//3
f 9230//6 9219//6 9218//6
f 9212//4 9210//4 9206//4
f 9227//6 9225//6 9221//6
f 9229//4 9224//4 9221//4
f 9229//6 9218//6 9217//6
f 9227//4 9222//4 9210//4
f 9239//6 9237//6 9236//6
f 9239//4 9238//4 9234//4
f 9249//6 9247//6 9246//6
f 9251//4 9250//4 9246//4
f 9256//4 9255//4 9252//4
f 9249//4 9248//4 9232//4
f 9253//4 9252//4 9236//4
f 9254//5 9238//5 9236//5
f 9251//6 9241//6 9240//6
f 9256//6 9245//6 9244//6
f 9256//5 9253//5 9242//5
f 9238//4 9233//4 9231//4
f 9254//6 9252//6 9247//6
f 9255//4 9251//4 9247//4
f 9255//6 9244//6 9241//6
f 9254//4 9249//4 9233//4
f 9261//4 9260//4 9258//4
f 9265//4 9264//4 9262//4
f 9206//4 9205//4 9167//4
f 9259//4 9258//4 9186//4
f 9258//4 9257//4 9183//4
f 9263//4 9262//4 9198//4
f 9267//4 9266//4 9202//4
f 9266//4 9263//4 9199//4
f 9172//3 9174//3 9165//3
f 9183//6 9168//6 9167//6
f 9180//3 9182//3 9167//3
f 9174//3 9180//3 9166//3
f 9261//6 9213//6 9212//6
f 9258//3 9260//3 9212//3
f 9258//6 9211//6 9206//6
f 9203//5 9201//5 9170//5
f 9265//6 9233//6 9232//6
f 9265//5 9263//5 9231//5
f 9267//6 9235//6 9234//6
f 9266//6 9234//6 9231//6
f 9190//4 9179//4 9177//4
f 9198//4 9187//4 9185//4
f 9196//4 9185//4 9179//4
f 9248//6 9246//6 9226//6
f 9250//4 9230//4 9226//4
f 9250//6 9240//6 9219//6
f 9248//4 9228//4 9213//4
f 9264//4 9261//4 9259//4
f 9264//6 9232//6 9213//6
f 9262//4 9259//4 9187//4
f 9183//3 9257//3 9206//3
f 9267//5 9203//5 9171//5
f 9271//6 9269//6 9268//6
f 9271//3 9273//3 9272//3
f 9279//6 9277//6 9276//6
f 9279//3 9281//3 9280//3
f 9277//6 9271//6 9270//6
f 9277//3 9280//3 9273//3
f 9278//6 9276//6 9274//6
f 9285//6 9283//6 9282//6
f 9285//3 9287//3 9286//3
f 9291//6 9289//6 9288//6
f 9289//6 9285//6 9284//6
f 9289//3 9292//3 9287//3
f 9283//6 9279//6 9278//6
f 9283//3 9286//3 9281//3
f 9297//6 9295//6 9294//6
f 9304//6 9302//6 9301//6
f 9309//6 9307//6 9306//6
f 9315//6 9313//6 9312//6
f 9306//2 9307//2 9299//2
f 9300//3 9308//3 9306//3
f 9304//3 9311//3 9310//3
f 9302//6 9297//6 9296//6
f 9313//6 9309//6 9308//6
f 9300//6 9298//6 9295//6
f 9314//6 9312//6 9310//6
f 9312//6 9308//6 9305//6
f 9305//2 9308//2 9300//2
f 9302//3 9310//3 9305//3
f 9323//6 9321//6 9320//6
f 9327//6 9325//6 9324//6
f 9331//6 9329//6 9328//6
f 9336//6 9334//6 9333//6
f 9328//2 9329//2 9317//2
f 9331//5 9318//5 9317//5
f 9338//2 9339//2 9327//2
f 9338//5 9326//5 9324//5
f 9334//6 9331//6 9330//6
f 9325//6 9323//6 9322//6
f 9322//6 9320//6 9317//6
f 9338//6 9337//6 9334//6
f 9337//6 9332//6 9331//6
f 9331//2 9332//2 9322//2
f 9337//5 9324//5 9322//5
f 9343//6 9341//6 9340//6
f 9351//6 9349//6 9348//6
f 9351//4 9350//4 9346//4
f 9346//3 9350//3 9348//3
f 9355//6 9353//6 9352//6
f 9361//6 9359//6 9358//6
f 9343//3 9357//3 9356//3
f 9363//4 9362//4 9352//4
f 9349//6 9343//6 9342//6
f 9363//6 9361//6 9360//6
f 9354//6 9352//6 9349//6
f 9360//6 9358//6 9356//6
f 9352//6 9344//6 9343//6
f 9360//4 9357//4 9343//4
f 9352//3 9362//3 9360//3
f 9367//6 9365//6 9364//6
f 9371//6 9369//6 9368//6
f 9378//6 9376//6 9375//6
f 9378//4 9377//4 9373//4
f 9378//5 9374//5 9372//5
f 9382//6 9380//6 9379//6
f 9384//4 9383//4 9364//4
f 9385//5 9366//5 9364//5
f 9387//4 9386//4 9368//4
f 9387//6 9382//6 9381//6
f 9376//6 9367//6 9366//6
f 9377//6 9375//6 9369//6
f 9385//6 9383//6 9380//6
f 9388//6 9385//6 9382//6
f 9388//4 9387//4 9369//4
f 9388//5 9375//5 9366//5
f 9341//6 9304//6 9303//6
f 9359//6 9315//6 9314//6
f 9358//6 9314//6 9311//6
f 9341//3 9356//3 9311//3
f 9380//6 9336//6 9335//6
f 9384//6 9339//6 9338//6
f 9383//6 9338//6 9336//6
f 9384//5 9365//5 9327//5
f 9330//6 9328//6 9307//6
f 9335//6 9333//6 9313//6
f 9333//6 9330//6 9309//6
f 9307//2 9328//2 9316//2
f 9370//6 9368//6 9353//6
f 9381//6 9379//6 9359//6
f 9386//6 9381//6 9361//6
f 9386//4 9363//4 9353//4
f 9379//6 9335//6 9315//6
f 9393//6 9391//6 9390//6
f 9398//6 9396//6 9395//6
f 9400//4 9399//4 9395//4
f 9397//6 9395//6 9391//6
f 9399//4 9394//4 9391//4
f 9404//6 9402//6 9401//6
f 9406//4 9405//4 9401//4
f 9410//6 9408//6 9407//6
f 9409//6 9407//6 9402//6
f 9411//4 9406//4 9402//4
f 9403//6 9401//6 9396//6
f 9405//4 9400//4 9396//4
f 9064//3 9270//3 9268//3
f 9071//3 9275//3 9274//3
f 9274//2 9276//2 9072//2
f 9278//4 9275//4 9071//4
f 9072//3 9276//3 9270//3
f 9096//3 9284//3 9282//3
f 9291//4 9290//4 9104//4
f 9104//3 9290//3 9288//3
f 9103//3 9288//3 9284//3
f 9095//3 9282//3 9278//3
f 9393//4 9392//4 9216//4
f 9216//3 9392//3 9390//3
f 9398//4 9397//4 9218//4
f 9397//4 9393//4 9217//4
f 9404//4 9403//4 9240//4
f 9410//4 9409//4 9244//4
f 9410//5 9245//5 9243//5
f 9409//4 9404//4 9241//4
f 9403//4 9398//4 9219//4
f 9106//3 9107//3 9031//3
f 9107//3 9108//3 9038//3
f 9123//3 9126//3 9043//3
f 9144//6 9088//6 9087//6
f 9140//3 9143//3 9087//3
f 9161//6 9105//6 9104//6
f 9156//3 9160//3 9104//3
f 9156//6 9102//6 9099//6
f 9144//3 9155//3 9099//3
f 9041//1 9109//1 9106//1
f 9123//6 9042//6 9038//6
f 9126//3 9140//3 9084//3
f 9391//6 9347//6 9346//6
f 9391//3 9394//3 9351//3
f 9400//6 9355//6 9354//6
f 9399//6 9354//6 9351//6
f 9406//6 9371//6 9370//6
f 9408//6 9374//6 9373//6
f 9411//5 9407//5 9373//5
f 9411//6 9377//6 9371//6
f 9405//6 9370//6 9355//6
f 9165//4 9122//4 9119//4
f 9167//4 9139//4 9135//4
f 9166//4 9135//4 9122//4
f 9205//6 9204//6 9151//6
f 9207//4 9154//4 9151//4
f 9216//6 9215//6 9161//6
f 9216//4 9162//4 9159//4
f 9220//6 9214//6 9159//6
f 9220//4 9163//4 9154//4
f 9205//4 9152//4 9139//4
f 9296//6 9294//6 9272//6
f 9272//2 9294//2 9293//2
f 9303//6 9301//6 9280//6
f 9301//6 9296//6 9273//6
f 9342//6 9340//6 9286//6
f 9346//6 9345//6 9289//6
f 9348//4 9292//4 9289//4
f 9348//6 9342//6 9287//6
f 9340//6 9303//6 9281//6
f 9390//6 9346//6 9291//6
f 9390//4 9389//4 9161//4
f 9161//3 9389//3 9291//3
f 7159//3 8187//3 8186//3
f 7166//3 8195//3 8194//3
f 8194//4 8193//4 7162//4
f 7162//3 8193//3 8187//3
f 8210//4 8209//4 7180//4
f 7180//3 8209//3 8208//3
f 7183//3 8215//3 8210//3
f 7179//3 8208//3 8195//3
f 8246//4 8245//4 7241//4
f 7241//3 8245//3 8244//3
f 8313//4 8312//4 7298//4
f 7298//3 8312//3 8311//3
f 8311//4 8309//4 7293//4
f 7301//3 8317//3 8313//3
f 8330//4 8329//4 7318//4
f 7320//3 8331//3 8330//3
f 8336//4 8335//4 7323//4
f 8335//4 8331//4 7320//4
f 8329//4 8317//4 7301//4
f 7327//3 8353//3 8336//3
f 8244//4 8215//4 7183//4
f 7293//3 8309//3 8246//3
f 8484//5 7583//5 7582//5
f 8489//5 7588//5 7587//5
f 8488//5 7587//5 7583//5
f 8505//5 7603//5 7602//5
f 8511//5 7609//5 7608//5
f 8508//4 8504//4 7602//4
f 8511//2 8514//2 7611//2
f 8510//5 7608//5 7603//5
f 8508//5 7605//5 7588//5
f 8594//4 8593//4 7721//4
f 7721//3 8593//3 8592//3
f 7730//3 8602//3 8601//3
f 8601//4 8599//4 7725//4
f 7725//3 8599//3 8594//3
f 8706//2 8707//2 7848//2
f 8706//5 7847//5 7846//5
f 8711//5 7852//5 7848//5
f 8705//5 7846//5 7611//5
f 7918//3 9002//3 9001//3
f 7924//3 9006//3 9005//3
f 7922//3 9005//3 9002//3
f 9023//4 9022//4 7936//4
f 7938//3 9024//3 9023//3
f 7942//3 9029//3 9028//3
f 7941//3 9028//3 9024//3
f 9041//4 9029//4 7942//4
f 7936//3 9022//3 9006//3
f 9111//4 9110//4 8072//4
f 8072//3 9110//3 9109//3
f 9119//4 9118//4 8082//4
f 8082//3 9118//3 9117//3
f 9117//4 9115//4 8076//4
f 8076//3 9115//3 9111//3
f 9173//4 9172//4 8169//4
f 9177//4 9176//4 8173//4
f 9176//4 9173//4 8170//4
f 9189//4 9188//4 8180//4
f 9193//4 9192//4 8184//4
f 9192//4 9189//4 8181//4
f 9188//4 9177//4 8174//4
f 8169//3 9172//3 9164//3
f 9193//5 8185//5 8163//5
f 9164//4 9119//4 8083//4
f 8070//3 9109//3 9041//3
f 7905//3 7907//3 7715//3
f 7728//1 7914//1 7913//1
f 7913//3 7917//3 7730//3
f 7907//3 7914//3 7728//3
f 7692//1 7867//1 7866//1
f 7864//3 7867//3 7692//3
f 7676//1 7857//1 7856//1
f 7695//1 7870//1 7864//1
f 7856//3 7870//3 7695//3
f 7732//1 7926//1 7905//1
f 7866//3 7926//3 7732//3
f 7783//1 7963//1 7962//1
f 7959//3 7963//3 7783//3
f 7787//1 7966//1 7965//1
f 7786//1 7965//1 7959//1
f 7797//1 7980//1 7979//1
f 7806//1 7988//1 7987//1
f 7987//5 7983//5 7802//5
f 7802//1 7983//1 7980//1
f 7796//1 7979//1 7966//1
f 7782//1 7962//1 7857//1
f 9001//3 9003//3 8604//3
f 9012//6 8619//6 8618//6
f 9009//3 9011//3 8618//3
f 9003//3 9009//3 8616//3
f 9044//3 9046//3 8678//3
f 9057//6 8697//6 8696//6
f 9057//3 9060//3 8699//3
f 9063//6 8702//6 8699//6
f 9052//3 9056//3 8696//3
f 9052//6 8683//6 8678//6
f 9012//3 9044//3 8676//3
f 9269//6 8962//6 8961//6
f 9295//6 8977//6 8976//6
f 9293//3 9294//3 8976//3
f 9299//6 8983//6 8982//6
f 9298//6 8982//6 8977//6
f 9317//6 8993//6 8992//6
f 9321//6 9000//6 8999//6
f 9321//5 9319//5 8997//5
f 9320//6 8999//6 8993//6
f 9316//6 8992//6 8983//6
f 9293//6 8973//6 8962//6
f 9063//3 9268//3 8961//3
f 7328//1 7330//1 7027//1
f 7330//1 7336//1 7028//1
f 7354//1 7355//1 7073//1
f 7375//1 7377//1 7093//1
f 7379//4 7097//4 7093//4
f 7395//1 7396//1 7115//1
f 7379//1 7387//1 7100//1
f 7395//4 7113//4 7100//4
f 7355//1 7375//1 7092//1
f 7354//4 7071//4 7028//4
f 7484//1 7486//1 7122//1
f 7484//4 7121//4 7119//4
f 7614//4 7264//4 7262//4
f 7630//1 7631//1 7281//1
f 7630//4 7279//4 7277//4
f 7614//1 7619//1 7266//1
f 7626//4 7277//4 7266//4
f 7698//4 7314//4 7311//4
f 7719//4 7327//4 7326//4
f 7716//4 7326//4 7325//4
f 7698//1 7702//1 7325//1
f 7697//4 7311//4 7281//4
f 7396//1 7482//1 7119//1
f 7612//4 7262//4 7122//4
f 8590//4 8352//4 8348//4
f 8595//4 8354//4 8353//4
f 8605//4 8355//4 8354//4
f 8621//6 8620//6 8375//6
f 8623//4 8378//4 8375//4
f 8635//6 8633//6 8389//6
f 8635//4 8391//4 8387//4
f 8639//6 8631//6 8387//6
f 8639//4 8392//4 8378//4
f 8605//6 8589//6 8348//6
f 8621//4 8376//4 8352//4
f 8799//6 8798//6 8426//6
f 8805//6 8803//6 8438//6
f 8803//6 8799//6 8428//6
f 8837//6 8835//6 8465//6
f 8837//4 8467//4 8463//4
f 8846//6 8844//6 8472//6
f 8848//4 8475//4 8472//4
f 8856//6 8846//6 8474//6
f 8856//4 8477//4 8465//4
f 8848//6 8805//6 8440//6
f 8889//4 8478//4 8426//4
f 8941//6 8833//6 8463//6
f 8941//4 8481//4 8389//4
f 8592//4 8353//4 7327//4
f 7917//3 9001//3 8602//3
f 9415//6 9413//6 9412//6
f 9419//6 9417//6 9416//6
f 9418//6 9416//6 9413//6
f 9427//6 9425//6 9424//6
f 9431//6 9429//6 9428//6
f 9433//6 9432//6 9429//6
f 9422//6 9420//6 9417//6
f 9430//6 9428//6 9425//6
f 9442//6 9440//6 9439//6
f 9443//2 9444//2 9442//2
f 9448//6 9446//6 9445//6
f 9455//6 9453//6 9452//6
f 9451//3 9454//3 9452//3
f 9446//6 9438//6 9437//6
f 9453//6 9444//6 9443//6
f 9450//3 9452//3 9443//3
f 9441//6 9439//6 9436//6
f 9451//6 9450//6 9446//6
f 9449//2 9454//2 9451//2
f 9450//6 9441//6 9438//6
f 9459//6 9457//6 9456//6
f 9460//2 9461//2 9459//2
f 9465//6 9463//6 9462//6
f 9466//2 9467//2 9465//2
f 9471//6 9469//6 9468//6
f 9477//6 9475//6 9474//6
f 9477//5 9473//5 9472//5
f 9469//6 9461//6 9460//6
f 9475//6 9467//6 9466//6
f 9475//5 9472//5 9465//5
f 9464//6 9462//6 9457//6
f 9461//2 9466//2 9464//2
f 9476//6 9474//6 9469//6
f 9474//6 9466//6 9461//6
f 9481//6 9479//6 9478//6
f 9488//6 9486//6 9485//6
f 9484//3 9487//3 9485//3
f 9492//6 9490//6 9489//6
f 9496//6 9494//6 9493//6
f 9498//4 9497//4 9493//4
f 9496//3 9499//3 9498//3
f 9490//6 9481//6 9480//6
f 9498//6 9488//6 9487//6
f 9493//3 9497//3 9487//3
f 9484//6 9483//6 9479//6
f 9485//4 9482//4 9479//4
f 9495//6 9493//6 9490//6
f 9493//6 9484//6 9481//6
f 9503//6 9501//6 9500//6
f 9509//6 9507//6 9506//6
f 9509//5 9505//5 9504//5
f 9515//6 9513//6 9512//6
f 9515//4 9514//4 9510//4
f 9519//6 9517//6 9516//6
f 9521//4 9520//4 9516//4
f 9522//5 9518//5 9516//5
f 9513//6 9503//6 9502//6
f 9521//6 9509//6 9508//6
f 9521//5 9517//5 9505//5
f 9508//6 9506//6 9501//6
f 9522//6 9520//6 9513//6
f 9522//4 9515//4 9511//4
f 9520//6 9508//6 9503//6
f 9479//6 9448//6 9447//6
f 9479//3 9482//3 9449//3
f 9486//6 9455//6 9454//6
f 9485//6 9454//6 9449//6
f 9501//6 9471//6 9470//6
f 9507//6 9477//6 9476//6
f 9506//6 9476//6 9471//6
f 9458//6 9456//6 9440//6
f 9444//2 9460//2 9458//2
f 9470//6 9468//6 9453//6
f 9468//6 9460//6 9444//6
f 9502//6 9500//6 9486//6
f 9514//6 9512//6 9498//6
f 9514//4 9499//4 9496//4
f 9512//6 9502//6 9488//6
f 9500//6 9470//6 9455//6
f 9529//6 9527//6 9526//6
f 9527//6 9525//6 9524//6
f 9535//6 9533//6 9532//6
f 9539//6 9535//6 9534//6
f 9533//6 9529//6 9528//6
f 9536//5 9532//5 9528//5
f 9537//6 9531//6 9529//6
f 9549//1 9551//1 9550//1
f 9550//2 9551//2 9547//2
f 9550//5 9546//5 9545//5
f 9544//1 9549//1 9548//1
f 9552//1 9553//1 9551//1
f 9558//5 9556//5 9555//5
f 9561//1 9563//1 9562//1
f 9564//2 9565//2 9561//2
f 9566//5 9563//5 9561//5
f 9574//1 9576//1 9575//1
f 9575//2 9576//2 9572//2
f 9575//5 9571//5 9570//5
f 9580//2 9581//2 9578//2
f 9582//5 9579//5 9578//5
f 9590//2 9591//2 9588//2
f 9592//5 9589//5 9588//5
f 9577//2 9578//2 9565//2
f 9579//5 9566//5 9565//5
f 9587//2 9588//2 9574//2
f 9589//5 9576//5 9574//5
f 9573//5 9570//5 9567//5
f 9586//1 9591//1 9590//1
f 9590//5 9587//5 9583//5
f 9566//2 9568//2 9567//2
f 9584//1 9585//1 9582//1
f 9582//2 9585//2 9583//2
f 9567//1 9570//1 9569//1
f 9579//2 9583//2 9568//2
f 9587//5 9573//5 9568//5
f 9562//2 9563//2 9544//2
f 9562//5 9543//5 9542//5
f 9571//5 9553//5 9552//5
f 9569//2 9570//2 9552//2
f 9569//5 9549//5 9544//5
f 9559//1 9581//1 9580//1
f 9580//5 9577//5 9556//5
f 9577//5 9564//5 9554//5
f 9594//1 9595//1 9592//1
f 9592//2 9595//2 9593//2
f 9440//6 9427//6 9426//6
f 9439//6 9426//6 9423//6
f 9457//6 9431//6 9430//6
f 9463//6 9434//6 9433//6
f 9462//6 9433//6 9431//6
f 9456//6 9430//6 9427//6
f 9524//6 9523//6 9463//6
f 9528//6 9526//6 9472//6
f 9477//2 9530//2 9528//2
f 9526//6 9524//6 9465//6
f 9534//6 9532//6 9504//6
f 9536//4 9507//4 9504//4
f 9540//6 9538//6 9517//6
f 9538//6 9534//6 9505//6
f 9536//6 9530//6 9477//6
f 9523//6 9435//6 9434//6
f 9603//6 9601//6 9600//6
f 9606//6 9604//6 9601//6
f 9602//6 9600//6 9598//6
f 9614//1 9616//1 9615//1
f 9615//5 9612//5 9611//5
f 9618//1 9620//1 9619//1
f 9625//1 9627//1 9626//1
f 9626//5 9623//5 9622//5
f 9633//1 9635//1 9634//1
f 9634//5 9631//5 9630//5
f 9619//2 9620//2 9610//2
f 9619//5 9609//5 9608//5
f 9629//5 9616//5 9614//5
f 9610//1 9614//1 9613//1
f 9627//1 9633//1 9632//1
f 9632//5 9630//5 9623//5
f 9622//1 9623//1 9620//1
f 9621//2 9624//2 9622//2
f 9630//1 9631//1 9629//1
f 9623//1 9630//1 9628//1
f 9628//5 9614//5 9610//5
f 9638//1 9640//1 9639//1
f 9649//1 9651//1 9650//1
f 9650//5 9647//5 9646//5
f 9653//1 9655//1 9654//1
f 9657//5 9655//5 9653//5
f 9645//5 9640//5 9638//5
f 9653//4 9652//4 9641//4
f 9654//5 9643//5 9641//5
f 9640//1 9642//1 9641//1
f 9651//1 9660//1 9659//1
f 9659//5 9658//5 9647//5
f 9646//1 9647//1 9645//1
f 9659//1 9661//1 9657//1
f 9659//4 9656//4 9653//4
f 9647//1 9658//1 9653//1
f 9653//5 9642//5 9640//5
f 9666//5 9664//5 9663//5
f 9676//5 9674//5 9673//5
f 9680//5 9678//5 9677//5
f 9685//1 9687//1 9686//1
f 9686//5 9683//5 9682//5
f 9678//5 9672//5 9671//5
f 9683//5 9676//5 9675//5
f 9675//5 9673//5 9670//5
f 9681//1 9685//1 9684//1
f 9684//5 9682//5 9678//5
f 9682//5 9675//5 9672//5
f 9692//1 9694//1 9693//1
f 9697//4 9696//4 9693//4
f 9697//5 9694//5 9692//5
f 9695//5 9692//5 9689//5
f 9703//5 9701//5 9700//5
f 9709//1 9711//1 9710//1
f 9710//5 9707//5 9706//5
f 9715//5 9713//5 9712//5
f 9707//5 9703//5 9702//5
f 9713//5 9705//5 9704//5
f 9714//5 9712//5 9707//5
f 9712//5 9704//5 9703//5
f 9662//2 9663//2 9625//2
f 9664//5 9627//5 9625//5
f 9668//5 9635//5 9633//5
f 9667//5 9633//5 9627//5
f 9689//5 9651//5 9649//5
f 9692//4 9691//4 9659//4
f 9693//5 9661//5 9659//5
f 9692//5 9660//5 9651//5
f 9616//1 9638//1 9637//1
f 9637//5 9636//5 9612//5
f 9635//1 9649//1 9648//1
f 9648//5 9646//5 9631//5
f 9631//1 9646//1 9644//1
f 9644//5 9638//5 9616//5
f 9702//5 9700//5 9674//5
f 9687//1 9709//1 9708//1
f 9708//5 9706//5 9683//5
f 9706//5 9702//5 9676//5
f 9671//1 9672//1 9666//1
f 9666//2 9672//2 9670//2
f 9673//1 9674//1 9668//1
f 9670//1 9673//1 9667//1
f 9669//2 9677//2 9671//2
f 9700//1 9701//1 9689//1
f 9703//4 9690//4 9689//4
f 9704//1 9705//1 9697//1
f 9715//4 9699//4 9698//4
f 9703//1 9704//1 9695//1
f 9713//4 9698//4 9697//4
f 9674//1 9700//1 9688//1
f 9688//5 9649//5 9635//5
f 9720//1 9722//1 9721//1
f 9720//4 9719//4 9716//4
f 9721//5 9718//5 9716//5
f 9733//5 9730//5 9729//5
f 9737//4 9736//4 9734//4
f 9741//1 9743//1 9742//1
f 9746//4 9745//4 9742//4
f 9746//5 9743//5 9741//5
f 9748//1 9750//1 9749//1
f 9753//4 9752//4 9749//4
f 9753//5 9750//5 9748//5
f 9741//4 9740//4 9731//4
f 9742//5 9733//5 9731//5
f 9748//4 9747//4 9736//4
f 9749//5 9738//5 9736//5
f 9727//1 9735//1 9734//1
f 9737//5 9735//5 9727//5
f 9755//5 9754//5 9742//5
f 9729//1 9730//1 9727//1
f 9733//4 9728//4 9727//4
f 9755//4 9751//4 9748//4
f 9742//1 9754//1 9748//1
f 9742//4 9739//4 9728//4
f 9748//5 9737//5 9728//5
f 9727//4 9726//4 9721//4
f 9727//5 9722//5 9720//5
f 9729//4 9725//4 9720//4
f 9734//5 9724//5 9721//5
f 9655//1 9717//1 9716//1
f 9720//5 9717//5 9655//5
f 9661//1 9723//1 9720//1
f 9697//1 9732//1 9731//1
f 9731//5 9729//5 9693//5
f 9744//5 9741//5 9698//5
f 9741//5 9732//5 9697//5
f 9715//1 9756//1 9744//1
f 9729//5 9723//5 9661//5
f 9761//2 9762//2 9759//2
f 9761//5 9758//5 9757//5
f 9767//2 9768//2 9765//2
f 9767//5 9764//5 9763//5
f 9764//2 9765//2 9762//2
f 9764//5 9761//5 9760//5
f 9775//2 9776//2 9773//2
f 9775//5 9772//5 9771//5
f 9787//2 9788//2 9785//2
f 9787//5 9784//5 9783//5
f 9793//5 9790//5 9789//5
f 9784//2 9785//2 9776//2
f 9784//5 9775//5 9774//5
f 9778//5 9777//5 9773//5
f 9792//6 9788//6 9787//6
f 9792//5 9789//5 9785//5
f 9770//2 9774//2 9771//2
f 9787//6 9786//6 9781//6
f 9781//2 9786//2 9783//2
f 9779//2 9783//2 9774//2
f 9789//5 9778//5 9776//5
f 9797//5 9795//5 9794//5
f 9799//5 9797//5 9796//5
f 9809//6 9807//6 9806//6
f 9806//2 9807//2 9804//2
f 9809//5 9805//5 9804//5
f 9819//6 9817//6 9816//6
f 9816//2 9817//2 9814//2
f 9819//5 9815//5 9814//5
f 9830//6 9828//6 9827//6
f 9827//2 9828//2 9825//2
f 9830//5 9826//5 9825//5
f 9821//2 9822//2 9809//2
f 9821//5 9808//5 9806//5
f 9832//2 9833//2 9819//2
f 9832//5 9818//5 9816//5
f 9825//6 9822//6 9821//6
f 9827//5 9824//5 9821//5
f 9816//5 9813//5 9810//5
f 9809//2 9811//2 9810//2
f 9832//6 9831//6 9825//6
f 9830//2 9834//2 9832//2
f 9816//6 9811//6 9809//6
f 9825//2 9831//2 9816//2
f 9825//5 9812//5 9809//5
f 9803//2 9804//2 9781//2
f 9805//5 9782//5 9781//5
f 9813//2 9814//2 9792//2
f 9815//5 9793//5 9792//5
f 9805//2 9810//2 9787//2
f 9813//5 9791//5 9787//5
f 9770//5 9769//5 9759//5
f 9781//6 9768//6 9767//6
f 9781//5 9779//5 9765//5
f 9779//5 9770//5 9762//5
f 9806//5 9803//5 9801//5
f 9778//2 9796//2 9794//2
f 9799//6 9798//6 9789//6
f 9793//2 9800//2 9799//2
f 9789//2 9798//2 9796//2
f 9815//2 9835//2 9800//2
f 9803//5 9780//5 9767//5
f 9837//2 9838//2 9830//2
f 9837//5 9829//5 9827//5
f 9843//2 9844//2 9841//2
f 9843//5 9840//5 9839//5
f 9848//5 9846//5 9845//5
f 9853//5 9850//5 9849//5
f 9860//6 9858//6 9857//6
f 9857//2 9858//2 9855//2
f 9860//5 9856//5 9855//5
f 9850//2 9851//2 9844//2
f 9850//5 9843//5 9842//5
f 9856//5 9848//5 9847//5
f 9847//5 9845//5 9841//5
f 9855//6 9851//6 9850//6
f 9857//5 9854//5 9850//5
f 9855//5 9847//5 9844//5
f 9867//4 9866//4 9863//4
f 9867//5 9864//5 9862//5
f 9871//5 9869//5 9868//5
f 9878//6 9876//6 9875//6
f 9878//4 9877//4 9873//4
f 9878//5 9874//5 9872//5
f 9882//5 9880//5 9879//5
f 9874//4 9873//4 9866//4
f 9874//5 9867//5 9865//5
f 9880//5 9871//5 9870//5
f 9870//5 9868//5 9863//5
f 9881//5 9879//5 9873//5
f 9879//5 9870//5 9866//5
f 9892//6 9890//6 9889//6
f 9894//5 9891//5 9889//5
f 9901//6 9899//6 9898//6
f 9898//2 9899//2 9896//2
f 9901//5 9897//5 9896//5
f 9892//5 9885//5 9884//5
f 9896//6 9892//6 9891//6
f 9898//5 9895//5 9891//5
f 9894//6 9893//6 9887//6
f 9896//5 9886//5 9885//5
f 9905//5 9903//5 9902//5
f 9909//5 9907//5 9906//5
f 9911//5 9909//5 9908//5
f 9908//5 9906//5 9903//5
f 9918//5 9915//5 9914//5
f 9926//6 9924//6 9923//6
f 9926//4 9925//4 9921//4
f 9926//5 9922//5 9920//5
f 9934//6 9932//6 9931//6
f 9936//5 9933//5 9931//5
f 9922//5 9913//5 9912//5
f 9934//4 9933//4 9917//4
f 9934//5 9918//5 9916//5
f 9932//6 9922//6 9921//6
f 9935//5 9931//5 9921//5
f 9936//6 9935//6 9928//6
f 9936//4 9930//4 9927//4
f 9935//6 9925//6 9919//6
f 9932//5 9916//5 9913//5
f 9940//5 9938//5 9937//5
f 9943//5 9941//5 9938//5
f 9903//5 9853//5 9852//5
f 9907//5 9859//5 9857//5
f 9906//5 9857//5 9853//5
f 9938//5 9877//5 9875//5
f 9942//5 9882//5 9881//5
f 9941//5 9881//5 9877//5
f 9924//6 9901//6 9900//6
f 9924//5 9920//5 9897//5
f 9865//5 9862//5 9846//5
f 9876//6 9860//6 9859//6
f 9876//5 9872//5 9856//5
f 9872//5 9865//5 9848//5
f 9939//5 9937//5 9907//5
f 9944//5 9939//5 9909//5
f 9905//6 9904//6 9884//6
f 9884//2 9904//2 9902//2
f 9911//6 9910//6 9896//6
f 9908//6 9905//6 9885//6
f 9896//2 9910//2 9908//2
f 9940//6 9939//6 9912//6
f 9942//6 9941//6 9914//6
f 9943//4 9916//4 9914//4
f 9943//6 9940//6 9913//6
f 9944//4 9920//4 9912//4
f 9944//6 9911//6 9897//6
f 9942//4 9915//4 9861//4
f 9937//5 9875//5 9859//5
f 9950//4 9949//4 9946//4
f 9950//5 9947//5 9945//5
f 9956//4 9955//4 9952//4
f 9956//5 9953//5 9951//5
f 9965//6 9963//6 9962//6
f 9965//4 9964//4 9960//4
f 9965//5 9961//5 9959//5
f 9971//4 9970//4 9967//4
f 9971//5 9968//5 9966//5
f 9961//4 9960//4 9949//4
f 9961//5 9950//5 9948//5
f 9968//4 9967//4 9955//4
f 9968//5 9956//5 9954//5
f 9958//5 9957//5 9946//5
f 9973//5 9972//5 9960//5
f 9958//4 9954//4 9951//4
f 9973//4 9969//4 9966//4
f 9972//4 9966//4 9954//4
f 9972//5 9958//5 9949//5
f 9988//4 9987//4 9984//4
f 9989//5 9986//5 9984//5
f 9993//6 9991//6 9990//6
f 9995//4 9994//4 9990//4
f 9996//5 9992//5 9990//5
f 10004//6 10002//6 10001//6
f 10004//4 10003//4 9999//4
f 10004//5 10000//5 9998//5
f 10000//4 9999//4 9982//4
f 10006//5 9989//5 9987//5
f 9995//6 9983//6 9982//6
f 9995//5 9991//5 9981//5
f 9989//4 9983//4 9981//4
f 10006//6 10005//6 9998//6
f 9997//6 9986//6 9981//6
f 10006//4 10000//4 9983//4
f 10007//5 9994//5 9982//5
f 9985//4 9984//4 9962//4
f 9986//5 9964//5 9962//5
f 9993//4 9992//4 9970//4
f 9993//5 9971//5 9969//5
f 9997//4 9991//4 9969//4
f 9997//5 9973//5 9964//5
f 9979//5 9978//5 9952//5
f 9980//5 9979//5 9955//5
f 9975//4 9948//4 9945//4
f 9977//4 9963//4 9959//4
f 9976//4 9959//4 9948//4
f 10011//6 10009//6 10008//6
f 10013//5 10010//5 10008//5
f 10021//6 10019//6 10018//6
f 10018//2 10019//2 10016//2
f 10021//5 10017//5 10016//5
f 10016//6 10011//6 10010//6
f 10018//5 10015//5 10010//5
f 10023//6 10022//6 10016//6
f 10022//6 10014//6 10011//6
f 10027//6 10025//6 10024//6
f 10029//4 10028//4 10024//4
f 10030//5 10026//5 10024//5
f 10036//6 10034//6 10033//6
f 10034//6 10027//6 10026//6
f 10037//5 10033//5 10026//5
f 10032//6 10031//6 10025//6
f 10029//6 10021//6 10020//6
f 10029//5 10025//5 10017//5
f 10031//6 10023//6 10017//6
f 10011//5 9888//5 9887//5
f 10023//5 9900//5 9898//5
f 10011//2 10014//2 9894//2
f 10022//5 9898//5 9894//5
f 10032//5 9925//5 9923//5
f 10036//4 10035//4 9929//4
f 10036//5 9930//5 9928//5
f 10032//4 10027//4 9919//4
f 10034//5 9928//5 9919//5
f 10031//5 9923//5 9900//5
f 10002//6 9930//6 9929//6
f 10002//5 9998//5 9927//5
f 9988//6 9918//6 9917//6
f 9988//5 9985//5 9915//5
f 10005//6 9933//6 9927//6
f 10005//5 9987//5 9917//5
f 9975//5 9974//5 9869//5
f 9977//5 9976//5 9880//5
f 9976//5 9975//5 9871//5
f 9977//6 9882//6 9861//6
f 9985//5 9963//5 9861//5
f 10038//5 10001//5 9929//5
f 9758//2 9759//2 9559//2
f 9758//5 9558//5 9557//5
f 9772//2 9773//2 9586//2
f 9772//5 9585//5 9584//5
f 9769//2 9771//2 9584//2
f 9777//5 9591//5 9586//5
f 9795//5 9595//5 9594//5
f 9777//2 9794//2 9594//2
f 9769//5 9581//5 9559//5
f 9840//2 9841//2 9681//2
f 9840//5 9680//5 9679//5
f 9846//5 9687//5 9685//5
f 9845//5 9685//5 9681//5
f 9864//4 9863//4 9710//4
f 9864//5 9711//5 9709//5
f 9869//5 9715//5 9714//5
f 9868//5 9714//5 9710//5
f 9862//5 9709//5 9687//5
f 9947//4 9946//4 9745//4
f 9947//5 9746//5 9744//5
f 9953//4 9952//4 9752//4
f 9953//5 9753//5 9751//5
f 9957//4 9951//4 9751//4
f 9957//5 9755//5 9745//5
f 9974//4 9945//4 9744//4
f 9974//5 9756//5 9715//5
f 9598//6 9496//6 9495//6
f 9597//6 9495//6 9492//6
f 9601//6 9511//6 9510//6
f 9605//6 9519//6 9518//6
f 9604//6 9518//6 9511//6
f 9600//6 9510//6 9496//6
f 9547//1 9618//1 9617//1
f 9621//5 9618//5 9547//5
f 9553//1 9624//1 9621//1
f 9617//5 9608//5 9541//5
f 9572//1 9663//1 9662//1
f 9665//5 9663//5 9572//5
f 9669//5 9665//5 9576//5
f 9679//5 9677//5 9593//5
f 9593//1 9677//1 9669//1
f 9662//5 9624//5 9553//5
f 9607//6 9540//6 9519//6
f 9884//5 9883//5 9815//5
f 9890//6 9833//6 9832//6
f 9893//5 9889//5 9832//5
f 9893//6 9834//6 9830//6
f 9890//5 9884//5 9819//5
f 9842//5 9839//5 9795//5
f 9852//5 9849//5 9799//5
f 9849//5 9842//5 9797//5
f 9902//6 9835//6 9815//6
f 9902//5 9852//5 9800//5
f 10009//6 9838//6 9837//6
f 10009//5 9887//5 9830//5
f 9839//5 9679//5 9595//5
f 4931//2 4932//2 4//2
f 4936//2 4937//2 8//2
f 9//3 4938//3 4936//3
f 4932//2 4938//2 9//2
f 4954//2 4955//2 15//2
f 4954//5 14//5 13//5
f 4959//2 4960//2 17//2
f 4955//2 4959//2 16//2
f 4937//2 4952//2 13//2
f 4905//2 4931//2 3//2
f 5381//2 5382//2 191//2
f 192//3 5383//3 5381//3
f 195//3 5389//3 5387//3
f 5387//2 5393//2 200//2
f 200//3 5393//3 5383//3
f 207//3 5427//3 5425//3
f 215//3 5433//3 5431//3
f 214//3 5431//3 5427//3
f 206//3 5425//3 5389//3
f 354//3 5528//3 5526//3
f 5538//4 5537//4 363//4
f 365//3 5540//3 5538//3
f 5532//4 5528//4 354//4
f 363//3 5537//3 5532//3
f 5601//4 5600//4 432//4
f 5611//4 5610//4 453//4
f 453//3 5610//3 5609//3
f 5609//4 5605//4 448//4
f 458//3 5615//3 5611//3
f 5638//4 5637//4 464//4
f 464//3 5637//3 5635//3
f 5642//4 5638//4 465//4
f 5635//4 5615//4 458//4
f 448//3 5605//3 5601//3
f 5600//4 5540//4 365//4
f 353//3 5526//3 5433//3
f 191//3 5382//3 4905//3
f 5498//5 337//5 17//5
f 6790//2 6791//2 3027//2
f 6790//5 3026//5 3025//5
f 6798//2 6799//2 3037//2
f 6798//5 3036//5 3035//5
f 6795//2 6797//2 3035//2
f 6795//5 3031//5 3027//5
f 6818//5 3053//5 3052//5
f 6839//2 6840//2 3075//2
f 6842//5 3076//5 3075//5
f 6839//5 3074//5 3069//5
f 6818//2 6838//2 3069//2
f 6817//5 3052//5 3037//5
f 6924//5 3181//5 3179//5
f 6932//2 6933//2 3186//2
f 6932//5 3185//5 3183//5
f 6917//2 6923//2 3179//2
f 6931//5 3183//5 3181//5
f 6970//4 6969//4 3187//4
f 6971//5 3189//5 3187//5
f 6978//5 3196//5 3194//5
f 6978//4 6975//4 3191//4
f 6977//5 3194//5 3189//5
f 6970//5 3188//5 3186//5
f 6917//5 3176//5 3076//5
f 7433//4 7432//4 3831//4
f 9415//4 9414//4 4339//4
f 4339//3 9414//3 9412//3
f 9419//4 9418//4 4341//4
f 9418//4 9415//4 4340//4
f 9421//4 9420//4 4358//4
f 9422//5 4360//5 4358//5
f 9424//2 9425//2 4399//2
f 4400//3 9426//3 9424//3
f 9423//2 9426//2 4400//2
f 9428//2 9429//2 4414//2
f 9433//2 9434//2 4419//2
f 9433//5 4418//5 4416//5
f 9429//2 9432//2 4416//2
f 9422//4 9419//4 4342//4
f 9425//2 9428//2 4413//2
f 9437//2 9438//2 4508//2
f 4508//3 9438//3 9436//3
f 4510//3 9447//3 9445//3
f 4509//3 9445//3 9437//3
f 4512//3 9480//3 9478//3
f 9492//4 9491//4 4515//4
f 4515//3 9491//3 9489//3
f 4514//3 9489//3 9480//3
f 4511//3 9478//3 9447//3
f 9524//2 9525//2 4567//2
f 9524//5 4566//5 4564//5
f 9529//5 4575//5 4574//5
f 9529//2 9531//2 4581//2
f 9527//5 4574//5 4567//5
f 9535//5 4597//5 4596//5
f 9539//4 9538//4 4605//4
f 9540//5 4607//5 4605//5
f 9537//4 9533//4 4596//4
f 9539//5 4606//5 4597//5
f 9537//5 4600//5 4581//5
f 9434//2 9435//2 4501//2
f 4506//3 9436//3 9423//3
f 9523//5 4564//5 4501//5
f 9598//4 9597//4 4807//4
f 4810//3 9599//3 9598//3
f 9597//4 9596//4 4804//4
f 9603//4 9602//4 4829//4
f 9605//4 9604//4 4832//4
f 9606//5 4834//5 4832//5
f 9606//4 9603//4 4830//4
f 9602//4 9599//4 4810//4
f 9607//4 9605//4 4833//4
f 4804//3 9596//3 9492//3
f 9607//5 4899//5 4607//5
f 3631//3 3632//3 175//3
f 124//1 3627//1 3626//1
f 3625//3 3627//3 124//3
f 123//1 3626//1 3624//1
f 181//1 3635//1 3634//1
f 3634//3 3637//3 183//3
f 3637//3 3653//3 184//3
f 184//1 3653//1 3631//1
f 3624//3 3635//3 181//3
f 3752//3 3754//3 400//3
f 3756//3 3758//3 412//3
f 3754//3 3756//3 409//3
f 3806//3 3807//3 446//3
f 3825//6 462//6 461//6
f 3825//3 3827//3 465//3
f 3831//6 466//6 465//6
f 3811//3 3824//3 461//3
f 3811//6 459//6 446//6
f 3758//3 3806//3 443//3
f 3632//3 3752//3 397//3
f 7123//3 7125//3 5276//3
f 5287//1 7130//1 7129//1
f 7129//3 7133//3 5289//3
f 7125//3 7130//3 5287//3
f 7156//3 7158//3 5333//3
f 7147//3 7149//3 5322//3
f 5322//1 7149//1 7145//1
f 7145//3 7156//3 5331//3
f 7133//3 7147//3 5320//3
f 5139//1 7039//1 7038//1
f 7036//3 7039//3 5139//3
f 5123//1 7030//1 7029//1
f 5141//1 7042//1 7036//1
f 7029//3 7042//3 5141//3
f 5068//1 7025//1 7024//1
f 5155//1 7055//1 7054//1
f 7054//3 7058//3 5157//3
f 5159//1 7060//1 7055//1
f 5157//1 7058//1 7030//1
f 7024//3 7060//3 5159//3
f 5367//1 7184//1 7123//1
f 7038//3 7184//3 5367//3
f 8186//3 8188//3 6165//3
f 8199//3 8201//3 6176//3
f 8199//6 6174//6 6172//6
f 8188//3 8198//3 6172//3
f 8228//6 6196//6 6195//6
f 8224//3 8227//3 6195//3
f 8228//3 8237//3 6200//3
f 8201//3 8224//3 6192//3
f 8260//3 8262//3 6248//3
f 8394//6 6314//6 6313//6
f 8394//3 8397//3 6316//3
f 8401//6 6320//6 6319//6
f 8400//6 6319//6 6316//6
f 8401//3 8413//3 6324//3
f 8423//6 6342//6 6341//6
f 8418//3 8422//3 6341//3
f 8426//6 6346//6 6345//6
f 8425//6 6345//6 6342//6
f 8418//6 6338//6 6324//6
f 8426//3 8478//3 6348//3
f 8260//6 6246//6 6200//6
f 8262//3 8393//3 6313//3
f 5562//1 7329//1 7328//1
f 5566//1 7333//1 7332//1
f 5565//1 7332//1 7329//1
f 5585//1 7345//1 7344//1
f 5589//1 7349//1 7348//1
f 5588//1 7348//1 7345//1
f 5584//1 7344//1 7333//1
f 7361//5 7349//5 5589//5
f 5676//1 7435//1 7434//1
f 7438//5 7435//5 5676//5
f 5687//1 7450//1 7449//1
f 7453//5 7450//5 5687//5
f 5683//1 7441//1 7438//1
f 7449//5 7441//5 5683//5
f 7433//6 5643//6 5642//6
f 5713//1 7466//1 7453//1
f 5978//1 7508//1 7507//1
f 7511//5 7508//5 5978//5
f 7521//5 7519//5 5987//5
f 5992//1 7523//1 7521//1
f 7519//5 7511//5 5980//5
f 7571//5 7569//5 6022//5
f 7582//5 7580//5 6030//5
f 7580//5 7571//5 6024//5
f 7569//5 7523//5 5992//5
f 5675//1 7434//1 7361//1
f 7507//5 7466//5 5713//5
f 8890//6 6731//6 6730//6
f 8894//6 6735//6 6734//6
f 8893//6 6734//6 6731//6
f 8812//6 6715//6 6714//6
f 8818//6 6721//6 6720//6
f 8818//5 8815//5 6717//5
f 8817//6 6720//6 6715//6
f 8899//6 6738//6 6735//6
f 8899//5 8811//5 6714//5
f 8485//5 8483//5 6536//5
f 8495//5 8493//5 6548//5
f 8493//5 8485//5 6538//5
f 8535//5 8533//5 6600//5
f 8548//6 6613//6 6612//6
f 8551//5 8547//5 6612//5
f 8538//6 6605//6 6600//6
f 8548//5 8535//5 6603//5
f 8551//6 6615//6 6592//6
f 8538//5 8495//5 6550//5
f 8921//6 6781//6 6780//6
f 8904//6 6771//6 6770//6
f 8907//5 8903//5 6770//5
f 8907//6 6773//6 6767//6
f 8921//5 8901//5 6767//5
f 8920//6 6780//6 6717//6
f 8904//5 8526//5 6592//5
f 5561//1 7328//1 7025//1
f 8889//6 6730//6 6348//6
f 7158//3 8186//3 6163//3
f 8483//5 7582//5 6032//5
f 2824//1 3987//1 3986//1
f 2826//1 3994//1 3993//1
f 2825//1 3993//1 3987//1
f 2848//1 4008//1 4007//1
f 2855//1 4016//1 4015//1
f 4015//5 4014//5 2851//5
f 2851//1 4014//1 4008//1
f 2847//1 4007//1 3994//1
f 4058//5 4016//5 2855//5
f 4367//6 3197//6 3196//6
f 4367//5 4363//5 3193//5
f 4366//6 3196//6 3191//6
f 2940//1 4093//1 4092//1
f 4092//5 4090//5 2936//5
f 4101//5 4098//5 2950//5
f 4098//5 4093//5 2940//5
f 4422//5 4420//5 3246//5
f 4431//5 4428//5 3259//5
f 4428//5 4422//5 3247//5
f 4466//6 3303//6 3302//6
f 4468//5 4465//5 3302//5
f 4475//5 4468//5 3306//5
f 4466//5 4431//5 3261//5
f 2936//1 4090//1 4058//1
f 4475//6 3314//6 3193//6
f 4420//5 4101//5 2951//5
f 9413//6 6941//6 6940//6
f 9417//6 6948//6 6947//6
f 9416//6 6947//6 6941//6
f 9421//6 6975//6 6974//6
f 9420//6 6974//6 6948//6
f 2749//1 2750//1 19//1
f 2751//1 2752//1 21//1
f 22//2 2753//2 2751//2
f 2752//1 2754//1 28//1
f 28//2 2754//2 2749//2
f 35//2 2765//2 2762//2
f 38//2 2779//2 2776//2
f 36//2 2776//2 2765//2
f 2762//1 2780//1 44//1
f 44//2 2780//2 2753//2
f 2785//1 2786//1 77//1
f 2793//1 2794//1 81//1
f 2786//1 2793//1 79//1
f 2804//1 2806//1 102//1
f 2822//1 2823//1 121//1
f 2806//1 2814//1 103//1
f 2822//4 119//4 103//4
f 2794//1 2804//1 101//1
f 228//2 2977//2 2974//2
f 2981//1 2983//1 236//1
f 238//2 2984//2 2981//2
f 236//2 2983//2 2977//2
f 327//2 3014//2 3011//2
f 3025//1 3026//1 338//1
f 338//2 3026//2 3023//2
f 3010//1 3014//1 327//1
f 335//2 3023//2 3010//2
f 325//2 3011//2 2984//2
f 2750//1 2785//1 75//1
f 226//2 2974//2 2779//2
f 3990//1 3991//1 3629//1
f 3990//4 3627//4 3625//4
f 3991//1 3999//1 3630//1
f 4053//1 4054//1 3649//1
f 4070//1 4072//1 3668//1
f 4074//1 4076//1 3673//1
f 4072//1 4074//1 3672//1
f 4054//1 4070//1 3667//1
f 4053//4 3647//4 3630//4
f 4161//1 4163//1 3693//1
f 4150//1 4161//1 3692//1
f 4201//1 4202//1 3695//1
f 4202//1 4209//1 3696//1
f 4242//1 4243//1 3699//1
f 4244//1 4245//1 3734//1
f 4163//1 4201//1 3694//1
f 3699//2 4243//2 4150//2
f 4244//4 3733//4 3696//4
f 4339//6 4338//6 3832//6
f 4344//6 4343//6 3837//6
f 4346//4 3840//4 3837//4
f 4346//6 4339//6 3834//6
f 4380//6 4379//6 3846//6
f 4393//6 4391//6 3857//6
f 4391//6 4383//6 3856//6
f 4381//4 3855//4 3846//4
f 3856//2 4383//2 4380//2
f 4381//6 4344//6 3839//6
f 4507//6 4505//6 3912//6
f 3912//2 4505//2 4504//2
f 4510//6 4509//6 3918//6
f 4509//6 4507//6 3913//6
f 4512//6 4511//6 3938//6
f 4515//6 4514//6 3944//6
f 4515//4 3945//4 3943//4
f 4514//6 4512//6 3939//6
f 4511//6 4510//6 3919//6
f 4076//1 4242//1 3697//1
f 4504//6 4393//6 3858//6
f 4647//1 4648//1 3948//1
f 4647//4 3947//4 3946//4
f 4663//4 3955//4 3951//4
f 4663//1 4667//1 3956//1
f 4662//4 3951//4 3948//4
f 4737//4 3966//4 3965//4
f 4747//4 3977//4 3976//4
f 4744//4 3976//4 3966//4
f 4785//6 4784//6 3982//6
f 4785//4 3983//4 3980//4
f 4787//6 4783//6 3980//6
f 4799//4 3985//4 3982//4
f 4787//4 3984//4 3977//4
f 4733//4 3965//4 3956//4
f 4245//1 4643//1 3946//1
f 4799//6 4513//6 3943//6
f 4977//2 6784//2 6783//2
f 4974//2 6783//2 6782//2
f 5016//2 6786//2 6785//2
f 5027//2 6787//2 6786//2
f 5012//2 6785//2 6784//2
f 5499//2 6792//2 6788//2
f 6863//6 6862//6 5502//6
f 5502//2 6862//2 6858//2
f 6944//6 6942//6 5645//6
f 6944//4 5647//4 5643//4
f 6955//6 6953//6 5652//6
f 6957//4 5656//4 5652//4
f 6942//6 6934//6 5634//6
f 6955//4 5654//4 5634//4
f 6993//6 6991//6 5660//6
f 6993//4 5662//4 5659//4
f 7002//4 5667//4 5664//4
f 7002//6 7000//6 5663//6
f 7001//4 5664//4 5660//4
f 6957//6 6908//6 5603//6
f 6989//4 5659//4 5603//4
f 7008//6 7007//6 5846//6
f 5846//2 7007//2 7004//2
f 7004//6 7003//6 5840//6
f 7014//6 7013//6 5866//6
f 7020//6 7019//6 5868//6
f 7019//6 7014//6 5867//6
f 7013//6 7008//6 5847//6
f 7022//6 7021//6 5946//6
f 7023//4 5948//4 5946//4
f 7023//6 7020//6 5869//6
f 5840//2 7003//2 6863//2
f 7022//4 5947//4 5663//4
f 6782//1 6792//1 5499//1
f 6858//6 6787//6 5027//6
f 9542//1 9543//1 7818//1
f 9545//1 9546//1 7822//1
f 7823//2 9548//2 9545//2
f 9543//1 9548//1 7823//1
f 7822//2 9546//2 9541//2
f 9555//1 9556//1 7851//1
f 7852//2 9557//2 9555//2
f 7851//2 9556//2 9554//2
f 7855//2 9564//2 9560//2
f 9554//1 9564//1 7855//1
f 7854//2 9560//2 9542//2
f 9608//1 9609//1 7989//1
f 9611//1 9612//1 7997//1
f 7998//2 9613//2 9611//2
f 9609//1 9613//1 7998//1
f 9637//1 9639//1 8032//1
f 9637//4 8031//4 8028//4
f 9641//1 9643//1 8045//1
f 9639//1 9641//1 8043//1
f 9654//4 8046//4 8045//4
f 9612//1 9636//1 8028//1
f 9716//1 9718//1 8122//1
f 9721//4 8124//4 8122//4
f 9721//1 9724//1 8132//1
f 9736//1 9738//1 8160//1
f 9736//4 8158//4 8155//4
f 9752//4 8163//4 8162//4
f 9749//4 8162//4 8160//4
f 9734//4 8155//4 8132//4
f 9654//1 9716//1 8120//1
f 8712//2 9760//2 9757//2
f 9767//6 9766//6 8725//6
f 8725//2 9766//2 9763//2
f 8723//2 9763//2 9760//2
f 8768//2 9802//2 9801//2
f 9821//6 9820//6 8790//6
f 8795//2 9823//2 9821//2
f 9827//6 9823//6 8795//6
f 8790//2 9820//2 9806//2
f 9806//6 9802//6 8768//6
f 8765//2 9801//2 9767//2
f 9837//6 9836//6 8995//6
f 8995//2 9836//2 9827//2
f 9970//4 9171//4 9170//4
f 9979//4 9195//4 9193//4
f 9980//4 9201//4 9195//4
f 9996//6 9994//6 9237//6
f 9996//4 9239//4 9235//4
f 10003//6 10001//6 9243//6
f 10003//4 9245//4 9242//4
f 10007//6 9999//6 9242//6
f 10007//4 9253//4 9237//4
f 9952//1 9978//1 9193//1
f 9980//6 9967//6 9170//6
f 9992//4 9235//4 9171//4
f 10013//6 10012//6 9321//6
f 9321//2 10012//2 10008//2
f 10020//6 10018//6 9325//6
f 10018//6 10013//6 9323//6
f 10030//6 10028//6 9365//6
f 10035//6 10033//6 9372//6
f 10037//4 9376//4 9372//4
f 10037//6 10030//6 9367//6
f 10028//6 10020//6 9327//6
f 10038//6 10035//6 9374//6
f 10038//4 9408//4 9243//4
f 9541//1 9608//1 7988//1
f 10008//6 9837//6 8997//6
f 8711//2 9757//2 9557//2
f 9952//4 9169//4 8163//4
f 2823//1 3986//1 3625//1
f 9412//6 6940//6 5643//6
f 5498//2 6788//2 3025//2
f 9412//4 7433//4 3832//4
f 3831//3 7432//3 5642//3
f 9421//5 4359//5 3191//5
