# Blender 3.4.1
# www.blender.org
o Sphere
v -0.588847 -0.588847 0.588847
v -0.727399 -0.450295 0.588847
v -0.796676 -0.311743 0.588847
v -0.727399 -0.311743 0.658123
v -0.727399 -0.381019 0.588847
v -0.727399 -0.311743 0.588847
v -0.588847 -0.450295 0.727400
v -0.658123 -0.311743 0.727400
v -0.588847 -0.311743 0.796676
v -0.588847 -0.381019 0.727400
v -0.588847 -0.311743 0.727400
v -0.658123 -0.450295 0.658123
v -0.658123 -0.519571 0.588847
v -0.658123 -0.450295 0.588847
v -0.588847 -0.519571 0.658123
v -0.588847 -0.450295 0.658123
v -0.588847 -0.519571 0.588847
v -0.588847 -0.450295 0.588847
v -0.658123 -0.381019 0.658123
v -0.658123 -0.311743 0.658123
v -0.658123 -0.381019 0.588847
v -0.658123 -0.311743 0.588847
v -0.588847 -0.381019 0.658123
v -0.588847 -0.311743 0.658123
v -0.727399 -0.103914 0.727400
v -0.727399 -0.034638 0.727400
v -0.796676 -0.242467 0.588847
v -0.796676 -0.173190 0.588847
v -0.727399 -0.242467 0.658123
v -0.727399 -0.173190 0.658123
v -0.727399 -0.242467 0.588847
v -0.727399 -0.173190 0.588847
v -0.796676 -0.103914 0.658123
v -0.796676 -0.034638 0.658123
v -0.796676 -0.103914 0.588847
v -0.796676 -0.034638 0.588847
v -0.727399 -0.103914 0.658123
v -0.727399 -0.034638 0.658123
v -0.727399 -0.103914 0.588847
v -0.658123 -0.242467 0.727400
v -0.658123 -0.173190 0.727400
v -0.588847 -0.242467 0.796676
v -0.588847 -0.173190 0.796676
v -0.588847 -0.242467 0.727400
v -0.588847 -0.173190 0.727400
v -0.658123 -0.103914 0.796676
v -0.658123 -0.034638 0.796676
v -0.658123 -0.103914 0.727400
v -0.658123 -0.034638 0.727400
v -0.588847 -0.103914 0.796676
v -0.588847 -0.034638 0.796676
v -0.588847 -0.103914 0.727400
v -0.658123 -0.242467 0.658123
v -0.658123 -0.173190 0.658123
v -0.658123 -0.103914 0.658123
v -0.727399 -0.588847 0.450295
v -0.796676 -0.588847 0.311743
v -0.727399 -0.588847 0.381019
v -0.727399 -0.658123 0.311743
v -0.727399 -0.588847 0.311743
v -0.588847 -0.727400 0.450295
v -0.658123 -0.588847 0.519571
v -0.658123 -0.658123 0.450295
v -0.658123 -0.588847 0.450295
v -0.588847 -0.658123 0.519571
v -0.588847 -0.588847 0.519571
v -0.588847 -0.658123 0.450295
v -0.588847 -0.588847 0.450295
v -0.658123 -0.727400 0.311743
v -0.588847 -0.727400 0.381019
v -0.588847 -0.796676 0.311743
v -0.588847 -0.727400 0.311743
v -0.658123 -0.658123 0.381019
v -0.658123 -0.588847 0.381019
v -0.658123 -0.658123 0.311743
v -0.658123 -0.588847 0.311743
v -0.588847 -0.658123 0.381019
v -0.588847 -0.658123 0.311743
v -0.727399 -0.727400 0.173190
v -0.796676 -0.588847 0.242466
v -0.796676 -0.588847 0.173190
v -0.727399 -0.658123 0.242466
v -0.727399 -0.588847 0.242466
v -0.727399 -0.658123 0.173190
v -0.727399 -0.588847 0.173190
v -0.727399 -0.727400 0.103914
v -0.727399 -0.727400 0.034638
v -0.796676 -0.658123 0.103914
v -0.796676 -0.588847 0.103914
v -0.796676 -0.658123 0.034638
v -0.796676 -0.588847 0.034638
v -0.727399 -0.658123 0.103914
v -0.727399 -0.588847 0.103914
v -0.727399 -0.658123 0.034638
v -0.658123 -0.727400 0.242466
v -0.658123 -0.727400 0.173190
v -0.588847 -0.796676 0.242466
v -0.588847 -0.727400 0.242466
v -0.588847 -0.796676 0.173190
v -0.588847 -0.727400 0.173190
v -0.658123 -0.658123 0.242466
v -0.658123 -0.658123 0.173190
v -0.658123 -0.796676 0.103914
v -0.658123 -0.727400 0.103914
v -0.658123 -0.796676 0.034638
v -0.658123 -0.727400 0.034638
v -0.588847 -0.796676 0.103914
v -0.588847 -0.727400 0.103914
v -0.588847 -0.796676 0.034638
v -0.865952 -0.311743 0.450295
v -0.865952 -0.450295 0.311743
v -0.935228 -0.311743 0.311743
v -0.865952 -0.381019 0.381019
v -0.865952 -0.311743 0.381019
v -0.865952 -0.381019 0.311743
v -0.865952 -0.311743 0.311743
v -0.865952 -0.242467 0.519571
v -0.865952 -0.173190 0.519571
v -0.865952 -0.242467 0.450295
v -0.865952 -0.173190 0.450295
v -0.865952 -0.103914 0.519571
v -0.865952 -0.034638 0.519571
v -0.865952 -0.103914 0.450295
v -0.865952 -0.034638 0.450295
v -0.935228 -0.242467 0.381019
v -0.935228 -0.173190 0.381019
v -0.935228 -0.242467 0.311743
v -0.935228 -0.173190 0.311743
v -0.865952 -0.242467 0.381019
v -0.865952 -0.173190 0.381019
v -0.865952 -0.242467 0.311743
v -0.935228 -0.103914 0.381019
v -0.935228 -0.034638 0.381019
v -0.935228 -0.103914 0.311743
v -0.935228 -0.034638 0.311743
v -0.865952 -0.103914 0.381019
v -0.865952 -0.034638 0.381019
v -0.865952 -0.519571 0.242466
v -0.865952 -0.450295 0.242466
v -0.865952 -0.519571 0.173190
v -0.865952 -0.450295 0.173190
v -0.935228 -0.381019 0.242466
v -0.935228 -0.311743 0.242466
v -0.935228 -0.381019 0.173190
v -0.935228 -0.311743 0.173190
v -0.865952 -0.381019 0.242466
v -0.865952 -0.311743 0.242466
v -0.865952 -0.381019 0.173190
v -0.865952 -0.519571 0.103914
v -0.865952 -0.450295 0.103914
v -0.865952 -0.519571 0.034638
v -0.865952 -0.450295 0.034638
v -0.935228 -0.381019 0.103914
v -0.935228 -0.311743 0.103914
v -0.935228 -0.381019 0.034638
v -0.935228 -0.311743 0.034638
v -0.865952 -0.381019 0.103914
v -0.865952 -0.381019 0.034638
v -1.004504 -0.103914 0.173190
v -1.004504 -0.034638 0.173190
v -1.004504 -0.173190 0.103914
v -1.004504 -0.173190 0.034638
v -1.004504 -0.103914 0.103914
v -1.004504 -0.034638 0.103914
v -1.004504 -0.103914 0.034638
v -1.004504 -0.034638 0.034638
v -0.935228 -0.242467 0.242466
v -0.935228 -0.173190 0.242466
v -0.935228 -0.242467 0.173190
v -0.935228 -0.173190 0.173190
v -0.935228 -0.103914 0.242466
v -0.935228 -0.034638 0.242466
v -0.935228 -0.103914 0.173190
v -0.935228 -0.034638 0.173190
v -0.935228 -0.242467 0.103914
v -0.935228 -0.173190 0.103914
v -0.935228 -0.242467 0.034638
v -0.935228 -0.173190 0.034638
v -0.935228 -0.103914 0.103914
v -0.796676 -0.450295 0.450295
v -0.727399 -0.519571 0.519571
v -0.727399 -0.450295 0.519571
v -0.727399 -0.519571 0.450295
v -0.727399 -0.450295 0.450295
v -0.796676 -0.381019 0.519571
v -0.796676 -0.311743 0.519571
v -0.796676 -0.381019 0.450295
v -0.796676 -0.311743 0.450295
v -0.727399 -0.381019 0.519571
v -0.727399 -0.311743 0.519571
v -0.727399 -0.381019 0.450295
v -0.796676 -0.519571 0.381019
v -0.796676 -0.450295 0.381019
v -0.796676 -0.519571 0.311743
v -0.796676 -0.450295 0.311743
v -0.727399 -0.519571 0.381019
v -0.727399 -0.450295 0.381019
v -0.727399 -0.519571 0.311743
v -0.796676 -0.381019 0.381019
v -0.796676 -0.311743 0.381019
v -0.796676 -0.381019 0.311743
v -0.658123 -0.519571 0.519571
v -0.658123 -0.450295 0.519571
v -0.658123 -0.519571 0.450295
v -0.588847 -0.519571 0.519571
v -0.796676 -0.242467 0.519571
v -0.796676 -0.173190 0.519571
v -0.796676 -0.242467 0.450295
v -0.796676 -0.103914 0.519571
v -0.796676 -0.034638 0.519571
v -0.796676 -0.519571 0.242466
v -0.796676 -0.450295 0.242466
v -0.796676 -0.519571 0.173190
v -0.796676 -0.519571 0.103914
v -0.796676 -0.519571 0.034638
v -0.450295 -0.588847 0.727400
v -0.450295 -0.727400 0.588847
v -0.519571 -0.588847 0.658123
v -0.519571 -0.658123 0.588847
v -0.519571 -0.588847 0.588847
v -0.450295 -0.658123 0.658123
v -0.450295 -0.588847 0.658123
v -0.450295 -0.658123 0.588847
v -0.450295 -0.588847 0.588847
v -0.381019 -0.588847 0.727400
v -0.311742 -0.588847 0.796676
v -0.311742 -0.658123 0.727400
v -0.311742 -0.588847 0.727400
v -0.381019 -0.727400 0.588847
v -0.311742 -0.727400 0.658123
v -0.311742 -0.796676 0.588847
v -0.311742 -0.727400 0.588847
v -0.381019 -0.658123 0.658123
v -0.381019 -0.588847 0.658123
v -0.381019 -0.658123 0.588847
v -0.311742 -0.658123 0.658123
v -0.311742 -0.588847 0.658123
v -0.311742 -0.658123 0.588847
v -0.173190 -0.727400 0.727400
v -0.242466 -0.588847 0.796676
v -0.242466 -0.658123 0.727400
v -0.242466 -0.588847 0.727400
v -0.173190 -0.588847 0.796676
v -0.173190 -0.658123 0.727400
v -0.173190 -0.588847 0.727400
v -0.242466 -0.727400 0.658123
v -0.242466 -0.796676 0.588847
v -0.242466 -0.727400 0.588847
v -0.173190 -0.727400 0.658123
v -0.173190 -0.796676 0.588847
v -0.173190 -0.727400 0.588847
v -0.242466 -0.658123 0.658123
v -0.173190 -0.658123 0.658123
v -0.103914 -0.727400 0.727400
v -0.034638 -0.727400 0.727400
v -0.103914 -0.658123 0.796676
v -0.103914 -0.588847 0.796676
v -0.103914 -0.658123 0.727400
v -0.103914 -0.588847 0.727400
v -0.034638 -0.658123 0.796676
v -0.034638 -0.588847 0.796676
v -0.034638 -0.658123 0.727400
v -0.103914 -0.796676 0.658123
v -0.103914 -0.727400 0.658123
v -0.103914 -0.796676 0.588847
v -0.103914 -0.727400 0.588847
v -0.034638 -0.796676 0.658123
v -0.034638 -0.727400 0.658123
v -0.034638 -0.796676 0.588847
v -0.450295 -0.311743 0.865952
v -0.311742 -0.450295 0.865952
v -0.381019 -0.381019 0.865952
v -0.381019 -0.311743 0.865952
v -0.311742 -0.311743 0.935228
v -0.311742 -0.381019 0.865952
v -0.311742 -0.311743 0.865952
v -0.519571 -0.242467 0.865952
v -0.519571 -0.173190 0.865952
v -0.450295 -0.242467 0.865952
v -0.450295 -0.173190 0.865952
v -0.519571 -0.103914 0.865952
v -0.519571 -0.034638 0.865952
v -0.450295 -0.103914 0.865952
v -0.450295 -0.034638 0.865952
v -0.381019 -0.242467 0.935228
v -0.381019 -0.173190 0.935228
v -0.381019 -0.242467 0.865952
v -0.381019 -0.173190 0.865952
v -0.311742 -0.242467 0.935228
v -0.311742 -0.173190 0.935228
v -0.311742 -0.242467 0.865952
v -0.381019 -0.103914 0.935228
v -0.381019 -0.034638 0.935228
v -0.381019 -0.103914 0.865952
v -0.381019 -0.034638 0.865952
v -0.311742 -0.103914 0.935228
v -0.311742 -0.034638 0.935228
v -0.519571 -0.519571 0.727400
v -0.519571 -0.450295 0.727400
v -0.450295 -0.450295 0.796676
v -0.450295 -0.519571 0.727400
v -0.450295 -0.450295 0.727400
v -0.519571 -0.381019 0.796676
v -0.519571 -0.311743 0.796676
v -0.519571 -0.381019 0.727400
v -0.519571 -0.311743 0.727400
v -0.450295 -0.381019 0.796676
v -0.450295 -0.311743 0.796676
v -0.450295 -0.381019 0.727400
v -0.519571 -0.519571 0.658123
v -0.519571 -0.450295 0.658123
v -0.519571 -0.519571 0.588847
v -0.450295 -0.519571 0.658123
v -0.381019 -0.519571 0.796676
v -0.381019 -0.450295 0.796676
v -0.381019 -0.519571 0.727400
v -0.381019 -0.450295 0.727400
v -0.311742 -0.519571 0.796676
v -0.311742 -0.450295 0.796676
v -0.311742 -0.519571 0.727400
v -0.381019 -0.381019 0.796676
v -0.381019 -0.311743 0.796676
v -0.311742 -0.381019 0.796676
v -0.519571 -0.242467 0.796676
v -0.519571 -0.173190 0.796676
v -0.450295 -0.242467 0.796676
v -0.519571 -0.103914 0.796676
v -0.519571 -0.034638 0.796676
v -0.242466 -0.519571 0.865952
v -0.242466 -0.450295 0.865952
v -0.173190 -0.519571 0.865952
v -0.173190 -0.450295 0.865952
v -0.242466 -0.381019 0.935228
v -0.242466 -0.311743 0.935228
v -0.242466 -0.381019 0.865952
v -0.242466 -0.311743 0.865952
v -0.173190 -0.381019 0.935228
v -0.173190 -0.311743 0.935228
v -0.173190 -0.381019 0.865952
v -0.103914 -0.519571 0.865952
v -0.103914 -0.450295 0.865952
v -0.034638 -0.519571 0.865952
v -0.034638 -0.450295 0.865952
v -0.103914 -0.381019 0.935228
v -0.103914 -0.311743 0.935228
v -0.103914 -0.381019 0.865952
v -0.034638 -0.381019 0.935228
v -0.034638 -0.311743 0.935228
v -0.034638 -0.381019 0.865952
v -0.173190 -0.103914 1.004504
v -0.173190 -0.034638 1.004504
v -0.242466 -0.242467 0.935228
v -0.242466 -0.173190 0.935228
v -0.173190 -0.242467 0.935228
v -0.173190 -0.173190 0.935228
v -0.242466 -0.103914 0.935228
v -0.242466 -0.034638 0.935228
v -0.173190 -0.103914 0.935228
v -0.173190 -0.034638 0.935228
v -0.103914 -0.173190 1.004504
v -0.034638 -0.173190 1.004504
v -0.103914 -0.103914 1.004504
v -0.103914 -0.034638 1.004504
v -0.034638 -0.103914 1.004504
v -0.034638 -0.034638 1.004504
v -0.103914 -0.242467 0.935228
v -0.103914 -0.173190 0.935228
v -0.034638 -0.242467 0.935228
v -0.034638 -0.173190 0.935228
v -0.103914 -0.103914 0.935228
v -0.242466 -0.519571 0.796676
v -0.242466 -0.450295 0.796676
v -0.173190 -0.519571 0.796676
v -0.103914 -0.519571 0.796676
v -0.034638 -0.519571 0.796676
v -0.450295 -0.865952 0.311743
v -0.311742 -0.865952 0.450295
v -0.381019 -0.865952 0.381019
v -0.381019 -0.865952 0.311743
v -0.311742 -0.865952 0.381019
v -0.311742 -0.935228 0.311743
v -0.311742 -0.865952 0.311743
v -0.519571 -0.727400 0.519571
v -0.519571 -0.727400 0.450295
v -0.450295 -0.727400 0.519571
v -0.450295 -0.796676 0.450295
v -0.450295 -0.727400 0.450295
v -0.519571 -0.658123 0.519571
v -0.519571 -0.588847 0.519571
v -0.519571 -0.658123 0.450295
v -0.450295 -0.658123 0.519571
v -0.519571 -0.796676 0.381019
v -0.519571 -0.727400 0.381019
v -0.519571 -0.796676 0.311743
v -0.519571 -0.727400 0.311743
v -0.450295 -0.796676 0.381019
v -0.450295 -0.727400 0.381019
v -0.450295 -0.796676 0.311743
v -0.381019 -0.796676 0.519571
v -0.381019 -0.727400 0.519571
v -0.381019 -0.796676 0.450295
v -0.381019 -0.727400 0.450295
v -0.311742 -0.796676 0.519571
v -0.311742 -0.727400 0.519571
v -0.311742 -0.796676 0.450295
v -0.381019 -0.796676 0.381019
v -0.381019 -0.796676 0.311743
v -0.311742 -0.796676 0.381019
v -0.519571 -0.865952 0.242466
v -0.519571 -0.865952 0.173190
v -0.450295 -0.865952 0.242466
v -0.450295 -0.865952 0.173190
v -0.519571 -0.865952 0.103914
v -0.519571 -0.865952 0.034638
v -0.450295 -0.865952 0.103914
v -0.450295 -0.935228 0.034638
v -0.450295 -0.865952 0.034638
v -0.381019 -0.935228 0.242466
v -0.381019 -0.865952 0.242466
v -0.381019 -0.935228 0.173190
v -0.381019 -0.865952 0.173190
v -0.311742 -0.935228 0.242466
v -0.311742 -0.865952 0.242466
v -0.311742 -0.935228 0.173190
v -0.381019 -0.935228 0.103914
v -0.381019 -0.865952 0.103914
v -0.381019 -0.935228 0.034638
v -0.381019 -0.865952 0.034638
v -0.311742 -0.935228 0.103914
v -0.311742 -0.935228 0.034638
v -0.519571 -0.796676 0.242466
v -0.519571 -0.796676 0.173190
v -0.450295 -0.796676 0.242466
v -0.519571 -0.796676 0.103914
v -0.519571 -0.796676 0.034638
v -0.242466 -0.865952 0.519571
v -0.242466 -0.865952 0.450295
v -0.173190 -0.865952 0.519571
v -0.173190 -0.865952 0.450295
v -0.242466 -0.935228 0.381019
v -0.242466 -0.865952 0.381019
v -0.242466 -0.935228 0.311743
v -0.242466 -0.865952 0.311743
v -0.173190 -0.935228 0.381019
v -0.173190 -0.865952 0.381019
v -0.173190 -0.935228 0.311743
v -0.103914 -0.865952 0.519571
v -0.103914 -0.865952 0.450295
v -0.034638 -0.865952 0.519571
v -0.034638 -0.935228 0.450295
v -0.034638 -0.865952 0.450295
v -0.103914 -0.935228 0.381019
v -0.103914 -0.865952 0.381019
v -0.103914 -0.935228 0.311743
v -0.034638 -0.935228 0.381019
v -0.034638 -0.865952 0.381019
v -0.034638 -0.935228 0.311743
v -0.242466 -0.796676 0.519571
v -0.242466 -0.796676 0.450295
v -0.173190 -0.796676 0.519571
v -0.103914 -0.796676 0.519571
v -0.034638 -0.796676 0.519571
v -0.173190 -1.004504 0.173190
v -0.242466 -0.935228 0.242466
v -0.242466 -0.935228 0.173190
v -0.173190 -0.935228 0.242466
v -0.173190 -0.935228 0.173190
v -0.242466 -1.004504 0.034638
v -0.173190 -1.004504 0.103914
v -0.173190 -1.004504 0.034638
v -0.242466 -0.935228 0.103914
v -0.242466 -0.935228 0.034638
v -0.173190 -0.935228 0.103914
v -0.173190 -0.935228 0.034638
v -0.103914 -1.004504 0.173190
v -0.034638 -1.004504 0.242466
v -0.034638 -1.004504 0.173190
v -0.103914 -0.935228 0.242466
v -0.103914 -0.935228 0.173190
v -0.034638 -0.935228 0.242466
v -0.034638 -0.935228 0.173190
v -0.103914 -1.004504 0.103914
v -0.103914 -1.004504 0.034638
v -0.034638 -1.004504 0.103914
v -0.034638 -1.004504 0.034638
v -0.727399 0.034638 0.727400
v -0.727399 0.103914 0.727400
v -0.796676 0.034638 0.658123
v -0.796676 0.103914 0.658123
v -0.796676 0.034638 0.588847
v -0.796676 0.103914 0.588847
v -0.727399 0.034638 0.658123
v -0.727399 0.103914 0.658123
v -0.727399 0.103914 0.588847
v -0.796676 0.173190 0.588847
v -0.796676 0.242467 0.588847
v -0.727399 0.173190 0.658123
v -0.727399 0.242467 0.658123
v -0.727399 0.173190 0.588847
v -0.727399 0.242467 0.588847
v -0.658123 0.034638 0.796676
v -0.658123 0.103914 0.796676
v -0.658123 0.034638 0.727400
v -0.658123 0.103914 0.727400
v -0.588847 0.034638 0.796676
v -0.588847 0.103914 0.796676
v -0.588847 0.103914 0.727400
v -0.658123 0.173190 0.727400
v -0.658123 0.242467 0.727400
v -0.588847 0.173190 0.796676
v -0.588847 0.242467 0.796676
v -0.588847 0.173190 0.727400
v -0.588847 0.242467 0.727400
v -0.658123 0.103914 0.658123
v -0.658123 0.173190 0.658123
v -0.658123 0.242467 0.658123
v -0.796676 0.311743 0.588847
v -0.727399 0.311743 0.658123
v -0.727399 0.311743 0.588847
v -0.727399 0.381019 0.588847
v -0.727399 0.450295 0.588847
v -0.658123 0.311743 0.727400
v -0.588847 0.311743 0.796676
v -0.588847 0.311743 0.727400
v -0.588847 0.381019 0.727400
v -0.588847 0.450295 0.727400
v -0.658123 0.311743 0.658123
v -0.658123 0.381019 0.658123
v -0.658123 0.311743 0.588847
v -0.658123 0.381019 0.588847
v -0.588847 0.311743 0.658123
v -0.588847 0.381019 0.658123
v -0.658123 0.450295 0.658123
v -0.658123 0.450295 0.588847
v -0.658123 0.519571 0.588847
v -0.588847 0.450295 0.658123
v -0.588847 0.519571 0.658123
v -0.588847 0.450295 0.588847
v -0.588847 0.519571 0.588847
v -0.588847 0.588847 0.588847
v -0.865952 0.034638 0.519571
v -0.865952 0.103914 0.519571
v -0.865952 0.034638 0.450295
v -0.865952 0.103914 0.450295
v -0.865952 0.173190 0.519571
v -0.865952 0.242467 0.519571
v -0.865952 0.173190 0.450295
v -0.865952 0.242467 0.450295
v -0.935228 0.034638 0.381019
v -0.935228 0.103914 0.381019
v -0.935228 0.034638 0.311743
v -0.935228 0.103914 0.311743
v -0.865952 0.034638 0.381019
v -0.865952 0.103914 0.381019
v -0.935228 0.173190 0.381019
v -0.935228 0.242467 0.381019
v -0.935228 0.173190 0.311743
v -0.935228 0.242467 0.311743
v -0.865952 0.173190 0.381019
v -0.865952 0.242467 0.381019
v -0.865952 0.242467 0.311743
v -0.865952 0.311743 0.450295
v -0.935228 0.311743 0.311743
v -0.865952 0.311743 0.381019
v -0.865952 0.381019 0.381019
v -0.865952 0.311743 0.311743
v -0.865952 0.381019 0.311743
v -0.865952 0.450295 0.311743
v -1.004504 0.034638 0.173190
v -1.004504 0.103914 0.173190
v -1.004504 0.034638 0.103914
v -1.004504 0.103914 0.103914
v -1.004504 0.034638 0.034638
v -1.004504 0.103914 0.034638
v -1.004504 0.173190 0.103914
v -1.004504 0.173190 0.034638
v -0.935228 0.034638 0.242466
v -0.935228 0.103914 0.242466
v -0.935228 0.034638 0.173190
v -0.935228 0.103914 0.173190
v -0.935228 0.173190 0.242466
v -0.935228 0.242467 0.242466
v -0.935228 0.173190 0.173190
v -0.935228 0.242467 0.173190
v -0.935228 0.103914 0.103914
v -0.935228 0.173190 0.103914
v -0.935228 0.242467 0.103914
v -0.935228 0.173190 0.034638
v -0.935228 0.242467 0.034638
v -0.935228 0.311743 0.242466
v -0.935228 0.381019 0.242466
v -0.935228 0.311743 0.173190
v -0.935228 0.381019 0.173190
v -0.865952 0.311743 0.242466
v -0.865952 0.381019 0.242466
v -0.865952 0.381019 0.173190
v -0.865952 0.450295 0.242466
v -0.865952 0.519571 0.242466
v -0.865952 0.450295 0.173190
v -0.865952 0.519571 0.173190
v -0.935228 0.311743 0.103914
v -0.935228 0.381019 0.103914
v -0.935228 0.311743 0.034638
v -0.935228 0.381019 0.034638
v -0.865952 0.381019 0.103914
v -0.865952 0.381019 0.034638
v -0.865952 0.450295 0.103914
v -0.865952 0.519571 0.103914
v -0.865952 0.450295 0.034638
v -0.865952 0.519571 0.034638
v -0.796676 0.034638 0.519571
v -0.796676 0.103914 0.519571
v -0.796676 0.173190 0.519571
v -0.796676 0.242467 0.519571
v -0.796676 0.242467 0.450295
v -0.796676 0.311743 0.519571
v -0.796676 0.381019 0.519571
v -0.796676 0.311743 0.450295
v -0.796676 0.381019 0.450295
v -0.727399 0.311743 0.519571
v -0.727399 0.381019 0.519571
v -0.727399 0.381019 0.450295
v -0.796676 0.450295 0.450295
v -0.727399 0.450295 0.519571
v -0.727399 0.519571 0.519571
v -0.727399 0.450295 0.450295
v -0.727399 0.519571 0.450295
v -0.796676 0.311743 0.381019
v -0.796676 0.381019 0.381019
v -0.796676 0.381019 0.311743
v -0.796676 0.450295 0.381019
v -0.796676 0.519571 0.381019
v -0.796676 0.450295 0.311743
v -0.796676 0.519571 0.311743
v -0.727399 0.450295 0.381019
v -0.727399 0.519571 0.381019
v -0.727399 0.519571 0.311743
v -0.658123 0.450295 0.519571
v -0.658123 0.519571 0.519571
v -0.658123 0.519571 0.450295
v -0.588847 0.519571 0.519571
v -0.796676 0.450295 0.242466
v -0.796676 0.519571 0.242466
v -0.796676 0.519571 0.173190
v -0.796676 0.519571 0.103914
v -0.796676 0.519571 0.034638
v -0.727399 0.588847 0.450295
v -0.796676 0.588847 0.311743
v -0.727399 0.588847 0.381019
v -0.727399 0.588847 0.311743
v -0.727399 0.658123 0.311743
v -0.658123 0.588847 0.519571
v -0.658123 0.588847 0.450295
v -0.658123 0.658123 0.450295
v -0.588847 0.588847 0.519571
v -0.588847 0.658123 0.519571
v -0.588847 0.588847 0.450295
v -0.588847 0.658123 0.450295
v -0.588847 0.727400 0.450295
v -0.658123 0.588847 0.381019
v -0.658123 0.658123 0.381019
v -0.658123 0.588847 0.311743
v -0.658123 0.658123 0.311743
v -0.588847 0.658123 0.381019
v -0.588847 0.658123 0.311743
v -0.658123 0.727400 0.311743
v -0.588847 0.727400 0.381019
v -0.588847 0.727400 0.311743
v -0.588847 0.796676 0.311743
v -0.796676 0.588847 0.242466
v -0.796676 0.588847 0.173190
v -0.727399 0.588847 0.242466
v -0.727399 0.658123 0.242466
v -0.727399 0.588847 0.173190
v -0.727399 0.658123 0.173190
v -0.727399 0.727400 0.173190
v -0.796676 0.588847 0.103914
v -0.796676 0.658123 0.103914
v -0.796676 0.588847 0.034638
v -0.796676 0.658123 0.034638
v -0.727399 0.588847 0.103914
v -0.727399 0.658123 0.103914
v -0.727399 0.658123 0.034638
v -0.727399 0.727400 0.103914
v -0.727399 0.727400 0.034638
v -0.658123 0.658123 0.242466
v -0.658123 0.658123 0.173190
v -0.658123 0.727400 0.242466
v -0.658123 0.727400 0.173190
v -0.588847 0.727400 0.242466
v -0.588847 0.796676 0.242466
v -0.588847 0.727400 0.173190
v -0.588847 0.796676 0.173190
v -0.658123 0.727400 0.103914
v -0.658123 0.796676 0.103914
v -0.658123 0.727400 0.034638
v -0.658123 0.796676 0.034638
v -0.588847 0.727400 0.103914
v -0.588847 0.796676 0.103914
v -0.588847 0.796676 0.034638
v -0.519571 0.034638 0.865952
v -0.519571 0.103914 0.865952
v -0.450295 0.034638 0.865952
v -0.450295 0.103914 0.865952
v -0.519571 0.173190 0.865952
v -0.519571 0.242467 0.865952
v -0.450295 0.173190 0.865952
v -0.450295 0.242467 0.865952
v -0.381019 0.034638 0.935228
v -0.381019 0.103914 0.935228
v -0.381019 0.034638 0.865952
v -0.381019 0.103914 0.865952
v -0.311742 0.034638 0.935228
v -0.311742 0.103914 0.935228
v -0.381019 0.173190 0.935228
v -0.381019 0.242467 0.935228
v -0.381019 0.173190 0.865952
v -0.381019 0.242467 0.865952
v -0.311742 0.173190 0.935228
v -0.311742 0.242467 0.935228
v -0.311742 0.242467 0.865952
v -0.450295 0.311743 0.865952
v -0.381019 0.311743 0.865952
v -0.381019 0.381019 0.865952
v -0.311742 0.311743 0.935228
v -0.311742 0.311743 0.865952
v -0.311742 0.381019 0.865952
v -0.311742 0.450295 0.865952
v -0.519571 0.034638 0.796676
v -0.519571 0.103914 0.796676
v -0.519571 0.173190 0.796676
v -0.519571 0.242467 0.796676
v -0.450295 0.242467 0.796676
v -0.519571 0.311743 0.796676
v -0.519571 0.381019 0.796676
v -0.519571 0.311743 0.727400
v -0.519571 0.381019 0.727400
v -0.450295 0.311743 0.796676
v -0.450295 0.381019 0.796676
v -0.450295 0.381019 0.727400
v -0.519571 0.450295 0.727400
v -0.519571 0.519571 0.727400
v -0.450295 0.450295 0.796676
v -0.450295 0.450295 0.727400
v -0.450295 0.519571 0.727400
v -0.519571 0.450295 0.658123
v -0.519571 0.519571 0.658123
v -0.519571 0.519571 0.588847
v -0.450295 0.519571 0.658123
v -0.381019 0.311743 0.796676
v -0.381019 0.381019 0.796676
v -0.311742 0.381019 0.796676
v -0.381019 0.450295 0.796676
v -0.381019 0.519571 0.796676
v -0.381019 0.450295 0.727400
v -0.381019 0.519571 0.727400
v -0.311742 0.450295 0.796676
v -0.311742 0.519571 0.796676
v -0.311742 0.519571 0.727400
v -0.173190 0.034638 1.004504
v -0.173190 0.103914 1.004504
v -0.242466 0.034638 0.935228
v -0.242466 0.103914 0.935228
v -0.173190 0.034638 0.935228
v -0.173190 0.103914 0.935228
v -0.242466 0.173190 0.935228
v -0.242466 0.242467 0.935228
v -0.173190 0.173190 0.935228
v -0.173190 0.242467 0.935228
v -0.103914 0.034638 1.004504
v -0.103914 0.103914 1.004504
v -0.034638 0.034638 1.004504
v -0.034638 0.103914 1.004504
v -0.103914 0.173190 1.004504
v -0.034638 0.173190 1.004504
v -0.103914 0.103914 0.935228
v -0.103914 0.173190 0.935228
v -0.103914 0.242467 0.935228
v -0.034638 0.173190 0.935228
v -0.034638 0.242467 0.935228
v -0.242466 0.311743 0.935228
v -0.242466 0.381019 0.935228
v -0.242466 0.311743 0.865952
v -0.242466 0.381019 0.865952
v -0.173190 0.311743 0.935228
v -0.173190 0.381019 0.935228
v -0.173190 0.381019 0.865952
v -0.242466 0.450295 0.865952
v -0.242466 0.519571 0.865952
v -0.173190 0.450295 0.865952
v -0.173190 0.519571 0.865952
v -0.103914 0.311743 0.935228
v -0.103914 0.381019 0.935228
v -0.103914 0.381019 0.865952
v -0.034638 0.311743 0.935228
v -0.034638 0.381019 0.935228
v -0.034638 0.381019 0.865952
v -0.103914 0.450295 0.865952
v -0.103914 0.519571 0.865952
v -0.034638 0.450295 0.865952
v -0.034638 0.519571 0.865952
v -0.242466 0.450295 0.796676
v -0.242466 0.519571 0.796676
v -0.173190 0.519571 0.796676
v -0.103914 0.519571 0.796676
v -0.034638 0.519571 0.796676
v -0.450295 0.588847 0.727400
v -0.519571 0.588847 0.658123
v -0.519571 0.588847 0.588847
v -0.519571 0.658123 0.588847
v -0.450295 0.588847 0.658123
v -0.450295 0.658123 0.658123
v -0.450295 0.588847 0.588847
v -0.450295 0.658123 0.588847
v -0.450295 0.727400 0.588847
v -0.381019 0.588847 0.727400
v -0.311742 0.588847 0.796676
v -0.311742 0.588847 0.727400
v -0.311742 0.658123 0.727400
v -0.381019 0.588847 0.658123
v -0.381019 0.658123 0.658123
v -0.381019 0.658123 0.588847
v -0.311742 0.588847 0.658123
v -0.311742 0.658123 0.658123
v -0.311742 0.658123 0.588847
v -0.381019 0.727400 0.588847
v -0.311742 0.727400 0.658123
v -0.311742 0.727400 0.588847
v -0.311742 0.796676 0.588847
v -0.242466 0.588847 0.796676
v -0.242466 0.588847 0.727400
v -0.242466 0.658123 0.727400
v -0.173190 0.588847 0.796676
v -0.173190 0.588847 0.727400
v -0.173190 0.658123 0.727400
v -0.173190 0.727400 0.727400
v -0.242466 0.658123 0.658123
v -0.173190 0.658123 0.658123
v -0.242466 0.727400 0.658123
v -0.242466 0.727400 0.588847
v -0.242466 0.796676 0.588847
v -0.173190 0.727400 0.658123
v -0.173190 0.727400 0.588847
v -0.173190 0.796676 0.588847
v -0.103914 0.588847 0.796676
v -0.103914 0.658123 0.796676
v -0.103914 0.588847 0.727400
v -0.103914 0.658123 0.727400
v -0.034638 0.588847 0.796676
v -0.034638 0.658123 0.796676
v -0.034638 0.658123 0.727400
v -0.103914 0.727400 0.727400
v -0.034638 0.727400 0.727400
v -0.103914 0.727400 0.658123
v -0.103914 0.796676 0.658123
v -0.103914 0.727400 0.588847
v -0.103914 0.796676 0.588847
v -0.034638 0.727400 0.658123
v -0.034638 0.796676 0.658123
v -0.034638 0.796676 0.588847
v -0.519571 0.588847 0.519571
v -0.519571 0.658123 0.519571
v -0.519571 0.658123 0.450295
v -0.450295 0.658123 0.519571
v -0.519571 0.727400 0.519571
v -0.519571 0.727400 0.450295
v -0.450295 0.727400 0.519571
v -0.450295 0.727400 0.450295
v -0.450295 0.796676 0.450295
v -0.519571 0.727400 0.381019
v -0.519571 0.796676 0.381019
v -0.519571 0.727400 0.311743
v -0.519571 0.796676 0.311743
v -0.450295 0.727400 0.381019
v -0.450295 0.796676 0.381019
v -0.450295 0.796676 0.311743
v -0.381019 0.727400 0.519571
v -0.381019 0.796676 0.519571
v -0.381019 0.727400 0.450295
v -0.381019 0.796676 0.450295
v -0.311742 0.727400 0.519571
v -0.311742 0.796676 0.519571
v -0.311742 0.796676 0.450295
v -0.381019 0.796676 0.381019
v -0.381019 0.796676 0.311743
v -0.311742 0.796676 0.381019
v -0.450295 0.865952 0.311743
v -0.311742 0.865952 0.450295
v -0.381019 0.865952 0.381019
v -0.381019 0.865952 0.311743
v -0.311742 0.865952 0.381019
v -0.311742 0.865952 0.311743
v -0.311742 0.935228 0.311743
v -0.519571 0.796676 0.242466
v -0.519571 0.796676 0.173190
v -0.450295 0.796676 0.242466
v -0.519571 0.796676 0.103914
v -0.519571 0.796676 0.034638
v -0.519571 0.865952 0.242466
v -0.519571 0.865952 0.173190
v -0.450295 0.865952 0.242466
v -0.450295 0.865952 0.173190
v -0.519571 0.865952 0.103914
v -0.519571 0.865952 0.034638
v -0.450295 0.865952 0.103914
v -0.450295 0.865952 0.034638
v -0.450295 0.935228 0.034638
v -0.381019 0.865952 0.242466
v -0.381019 0.935228 0.242466
v -0.381019 0.865952 0.173190
v -0.381019 0.935228 0.173190
v -0.311742 0.865952 0.242466
v -0.311742 0.935228 0.242466
v -0.311742 0.935228 0.173190
v -0.381019 0.865952 0.103914
v -0.381019 0.935228 0.103914
v -0.381019 0.865952 0.034638
v -0.381019 0.935228 0.034638
v -0.311742 0.935228 0.103914
v -0.311742 0.935228 0.034638
v -0.242466 0.796676 0.519571
v -0.242466 0.796676 0.450295
v -0.173190 0.796676 0.519571
v -0.103914 0.796676 0.519571
v -0.034638 0.796676 0.519571
v -0.242466 0.865952 0.519571
v -0.242466 0.865952 0.450295
v -0.173190 0.865952 0.519571
v -0.173190 0.865952 0.450295
v -0.242466 0.865952 0.381019
v -0.242466 0.935228 0.381019
v -0.242466 0.865952 0.311743
v -0.242466 0.935228 0.311743
v -0.173190 0.865952 0.381019
v -0.173190 0.935228 0.381019
v -0.173190 0.935228 0.311743
v -0.103914 0.865952 0.519571
v -0.103914 0.865952 0.450295
v -0.034638 0.865952 0.519571
v -0.034638 0.865952 0.450295
v -0.034638 0.935228 0.450295
v -0.103914 0.865952 0.381019
v -0.103914 0.935228 0.381019
v -0.103914 0.935228 0.311743
v -0.034638 0.865952 0.381019
v -0.034638 0.935228 0.381019
v -0.034638 0.935228 0.311743
v -0.242466 0.935228 0.242466
v -0.242466 0.935228 0.173190
v -0.173190 0.935228 0.242466
v -0.173190 0.935228 0.173190
v -0.173190 1.004504 0.173190
v -0.242466 0.935228 0.103914
v -0.242466 0.935228 0.034638
v -0.173190 0.935228 0.103914
v -0.173190 0.935228 0.034638
v -0.242466 1.004504 0.034638
v -0.173190 1.004504 0.103914
v -0.173190 1.004504 0.034638
v -0.103914 0.935228 0.242466
v -0.103914 0.935228 0.173190
v -0.034638 0.935228 0.242466
v -0.034638 0.935228 0.173190
v -0.103914 1.004504 0.173190
v -0.034638 1.004504 0.242466
v -0.034638 1.004504 0.173190
v -0.103914 1.004504 0.103914
v -0.103914 1.004504 0.034638
v -0.034638 1.004504 0.103914
v -0.034638 1.004504 0.034638
v -0.727399 -0.727400 -0.034638
v -0.727399 -0.727400 -0.103914
v -0.796676 -0.658123 -0.034638
v -0.796676 -0.588847 -0.034638
v -0.796676 -0.658123 -0.103914
v -0.796676 -0.588847 -0.103914
v -0.727399 -0.658123 -0.034638
v -0.727399 -0.658123 -0.103914
v -0.727399 -0.588847 -0.103914
v -0.727399 -0.727400 -0.173190
v -0.796676 -0.588847 -0.173190
v -0.796676 -0.588847 -0.242467
v -0.727399 -0.658123 -0.173190
v -0.727399 -0.588847 -0.173190
v -0.727399 -0.658123 -0.242467
v -0.727399 -0.588847 -0.242467
v -0.658123 -0.796676 -0.034638
v -0.658123 -0.727400 -0.034638
v -0.658123 -0.796676 -0.103914
v -0.658123 -0.727400 -0.103914
v -0.588847 -0.796676 -0.034638
v -0.588847 -0.796676 -0.103914
v -0.588847 -0.727400 -0.103914
v -0.658123 -0.727400 -0.173190
v -0.658123 -0.727400 -0.242467
v -0.588847 -0.796676 -0.173190
v -0.588847 -0.727400 -0.173190
v -0.588847 -0.796676 -0.242467
v -0.588847 -0.727400 -0.242467
v -0.658123 -0.658123 -0.173190
v -0.658123 -0.658123 -0.242467
v -0.796676 -0.588847 -0.311743
v -0.727399 -0.658123 -0.311743
v -0.727399 -0.588847 -0.311743
v -0.727399 -0.588847 -0.381019
v -0.727399 -0.588847 -0.450295
v -0.658123 -0.727400 -0.311743
v -0.588847 -0.796676 -0.311743
v -0.588847 -0.727400 -0.311743
v -0.588847 -0.727400 -0.381019
v -0.658123 -0.658123 -0.311743
v -0.658123 -0.588847 -0.311743
v -0.658123 -0.658123 -0.381019
v -0.658123 -0.588847 -0.381019
v -0.588847 -0.658123 -0.311743
v -0.588847 -0.658123 -0.381019
v -0.588847 -0.727400 -0.450295
v -0.658123 -0.658123 -0.450295
v -0.658123 -0.588847 -0.450295
v -0.658123 -0.588847 -0.519571
v -0.588847 -0.658123 -0.450295
v -0.588847 -0.588847 -0.450295
v -0.588847 -0.658123 -0.519571
v -0.588847 -0.588847 -0.519571
v -0.865952 -0.519571 -0.034638
v -0.865952 -0.450295 -0.034638
v -0.865952 -0.519571 -0.103914
v -0.865952 -0.450295 -0.103914
v -0.935228 -0.381019 -0.034638
v -0.935228 -0.311743 -0.034638
v -0.935228 -0.381019 -0.103914
v -0.935228 -0.311743 -0.103914
v -0.865952 -0.381019 -0.034638
v -0.865952 -0.381019 -0.103914
v -0.865952 -0.519571 -0.173190
v -0.865952 -0.450295 -0.173190
v -0.865952 -0.519571 -0.242467
v -0.865952 -0.450295 -0.242467
v -0.935228 -0.381019 -0.173190
v -0.935228 -0.311743 -0.173190
v -0.935228 -0.381019 -0.242467
v -0.935228 -0.311743 -0.242467
v -0.865952 -0.381019 -0.173190
v -0.865952 -0.381019 -0.242467
v -0.865952 -0.311743 -0.242467
v -1.004504 -0.173190 -0.034638
v -1.004504 -0.173190 -0.103914
v -1.004504 -0.103914 -0.034638
v -1.004504 -0.034638 -0.034638
v -1.004504 -0.103914 -0.103914
v -1.004504 -0.034638 -0.103914
v -1.004504 -0.103914 -0.173190
v -1.004504 -0.034638 -0.173190
v -0.935228 -0.242467 -0.034638
v -0.935228 -0.173190 -0.034638
v -0.935228 -0.242467 -0.103914
v -0.935228 -0.173190 -0.103914
v -0.935228 -0.103914 -0.103914
v -0.935228 -0.242467 -0.173190
v -0.935228 -0.173190 -0.173190
v -0.935228 -0.242467 -0.242467
v -0.935228 -0.173190 -0.242467
v -0.935228 -0.103914 -0.173190
v -0.935228 -0.034638 -0.173190
v -0.935228 -0.103914 -0.242467
v -0.935228 -0.034638 -0.242467
v -0.865952 -0.450295 -0.311743
v -0.935228 -0.311743 -0.311743
v -0.865952 -0.381019 -0.311743
v -0.865952 -0.311743 -0.311743
v -0.865952 -0.381019 -0.381019
v -0.865952 -0.311743 -0.381019
v -0.865952 -0.311743 -0.450295
v -0.935228 -0.242467 -0.311743
v -0.935228 -0.173190 -0.311743
v -0.935228 -0.242467 -0.381019
v -0.935228 -0.173190 -0.381019
v -0.865952 -0.242467 -0.311743
v -0.865952 -0.242467 -0.381019
v -0.865952 -0.173190 -0.381019
v -0.935228 -0.103914 -0.311743
v -0.935228 -0.034638 -0.311743
v -0.935228 -0.103914 -0.381019
v -0.935228 -0.034638 -0.381019
v -0.865952 -0.103914 -0.381019
v -0.865952 -0.034638 -0.381019
v -0.865952 -0.242467 -0.450295
v -0.865952 -0.173190 -0.450295
v -0.865952 -0.242467 -0.519571
v -0.865952 -0.173190 -0.519571
v -0.865952 -0.103914 -0.450295
v -0.865952 -0.034638 -0.450295
v -0.865952 -0.103914 -0.519571
v -0.865952 -0.034638 -0.519571
v -0.796676 -0.519571 -0.034638
v -0.796676 -0.519571 -0.103914
v -0.796676 -0.519571 -0.173190
v -0.796676 -0.519571 -0.242467
v -0.796676 -0.450295 -0.242467
v -0.796676 -0.519571 -0.311743
v -0.796676 -0.450295 -0.311743
v -0.796676 -0.519571 -0.381019
v -0.796676 -0.450295 -0.381019
v -0.727399 -0.519571 -0.311743
v -0.727399 -0.519571 -0.381019
v -0.727399 -0.450295 -0.381019
v -0.796676 -0.381019 -0.311743
v -0.796676 -0.381019 -0.381019
v -0.796676 -0.311743 -0.381019
v -0.796676 -0.450295 -0.450295
v -0.727399 -0.519571 -0.450295
v -0.727399 -0.450295 -0.450295
v -0.727399 -0.519571 -0.519571
v -0.727399 -0.450295 -0.519571
v -0.796676 -0.381019 -0.450295
v -0.796676 -0.311743 -0.450295
v -0.796676 -0.381019 -0.519571
v -0.796676 -0.311743 -0.519571
v -0.727399 -0.381019 -0.450295
v -0.727399 -0.381019 -0.519571
v -0.727399 -0.311743 -0.519571
v -0.658123 -0.519571 -0.450295
v -0.658123 -0.519571 -0.519571
v -0.658123 -0.450295 -0.519571
v -0.588847 -0.519571 -0.519571
v -0.796676 -0.242467 -0.450295
v -0.796676 -0.242467 -0.519571
v -0.796676 -0.173190 -0.519571
v -0.796676 -0.103914 -0.519571
v -0.796676 -0.034638 -0.519571
v -0.588847 -0.588847 -0.588848
v -0.727399 -0.450295 -0.588848
v -0.796676 -0.311743 -0.588848
v -0.727399 -0.381019 -0.588848
v -0.727399 -0.311743 -0.588848
v -0.727399 -0.311743 -0.658124
v -0.658123 -0.519571 -0.588848
v -0.658123 -0.450295 -0.588848
v -0.658123 -0.450295 -0.658124
v -0.588847 -0.519571 -0.588848
v -0.588847 -0.450295 -0.588848
v -0.588847 -0.519571 -0.658124
v -0.588847 -0.450295 -0.658124
v -0.658123 -0.381019 -0.588848
v -0.658123 -0.311743 -0.588848
v -0.658123 -0.381019 -0.658124
v -0.658123 -0.311743 -0.658124
v -0.588847 -0.381019 -0.658124
v -0.588847 -0.311743 -0.658124
v -0.588847 -0.450295 -0.727400
v -0.658123 -0.311743 -0.727400
v -0.588847 -0.381019 -0.727400
v -0.588847 -0.311743 -0.727400
v -0.588847 -0.311743 -0.796676
v -0.796676 -0.242467 -0.588848
v -0.796676 -0.173190 -0.588848
v -0.727399 -0.242467 -0.588848
v -0.727399 -0.173190 -0.588848
v -0.727399 -0.242467 -0.658124
v -0.727399 -0.173190 -0.658124
v -0.796676 -0.103914 -0.588848
v -0.796676 -0.034638 -0.588848
v -0.796676 -0.103914 -0.658124
v -0.796676 -0.034638 -0.658124
v -0.727399 -0.103914 -0.588848
v -0.727399 -0.103914 -0.658124
v -0.727399 -0.034638 -0.658124
v -0.727399 -0.103914 -0.727400
v -0.727399 -0.034638 -0.727400
v -0.658123 -0.242467 -0.658124
v -0.658123 -0.173190 -0.658124
v -0.658123 -0.103914 -0.658124
v -0.658123 -0.242467 -0.727400
v -0.658123 -0.173190 -0.727400
v -0.588847 -0.242467 -0.727400
v -0.588847 -0.173190 -0.727400
v -0.588847 -0.242467 -0.796676
v -0.588847 -0.173190 -0.796676
v -0.658123 -0.103914 -0.727400
v -0.658123 -0.034638 -0.727400
v -0.658123 -0.103914 -0.796676
v -0.658123 -0.034638 -0.796676
v -0.588847 -0.103914 -0.727400
v -0.588847 -0.103914 -0.796676
v -0.588847 -0.034638 -0.796676
v -0.519571 -0.865952 -0.034638
v -0.519571 -0.865952 -0.103914
v -0.450295 -0.935228 -0.034638
v -0.450295 -0.865952 -0.034638
v -0.450295 -0.865952 -0.103914
v -0.519571 -0.865952 -0.173190
v -0.519571 -0.865952 -0.242467
v -0.450295 -0.865952 -0.173190
v -0.450295 -0.865952 -0.242467
v -0.381019 -0.935228 -0.034638
v -0.381019 -0.865952 -0.034638
v -0.381019 -0.935228 -0.103914
v -0.381019 -0.865952 -0.103914
v -0.311742 -0.935228 -0.034638
v -0.311742 -0.935228 -0.103914
v -0.381019 -0.935228 -0.173190
v -0.381019 -0.865952 -0.173190
v -0.381019 -0.935228 -0.242467
v -0.381019 -0.865952 -0.242467
v -0.311742 -0.935228 -0.173190
v -0.311742 -0.935228 -0.242467
v -0.311742 -0.865952 -0.242467
v -0.519571 -0.796676 -0.034638
v -0.519571 -0.796676 -0.103914
v -0.519571 -0.796676 -0.173190
v -0.519571 -0.796676 -0.242467
v -0.450295 -0.796676 -0.242467
v -0.450295 -0.865952 -0.311743
v -0.381019 -0.865952 -0.311743
v -0.381019 -0.865952 -0.381019
v -0.311742 -0.935228 -0.311743
v -0.311742 -0.865952 -0.311743
v -0.311742 -0.865952 -0.381019
v -0.311742 -0.865952 -0.450295
v -0.519571 -0.796676 -0.311743
v -0.519571 -0.727400 -0.311743
v -0.519571 -0.796676 -0.381019
v -0.519571 -0.727400 -0.381019
v -0.450295 -0.796676 -0.311743
v -0.450295 -0.796676 -0.381019
v -0.450295 -0.727400 -0.381019
v -0.519571 -0.727400 -0.450295
v -0.519571 -0.727400 -0.519571
v -0.450295 -0.796676 -0.450295
v -0.450295 -0.727400 -0.450295
v -0.450295 -0.727400 -0.519571
v -0.519571 -0.658123 -0.450295
v -0.519571 -0.658123 -0.519571
v -0.519571 -0.588847 -0.519571
v -0.450295 -0.658123 -0.519571
v -0.381019 -0.796676 -0.311743
v -0.381019 -0.796676 -0.381019
v -0.311742 -0.796676 -0.381019
v -0.381019 -0.796676 -0.450295
v -0.381019 -0.727400 -0.450295
v -0.381019 -0.796676 -0.519571
v -0.381019 -0.727400 -0.519571
v -0.311742 -0.796676 -0.450295
v -0.311742 -0.796676 -0.519571
v -0.311742 -0.727400 -0.519571
v -0.242466 -1.004504 -0.034638
v -0.173190 -1.004504 -0.034638
v -0.173190 -1.004504 -0.103914
v -0.242466 -0.935228 -0.034638
v -0.242466 -0.935228 -0.103914
v -0.173190 -0.935228 -0.034638
v -0.173190 -0.935228 -0.103914
v -0.173190 -1.004504 -0.173190
v -0.242466 -0.935228 -0.173190
v -0.242466 -0.935228 -0.242467
v -0.173190 -0.935228 -0.173190
v -0.173190 -0.935228 -0.242467
v -0.103914 -1.004504 -0.034638
v -0.103914 -1.004504 -0.103914
v -0.034638 -1.004504 -0.034638
v -0.034638 -1.004504 -0.103914
v -0.103914 -1.004504 -0.173190
v -0.034638 -1.004504 -0.173190
v -0.034638 -1.004504 -0.242467
v -0.103914 -0.935228 -0.173190
v -0.103914 -0.935228 -0.242467
v -0.034638 -0.935228 -0.173190
v -0.034638 -0.935228 -0.242467
v -0.242466 -0.935228 -0.311743
v -0.242466 -0.865952 -0.311743
v -0.242466 -0.935228 -0.381019
v -0.242466 -0.865952 -0.381019
v -0.173190 -0.935228 -0.311743
v -0.173190 -0.935228 -0.381019
v -0.173190 -0.865952 -0.381019
v -0.242466 -0.865952 -0.450295
v -0.242466 -0.865952 -0.519571
v -0.173190 -0.865952 -0.450295
v -0.173190 -0.865952 -0.519571
v -0.103914 -0.935228 -0.311743
v -0.103914 -0.935228 -0.381019
v -0.103914 -0.865952 -0.381019
v -0.034638 -0.935228 -0.311743
v -0.034638 -0.935228 -0.381019
v -0.034638 -0.865952 -0.381019
v -0.103914 -0.865952 -0.450295
v -0.103914 -0.865952 -0.519571
v -0.034638 -0.935228 -0.450295
v -0.034638 -0.865952 -0.450295
v -0.034638 -0.865952 -0.519571
v -0.242466 -0.796676 -0.450295
v -0.242466 -0.796676 -0.519571
v -0.173190 -0.796676 -0.519571
v -0.103914 -0.796676 -0.519571
v -0.034638 -0.796676 -0.519571
v -0.450295 -0.727400 -0.588848
v -0.519571 -0.658123 -0.588848
v -0.519571 -0.588847 -0.588848
v -0.519571 -0.588847 -0.658124
v -0.450295 -0.658123 -0.588848
v -0.450295 -0.588847 -0.588848
v -0.450295 -0.658123 -0.658124
v -0.450295 -0.588847 -0.658124
v -0.450295 -0.588847 -0.727400
v -0.381019 -0.727400 -0.588848
v -0.311742 -0.796676 -0.588848
v -0.311742 -0.727400 -0.588848
v -0.311742 -0.727400 -0.658124
v -0.381019 -0.658123 -0.588848
v -0.381019 -0.658123 -0.658124
v -0.381019 -0.588847 -0.658124
v -0.311742 -0.658123 -0.588848
v -0.311742 -0.658123 -0.658124
v -0.311742 -0.588847 -0.658124
v -0.381019 -0.588847 -0.727400
v -0.311742 -0.658123 -0.727400
v -0.311742 -0.588847 -0.727400
v -0.311742 -0.588847 -0.796676
v -0.242466 -0.796676 -0.588848
v -0.242466 -0.727400 -0.588848
v -0.242466 -0.727400 -0.658124
v -0.173190 -0.796676 -0.588848
v -0.173190 -0.727400 -0.588848
v -0.173190 -0.727400 -0.658124
v -0.242466 -0.658123 -0.658124
v -0.173190 -0.658123 -0.658124
v -0.173190 -0.727400 -0.727400
v -0.242466 -0.658123 -0.727400
v -0.242466 -0.588847 -0.727400
v -0.242466 -0.588847 -0.796676
v -0.173190 -0.658123 -0.727400
v -0.173190 -0.588847 -0.727400
v -0.173190 -0.588847 -0.796676
v -0.103914 -0.796676 -0.588848
v -0.103914 -0.727400 -0.588848
v -0.103914 -0.796676 -0.658124
v -0.103914 -0.727400 -0.658124
v -0.034638 -0.796676 -0.588848
v -0.034638 -0.796676 -0.658124
v -0.034638 -0.727400 -0.658124
v -0.103914 -0.727400 -0.727400
v -0.034638 -0.727400 -0.727400
v -0.103914 -0.658123 -0.727400
v -0.103914 -0.588847 -0.727400
v -0.103914 -0.658123 -0.796676
v -0.103914 -0.588847 -0.796676
v -0.034638 -0.658123 -0.727400
v -0.034638 -0.658123 -0.796676
v -0.034638 -0.588847 -0.796676
v -0.519571 -0.519571 -0.588848
v -0.519571 -0.519571 -0.658124
v -0.519571 -0.450295 -0.658124
v -0.450295 -0.519571 -0.658124
v -0.519571 -0.519571 -0.727400
v -0.519571 -0.450295 -0.727400
v -0.450295 -0.519571 -0.727400
v -0.450295 -0.450295 -0.727400
v -0.450295 -0.450295 -0.796676
v -0.519571 -0.381019 -0.727400
v -0.519571 -0.311743 -0.727400
v -0.519571 -0.381019 -0.796676
v -0.519571 -0.311743 -0.796676
v -0.450295 -0.381019 -0.727400
v -0.450295 -0.381019 -0.796676
v -0.450295 -0.311743 -0.796676
v -0.381019 -0.519571 -0.727400
v -0.381019 -0.450295 -0.727400
v -0.381019 -0.519571 -0.796676
v -0.381019 -0.450295 -0.796676
v -0.311742 -0.519571 -0.727400
v -0.311742 -0.519571 -0.796676
v -0.311742 -0.450295 -0.796676
v -0.381019 -0.381019 -0.796676
v -0.381019 -0.311743 -0.796676
v -0.311742 -0.381019 -0.796676
v -0.519571 -0.242467 -0.796676
v -0.519571 -0.173190 -0.796676
v -0.450295 -0.242467 -0.796676
v -0.519571 -0.103914 -0.796676
v -0.519571 -0.034638 -0.796676
v -0.450295 -0.311743 -0.865952
v -0.311742 -0.450295 -0.865952
v -0.381019 -0.381019 -0.865952
v -0.381019 -0.311743 -0.865952
v -0.311742 -0.381019 -0.865952
v -0.311742 -0.311743 -0.865952
v -0.311742 -0.311743 -0.935228
v -0.519571 -0.242467 -0.865952
v -0.519571 -0.173190 -0.865952
v -0.450295 -0.242467 -0.865952
v -0.450295 -0.173190 -0.865952
v -0.519571 -0.103914 -0.865952
v -0.519571 -0.034638 -0.865952
v -0.450295 -0.103914 -0.865952
v -0.450295 -0.034638 -0.865952
v -0.381019 -0.242467 -0.865952
v -0.381019 -0.173190 -0.865952
v -0.381019 -0.242467 -0.935228
v -0.381019 -0.173190 -0.935228
v -0.311742 -0.242467 -0.865952
v -0.311742 -0.242467 -0.935228
v -0.311742 -0.173190 -0.935228
v -0.381019 -0.103914 -0.865952
v -0.381019 -0.034638 -0.865952
v -0.381019 -0.103914 -0.935228
v -0.381019 -0.034638 -0.935228
v -0.311742 -0.103914 -0.935228
v -0.311742 -0.034638 -0.935228
v -0.242466 -0.519571 -0.796676
v -0.242466 -0.450295 -0.796676
v -0.173190 -0.519571 -0.796676
v -0.103914 -0.519571 -0.796676
v -0.034638 -0.519571 -0.796676
v -0.242466 -0.519571 -0.865952
v -0.242466 -0.450295 -0.865952
v -0.173190 -0.519571 -0.865952
v -0.173190 -0.450295 -0.865952
v -0.242466 -0.381019 -0.865952
v -0.242466 -0.311743 -0.865952
v -0.242466 -0.381019 -0.935228
v -0.242466 -0.311743 -0.935228
v -0.173190 -0.381019 -0.865952
v -0.173190 -0.381019 -0.935228
v -0.173190 -0.311743 -0.935228
v -0.103914 -0.519571 -0.865952
v -0.103914 -0.450295 -0.865952
v -0.034638 -0.519571 -0.865952
v -0.034638 -0.450295 -0.865952
v -0.103914 -0.381019 -0.865952
v -0.103914 -0.381019 -0.935228
v -0.103914 -0.311743 -0.935228
v -0.034638 -0.381019 -0.865952
v -0.034638 -0.381019 -0.935228
v -0.034638 -0.311743 -0.935228
v -0.242466 -0.242467 -0.935228
v -0.242466 -0.173190 -0.935228
v -0.173190 -0.242467 -0.935228
v -0.173190 -0.173190 -0.935228
v -0.242466 -0.103914 -0.935228
v -0.242466 -0.034638 -0.935228
v -0.173190 -0.103914 -0.935228
v -0.173190 -0.034638 -0.935228
v -0.173190 -0.103914 -1.004504
v -0.173190 -0.034638 -1.004504
v -0.103914 -0.242467 -0.935228
v -0.103914 -0.173190 -0.935228
v -0.034638 -0.242467 -0.935228
v -0.034638 -0.173190 -0.935228
v -0.103914 -0.103914 -0.935228
v -0.103914 -0.173190 -1.004504
v -0.034638 -0.173190 -1.004504
v -0.103914 -0.103914 -1.004504
v -0.103914 -0.034638 -1.004504
v -0.034638 -0.103914 -1.004504
v -0.034638 -0.034638 -1.004504
v -1.004504 0.034638 -0.034638
v -1.004504 0.103914 -0.034638
v -1.004504 0.034638 -0.103914
v -1.004504 0.103914 -0.103914
v -1.004504 0.173190 -0.034638
v -1.004504 0.173190 -0.103914
v -1.004504 0.034638 -0.173190
v -1.004504 0.103914 -0.173190
v -0.935228 0.103914 -0.103914
v -0.935228 0.173190 -0.034638
v -0.935228 0.242467 -0.034638
v -0.935228 0.173190 -0.103914
v -0.935228 0.242467 -0.103914
v -0.935228 0.034638 -0.173190
v -0.935228 0.103914 -0.173190
v -0.935228 0.034638 -0.242467
v -0.935228 0.103914 -0.242467
v -0.935228 0.173190 -0.173190
v -0.935228 0.242467 -0.173190
v -0.935228 0.173190 -0.242467
v -0.935228 0.242467 -0.242467
v -0.935228 0.311743 -0.034638
v -0.935228 0.381019 -0.034638
v -0.935228 0.311743 -0.103914
v -0.935228 0.381019 -0.103914
v -0.865952 0.381019 -0.034638
v -0.865952 0.381019 -0.103914
v -0.865952 0.450295 -0.034638
v -0.865952 0.519571 -0.034638
v -0.865952 0.450295 -0.103914
v -0.865952 0.519571 -0.103914
v -0.935228 0.311743 -0.173190
v -0.935228 0.381019 -0.173190
v -0.935228 0.311743 -0.242467
v -0.935228 0.381019 -0.242467
v -0.865952 0.381019 -0.173190
v -0.865952 0.311743 -0.242467
v -0.865952 0.381019 -0.242467
v -0.865952 0.450295 -0.173190
v -0.865952 0.519571 -0.173190
v -0.865952 0.450295 -0.242467
v -0.865952 0.519571 -0.242467
v -0.935228 0.034638 -0.311743
v -0.935228 0.103914 -0.311743
v -0.935228 0.034638 -0.381019
v -0.935228 0.103914 -0.381019
v -0.865952 0.034638 -0.381019
v -0.865952 0.103914 -0.381019
v -0.935228 0.173190 -0.311743
v -0.935228 0.242467 -0.311743
v -0.935228 0.173190 -0.381019
v -0.935228 0.242467 -0.381019
v -0.865952 0.242467 -0.311743
v -0.865952 0.173190 -0.381019
v -0.865952 0.242467 -0.381019
v -0.865952 0.034638 -0.450295
v -0.865952 0.103914 -0.450295
v -0.865952 0.034638 -0.519571
v -0.865952 0.103914 -0.519571
v -0.865952 0.173190 -0.450295
v -0.865952 0.242467 -0.450295
v -0.865952 0.173190 -0.519571
v -0.865952 0.242467 -0.519571
v -0.935228 0.311743 -0.311743
v -0.865952 0.311743 -0.311743
v -0.865952 0.381019 -0.311743
v -0.865952 0.311743 -0.381019
v -0.865952 0.381019 -0.381019
v -0.865952 0.450295 -0.311743
v -0.865952 0.311743 -0.450295
v -0.796676 0.519571 -0.034638
v -0.796676 0.519571 -0.103914
v -0.796676 0.519571 -0.173190
v -0.796676 0.450295 -0.242467
v -0.796676 0.519571 -0.242467
v -0.796676 0.034638 -0.519571
v -0.796676 0.103914 -0.519571
v -0.796676 0.242467 -0.450295
v -0.796676 0.173190 -0.519571
v -0.796676 0.242467 -0.519571
v -0.796676 0.381019 -0.311743
v -0.796676 0.311743 -0.381019
v -0.796676 0.381019 -0.381019
v -0.796676 0.450295 -0.311743
v -0.796676 0.519571 -0.311743
v -0.796676 0.450295 -0.381019
v -0.796676 0.519571 -0.381019
v -0.727399 0.519571 -0.311743
v -0.727399 0.450295 -0.381019
v -0.727399 0.519571 -0.381019
v -0.796676 0.311743 -0.450295
v -0.796676 0.381019 -0.450295
v -0.796676 0.311743 -0.519571
v -0.796676 0.381019 -0.519571
v -0.727399 0.381019 -0.450295
v -0.727399 0.311743 -0.519571
v -0.727399 0.381019 -0.519571
v -0.796676 0.450295 -0.450295
v -0.727399 0.450295 -0.450295
v -0.727399 0.519571 -0.450295
v -0.727399 0.450295 -0.519571
v -0.727399 0.519571 -0.519571
v -0.658123 0.519571 -0.450295
v -0.658123 0.450295 -0.519571
v -0.658123 0.519571 -0.519571
v -0.588847 0.519571 -0.519571
v -0.796676 0.588847 -0.034638
v -0.796676 0.658123 -0.034638
v -0.796676 0.588847 -0.103914
v -0.796676 0.658123 -0.103914
v -0.727399 0.658123 -0.034638
v -0.727399 0.588847 -0.103914
v -0.727399 0.658123 -0.103914
v -0.727399 0.727400 -0.034638
v -0.727399 0.727400 -0.103914
v -0.796676 0.588847 -0.173190
v -0.796676 0.588847 -0.242467
v -0.727399 0.588847 -0.173190
v -0.727399 0.658123 -0.173190
v -0.727399 0.588847 -0.242467
v -0.727399 0.658123 -0.242467
v -0.727399 0.727400 -0.173190
v -0.658123 0.727400 -0.034638
v -0.658123 0.796676 -0.034638
v -0.658123 0.727400 -0.103914
v -0.658123 0.796676 -0.103914
v -0.588847 0.796676 -0.034638
v -0.588847 0.727400 -0.103914
v -0.588847 0.796676 -0.103914
v -0.658123 0.658123 -0.173190
v -0.658123 0.658123 -0.242467
v -0.658123 0.727400 -0.173190
v -0.658123 0.727400 -0.242467
v -0.588847 0.727400 -0.173190
v -0.588847 0.796676 -0.173190
v -0.588847 0.727400 -0.242467
v -0.588847 0.796676 -0.242467
v -0.796676 0.588847 -0.311743
v -0.727399 0.588847 -0.311743
v -0.727399 0.658123 -0.311743
v -0.727399 0.588847 -0.381019
v -0.727399 0.588847 -0.450295
v -0.658123 0.588847 -0.311743
v -0.658123 0.658123 -0.311743
v -0.658123 0.588847 -0.381019
v -0.658123 0.658123 -0.381019
v -0.588847 0.658123 -0.311743
v -0.588847 0.658123 -0.381019
v -0.658123 0.727400 -0.311743
v -0.588847 0.727400 -0.311743
v -0.588847 0.796676 -0.311743
v -0.588847 0.727400 -0.381019
v -0.658123 0.588847 -0.450295
v -0.658123 0.658123 -0.450295
v -0.658123 0.588847 -0.519571
v -0.588847 0.588847 -0.450295
v -0.588847 0.658123 -0.450295
v -0.588847 0.588847 -0.519571
v -0.588847 0.658123 -0.519571
v -0.588847 0.727400 -0.450295
v -0.796676 0.034638 -0.588848
v -0.796676 0.103914 -0.588848
v -0.796676 0.034638 -0.658124
v -0.796676 0.103914 -0.658124
v -0.727399 0.103914 -0.588848
v -0.727399 0.034638 -0.658124
v -0.727399 0.103914 -0.658124
v -0.796676 0.173190 -0.588848
v -0.796676 0.242467 -0.588848
v -0.727399 0.173190 -0.588848
v -0.727399 0.242467 -0.588848
v -0.727399 0.173190 -0.658124
v -0.727399 0.242467 -0.658124
v -0.727399 0.034638 -0.727400
v -0.727399 0.103914 -0.727400
v -0.658123 0.103914 -0.658124
v -0.658123 0.173190 -0.658124
v -0.658123 0.242467 -0.658124
v -0.658123 0.034638 -0.727400
v -0.658123 0.103914 -0.727400
v -0.658123 0.034638 -0.796676
v -0.658123 0.103914 -0.796676
v -0.588847 0.103914 -0.727400
v -0.588847 0.034638 -0.796676
v -0.588847 0.103914 -0.796676
v -0.658123 0.173190 -0.727400
v -0.658123 0.242467 -0.727400
v -0.588847 0.173190 -0.727400
v -0.588847 0.242467 -0.727400
v -0.588847 0.173190 -0.796676
v -0.588847 0.242467 -0.796676
v -0.796676 0.311743 -0.588848
v -0.727399 0.311743 -0.588848
v -0.727399 0.381019 -0.588848
v -0.727399 0.311743 -0.658124
v -0.727399 0.450295 -0.588848
v -0.658123 0.311743 -0.588848
v -0.658123 0.381019 -0.588848
v -0.658123 0.311743 -0.658124
v -0.658123 0.381019 -0.658124
v -0.588847 0.311743 -0.658124
v -0.588847 0.381019 -0.658124
v -0.658123 0.450295 -0.588848
v -0.658123 0.519571 -0.588848
v -0.658123 0.450295 -0.658124
v -0.588847 0.450295 -0.588848
v -0.588847 0.519571 -0.588848
v -0.588847 0.450295 -0.658124
v -0.588847 0.519571 -0.658124
v -0.658123 0.311743 -0.727400
v -0.588847 0.311743 -0.727400
v -0.588847 0.381019 -0.727400
v -0.588847 0.311743 -0.796676
v -0.588847 0.450295 -0.727400
v -0.588847 0.588847 -0.588848
v -0.519571 0.796676 -0.034638
v -0.519571 0.796676 -0.103914
v -0.519571 0.796676 -0.173190
v -0.519571 0.796676 -0.242467
v -0.450295 0.796676 -0.242467
v -0.519571 0.865952 -0.034638
v -0.519571 0.865952 -0.103914
v -0.450295 0.865952 -0.034638
v -0.450295 0.935228 -0.034638
v -0.450295 0.865952 -0.103914
v -0.519571 0.865952 -0.173190
v -0.519571 0.865952 -0.242467
v -0.450295 0.865952 -0.173190
v -0.450295 0.865952 -0.242467
v -0.381019 0.865952 -0.034638
v -0.381019 0.935228 -0.034638
v -0.381019 0.865952 -0.103914
v -0.381019 0.935228 -0.103914
v -0.311742 0.935228 -0.034638
v -0.311742 0.935228 -0.103914
v -0.381019 0.865952 -0.173190
v -0.381019 0.935228 -0.173190
v -0.381019 0.865952 -0.242467
v -0.381019 0.935228 -0.242467
v -0.311742 0.935228 -0.173190
v -0.311742 0.865952 -0.242467
v -0.311742 0.935228 -0.242467
v -0.519571 0.727400 -0.311743
v -0.519571 0.796676 -0.311743
v -0.519571 0.727400 -0.381019
v -0.519571 0.796676 -0.381019
v -0.450295 0.796676 -0.311743
v -0.450295 0.727400 -0.381019
v -0.450295 0.796676 -0.381019
v -0.519571 0.658123 -0.450295
v -0.519571 0.588847 -0.519571
v -0.519571 0.658123 -0.519571
v -0.450295 0.658123 -0.519571
v -0.519571 0.727400 -0.450295
v -0.519571 0.727400 -0.519571
v -0.450295 0.727400 -0.450295
v -0.450295 0.796676 -0.450295
v -0.450295 0.727400 -0.519571
v -0.381019 0.796676 -0.311743
v -0.381019 0.796676 -0.381019
v -0.311742 0.796676 -0.381019
v -0.381019 0.727400 -0.450295
v -0.381019 0.796676 -0.450295
v -0.381019 0.727400 -0.519571
v -0.381019 0.796676 -0.519571
v -0.311742 0.796676 -0.450295
v -0.311742 0.727400 -0.519571
v -0.311742 0.796676 -0.519571
v -0.450295 0.865952 -0.311743
v -0.381019 0.865952 -0.311743
v -0.381019 0.865952 -0.381019
v -0.311742 0.865952 -0.311743
v -0.311742 0.935228 -0.311743
v -0.311742 0.865952 -0.381019
v -0.311742 0.865952 -0.450295
v -0.242466 0.935228 -0.034638
v -0.242466 0.935228 -0.103914
v -0.173190 0.935228 -0.034638
v -0.173190 0.935228 -0.103914
v -0.242466 1.004504 -0.034638
v -0.173190 1.004504 -0.034638
v -0.173190 1.004504 -0.103914
v -0.242466 0.935228 -0.173190
v -0.242466 0.935228 -0.242467
v -0.173190 0.935228 -0.173190
v -0.173190 0.935228 -0.242467
v -0.173190 1.004504 -0.173190
v -0.103914 1.004504 -0.034638
v -0.103914 1.004504 -0.103914
v -0.034638 1.004504 -0.034638
v -0.034638 1.004504 -0.103914
v -0.103914 0.935228 -0.173190
v -0.103914 0.935228 -0.242467
v -0.034638 0.935228 -0.173190
v -0.034638 0.935228 -0.242467
v -0.103914 1.004504 -0.173190
v -0.034638 1.004504 -0.173190
v -0.034638 1.004504 -0.242467
v -0.242466 0.796676 -0.450295
v -0.242466 0.796676 -0.519571
v -0.173190 0.796676 -0.519571
v -0.103914 0.796676 -0.519571
v -0.034638 0.796676 -0.519571
v -0.242466 0.865952 -0.311743
v -0.242466 0.935228 -0.311743
v -0.242466 0.865952 -0.381019
v -0.242466 0.935228 -0.381019
v -0.173190 0.935228 -0.311743
v -0.173190 0.865952 -0.381019
v -0.173190 0.935228 -0.381019
v -0.242466 0.865952 -0.450295
v -0.242466 0.865952 -0.519571
v -0.173190 0.865952 -0.450295
v -0.173190 0.865952 -0.519571
v -0.103914 0.935228 -0.311743
v -0.103914 0.865952 -0.381019
v -0.103914 0.935228 -0.381019
v -0.034638 0.935228 -0.311743
v -0.034638 0.865952 -0.381019
v -0.034638 0.935228 -0.381019
v -0.103914 0.865952 -0.450295
v -0.103914 0.865952 -0.519571
v -0.034638 0.865952 -0.450295
v -0.034638 0.935228 -0.450295
v -0.034638 0.865952 -0.519571
v -0.519571 0.034638 -0.796676
v -0.519571 0.103914 -0.796676
v -0.519571 0.173190 -0.796676
v -0.519571 0.242467 -0.796676
v -0.450295 0.242467 -0.796676
v -0.519571 0.519571 -0.588848
v -0.519571 0.450295 -0.658124
v -0.519571 0.519571 -0.658124
v -0.450295 0.519571 -0.658124
v -0.519571 0.311743 -0.727400
v -0.519571 0.381019 -0.727400
v -0.519571 0.311743 -0.796676
v -0.519571 0.381019 -0.796676
v -0.450295 0.381019 -0.727400
v -0.450295 0.311743 -0.796676
v -0.450295 0.381019 -0.796676
v -0.519571 0.450295 -0.727400
v -0.519571 0.519571 -0.727400
v -0.450295 0.450295 -0.727400
v -0.450295 0.519571 -0.727400
v -0.450295 0.450295 -0.796676
v -0.381019 0.311743 -0.796676
v -0.381019 0.381019 -0.796676
v -0.311742 0.381019 -0.796676
v -0.381019 0.450295 -0.727400
v -0.381019 0.519571 -0.727400
v -0.381019 0.450295 -0.796676
v -0.381019 0.519571 -0.796676
v -0.311742 0.519571 -0.727400
v -0.311742 0.450295 -0.796676
v -0.311742 0.519571 -0.796676
v -0.519571 0.034638 -0.865952
v -0.519571 0.103914 -0.865952
v -0.450295 0.034638 -0.865952
v -0.450295 0.103914 -0.865952
v -0.519571 0.173190 -0.865952
v -0.519571 0.242467 -0.865952
v -0.450295 0.173190 -0.865952
v -0.450295 0.242467 -0.865952
v -0.381019 0.034638 -0.865952
v -0.381019 0.103914 -0.865952
v -0.381019 0.034638 -0.935228
v -0.381019 0.103914 -0.935228
v -0.311742 0.034638 -0.935228
v -0.311742 0.103914 -0.935228
v -0.381019 0.173190 -0.865952
v -0.381019 0.242467 -0.865952
v -0.381019 0.173190 -0.935228
v -0.381019 0.242467 -0.935228
v -0.311742 0.242467 -0.865952
v -0.311742 0.173190 -0.935228
v -0.311742 0.242467 -0.935228
v -0.450295 0.311743 -0.865952
v -0.381019 0.311743 -0.865952
v -0.381019 0.381019 -0.865952
v -0.311742 0.311743 -0.865952
v -0.311742 0.381019 -0.865952
v -0.311742 0.311743 -0.935228
v -0.311742 0.450295 -0.865952
v -0.242466 0.450295 -0.796676
v -0.242466 0.519571 -0.796676
v -0.173190 0.519571 -0.796676
v -0.103914 0.519571 -0.796676
v -0.034638 0.519571 -0.796676
v -0.242466 0.034638 -0.935228
v -0.242466 0.103914 -0.935228
v -0.173190 0.034638 -0.935228
v -0.173190 0.103914 -0.935228
v -0.242466 0.173190 -0.935228
v -0.242466 0.242467 -0.935228
v -0.173190 0.173190 -0.935228
v -0.173190 0.242467 -0.935228
v -0.173190 0.034638 -1.004504
v -0.173190 0.103914 -1.004504
v -0.103914 0.103914 -0.935228
v -0.103914 0.173190 -0.935228
v -0.103914 0.242467 -0.935228
v -0.034638 0.173190 -0.935228
v -0.034638 0.242467 -0.935228
v -0.103914 0.034638 -1.004504
v -0.103914 0.103914 -1.004504
v -0.034638 0.034638 -1.004504
v -0.034638 0.103914 -1.004504
v -0.103914 0.173190 -1.004504
v -0.034638 0.173190 -1.004504
v -0.242466 0.311743 -0.865952
v -0.242466 0.381019 -0.865952
v -0.242466 0.311743 -0.935228
v -0.242466 0.381019 -0.935228
v -0.173190 0.381019 -0.865952
v -0.173190 0.311743 -0.935228
v -0.173190 0.381019 -0.935228
v -0.242466 0.450295 -0.865952
v -0.242466 0.519571 -0.865952
v -0.173190 0.450295 -0.865952
v -0.173190 0.519571 -0.865952
v -0.103914 0.381019 -0.865952
v -0.103914 0.311743 -0.935228
v -0.103914 0.381019 -0.935228
v -0.034638 0.381019 -0.865952
v -0.034638 0.311743 -0.935228
v -0.034638 0.381019 -0.935228
v -0.103914 0.450295 -0.865952
v -0.103914 0.519571 -0.865952
v -0.034638 0.450295 -0.865952
v -0.034638 0.519571 -0.865952
v -0.519571 0.588847 -0.588848
v -0.519571 0.658123 -0.588848
v -0.519571 0.588847 -0.658124
v -0.450295 0.588847 -0.588848
v -0.450295 0.658123 -0.588848
v -0.450295 0.588847 -0.658124
v -0.450295 0.658123 -0.658124
v -0.450295 0.727400 -0.588848
v -0.450295 0.588847 -0.727400
v -0.381019 0.658123 -0.588848
v -0.381019 0.588847 -0.658124
v -0.381019 0.658123 -0.658124
v -0.311742 0.658123 -0.588848
v -0.311742 0.588847 -0.658124
v -0.311742 0.658123 -0.658124
v -0.381019 0.727400 -0.588848
v -0.311742 0.727400 -0.588848
v -0.311742 0.796676 -0.588848
v -0.311742 0.727400 -0.658124
v -0.381019 0.588847 -0.727400
v -0.311742 0.588847 -0.727400
v -0.311742 0.658123 -0.727400
v -0.311742 0.588847 -0.796676
v -0.242466 0.658123 -0.658124
v -0.173190 0.658123 -0.658124
v -0.242466 0.727400 -0.588848
v -0.242466 0.796676 -0.588848
v -0.242466 0.727400 -0.658124
v -0.173190 0.727400 -0.588848
v -0.173190 0.796676 -0.588848
v -0.173190 0.727400 -0.658124
v -0.242466 0.588847 -0.727400
v -0.242466 0.658123 -0.727400
v -0.242466 0.588847 -0.796676
v -0.173190 0.588847 -0.727400
v -0.173190 0.658123 -0.727400
v -0.173190 0.588847 -0.796676
v -0.173190 0.727400 -0.727400
v -0.103914 0.727400 -0.588848
v -0.103914 0.796676 -0.588848
v -0.103914 0.727400 -0.658124
v -0.103914 0.796676 -0.658124
v -0.034638 0.796676 -0.588848
v -0.034638 0.727400 -0.658124
v -0.034638 0.796676 -0.658124
v -0.103914 0.588847 -0.727400
v -0.103914 0.658123 -0.727400
v -0.103914 0.588847 -0.796676
v -0.103914 0.658123 -0.796676
v -0.034638 0.658123 -0.727400
v -0.034638 0.588847 -0.796676
v -0.034638 0.658123 -0.796676
v -0.103914 0.727400 -0.727400
v -0.034638 0.727400 -0.727400
v 0.034638 -0.727400 0.727400
v 0.103914 -0.727400 0.727400
v 0.034638 -0.658123 0.796676
v 0.034638 -0.588847 0.796676
v 0.034638 -0.658123 0.727400
v 0.103914 -0.658123 0.796676
v 0.103914 -0.588847 0.796676
v 0.103914 -0.658123 0.727400
v 0.103914 -0.588847 0.727400
v 0.034638 -0.796676 0.658123
v 0.034638 -0.727400 0.658123
v 0.034638 -0.796676 0.588847
v 0.103914 -0.796676 0.658123
v 0.103914 -0.727400 0.658123
v 0.103914 -0.796676 0.588847
v 0.103914 -0.727400 0.588847
v 0.173191 -0.727400 0.727400
v 0.173191 -0.588847 0.796676
v 0.173191 -0.658123 0.727400
v 0.173191 -0.588847 0.727400
v 0.242467 -0.588847 0.796676
v 0.242467 -0.658123 0.727400
v 0.242467 -0.588847 0.727400
v 0.173191 -0.727400 0.658123
v 0.173191 -0.796676 0.588847
v 0.173191 -0.727400 0.588847
v 0.242467 -0.727400 0.658123
v 0.242467 -0.796676 0.588847
v 0.242467 -0.727400 0.588847
v 0.173191 -0.658123 0.658123
v 0.242467 -0.658123 0.658123
v 0.311743 -0.588847 0.796676
v 0.311743 -0.658123 0.727400
v 0.311743 -0.588847 0.727400
v 0.381019 -0.588847 0.727400
v 0.311743 -0.727400 0.658123
v 0.311743 -0.796676 0.588847
v 0.311743 -0.727400 0.588847
v 0.381019 -0.727400 0.588847
v 0.311743 -0.658123 0.658123
v 0.311743 -0.588847 0.658123
v 0.311743 -0.658123 0.588847
v 0.381019 -0.658123 0.658123
v 0.381019 -0.588847 0.658123
v 0.381019 -0.658123 0.588847
v 0.450295 -0.588847 0.727400
v 0.450295 -0.727400 0.588847
v 0.450295 -0.658123 0.658123
v 0.450295 -0.588847 0.658123
v 0.450295 -0.658123 0.588847
v 0.450295 -0.588847 0.588847
v 0.519571 -0.588847 0.658123
v 0.519571 -0.658123 0.588847
v 0.519571 -0.588847 0.588847
v 0.034638 -0.519571 0.865952
v 0.034638 -0.450295 0.865952
v 0.103914 -0.519571 0.865952
v 0.103914 -0.450295 0.865952
v 0.034638 -0.381019 0.935228
v 0.034638 -0.311743 0.935228
v 0.034638 -0.381019 0.865952
v 0.103914 -0.381019 0.935228
v 0.103914 -0.311743 0.935228
v 0.103914 -0.381019 0.865952
v 0.173191 -0.519571 0.865952
v 0.173191 -0.450295 0.865952
v 0.242467 -0.519571 0.865952
v 0.242467 -0.450295 0.865952
v 0.173191 -0.381019 0.935228
v 0.173191 -0.311743 0.935228
v 0.173191 -0.381019 0.865952
v 0.242467 -0.381019 0.935228
v 0.242467 -0.311743 0.935228
v 0.242467 -0.381019 0.865952
v 0.242467 -0.311743 0.865952
v 0.034638 -0.173190 1.004504
v 0.103914 -0.173190 1.004504
v 0.034638 -0.103914 1.004504
v 0.034638 -0.034638 1.004504
v 0.103914 -0.103914 1.004504
v 0.103914 -0.034638 1.004504
v 0.034638 -0.242467 0.935228
v 0.034638 -0.173190 0.935228
v 0.103914 -0.242467 0.935228
v 0.103914 -0.173190 0.935228
v 0.103914 -0.103914 0.935228
v 0.173191 -0.103914 1.004504
v 0.173191 -0.034638 1.004504
v 0.173191 -0.242467 0.935228
v 0.173191 -0.173190 0.935228
v 0.242467 -0.242467 0.935228
v 0.242467 -0.173190 0.935228
v 0.173191 -0.103914 0.935228
v 0.173191 -0.034638 0.935228
v 0.242467 -0.103914 0.935228
v 0.242467 -0.034638 0.935228
v 0.034638 -0.519571 0.796676
v 0.103914 -0.519571 0.796676
v 0.173191 -0.519571 0.796676
v 0.242467 -0.519571 0.796676
v 0.242467 -0.450295 0.796676
v 0.311743 -0.450295 0.865952
v 0.311743 -0.311743 0.935228
v 0.311743 -0.381019 0.865952
v 0.311743 -0.311743 0.865952
v 0.381019 -0.381019 0.865952
v 0.381019 -0.311743 0.865952
v 0.450295 -0.311743 0.865952
v 0.311743 -0.242467 0.935228
v 0.311743 -0.173190 0.935228
v 0.311743 -0.242467 0.865952
v 0.381019 -0.242467 0.935228
v 0.381019 -0.173190 0.935228
v 0.381019 -0.242467 0.865952
v 0.381019 -0.173190 0.865952
v 0.311743 -0.103914 0.935228
v 0.311743 -0.034638 0.935228
v 0.381019 -0.103914 0.935228
v 0.381019 -0.034638 0.935228
v 0.381019 -0.103914 0.865952
v 0.381019 -0.034638 0.865952
v 0.450295 -0.242467 0.865952
v 0.450295 -0.173190 0.865952
v 0.519571 -0.242467 0.865952
v 0.519571 -0.173190 0.865952
v 0.450295 -0.103914 0.865952
v 0.450295 -0.034638 0.865952
v 0.519571 -0.103914 0.865952
v 0.519571 -0.034638 0.865952
v 0.311743 -0.519571 0.796676
v 0.311743 -0.450295 0.796676
v 0.311743 -0.519571 0.727400
v 0.381019 -0.519571 0.796676
v 0.381019 -0.450295 0.796676
v 0.381019 -0.519571 0.727400
v 0.381019 -0.450295 0.727400
v 0.311743 -0.381019 0.796676
v 0.381019 -0.381019 0.796676
v 0.381019 -0.311743 0.796676
v 0.450295 -0.450295 0.796676
v 0.450295 -0.519571 0.727400
v 0.450295 -0.450295 0.727400
v 0.519571 -0.519571 0.727400
v 0.519571 -0.450295 0.727400
v 0.450295 -0.381019 0.796676
v 0.450295 -0.311743 0.796676
v 0.450295 -0.381019 0.727400
v 0.519571 -0.381019 0.796676
v 0.519571 -0.311743 0.796676
v 0.519571 -0.381019 0.727400
v 0.519571 -0.311743 0.727400
v 0.450295 -0.519571 0.658123
v 0.519571 -0.519571 0.658123
v 0.519571 -0.450295 0.658123
v 0.519571 -0.519571 0.588847
v 0.450295 -0.242467 0.796676
v 0.519571 -0.242467 0.796676
v 0.519571 -0.173190 0.796676
v 0.519571 -0.103914 0.796676
v 0.519571 -0.034638 0.796676
v 0.034638 -0.865952 0.519571
v 0.034638 -0.935228 0.450295
v 0.034638 -0.865952 0.450295
v 0.103914 -0.865952 0.519571
v 0.103914 -0.865952 0.450295
v 0.034638 -0.935228 0.381019
v 0.034638 -0.865952 0.381019
v 0.034638 -0.935228 0.311743
v 0.103914 -0.935228 0.381019
v 0.103914 -0.865952 0.381019
v 0.103914 -0.935228 0.311743
v 0.173191 -0.865952 0.519571
v 0.173191 -0.865952 0.450295
v 0.242467 -0.865952 0.519571
v 0.242467 -0.865952 0.450295
v 0.173191 -0.935228 0.381019
v 0.173191 -0.865952 0.381019
v 0.173191 -0.935228 0.311743
v 0.242467 -0.935228 0.381019
v 0.242467 -0.865952 0.381019
v 0.242467 -0.935228 0.311743
v 0.242467 -0.865952 0.311743
v 0.034638 -0.796676 0.519571
v 0.103914 -0.796676 0.519571
v 0.173191 -0.796676 0.519571
v 0.242467 -0.796676 0.519571
v 0.242467 -0.796676 0.450295
v 0.034638 -1.004504 0.242466
v 0.034638 -1.004504 0.173190
v 0.103914 -1.004504 0.173190
v 0.034638 -0.935228 0.242466
v 0.034638 -0.935228 0.173190
v 0.103914 -0.935228 0.242466
v 0.103914 -0.935228 0.173190
v 0.034638 -1.004504 0.103914
v 0.034638 -1.004504 0.034638
v 0.103914 -1.004504 0.103914
v 0.103914 -1.004504 0.034638
v 0.173191 -1.004504 0.173190
v 0.173191 -0.935228 0.242466
v 0.173191 -0.935228 0.173190
v 0.242467 -0.935228 0.242466
v 0.242467 -0.935228 0.173190
v 0.173191 -1.004504 0.103914
v 0.173191 -1.004504 0.034638
v 0.242467 -1.004504 0.034638
v 0.173191 -0.935228 0.103914
v 0.173191 -0.935228 0.034638
v 0.242467 -0.935228 0.103914
v 0.242467 -0.935228 0.034638
v 0.311743 -0.865952 0.450295
v 0.311743 -0.865952 0.381019
v 0.311743 -0.935228 0.311743
v 0.311743 -0.865952 0.311743
v 0.381019 -0.865952 0.381019
v 0.381019 -0.865952 0.311743
v 0.450295 -0.865952 0.311743
v 0.311743 -0.796676 0.519571
v 0.311743 -0.727400 0.519571
v 0.311743 -0.796676 0.450295
v 0.381019 -0.796676 0.519571
v 0.381019 -0.727400 0.519571
v 0.381019 -0.796676 0.450295
v 0.381019 -0.727400 0.450295
v 0.311743 -0.796676 0.381019
v 0.381019 -0.796676 0.381019
v 0.381019 -0.796676 0.311743
v 0.450295 -0.727400 0.519571
v 0.450295 -0.796676 0.450295
v 0.450295 -0.727400 0.450295
v 0.519571 -0.727400 0.519571
v 0.519571 -0.727400 0.450295
v 0.450295 -0.658123 0.519571
v 0.519571 -0.658123 0.519571
v 0.519571 -0.588847 0.519571
v 0.519571 -0.658123 0.450295
v 0.450295 -0.796676 0.381019
v 0.450295 -0.727400 0.381019
v 0.450295 -0.796676 0.311743
v 0.519571 -0.796676 0.381019
v 0.519571 -0.727400 0.381019
v 0.519571 -0.796676 0.311743
v 0.519571 -0.727400 0.311743
v 0.311743 -0.935228 0.242466
v 0.311743 -0.865952 0.242466
v 0.311743 -0.935228 0.173190
v 0.381019 -0.935228 0.242466
v 0.381019 -0.865952 0.242466
v 0.381019 -0.935228 0.173190
v 0.381019 -0.865952 0.173190
v 0.311743 -0.935228 0.103914
v 0.311743 -0.935228 0.034638
v 0.381019 -0.935228 0.103914
v 0.381019 -0.865952 0.103914
v 0.381019 -0.935228 0.034638
v 0.381019 -0.865952 0.034638
v 0.450295 -0.865952 0.242466
v 0.450295 -0.865952 0.173190
v 0.519571 -0.865952 0.242466
v 0.519571 -0.865952 0.173190
v 0.450295 -0.865952 0.103914
v 0.450295 -0.935228 0.034638
v 0.450295 -0.865952 0.034638
v 0.519571 -0.865952 0.103914
v 0.519571 -0.865952 0.034638
v 0.450295 -0.796676 0.242466
v 0.519571 -0.796676 0.242466
v 0.519571 -0.796676 0.173190
v 0.519571 -0.796676 0.103914
v 0.519571 -0.796676 0.034638
v 0.588848 -0.588847 0.588847
v 0.588848 -0.450295 0.727400
v 0.588848 -0.311743 0.796676
v 0.588848 -0.381019 0.727400
v 0.588848 -0.311743 0.727400
v 0.658124 -0.311743 0.727400
v 0.588848 -0.519571 0.658123
v 0.588848 -0.450295 0.658123
v 0.588848 -0.519571 0.588847
v 0.588848 -0.450295 0.588847
v 0.658124 -0.450295 0.658123
v 0.658124 -0.519571 0.588847
v 0.658124 -0.450295 0.588847
v 0.588848 -0.381019 0.658123
v 0.588848 -0.311743 0.658123
v 0.658124 -0.381019 0.658123
v 0.658124 -0.311743 0.658123
v 0.658124 -0.381019 0.588847
v 0.658124 -0.311743 0.588847
v 0.727400 -0.450295 0.588847
v 0.727400 -0.311743 0.658123
v 0.727400 -0.381019 0.588847
v 0.727400 -0.311743 0.588847
v 0.796676 -0.311743 0.588847
v 0.588848 -0.242467 0.796676
v 0.588848 -0.173190 0.796676
v 0.588848 -0.242467 0.727400
v 0.588848 -0.173190 0.727400
v 0.658124 -0.242467 0.727400
v 0.658124 -0.173190 0.727400
v 0.588848 -0.103914 0.796676
v 0.588848 -0.034638 0.796676
v 0.588848 -0.103914 0.727400
v 0.658124 -0.103914 0.796676
v 0.658124 -0.034638 0.796676
v 0.658124 -0.103914 0.727400
v 0.658124 -0.034638 0.727400
v 0.658124 -0.242467 0.658123
v 0.658124 -0.173190 0.658123
v 0.658124 -0.103914 0.658123
v 0.727400 -0.103914 0.727400
v 0.727400 -0.034638 0.727400
v 0.727400 -0.242467 0.658123
v 0.727400 -0.173190 0.658123
v 0.727400 -0.242467 0.588847
v 0.727400 -0.173190 0.588847
v 0.796676 -0.242467 0.588847
v 0.796676 -0.173190 0.588847
v 0.727400 -0.103914 0.658123
v 0.727400 -0.034638 0.658123
v 0.727400 -0.103914 0.588847
v 0.796676 -0.103914 0.658123
v 0.796676 -0.034638 0.658123
v 0.796676 -0.103914 0.588847
v 0.796676 -0.034638 0.588847
v 0.588848 -0.727400 0.450295
v 0.588848 -0.658123 0.519571
v 0.588848 -0.588847 0.519571
v 0.588848 -0.658123 0.450295
v 0.588848 -0.588847 0.450295
v 0.658124 -0.588847 0.519571
v 0.658124 -0.658123 0.450295
v 0.658124 -0.588847 0.450295
v 0.588848 -0.727400 0.381019
v 0.588848 -0.796676 0.311743
v 0.588848 -0.727400 0.311743
v 0.658124 -0.727400 0.311743
v 0.588848 -0.658123 0.381019
v 0.588848 -0.658123 0.311743
v 0.658124 -0.658123 0.381019
v 0.658124 -0.588847 0.381019
v 0.658124 -0.658123 0.311743
v 0.658124 -0.588847 0.311743
v 0.727400 -0.588847 0.450295
v 0.727400 -0.588847 0.381019
v 0.727400 -0.658123 0.311743
v 0.727400 -0.588847 0.311743
v 0.796676 -0.588847 0.311743
v 0.588848 -0.796676 0.242466
v 0.588848 -0.727400 0.242466
v 0.588848 -0.796676 0.173190
v 0.588848 -0.727400 0.173190
v 0.658124 -0.727400 0.242466
v 0.658124 -0.727400 0.173190
v 0.658124 -0.658123 0.242466
v 0.658124 -0.658123 0.173190
v 0.588848 -0.796676 0.103914
v 0.588848 -0.727400 0.103914
v 0.588848 -0.796676 0.034638
v 0.658124 -0.796676 0.103914
v 0.658124 -0.727400 0.103914
v 0.658124 -0.796676 0.034638
v 0.658124 -0.727400 0.034638
v 0.727400 -0.727400 0.173190
v 0.727400 -0.658123 0.242466
v 0.727400 -0.588847 0.242466
v 0.727400 -0.658123 0.173190
v 0.727400 -0.588847 0.173190
v 0.796676 -0.588847 0.242466
v 0.796676 -0.588847 0.173190
v 0.727400 -0.727400 0.103914
v 0.727400 -0.727400 0.034638
v 0.727400 -0.658123 0.103914
v 0.727400 -0.588847 0.103914
v 0.727400 -0.658123 0.034638
v 0.796676 -0.658123 0.103914
v 0.796676 -0.588847 0.103914
v 0.796676 -0.658123 0.034638
v 0.796676 -0.588847 0.034638
v 0.588848 -0.519571 0.519571
v 0.658124 -0.519571 0.519571
v 0.658124 -0.450295 0.519571
v 0.658124 -0.519571 0.450295
v 0.727400 -0.519571 0.519571
v 0.727400 -0.450295 0.519571
v 0.727400 -0.519571 0.450295
v 0.727400 -0.450295 0.450295
v 0.796676 -0.450295 0.450295
v 0.727400 -0.381019 0.519571
v 0.727400 -0.311743 0.519571
v 0.727400 -0.381019 0.450295
v 0.796676 -0.381019 0.519571
v 0.796676 -0.311743 0.519571
v 0.796676 -0.381019 0.450295
v 0.796676 -0.311743 0.450295
v 0.727400 -0.519571 0.381019
v 0.727400 -0.450295 0.381019
v 0.727400 -0.519571 0.311743
v 0.796676 -0.519571 0.381019
v 0.796676 -0.450295 0.381019
v 0.796676 -0.519571 0.311743
v 0.796676 -0.450295 0.311743
v 0.796676 -0.381019 0.381019
v 0.796676 -0.311743 0.381019
v 0.796676 -0.381019 0.311743
v 0.796676 -0.242467 0.519571
v 0.796676 -0.173190 0.519571
v 0.796676 -0.242467 0.450295
v 0.796676 -0.103914 0.519571
v 0.796676 -0.034638 0.519571
v 0.796676 -0.519571 0.242466
v 0.796676 -0.450295 0.242466
v 0.796676 -0.519571 0.173190
v 0.796676 -0.519571 0.103914
v 0.796676 -0.519571 0.034638
v 0.865952 -0.311743 0.450295
v 0.865952 -0.450295 0.311743
v 0.865952 -0.381019 0.381019
v 0.865952 -0.311743 0.381019
v 0.865952 -0.381019 0.311743
v 0.865952 -0.311743 0.311743
v 0.935228 -0.311743 0.311743
v 0.865952 -0.242467 0.519571
v 0.865952 -0.173190 0.519571
v 0.865952 -0.242467 0.450295
v 0.865952 -0.173190 0.450295
v 0.865952 -0.103914 0.519571
v 0.865952 -0.034638 0.519571
v 0.865952 -0.103914 0.450295
v 0.865952 -0.034638 0.450295
v 0.865952 -0.242467 0.381019
v 0.865952 -0.173190 0.381019
v 0.865952 -0.242467 0.311743
v 0.935228 -0.242467 0.381019
v 0.935228 -0.173190 0.381019
v 0.935228 -0.242467 0.311743
v 0.935228 -0.173190 0.311743
v 0.865952 -0.103914 0.381019
v 0.865952 -0.034638 0.381019
v 0.935228 -0.103914 0.381019
v 0.935228 -0.034638 0.381019
v 0.935228 -0.103914 0.311743
v 0.935228 -0.034638 0.311743
v 0.865952 -0.519571 0.242466
v 0.865952 -0.450295 0.242466
v 0.865952 -0.519571 0.173190
v 0.865952 -0.450295 0.173190
v 0.865952 -0.381019 0.242466
v 0.865952 -0.311743 0.242466
v 0.865952 -0.381019 0.173190
v 0.935228 -0.381019 0.242466
v 0.935228 -0.311743 0.242466
v 0.935228 -0.381019 0.173190
v 0.935228 -0.311743 0.173190
v 0.865952 -0.519571 0.103914
v 0.865952 -0.450295 0.103914
v 0.865952 -0.519571 0.034638
v 0.865952 -0.450295 0.034638
v 0.865952 -0.381019 0.103914
v 0.865952 -0.381019 0.034638
v 0.935228 -0.381019 0.103914
v 0.935228 -0.311743 0.103914
v 0.935228 -0.381019 0.034638
v 0.935228 -0.311743 0.034638
v 0.935228 -0.242467 0.242466
v 0.935228 -0.173190 0.242466
v 0.935228 -0.242467 0.173190
v 0.935228 -0.173190 0.173190
v 0.935228 -0.103914 0.242466
v 0.935228 -0.034638 0.242466
v 0.935228 -0.103914 0.173190
v 0.935228 -0.034638 0.173190
v 0.935228 -0.242467 0.103914
v 0.935228 -0.173190 0.103914
v 0.935228 -0.242467 0.034638
v 0.935228 -0.173190 0.034638
v 0.935228 -0.103914 0.103914
v 1.004505 -0.103914 0.173190
v 1.004505 -0.034638 0.173190
v 1.004505 -0.173190 0.103914
v 1.004505 -0.173190 0.034638
v 1.004505 -0.103914 0.103914
v 1.004505 -0.034638 0.103914
v 1.004505 -0.103914 0.034638
v 1.004505 -0.034638 0.034638
v 0.034638 0.034638 1.004504
v 0.034638 0.103914 1.004504
v 0.103914 0.034638 1.004504
v 0.103914 0.103914 1.004504
v 0.034638 0.173190 1.004504
v 0.103914 0.173190 1.004504
v 0.103914 0.103914 0.935228
v 0.034638 0.173190 0.935228
v 0.034638 0.242467 0.935228
v 0.103914 0.173190 0.935228
v 0.103914 0.242467 0.935228
v 0.173191 0.034638 1.004504
v 0.173191 0.103914 1.004504
v 0.173191 0.034638 0.935228
v 0.173191 0.103914 0.935228
v 0.242467 0.034638 0.935228
v 0.242467 0.103914 0.935228
v 0.173191 0.173190 0.935228
v 0.173191 0.242467 0.935228
v 0.242467 0.173190 0.935228
v 0.242467 0.242467 0.935228
v 0.034638 0.311743 0.935228
v 0.034638 0.381019 0.935228
v 0.034638 0.381019 0.865952
v 0.103914 0.311743 0.935228
v 0.103914 0.381019 0.935228
v 0.103914 0.381019 0.865952
v 0.034638 0.450295 0.865952
v 0.034638 0.519571 0.865952
v 0.103914 0.450295 0.865952
v 0.103914 0.519571 0.865952
v 0.173191 0.311743 0.935228
v 0.173191 0.381019 0.935228
v 0.173191 0.381019 0.865952
v 0.242467 0.311743 0.935228
v 0.242467 0.381019 0.935228
v 0.242467 0.311743 0.865952
v 0.242467 0.381019 0.865952
v 0.173191 0.450295 0.865952
v 0.173191 0.519571 0.865952
v 0.242467 0.450295 0.865952
v 0.242467 0.519571 0.865952
v 0.034638 0.519571 0.796676
v 0.103914 0.519571 0.796676
v 0.173191 0.519571 0.796676
v 0.242467 0.450295 0.796676
v 0.242467 0.519571 0.796676
v 0.311743 0.034638 0.935228
v 0.311743 0.103914 0.935228
v 0.381019 0.034638 0.935228
v 0.381019 0.103914 0.935228
v 0.381019 0.034638 0.865952
v 0.381019 0.103914 0.865952
v 0.311743 0.173190 0.935228
v 0.311743 0.242467 0.935228
v 0.311743 0.242467 0.865952
v 0.381019 0.173190 0.935228
v 0.381019 0.242467 0.935228
v 0.381019 0.173190 0.865952
v 0.381019 0.242467 0.865952
v 0.450295 0.034638 0.865952
v 0.450295 0.103914 0.865952
v 0.519571 0.034638 0.865952
v 0.519571 0.103914 0.865952
v 0.450295 0.173190 0.865952
v 0.450295 0.242467 0.865952
v 0.519571 0.173190 0.865952
v 0.519571 0.242467 0.865952
v 0.311743 0.311743 0.935228
v 0.311743 0.311743 0.865952
v 0.311743 0.381019 0.865952
v 0.381019 0.311743 0.865952
v 0.381019 0.381019 0.865952
v 0.311743 0.450295 0.865952
v 0.450295 0.311743 0.865952
v 0.519571 0.034638 0.796676
v 0.519571 0.103914 0.796676
v 0.450295 0.242467 0.796676
v 0.519571 0.173190 0.796676
v 0.519571 0.242467 0.796676
v 0.311743 0.381019 0.796676
v 0.381019 0.311743 0.796676
v 0.381019 0.381019 0.796676
v 0.311743 0.450295 0.796676
v 0.311743 0.519571 0.796676
v 0.311743 0.519571 0.727400
v 0.381019 0.450295 0.796676
v 0.381019 0.519571 0.796676
v 0.381019 0.450295 0.727400
v 0.381019 0.519571 0.727400
v 0.450295 0.311743 0.796676
v 0.450295 0.381019 0.796676
v 0.450295 0.381019 0.727400
v 0.519571 0.311743 0.796676
v 0.519571 0.381019 0.796676
v 0.519571 0.311743 0.727400
v 0.519571 0.381019 0.727400
v 0.450295 0.450295 0.796676
v 0.450295 0.450295 0.727400
v 0.450295 0.519571 0.727400
v 0.519571 0.450295 0.727400
v 0.519571 0.519571 0.727400
v 0.450295 0.519571 0.658123
v 0.519571 0.450295 0.658123
v 0.519571 0.519571 0.658123
v 0.519571 0.519571 0.588847
v 0.034638 0.588847 0.796676
v 0.034638 0.658123 0.796676
v 0.034638 0.658123 0.727400
v 0.103914 0.588847 0.796676
v 0.103914 0.658123 0.796676
v 0.103914 0.588847 0.727400
v 0.103914 0.658123 0.727400
v 0.034638 0.727400 0.727400
v 0.103914 0.727400 0.727400
v 0.034638 0.727400 0.658123
v 0.034638 0.796676 0.658123
v 0.034638 0.796676 0.588847
v 0.103914 0.727400 0.658123
v 0.103914 0.796676 0.658123
v 0.103914 0.727400 0.588847
v 0.103914 0.796676 0.588847
v 0.173191 0.588847 0.796676
v 0.173191 0.588847 0.727400
v 0.173191 0.658123 0.727400
v 0.242467 0.588847 0.796676
v 0.242467 0.588847 0.727400
v 0.242467 0.658123 0.727400
v 0.173191 0.727400 0.727400
v 0.173191 0.658123 0.658123
v 0.242467 0.658123 0.658123
v 0.173191 0.727400 0.658123
v 0.173191 0.727400 0.588847
v 0.173191 0.796676 0.588847
v 0.242467 0.727400 0.658123
v 0.242467 0.727400 0.588847
v 0.242467 0.796676 0.588847
v 0.311743 0.588847 0.796676
v 0.311743 0.588847 0.727400
v 0.311743 0.658123 0.727400
v 0.381019 0.588847 0.727400
v 0.311743 0.588847 0.658123
v 0.311743 0.658123 0.658123
v 0.311743 0.658123 0.588847
v 0.381019 0.588847 0.658123
v 0.381019 0.658123 0.658123
v 0.381019 0.658123 0.588847
v 0.311743 0.727400 0.658123
v 0.311743 0.727400 0.588847
v 0.311743 0.796676 0.588847
v 0.381019 0.727400 0.588847
v 0.450295 0.588847 0.727400
v 0.450295 0.588847 0.658123
v 0.450295 0.658123 0.658123
v 0.450295 0.588847 0.588847
v 0.450295 0.658123 0.588847
v 0.519571 0.588847 0.658123
v 0.519571 0.588847 0.588847
v 0.519571 0.658123 0.588847
v 0.450295 0.727400 0.588847
v 0.034638 0.796676 0.519571
v 0.103914 0.796676 0.519571
v 0.173191 0.796676 0.519571
v 0.242467 0.796676 0.519571
v 0.242467 0.796676 0.450295
v 0.034638 0.865952 0.519571
v 0.034638 0.865952 0.450295
v 0.034638 0.935228 0.450295
v 0.103914 0.865952 0.519571
v 0.103914 0.865952 0.450295
v 0.034638 0.865952 0.381019
v 0.034638 0.935228 0.381019
v 0.034638 0.935228 0.311743
v 0.103914 0.865952 0.381019
v 0.103914 0.935228 0.381019
v 0.103914 0.935228 0.311743
v 0.173191 0.865952 0.519571
v 0.173191 0.865952 0.450295
v 0.242467 0.865952 0.519571
v 0.242467 0.865952 0.450295
v 0.173191 0.865952 0.381019
v 0.173191 0.935228 0.381019
v 0.173191 0.935228 0.311743
v 0.242467 0.865952 0.381019
v 0.242467 0.935228 0.381019
v 0.242467 0.865952 0.311743
v 0.242467 0.935228 0.311743
v 0.034638 0.935228 0.242466
v 0.034638 0.935228 0.173190
v 0.103914 0.935228 0.242466
v 0.103914 0.935228 0.173190
v 0.034638 1.004504 0.242466
v 0.034638 1.004504 0.173190
v 0.103914 1.004504 0.173190
v 0.034638 1.004504 0.103914
v 0.034638 1.004504 0.034638
v 0.103914 1.004504 0.103914
v 0.103914 1.004504 0.034638
v 0.173191 0.935228 0.242466
v 0.173191 0.935228 0.173190
v 0.242467 0.935228 0.242466
v 0.242467 0.935228 0.173190
v 0.173191 1.004504 0.173190
v 0.173191 0.935228 0.103914
v 0.173191 0.935228 0.034638
v 0.242467 0.935228 0.103914
v 0.242467 0.935228 0.034638
v 0.173191 1.004504 0.103914
v 0.173191 1.004504 0.034638
v 0.242467 1.004504 0.034638
v 0.311743 0.727400 0.519571
v 0.311743 0.796676 0.519571
v 0.311743 0.796676 0.450295
v 0.381019 0.727400 0.519571
v 0.381019 0.796676 0.519571
v 0.381019 0.727400 0.450295
v 0.381019 0.796676 0.450295
v 0.311743 0.796676 0.381019
v 0.381019 0.796676 0.381019
v 0.381019 0.796676 0.311743
v 0.450295 0.658123 0.519571
v 0.519571 0.588847 0.519571
v 0.519571 0.658123 0.519571
v 0.519571 0.658123 0.450295
v 0.450295 0.727400 0.519571
v 0.450295 0.727400 0.450295
v 0.450295 0.796676 0.450295
v 0.519571 0.727400 0.519571
v 0.519571 0.727400 0.450295
v 0.450295 0.727400 0.381019
v 0.450295 0.796676 0.381019
v 0.450295 0.796676 0.311743
v 0.519571 0.727400 0.381019
v 0.519571 0.796676 0.381019
v 0.519571 0.727400 0.311743
v 0.519571 0.796676 0.311743
v 0.311743 0.865952 0.450295
v 0.311743 0.865952 0.381019
v 0.311743 0.865952 0.311743
v 0.311743 0.935228 0.311743
v 0.381019 0.865952 0.381019
v 0.381019 0.865952 0.311743
v 0.450295 0.865952 0.311743
v 0.450295 0.796676 0.242466
v 0.519571 0.796676 0.242466
v 0.519571 0.796676 0.173190
v 0.519571 0.796676 0.103914
v 0.519571 0.796676 0.034638
v 0.311743 0.865952 0.242466
v 0.311743 0.935228 0.242466
v 0.311743 0.935228 0.173190
v 0.381019 0.865952 0.242466
v 0.381019 0.935228 0.242466
v 0.381019 0.865952 0.173190
v 0.381019 0.935228 0.173190
v 0.311743 0.935228 0.103914
v 0.311743 0.935228 0.034638
v 0.381019 0.865952 0.103914
v 0.381019 0.935228 0.103914
v 0.381019 0.865952 0.034638
v 0.381019 0.935228 0.034638
v 0.450295 0.865952 0.242466
v 0.450295 0.865952 0.173190
v 0.519571 0.865952 0.242466
v 0.519571 0.865952 0.173190
v 0.450295 0.865952 0.103914
v 0.450295 0.865952 0.034638
v 0.450295 0.935228 0.034638
v 0.519571 0.865952 0.103914
v 0.519571 0.865952 0.034638
v 0.588848 0.034638 0.796676
v 0.588848 0.103914 0.796676
v 0.588848 0.103914 0.727400
v 0.658124 0.034638 0.796676
v 0.658124 0.103914 0.796676
v 0.658124 0.034638 0.727400
v 0.658124 0.103914 0.727400
v 0.588848 0.173190 0.796676
v 0.588848 0.242467 0.796676
v 0.588848 0.173190 0.727400
v 0.588848 0.242467 0.727400
v 0.658124 0.173190 0.727400
v 0.658124 0.242467 0.727400
v 0.658124 0.103914 0.658123
v 0.658124 0.173190 0.658123
v 0.658124 0.242467 0.658123
v 0.727400 0.034638 0.727400
v 0.727400 0.103914 0.727400
v 0.727400 0.034638 0.658123
v 0.727400 0.103914 0.658123
v 0.727400 0.103914 0.588847
v 0.796676 0.034638 0.658123
v 0.796676 0.103914 0.658123
v 0.796676 0.034638 0.588847
v 0.796676 0.103914 0.588847
v 0.727400 0.173190 0.658123
v 0.727400 0.242467 0.658123
v 0.727400 0.173190 0.588847
v 0.727400 0.242467 0.588847
v 0.796676 0.173190 0.588847
v 0.796676 0.242467 0.588847
v 0.588848 0.311743 0.796676
v 0.588848 0.311743 0.727400
v 0.588848 0.381019 0.727400
v 0.658124 0.311743 0.727400
v 0.588848 0.450295 0.727400
v 0.588848 0.311743 0.658123
v 0.588848 0.381019 0.658123
v 0.658124 0.311743 0.658123
v 0.658124 0.381019 0.658123
v 0.658124 0.311743 0.588847
v 0.658124 0.381019 0.588847
v 0.588848 0.450295 0.658123
v 0.588848 0.519571 0.658123
v 0.588848 0.450295 0.588847
v 0.588848 0.519571 0.588847
v 0.658124 0.450295 0.658123
v 0.658124 0.450295 0.588847
v 0.658124 0.519571 0.588847
v 0.727400 0.311743 0.658123
v 0.727400 0.311743 0.588847
v 0.727400 0.381019 0.588847
v 0.796676 0.311743 0.588847
v 0.727400 0.450295 0.588847
v 0.588848 0.588847 0.588847
v 0.796676 0.034638 0.519571
v 0.796676 0.103914 0.519571
v 0.796676 0.173190 0.519571
v 0.796676 0.242467 0.519571
v 0.796676 0.242467 0.450295
v 0.588848 0.519571 0.519571
v 0.658124 0.450295 0.519571
v 0.658124 0.519571 0.519571
v 0.658124 0.519571 0.450295
v 0.727400 0.311743 0.519571
v 0.727400 0.381019 0.519571
v 0.727400 0.381019 0.450295
v 0.796676 0.311743 0.519571
v 0.796676 0.381019 0.519571
v 0.796676 0.311743 0.450295
v 0.796676 0.381019 0.450295
v 0.727400 0.450295 0.519571
v 0.727400 0.519571 0.519571
v 0.727400 0.450295 0.450295
v 0.727400 0.519571 0.450295
v 0.796676 0.450295 0.450295
v 0.796676 0.311743 0.381019
v 0.796676 0.381019 0.381019
v 0.796676 0.381019 0.311743
v 0.727400 0.450295 0.381019
v 0.727400 0.519571 0.381019
v 0.727400 0.519571 0.311743
v 0.796676 0.450295 0.381019
v 0.796676 0.519571 0.381019
v 0.796676 0.450295 0.311743
v 0.796676 0.519571 0.311743
v 0.796676 0.450295 0.242466
v 0.796676 0.519571 0.242466
v 0.796676 0.519571 0.173190
v 0.796676 0.519571 0.103914
v 0.796676 0.519571 0.034638
v 0.865952 0.034638 0.519571
v 0.865952 0.103914 0.519571
v 0.865952 0.034638 0.450295
v 0.865952 0.103914 0.450295
v 0.865952 0.173190 0.519571
v 0.865952 0.242467 0.519571
v 0.865952 0.173190 0.450295
v 0.865952 0.242467 0.450295
v 0.865952 0.034638 0.381019
v 0.865952 0.103914 0.381019
v 0.935228 0.034638 0.381019
v 0.935228 0.103914 0.381019
v 0.935228 0.034638 0.311743
v 0.935228 0.103914 0.311743
v 0.865952 0.173190 0.381019
v 0.865952 0.242467 0.381019
v 0.865952 0.242467 0.311743
v 0.935228 0.173190 0.381019
v 0.935228 0.242467 0.381019
v 0.935228 0.173190 0.311743
v 0.935228 0.242467 0.311743
v 0.865952 0.311743 0.450295
v 0.865952 0.311743 0.381019
v 0.865952 0.381019 0.381019
v 0.865952 0.311743 0.311743
v 0.865952 0.381019 0.311743
v 0.935228 0.311743 0.311743
v 0.865952 0.450295 0.311743
v 0.935228 0.034638 0.242466
v 0.935228 0.103914 0.242466
v 0.935228 0.034638 0.173190
v 0.935228 0.103914 0.173190
v 0.935228 0.173190 0.242466
v 0.935228 0.242467 0.242466
v 0.935228 0.173190 0.173190
v 0.935228 0.242467 0.173190
v 0.935228 0.103914 0.103914
v 0.935228 0.173190 0.103914
v 0.935228 0.242467 0.103914
v 0.935228 0.173190 0.034638
v 0.935228 0.242467 0.034638
v 1.004505 0.034638 0.173190
v 1.004505 0.103914 0.173190
v 1.004505 0.034638 0.103914
v 1.004505 0.103914 0.103914
v 1.004505 0.034638 0.034638
v 1.004505 0.103914 0.034638
v 1.004505 0.173190 0.103914
v 1.004505 0.173190 0.034638
v 0.865952 0.311743 0.242466
v 0.865952 0.381019 0.242466
v 0.865952 0.381019 0.173190
v 0.935228 0.311743 0.242466
v 0.935228 0.381019 0.242466
v 0.935228 0.311743 0.173190
v 0.935228 0.381019 0.173190
v 0.865952 0.450295 0.242466
v 0.865952 0.519571 0.242466
v 0.865952 0.450295 0.173190
v 0.865952 0.519571 0.173190
v 0.865952 0.381019 0.103914
v 0.865952 0.381019 0.034638
v 0.935228 0.311743 0.103914
v 0.935228 0.381019 0.103914
v 0.935228 0.311743 0.034638
v 0.935228 0.381019 0.034638
v 0.865952 0.450295 0.103914
v 0.865952 0.519571 0.103914
v 0.865952 0.450295 0.034638
v 0.865952 0.519571 0.034638
v 0.588848 0.588847 0.519571
v 0.588848 0.658123 0.519571
v 0.588848 0.588847 0.450295
v 0.588848 0.658123 0.450295
v 0.658124 0.588847 0.519571
v 0.658124 0.588847 0.450295
v 0.658124 0.658123 0.450295
v 0.588848 0.727400 0.450295
v 0.588848 0.658123 0.381019
v 0.588848 0.658123 0.311743
v 0.658124 0.588847 0.381019
v 0.658124 0.658123 0.381019
v 0.658124 0.588847 0.311743
v 0.658124 0.658123 0.311743
v 0.588848 0.727400 0.381019
v 0.588848 0.727400 0.311743
v 0.588848 0.796676 0.311743
v 0.658124 0.727400 0.311743
v 0.727400 0.588847 0.450295
v 0.727400 0.588847 0.381019
v 0.727400 0.588847 0.311743
v 0.727400 0.658123 0.311743
v 0.796676 0.588847 0.311743
v 0.658124 0.658123 0.242466
v 0.658124 0.658123 0.173190
v 0.588848 0.727400 0.242466
v 0.588848 0.796676 0.242466
v 0.588848 0.727400 0.173190
v 0.588848 0.796676 0.173190
v 0.658124 0.727400 0.242466
v 0.658124 0.727400 0.173190
v 0.588848 0.727400 0.103914
v 0.588848 0.796676 0.103914
v 0.588848 0.796676 0.034638
v 0.658124 0.727400 0.103914
v 0.658124 0.796676 0.103914
v 0.658124 0.727400 0.034638
v 0.658124 0.796676 0.034638
v 0.727400 0.588847 0.242466
v 0.727400 0.658123 0.242466
v 0.727400 0.588847 0.173190
v 0.727400 0.658123 0.173190
v 0.796676 0.588847 0.242466
v 0.796676 0.588847 0.173190
v 0.727400 0.727400 0.173190
v 0.727400 0.588847 0.103914
v 0.727400 0.658123 0.103914
v 0.727400 0.658123 0.034638
v 0.796676 0.588847 0.103914
v 0.796676 0.658123 0.103914
v 0.796676 0.588847 0.034638
v 0.796676 0.658123 0.034638
v 0.727400 0.727400 0.103914
v 0.727400 0.727400 0.034638
v 0.034638 -1.004504 -0.034638
v 0.034638 -1.004504 -0.103914
v 0.103914 -1.004504 -0.034638
v 0.103914 -1.004504 -0.103914
v 0.034638 -1.004504 -0.173190
v 0.034638 -1.004504 -0.242467
v 0.103914 -1.004504 -0.173190
v 0.034638 -0.935228 -0.173190
v 0.034638 -0.935228 -0.242467
v 0.103914 -0.935228 -0.173190
v 0.103914 -0.935228 -0.242467
v 0.173191 -1.004504 -0.034638
v 0.173191 -1.004504 -0.103914
v 0.242467 -1.004504 -0.034638
v 0.173191 -0.935228 -0.034638
v 0.173191 -0.935228 -0.103914
v 0.242467 -0.935228 -0.034638
v 0.242467 -0.935228 -0.103914
v 0.173191 -1.004504 -0.173190
v 0.173191 -0.935228 -0.173190
v 0.173191 -0.935228 -0.242467
v 0.242467 -0.935228 -0.173190
v 0.242467 -0.935228 -0.242467
v 0.034638 -0.935228 -0.311743
v 0.034638 -0.935228 -0.381019
v 0.034638 -0.865952 -0.381019
v 0.103914 -0.935228 -0.311743
v 0.103914 -0.935228 -0.381019
v 0.103914 -0.865952 -0.381019
v 0.034638 -0.935228 -0.450295
v 0.034638 -0.865952 -0.450295
v 0.034638 -0.865952 -0.519571
v 0.103914 -0.865952 -0.450295
v 0.103914 -0.865952 -0.519571
v 0.173191 -0.935228 -0.311743
v 0.173191 -0.935228 -0.381019
v 0.173191 -0.865952 -0.381019
v 0.242467 -0.935228 -0.311743
v 0.242467 -0.865952 -0.311743
v 0.242467 -0.935228 -0.381019
v 0.242467 -0.865952 -0.381019
v 0.173191 -0.865952 -0.450295
v 0.173191 -0.865952 -0.519571
v 0.242467 -0.865952 -0.450295
v 0.242467 -0.865952 -0.519571
v 0.034638 -0.796676 -0.519571
v 0.103914 -0.796676 -0.519571
v 0.173191 -0.796676 -0.519571
v 0.242467 -0.796676 -0.450295
v 0.242467 -0.796676 -0.519571
v 0.311743 -0.935228 -0.034638
v 0.311743 -0.935228 -0.103914
v 0.381019 -0.935228 -0.034638
v 0.381019 -0.865952 -0.034638
v 0.381019 -0.935228 -0.103914
v 0.381019 -0.865952 -0.103914
v 0.311743 -0.935228 -0.173190
v 0.311743 -0.935228 -0.242467
v 0.311743 -0.865952 -0.242467
v 0.381019 -0.935228 -0.173190
v 0.381019 -0.865952 -0.173190
v 0.381019 -0.935228 -0.242467
v 0.381019 -0.865952 -0.242467
v 0.450295 -0.935228 -0.034638
v 0.450295 -0.865952 -0.034638
v 0.450295 -0.865952 -0.103914
v 0.519571 -0.865952 -0.034638
v 0.519571 -0.865952 -0.103914
v 0.450295 -0.865952 -0.173190
v 0.450295 -0.865952 -0.242467
v 0.519571 -0.865952 -0.173190
v 0.519571 -0.865952 -0.242467
v 0.519571 -0.796676 -0.034638
v 0.519571 -0.796676 -0.103914
v 0.450295 -0.796676 -0.242467
v 0.519571 -0.796676 -0.173190
v 0.519571 -0.796676 -0.242467
v 0.311743 -0.935228 -0.311743
v 0.311743 -0.865952 -0.311743
v 0.311743 -0.865952 -0.381019
v 0.381019 -0.865952 -0.311743
v 0.381019 -0.865952 -0.381019
v 0.311743 -0.865952 -0.450295
v 0.450295 -0.865952 -0.311743
v 0.311743 -0.796676 -0.381019
v 0.381019 -0.796676 -0.311743
v 0.381019 -0.796676 -0.381019
v 0.311743 -0.796676 -0.450295
v 0.311743 -0.796676 -0.519571
v 0.311743 -0.727400 -0.519571
v 0.381019 -0.796676 -0.450295
v 0.381019 -0.727400 -0.450295
v 0.381019 -0.796676 -0.519571
v 0.381019 -0.727400 -0.519571
v 0.450295 -0.796676 -0.311743
v 0.450295 -0.796676 -0.381019
v 0.450295 -0.727400 -0.381019
v 0.519571 -0.796676 -0.311743
v 0.519571 -0.727400 -0.311743
v 0.519571 -0.796676 -0.381019
v 0.519571 -0.727400 -0.381019
v 0.450295 -0.796676 -0.450295
v 0.450295 -0.727400 -0.450295
v 0.450295 -0.727400 -0.519571
v 0.519571 -0.727400 -0.450295
v 0.519571 -0.727400 -0.519571
v 0.450295 -0.658123 -0.519571
v 0.519571 -0.658123 -0.450295
v 0.519571 -0.658123 -0.519571
v 0.519571 -0.588847 -0.519571
v 0.034638 -0.796676 -0.588848
v 0.034638 -0.796676 -0.658124
v 0.034638 -0.727400 -0.658124
v 0.103914 -0.796676 -0.588848
v 0.103914 -0.727400 -0.588848
v 0.103914 -0.796676 -0.658124
v 0.103914 -0.727400 -0.658124
v 0.034638 -0.727400 -0.727400
v 0.103914 -0.727400 -0.727400
v 0.034638 -0.658123 -0.727400
v 0.034638 -0.658123 -0.796676
v 0.034638 -0.588847 -0.796676
v 0.103914 -0.658123 -0.727400
v 0.103914 -0.588847 -0.727400
v 0.103914 -0.658123 -0.796676
v 0.103914 -0.588847 -0.796676
v 0.173191 -0.796676 -0.588848
v 0.173191 -0.727400 -0.588848
v 0.173191 -0.727400 -0.658124
v 0.242467 -0.796676 -0.588848
v 0.242467 -0.727400 -0.588848
v 0.242467 -0.727400 -0.658124
v 0.173191 -0.658123 -0.658124
v 0.242467 -0.658123 -0.658124
v 0.173191 -0.727400 -0.727400
v 0.173191 -0.658123 -0.727400
v 0.173191 -0.588847 -0.727400
v 0.173191 -0.588847 -0.796676
v 0.242467 -0.658123 -0.727400
v 0.242467 -0.588847 -0.727400
v 0.242467 -0.588847 -0.796676
v 0.311743 -0.796676 -0.588848
v 0.311743 -0.727400 -0.588848
v 0.311743 -0.727400 -0.658124
v 0.381019 -0.727400 -0.588848
v 0.311743 -0.658123 -0.588848
v 0.311743 -0.658123 -0.658124
v 0.311743 -0.588847 -0.658124
v 0.381019 -0.658123 -0.588848
v 0.381019 -0.658123 -0.658124
v 0.381019 -0.588847 -0.658124
v 0.311743 -0.658123 -0.727400
v 0.311743 -0.588847 -0.727400
v 0.311743 -0.588847 -0.796676
v 0.381019 -0.588847 -0.727400
v 0.450295 -0.727400 -0.588848
v 0.450295 -0.658123 -0.588848
v 0.450295 -0.588847 -0.588848
v 0.450295 -0.658123 -0.658124
v 0.450295 -0.588847 -0.658124
v 0.519571 -0.658123 -0.588848
v 0.519571 -0.588847 -0.588848
v 0.519571 -0.588847 -0.658124
v 0.450295 -0.588847 -0.727400
v 0.034638 -0.519571 -0.796676
v 0.103914 -0.519571 -0.796676
v 0.173191 -0.519571 -0.796676
v 0.242467 -0.519571 -0.796676
v 0.242467 -0.450295 -0.796676
v 0.034638 -0.519571 -0.865952
v 0.034638 -0.450295 -0.865952
v 0.103914 -0.519571 -0.865952
v 0.103914 -0.450295 -0.865952
v 0.034638 -0.381019 -0.865952
v 0.034638 -0.381019 -0.935228
v 0.034638 -0.311743 -0.935228
v 0.103914 -0.381019 -0.865952
v 0.103914 -0.381019 -0.935228
v 0.103914 -0.311743 -0.935228
v 0.173191 -0.519571 -0.865952
v 0.173191 -0.450295 -0.865952
v 0.242467 -0.519571 -0.865952
v 0.242467 -0.450295 -0.865952
v 0.173191 -0.381019 -0.865952
v 0.173191 -0.381019 -0.935228
v 0.173191 -0.311743 -0.935228
v 0.242467 -0.381019 -0.865952
v 0.242467 -0.311743 -0.865952
v 0.242467 -0.381019 -0.935228
v 0.242467 -0.311743 -0.935228
v 0.034638 -0.242467 -0.935228
v 0.034638 -0.173190 -0.935228
v 0.103914 -0.242467 -0.935228
v 0.103914 -0.173190 -0.935228
v 0.103914 -0.103914 -0.935228
v 0.034638 -0.173190 -1.004504
v 0.103914 -0.173190 -1.004504
v 0.034638 -0.103914 -1.004504
v 0.034638 -0.034638 -1.004504
v 0.103914 -0.103914 -1.004504
v 0.103914 -0.034638 -1.004504
v 0.173191 -0.242467 -0.935228
v 0.173191 -0.173190 -0.935228
v 0.242467 -0.242467 -0.935228
v 0.242467 -0.173190 -0.935228
v 0.173191 -0.103914 -0.935228
v 0.173191 -0.034638 -0.935228
v 0.242467 -0.103914 -0.935228
v 0.242467 -0.034638 -0.935228
v 0.173191 -0.103914 -1.004504
v 0.173191 -0.034638 -1.004504
v 0.311743 -0.519571 -0.727400
v 0.311743 -0.519571 -0.796676
v 0.311743 -0.450295 -0.796676
v 0.381019 -0.519571 -0.727400
v 0.381019 -0.450295 -0.727400
v 0.381019 -0.519571 -0.796676
v 0.381019 -0.450295 -0.796676
v 0.311743 -0.381019 -0.796676
v 0.381019 -0.381019 -0.796676
v 0.381019 -0.311743 -0.796676
v 0.450295 -0.519571 -0.658124
v 0.519571 -0.519571 -0.588848
v 0.519571 -0.519571 -0.658124
v 0.519571 -0.450295 -0.658124
v 0.450295 -0.519571 -0.727400
v 0.450295 -0.450295 -0.727400
v 0.450295 -0.450295 -0.796676
v 0.519571 -0.519571 -0.727400
v 0.519571 -0.450295 -0.727400
v 0.450295 -0.381019 -0.727400
v 0.450295 -0.381019 -0.796676
v 0.450295 -0.311743 -0.796676
v 0.519571 -0.381019 -0.727400
v 0.519571 -0.311743 -0.727400
v 0.519571 -0.381019 -0.796676
v 0.519571 -0.311743 -0.796676
v 0.450295 -0.242467 -0.796676
v 0.519571 -0.242467 -0.796676
v 0.519571 -0.173190 -0.796676
v 0.519571 -0.103914 -0.796676
v 0.519571 -0.034638 -0.796676
v 0.311743 -0.450295 -0.865952
v 0.311743 -0.381019 -0.865952
v 0.311743 -0.311743 -0.865952
v 0.311743 -0.311743 -0.935228
v 0.381019 -0.381019 -0.865952
v 0.381019 -0.311743 -0.865952
v 0.450295 -0.311743 -0.865952
v 0.311743 -0.242467 -0.865952
v 0.311743 -0.242467 -0.935228
v 0.311743 -0.173190 -0.935228
v 0.381019 -0.242467 -0.865952
v 0.381019 -0.173190 -0.865952
v 0.381019 -0.242467 -0.935228
v 0.381019 -0.173190 -0.935228
v 0.311743 -0.103914 -0.935228
v 0.311743 -0.034638 -0.935228
v 0.381019 -0.103914 -0.865952
v 0.381019 -0.034638 -0.865952
v 0.381019 -0.103914 -0.935228
v 0.381019 -0.034638 -0.935228
v 0.450295 -0.242467 -0.865952
v 0.450295 -0.173190 -0.865952
v 0.519571 -0.242467 -0.865952
v 0.519571 -0.173190 -0.865952
v 0.450295 -0.103914 -0.865952
v 0.450295 -0.034638 -0.865952
v 0.519571 -0.103914 -0.865952
v 0.519571 -0.034638 -0.865952
v 0.588848 -0.796676 -0.034638
v 0.588848 -0.796676 -0.103914
v 0.588848 -0.727400 -0.103914
v 0.658124 -0.796676 -0.034638
v 0.658124 -0.727400 -0.034638
v 0.658124 -0.796676 -0.103914
v 0.658124 -0.727400 -0.103914
v 0.588848 -0.796676 -0.173190
v 0.588848 -0.727400 -0.173190
v 0.588848 -0.796676 -0.242467
v 0.588848 -0.727400 -0.242467
v 0.658124 -0.727400 -0.173190
v 0.658124 -0.727400 -0.242467
v 0.658124 -0.658123 -0.173190
v 0.658124 -0.658123 -0.242467
v 0.727400 -0.727400 -0.034638
v 0.727400 -0.727400 -0.103914
v 0.727400 -0.658123 -0.034638
v 0.727400 -0.658123 -0.103914
v 0.727400 -0.588847 -0.103914
v 0.796676 -0.658123 -0.034638
v 0.796676 -0.588847 -0.034638
v 0.796676 -0.658123 -0.103914
v 0.796676 -0.588847 -0.103914
v 0.727400 -0.727400 -0.173190
v 0.727400 -0.658123 -0.173190
v 0.727400 -0.588847 -0.173190
v 0.727400 -0.658123 -0.242467
v 0.727400 -0.588847 -0.242467
v 0.796676 -0.588847 -0.173190
v 0.796676 -0.588847 -0.242467
v 0.588848 -0.796676 -0.311743
v 0.588848 -0.727400 -0.311743
v 0.588848 -0.727400 -0.381019
v 0.658124 -0.727400 -0.311743
v 0.588848 -0.658123 -0.311743
v 0.588848 -0.658123 -0.381019
v 0.658124 -0.658123 -0.311743
v 0.658124 -0.588847 -0.311743
v 0.658124 -0.658123 -0.381019
v 0.658124 -0.588847 -0.381019
v 0.588848 -0.727400 -0.450295
v 0.588848 -0.658123 -0.450295
v 0.588848 -0.588847 -0.450295
v 0.588848 -0.658123 -0.519571
v 0.588848 -0.588847 -0.519571
v 0.658124 -0.658123 -0.450295
v 0.658124 -0.588847 -0.450295
v 0.658124 -0.588847 -0.519571
v 0.727400 -0.658123 -0.311743
v 0.727400 -0.588847 -0.311743
v 0.727400 -0.588847 -0.381019
v 0.796676 -0.588847 -0.311743
v 0.727400 -0.588847 -0.450295
v 0.796676 -0.519571 -0.034638
v 0.796676 -0.519571 -0.103914
v 0.796676 -0.519571 -0.173190
v 0.796676 -0.519571 -0.242467
v 0.796676 -0.450295 -0.242467
v 0.588848 -0.519571 -0.519571
v 0.658124 -0.519571 -0.450295
v 0.658124 -0.519571 -0.519571
v 0.658124 -0.450295 -0.519571
v 0.727400 -0.519571 -0.311743
v 0.727400 -0.519571 -0.381019
v 0.727400 -0.450295 -0.381019
v 0.796676 -0.519571 -0.311743
v 0.796676 -0.450295 -0.311743
v 0.796676 -0.519571 -0.381019
v 0.796676 -0.450295 -0.381019
v 0.796676 -0.381019 -0.311743
v 0.796676 -0.381019 -0.381019
v 0.796676 -0.311743 -0.381019
v 0.727400 -0.519571 -0.450295
v 0.727400 -0.450295 -0.450295
v 0.727400 -0.519571 -0.519571
v 0.727400 -0.450295 -0.519571
v 0.796676 -0.450295 -0.450295
v 0.727400 -0.381019 -0.450295
v 0.727400 -0.381019 -0.519571
v 0.727400 -0.311743 -0.519571
v 0.796676 -0.381019 -0.450295
v 0.796676 -0.311743 -0.450295
v 0.796676 -0.381019 -0.519571
v 0.796676 -0.311743 -0.519571
v 0.796676 -0.242467 -0.450295
v 0.796676 -0.242467 -0.519571
v 0.796676 -0.173190 -0.519571
v 0.796676 -0.103914 -0.519571
v 0.796676 -0.034638 -0.519571
v 0.865952 -0.519571 -0.034638
v 0.865952 -0.450295 -0.034638
v 0.865952 -0.519571 -0.103914
v 0.865952 -0.450295 -0.103914
v 0.865952 -0.381019 -0.034638
v 0.865952 -0.381019 -0.103914
v 0.935228 -0.381019 -0.034638
v 0.935228 -0.311743 -0.034638
v 0.935228 -0.381019 -0.103914
v 0.935228 -0.311743 -0.103914
v 0.865952 -0.519571 -0.173190
v 0.865952 -0.450295 -0.173190
v 0.865952 -0.519571 -0.242467
v 0.865952 -0.450295 -0.242467
v 0.865952 -0.381019 -0.173190
v 0.865952 -0.381019 -0.242467
v 0.865952 -0.311743 -0.242467
v 0.935228 -0.381019 -0.173190
v 0.935228 -0.311743 -0.173190
v 0.935228 -0.381019 -0.242467
v 0.935228 -0.311743 -0.242467
v 0.935228 -0.242467 -0.034638
v 0.935228 -0.173190 -0.034638
v 0.935228 -0.242467 -0.103914
v 0.935228 -0.173190 -0.103914
v 0.935228 -0.103914 -0.103914
v 0.935228 -0.242467 -0.173190
v 0.935228 -0.173190 -0.173190
v 0.935228 -0.242467 -0.242467
v 0.935228 -0.173190 -0.242467
v 0.935228 -0.103914 -0.173190
v 0.935228 -0.034638 -0.173190
v 0.935228 -0.103914 -0.242467
v 0.935228 -0.034638 -0.242467
v 1.004505 -0.173190 -0.034638
v 1.004505 -0.173190 -0.103914
v 1.004505 -0.103914 -0.034638
v 1.004505 -0.034638 -0.034638
v 1.004505 -0.103914 -0.103914
v 1.004505 -0.034638 -0.103914
v 1.004505 -0.103914 -0.173190
v 1.004505 -0.034638 -0.173190
v 0.865952 -0.450295 -0.311743
v 0.865952 -0.381019 -0.311743
v 0.865952 -0.311743 -0.311743
v 0.865952 -0.381019 -0.381019
v 0.865952 -0.311743 -0.381019
v 0.935228 -0.311743 -0.311743
v 0.865952 -0.311743 -0.450295
v 0.865952 -0.242467 -0.311743
v 0.865952 -0.242467 -0.381019
v 0.865952 -0.173190 -0.381019
v 0.935228 -0.242467 -0.311743
v 0.935228 -0.173190 -0.311743
v 0.935228 -0.242467 -0.381019
v 0.935228 -0.173190 -0.381019
v 0.865952 -0.103914 -0.381019
v 0.865952 -0.034638 -0.381019
v 0.935228 -0.103914 -0.311743
v 0.935228 -0.034638 -0.311743
v 0.935228 -0.103914 -0.381019
v 0.935228 -0.034638 -0.381019
v 0.865952 -0.242467 -0.450295
v 0.865952 -0.173190 -0.450295
v 0.865952 -0.242467 -0.519571
v 0.865952 -0.173190 -0.519571
v 0.865952 -0.103914 -0.450295
v 0.865952 -0.034638 -0.450295
v 0.865952 -0.103914 -0.519571
v 0.865952 -0.034638 -0.519571
v 0.588848 -0.588847 -0.588848
v 0.588848 -0.519571 -0.588848
v 0.588848 -0.450295 -0.588848
v 0.588848 -0.519571 -0.658124
v 0.588848 -0.450295 -0.658124
v 0.658124 -0.519571 -0.588848
v 0.658124 -0.450295 -0.588848
v 0.658124 -0.450295 -0.658124
v 0.588848 -0.381019 -0.658124
v 0.588848 -0.311743 -0.658124
v 0.658124 -0.381019 -0.588848
v 0.658124 -0.311743 -0.588848
v 0.658124 -0.381019 -0.658124
v 0.658124 -0.311743 -0.658124
v 0.588848 -0.450295 -0.727400
v 0.588848 -0.381019 -0.727400
v 0.588848 -0.311743 -0.727400
v 0.588848 -0.311743 -0.796676
v 0.658124 -0.311743 -0.727400
v 0.727400 -0.450295 -0.588848
v 0.727400 -0.381019 -0.588848
v 0.727400 -0.311743 -0.588848
v 0.727400 -0.311743 -0.658124
v 0.796676 -0.311743 -0.588848
v 0.658124 -0.242467 -0.658124
v 0.658124 -0.173190 -0.658124
v 0.658124 -0.103914 -0.658124
v 0.588848 -0.242467 -0.727400
v 0.588848 -0.173190 -0.727400
v 0.588848 -0.242467 -0.796676
v 0.588848 -0.173190 -0.796676
v 0.658124 -0.242467 -0.727400
v 0.658124 -0.173190 -0.727400
v 0.588848 -0.103914 -0.727400
v 0.588848 -0.103914 -0.796676
v 0.588848 -0.034638 -0.796676
v 0.658124 -0.103914 -0.727400
v 0.658124 -0.034638 -0.727400
v 0.658124 -0.103914 -0.796676
v 0.658124 -0.034638 -0.796676
v 0.727400 -0.242467 -0.588848
v 0.727400 -0.173190 -0.588848
v 0.727400 -0.242467 -0.658124
v 0.727400 -0.173190 -0.658124
v 0.796676 -0.242467 -0.588848
v 0.796676 -0.173190 -0.588848
v 0.727400 -0.103914 -0.588848
v 0.727400 -0.103914 -0.658124
v 0.727400 -0.034638 -0.658124
v 0.796676 -0.103914 -0.588848
v 0.796676 -0.034638 -0.588848
v 0.796676 -0.103914 -0.658124
v 0.796676 -0.034638 -0.658124
v 0.727400 -0.103914 -0.727400
v 0.727400 -0.034638 -0.727400
v 0.034638 1.004504 -0.034638
v 0.034638 1.004504 -0.103914
v 0.103914 1.004504 -0.034638
v 0.103914 1.004504 -0.103914
v 0.034638 0.935228 -0.173190
v 0.034638 0.935228 -0.242467
v 0.103914 0.935228 -0.173190
v 0.103914 0.935228 -0.242467
v 0.034638 1.004504 -0.173190
v 0.034638 1.004504 -0.242467
v 0.103914 1.004504 -0.173190
v 0.173191 0.935228 -0.034638
v 0.173191 0.935228 -0.103914
v 0.242467 0.935228 -0.034638
v 0.242467 0.935228 -0.103914
v 0.173191 1.004504 -0.034638
v 0.173191 1.004504 -0.103914
v 0.242467 1.004504 -0.034638
v 0.173191 0.935228 -0.173190
v 0.173191 0.935228 -0.242467
v 0.242467 0.935228 -0.173190
v 0.242467 0.935228 -0.242467
v 0.173191 1.004504 -0.173190
v 0.034638 0.796676 -0.519571
v 0.103914 0.796676 -0.519571
v 0.173191 0.796676 -0.519571
v 0.242467 0.796676 -0.450295
v 0.242467 0.796676 -0.519571
v 0.034638 0.935228 -0.311743
v 0.034638 0.865952 -0.381019
v 0.034638 0.935228 -0.381019
v 0.103914 0.935228 -0.311743
v 0.103914 0.865952 -0.381019
v 0.103914 0.935228 -0.381019
v 0.034638 0.865952 -0.450295
v 0.034638 0.935228 -0.450295
v 0.034638 0.865952 -0.519571
v 0.103914 0.865952 -0.450295
v 0.103914 0.865952 -0.519571
v 0.173191 0.935228 -0.311743
v 0.173191 0.865952 -0.381019
v 0.173191 0.935228 -0.381019
v 0.242467 0.865952 -0.311743
v 0.242467 0.935228 -0.311743
v 0.242467 0.865952 -0.381019
v 0.242467 0.935228 -0.381019
v 0.173191 0.865952 -0.450295
v 0.173191 0.865952 -0.519571
v 0.242467 0.865952 -0.450295
v 0.242467 0.865952 -0.519571
v 0.519571 0.796676 -0.034638
v 0.519571 0.796676 -0.103914
v 0.450295 0.796676 -0.242467
v 0.519571 0.796676 -0.173190
v 0.519571 0.796676 -0.242467
v 0.311743 0.935228 -0.034638
v 0.311743 0.935228 -0.103914
v 0.381019 0.865952 -0.034638
v 0.381019 0.935228 -0.034638
v 0.381019 0.865952 -0.103914
v 0.381019 0.935228 -0.103914
v 0.311743 0.935228 -0.173190
v 0.311743 0.865952 -0.242467
v 0.311743 0.935228 -0.242467
v 0.381019 0.865952 -0.173190
v 0.381019 0.935228 -0.173190
v 0.381019 0.865952 -0.242467
v 0.381019 0.935228 -0.242467
v 0.450295 0.865952 -0.034638
v 0.450295 0.935228 -0.034638
v 0.450295 0.865952 -0.103914
v 0.519571 0.865952 -0.034638
v 0.519571 0.865952 -0.103914
v 0.450295 0.865952 -0.173190
v 0.450295 0.865952 -0.242467
v 0.519571 0.865952 -0.173190
v 0.519571 0.865952 -0.242467
v 0.311743 0.796676 -0.381019
v 0.381019 0.796676 -0.311743
v 0.381019 0.796676 -0.381019
v 0.311743 0.796676 -0.450295
v 0.311743 0.727400 -0.519571
v 0.311743 0.796676 -0.519571
v 0.381019 0.727400 -0.450295
v 0.381019 0.796676 -0.450295
v 0.381019 0.727400 -0.519571
v 0.381019 0.796676 -0.519571
v 0.450295 0.796676 -0.311743
v 0.450295 0.727400 -0.381019
v 0.450295 0.796676 -0.381019
v 0.519571 0.727400 -0.311743
v 0.519571 0.796676 -0.311743
v 0.519571 0.727400 -0.381019
v 0.519571 0.796676 -0.381019
v 0.450295 0.658123 -0.519571
v 0.519571 0.658123 -0.450295
v 0.519571 0.588847 -0.519571
v 0.519571 0.658123 -0.519571
v 0.450295 0.727400 -0.450295
v 0.450295 0.796676 -0.450295
v 0.450295 0.727400 -0.519571
v 0.519571 0.727400 -0.450295
v 0.519571 0.727400 -0.519571
v 0.311743 0.865952 -0.311743
v 0.311743 0.935228 -0.311743
v 0.311743 0.865952 -0.381019
v 0.381019 0.865952 -0.311743
v 0.381019 0.865952 -0.381019
v 0.311743 0.865952 -0.450295
v 0.450295 0.865952 -0.311743
v 0.034638 0.519571 -0.796676
v 0.103914 0.519571 -0.796676
v 0.173191 0.519571 -0.796676
v 0.242467 0.450295 -0.796676
v 0.242467 0.519571 -0.796676
v 0.103914 0.103914 -0.935228
v 0.034638 0.173190 -0.935228
v 0.034638 0.242467 -0.935228
v 0.103914 0.173190 -0.935228
v 0.103914 0.242467 -0.935228
v 0.034638 0.034638 -1.004504
v 0.034638 0.103914 -1.004504
v 0.103914 0.034638 -1.004504
v 0.103914 0.103914 -1.004504
v 0.034638 0.173190 -1.004504
v 0.103914 0.173190 -1.004504
v 0.173191 0.034638 -0.935228
v 0.173191 0.103914 -0.935228
v 0.242467 0.034638 -0.935228
v 0.242467 0.103914 -0.935228
v 0.173191 0.173190 -0.935228
v 0.173191 0.242467 -0.935228
v 0.242467 0.173190 -0.935228
v 0.242467 0.242467 -0.935228
v 0.173191 0.034638 -1.004504
v 0.173191 0.103914 -1.004504
v 0.034638 0.381019 -0.865952
v 0.034638 0.311743 -0.935228
v 0.034638 0.381019 -0.935228
v 0.103914 0.381019 -0.865952
v 0.103914 0.311743 -0.935228
v 0.103914 0.381019 -0.935228
v 0.034638 0.450295 -0.865952
v 0.034638 0.519571 -0.865952
v 0.103914 0.450295 -0.865952
v 0.103914 0.519571 -0.865952
v 0.173191 0.381019 -0.865952
v 0.173191 0.311743 -0.935228
v 0.173191 0.381019 -0.935228
v 0.242467 0.311743 -0.865952
v 0.242467 0.381019 -0.865952
v 0.242467 0.311743 -0.935228
v 0.242467 0.381019 -0.935228
v 0.173191 0.450295 -0.865952
v 0.173191 0.519571 -0.865952
v 0.242467 0.450295 -0.865952
v 0.242467 0.519571 -0.865952
v 0.519571 0.034638 -0.796676
v 0.519571 0.103914 -0.796676
v 0.450295 0.242467 -0.796676
v 0.519571 0.173190 -0.796676
v 0.519571 0.242467 -0.796676
v 0.311743 0.381019 -0.796676
v 0.381019 0.311743 -0.796676
v 0.381019 0.381019 -0.796676
v 0.311743 0.519571 -0.727400
v 0.311743 0.450295 -0.796676
v 0.311743 0.519571 -0.796676
v 0.381019 0.450295 -0.727400
v 0.381019 0.519571 -0.727400
v 0.381019 0.450295 -0.796676
v 0.381019 0.519571 -0.796676
v 0.450295 0.519571 -0.658124
v 0.519571 0.519571 -0.588848
v 0.519571 0.450295 -0.658124
v 0.519571 0.519571 -0.658124
v 0.450295 0.381019 -0.727400
v 0.450295 0.311743 -0.796676
v 0.450295 0.381019 -0.796676
v 0.519571 0.311743 -0.727400
v 0.519571 0.381019 -0.727400
v 0.519571 0.311743 -0.796676
v 0.519571 0.381019 -0.796676
v 0.450295 0.450295 -0.727400
v 0.450295 0.519571 -0.727400
v 0.450295 0.450295 -0.796676
v 0.519571 0.450295 -0.727400
v 0.519571 0.519571 -0.727400
v 0.311743 0.034638 -0.935228
v 0.311743 0.103914 -0.935228
v 0.381019 0.034638 -0.865952
v 0.381019 0.103914 -0.865952
v 0.381019 0.034638 -0.935228
v 0.381019 0.103914 -0.935228
v 0.311743 0.242467 -0.865952
v 0.311743 0.173190 -0.935228
v 0.311743 0.242467 -0.935228
v 0.381019 0.173190 -0.865952
v 0.381019 0.242467 -0.865952
v 0.381019 0.173190 -0.935228
v 0.381019 0.242467 -0.935228
v 0.450295 0.034638 -0.865952
v 0.450295 0.103914 -0.865952
v 0.519571 0.034638 -0.865952
v 0.519571 0.103914 -0.865952
v 0.450295 0.173190 -0.865952
v 0.450295 0.242467 -0.865952
v 0.519571 0.173190 -0.865952
v 0.519571 0.242467 -0.865952
v 0.311743 0.311743 -0.865952
v 0.311743 0.381019 -0.865952
v 0.311743 0.311743 -0.935228
v 0.381019 0.311743 -0.865952
v 0.381019 0.381019 -0.865952
v 0.311743 0.450295 -0.865952
v 0.450295 0.311743 -0.865952
v 0.034638 0.796676 -0.588848
v 0.034638 0.727400 -0.658124
v 0.034638 0.796676 -0.658124
v 0.103914 0.727400 -0.588848
v 0.103914 0.796676 -0.588848
v 0.103914 0.727400 -0.658124
v 0.103914 0.796676 -0.658124
v 0.034638 0.658123 -0.727400
v 0.034638 0.588847 -0.796676
v 0.034638 0.658123 -0.796676
v 0.103914 0.588847 -0.727400
v 0.103914 0.658123 -0.727400
v 0.103914 0.588847 -0.796676
v 0.103914 0.658123 -0.796676
v 0.034638 0.727400 -0.727400
v 0.103914 0.727400 -0.727400
v 0.173191 0.658123 -0.658124
v 0.242467 0.658123 -0.658124
v 0.173191 0.727400 -0.588848
v 0.173191 0.796676 -0.588848
v 0.173191 0.727400 -0.658124
v 0.242467 0.727400 -0.588848
v 0.242467 0.796676 -0.588848
v 0.242467 0.727400 -0.658124
v 0.173191 0.588847 -0.727400
v 0.173191 0.658123 -0.727400
v 0.173191 0.588847 -0.796676
v 0.242467 0.588847 -0.727400
v 0.242467 0.658123 -0.727400
v 0.242467 0.588847 -0.796676
v 0.173191 0.727400 -0.727400
v 0.311743 0.658123 -0.588848
v 0.311743 0.588847 -0.658124
v 0.311743 0.658123 -0.658124
v 0.381019 0.658123 -0.588848
v 0.381019 0.588847 -0.658124
v 0.381019 0.658123 -0.658124
v 0.311743 0.727400 -0.588848
v 0.311743 0.796676 -0.588848
v 0.311743 0.727400 -0.658124
v 0.381019 0.727400 -0.588848
v 0.311743 0.588847 -0.727400
v 0.311743 0.658123 -0.727400
v 0.311743 0.588847 -0.796676
v 0.381019 0.588847 -0.727400
v 0.450295 0.588847 -0.588848
v 0.450295 0.658123 -0.588848
v 0.450295 0.588847 -0.658124
v 0.450295 0.658123 -0.658124
v 0.519571 0.588847 -0.588848
v 0.519571 0.658123 -0.588848
v 0.519571 0.588847 -0.658124
v 0.450295 0.727400 -0.588848
v 0.450295 0.588847 -0.727400
v 0.796676 0.519571 -0.034638
v 0.796676 0.519571 -0.103914
v 0.796676 0.519571 -0.173190
v 0.796676 0.450295 -0.242467
v 0.796676 0.519571 -0.242467
v 0.796676 0.034638 -0.519571
v 0.796676 0.103914 -0.519571
v 0.796676 0.242467 -0.450295
v 0.796676 0.173190 -0.519571
v 0.796676 0.242467 -0.519571
v 0.588848 0.519571 -0.519571
v 0.658124 0.519571 -0.450295
v 0.658124 0.450295 -0.519571
v 0.658124 0.519571 -0.519571
v 0.796676 0.381019 -0.311743
v 0.796676 0.311743 -0.381019
v 0.796676 0.381019 -0.381019
v 0.727400 0.519571 -0.311743
v 0.727400 0.450295 -0.381019
v 0.727400 0.519571 -0.381019
v 0.796676 0.450295 -0.311743
v 0.796676 0.519571 -0.311743
v 0.796676 0.450295 -0.381019
v 0.796676 0.519571 -0.381019
v 0.727400 0.381019 -0.450295
v 0.727400 0.311743 -0.519571
v 0.727400 0.381019 -0.519571
v 0.796676 0.311743 -0.450295
v 0.796676 0.381019 -0.450295
v 0.796676 0.311743 -0.519571
v 0.796676 0.381019 -0.519571
v 0.727400 0.450295 -0.450295
v 0.727400 0.519571 -0.450295
v 0.727400 0.450295 -0.519571
v 0.727400 0.519571 -0.519571
v 0.796676 0.450295 -0.450295
v 0.935228 0.103914 -0.103914
v 0.935228 0.173190 -0.034638
v 0.935228 0.242467 -0.034638
v 0.935228 0.173190 -0.103914
v 0.935228 0.242467 -0.103914
v 0.935228 0.034638 -0.173190
v 0.935228 0.103914 -0.173190
v 0.935228 0.034638 -0.242467
v 0.935228 0.103914 -0.242467
v 0.935228 0.173190 -0.173190
v 0.935228 0.242467 -0.173190
v 0.935228 0.173190 -0.242467
v 0.935228 0.242467 -0.242467
v 1.004505 0.034638 -0.034638
v 1.004505 0.103914 -0.034638
v 1.004505 0.034638 -0.103914
v 1.004505 0.103914 -0.103914
v 1.004505 0.173190 -0.034638
v 1.004505 0.173190 -0.103914
v 1.004505 0.034638 -0.173190
v 1.004505 0.103914 -0.173190
v 0.865952 0.381019 -0.034638
v 0.865952 0.381019 -0.103914
v 0.935228 0.311743 -0.034638
v 0.935228 0.381019 -0.034638
v 0.935228 0.311743 -0.103914
v 0.935228 0.381019 -0.103914
v 0.865952 0.450295 -0.034638
v 0.865952 0.519571 -0.034638
v 0.865952 0.450295 -0.103914
v 0.865952 0.519571 -0.103914
v 0.865952 0.381019 -0.173190
v 0.865952 0.311743 -0.242467
v 0.865952 0.381019 -0.242467
v 0.935228 0.311743 -0.173190
v 0.935228 0.381019 -0.173190
v 0.935228 0.311743 -0.242467
v 0.935228 0.381019 -0.242467
v 0.865952 0.450295 -0.173190
v 0.865952 0.519571 -0.173190
v 0.865952 0.450295 -0.242467
v 0.865952 0.519571 -0.242467
v 0.865952 0.034638 -0.381019
v 0.865952 0.103914 -0.381019
v 0.935228 0.034638 -0.311743
v 0.935228 0.103914 -0.311743
v 0.935228 0.034638 -0.381019
v 0.935228 0.103914 -0.381019
v 0.865952 0.242467 -0.311743
v 0.865952 0.173190 -0.381019
v 0.865952 0.242467 -0.381019
v 0.935228 0.173190 -0.311743
v 0.935228 0.242467 -0.311743
v 0.935228 0.173190 -0.381019
v 0.935228 0.242467 -0.381019
v 0.865952 0.034638 -0.450295
v 0.865952 0.103914 -0.450295
v 0.865952 0.034638 -0.519571
v 0.865952 0.103914 -0.519571
v 0.865952 0.173190 -0.450295
v 0.865952 0.242467 -0.450295
v 0.865952 0.173190 -0.519571
v 0.865952 0.242467 -0.519571
v 0.865952 0.311743 -0.311743
v 0.865952 0.381019 -0.311743
v 0.865952 0.311743 -0.381019
v 0.865952 0.381019 -0.381019
v 0.935228 0.311743 -0.311743
v 0.865952 0.450295 -0.311743
v 0.865952 0.311743 -0.450295
v 0.588848 0.796676 -0.034638
v 0.588848 0.727400 -0.103914
v 0.588848 0.796676 -0.103914
v 0.658124 0.727400 -0.034638
v 0.658124 0.796676 -0.034638
v 0.658124 0.727400 -0.103914
v 0.658124 0.796676 -0.103914
v 0.658124 0.658123 -0.173190
v 0.658124 0.658123 -0.242467
v 0.588848 0.727400 -0.173190
v 0.588848 0.796676 -0.173190
v 0.588848 0.727400 -0.242467
v 0.588848 0.796676 -0.242467
v 0.658124 0.727400 -0.173190
v 0.658124 0.727400 -0.242467
v 0.727400 0.658123 -0.034638
v 0.727400 0.588847 -0.103914
v 0.727400 0.658123 -0.103914
v 0.796676 0.588847 -0.034638
v 0.796676 0.658123 -0.034638
v 0.796676 0.588847 -0.103914
v 0.796676 0.658123 -0.103914
v 0.727400 0.727400 -0.034638
v 0.727400 0.727400 -0.103914
v 0.727400 0.588847 -0.173190
v 0.727400 0.658123 -0.173190
v 0.727400 0.588847 -0.242467
v 0.727400 0.658123 -0.242467
v 0.796676 0.588847 -0.173190
v 0.796676 0.588847 -0.242467
v 0.727400 0.727400 -0.173190
v 0.588848 0.658123 -0.311743
v 0.588848 0.658123 -0.381019
v 0.658124 0.588847 -0.311743
v 0.658124 0.658123 -0.311743
v 0.658124 0.588847 -0.381019
v 0.658124 0.658123 -0.381019
v 0.588848 0.727400 -0.311743
v 0.588848 0.796676 -0.311743
v 0.588848 0.727400 -0.381019
v 0.658124 0.727400 -0.311743
v 0.588848 0.588847 -0.450295
v 0.588848 0.658123 -0.450295
v 0.588848 0.588847 -0.519571
v 0.588848 0.658123 -0.519571
v 0.658124 0.588847 -0.450295
v 0.658124 0.658123 -0.450295
v 0.658124 0.588847 -0.519571
v 0.588848 0.727400 -0.450295
v 0.727400 0.588847 -0.311743
v 0.727400 0.658123 -0.311743
v 0.727400 0.588847 -0.381019
v 0.796676 0.588847 -0.311743
v 0.727400 0.588847 -0.450295
v 0.658124 0.103914 -0.658124
v 0.658124 0.173190 -0.658124
v 0.658124 0.242467 -0.658124
v 0.588848 0.103914 -0.727400
v 0.588848 0.034638 -0.796676
v 0.588848 0.103914 -0.796676
v 0.658124 0.034638 -0.727400
v 0.658124 0.103914 -0.727400
v 0.658124 0.034638 -0.796676
v 0.658124 0.103914 -0.796676
v 0.588848 0.173190 -0.727400
v 0.588848 0.242467 -0.727400
v 0.588848 0.173190 -0.796676
v 0.588848 0.242467 -0.796676
v 0.658124 0.173190 -0.727400
v 0.658124 0.242467 -0.727400
v 0.727400 0.103914 -0.588848
v 0.727400 0.034638 -0.658124
v 0.727400 0.103914 -0.658124
v 0.796676 0.034638 -0.588848
v 0.796676 0.103914 -0.588848
v 0.796676 0.034638 -0.658124
v 0.796676 0.103914 -0.658124
v 0.727400 0.173190 -0.588848
v 0.727400 0.242467 -0.588848
v 0.727400 0.173190 -0.658124
v 0.727400 0.242467 -0.658124
v 0.796676 0.173190 -0.588848
v 0.796676 0.242467 -0.588848
v 0.727400 0.034638 -0.727400
v 0.727400 0.103914 -0.727400
v 0.588848 0.311743 -0.658124
v 0.588848 0.381019 -0.658124
v 0.658124 0.311743 -0.588848
v 0.658124 0.381019 -0.588848
v 0.658124 0.311743 -0.658124
v 0.658124 0.381019 -0.658124
v 0.588848 0.450295 -0.588848
v 0.588848 0.519571 -0.588848
v 0.588848 0.450295 -0.658124
v 0.588848 0.519571 -0.658124
v 0.658124 0.450295 -0.588848
v 0.658124 0.519571 -0.588848
v 0.658124 0.450295 -0.658124
v 0.588848 0.311743 -0.727400
v 0.588848 0.381019 -0.727400
v 0.588848 0.311743 -0.796676
v 0.658124 0.311743 -0.727400
v 0.588848 0.450295 -0.727400
v 0.727400 0.311743 -0.588848
v 0.727400 0.381019 -0.588848
v 0.727400 0.311743 -0.658124
v 0.796676 0.311743 -0.588848
v 0.727400 0.450295 -0.588848
v 0.588848 0.588847 -0.588848
vn -1.0000 -0.0000 -0.0000
vn -0.0000 -0.0000 1.0000
vn -0.0000 -1.0000 -0.0000
vn -0.0000 1.0000 -0.0000
vn -0.0000 -0.0000 -1.0000
vn 1.0000 -0.0000 -0.0000
s 0
f 16//1 17//1 15//1
f 17//2 14//2 13//2
f 14//3 16//3 12//3
f 20//1 21//1 19//1
f 23//2 20//2 19//2
f 21//2 6//2 5//2
f 6//3 20//3 4//3
f 11//1 23//1 10//1
f 20//3 11//3 8//3
f 19//1 14//1 12//1
f 16//2 19//2 12//2
f 10//1 16//1 7//1
f 14//2 5//2 2//2
f 30//1 31//1 29//1
f 31//2 28//2 27//2
f 34//1 35//1 33//1
f 37//2 34//2 33//2
f 35//3 37//3 33//3
f 43//1 44//1 42//1
f 44//2 41//2 40//2
f 47//1 48//1 46//1
f 50//2 47//2 46//2
f 48//3 50//3 46//3
f 48//2 26//2 25//2
f 53//2 30//2 29//2
f 41//1 53//1 40//1
f 26//1 37//1 25//1
f 37//1 32//1 30//1
f 32//2 35//2 28//2
f 50//1 45//1 43//1
f 45//2 48//2 41//2
f 48//1 54//1 41//1
f 54//2 37//2 30//2
f 37//3 48//3 25//3
f 29//1 6//1 4//1
f 6//2 27//2 3//2
f 42//1 11//1 9//1
f 11//2 40//2 8//2
f 40//1 20//1 8//1
f 20//2 29//2 4//2
f 66//1 67//1 65//1
f 67//2 64//2 63//2
f 64//3 66//3 62//3
f 74//1 75//1 73//1
f 75//3 77//3 73//3
f 75//2 60//2 59//2
f 60//3 74//3 58//3
f 64//1 73//1 63//1
f 73//3 67//3 63//3
f 77//1 72//1 70//1
f 72//2 75//2 69//2
f 67//1 70//1 61//1
f 58//3 64//3 56//3
f 83//1 84//1 82//1
f 81//3 83//3 80//3
f 89//1 90//1 88//1
f 92//2 89//2 88//2
f 90//3 92//3 88//3
f 98//1 99//1 97//1
f 96//3 98//3 95//3
f 104//1 105//1 103//1
f 107//2 104//2 103//2
f 105//3 107//3 103//3
f 84//3 101//3 82//3
f 87//3 104//3 86//3
f 100//1 107//1 99//1
f 104//3 100//3 96//3
f 85//1 92//1 84//1
f 89//3 85//3 81//3
f 92//1 87//1 86//1
f 101//1 96//1 95//1
f 84//1 86//1 79//1
f 96//2 84//2 79//2
f 86//3 96//3 79//3
f 72//1 97//1 71//1
f 95//3 72//3 69//3
f 60//1 82//1 59//1
f 80//3 60//3 57//3
f 75//1 95//1 69//1
f 82//3 75//3 59//3
f 114//1 115//1 113//1
f 118//1 119//1 117//1
f 122//1 123//1 121//1
f 126//1 127//1 125//1
f 129//2 126//2 125//2
f 127//3 129//3 125//3
f 133//1 134//1 132//1
f 136//2 133//2 132//2
f 120//1 129//1 119//1
f 124//1 136//1 123//1
f 121//1 120//1 118//1
f 132//1 128//1 126//1
f 130//2 132//2 126//2
f 123//1 130//1 120//1
f 139//1 140//1 138//1
f 143//1 144//1 142//1
f 146//2 143//2 142//2
f 144//3 146//3 142//3
f 150//1 151//1 149//1
f 154//1 155//1 153//1
f 155//3 157//3 153//3
f 141//1 149//1 140//1
f 145//1 153//1 144//1
f 153//3 148//3 144//3
f 146//1 141//1 139//1
f 157//1 152//1 150//1
f 148//1 150//1 141//1
f 164//1 165//1 163//1
f 168//1 169//1 167//1
f 172//1 173//1 171//1
f 176//1 177//1 175//1
f 173//2 160//2 159//2
f 162//3 176//3 161//3
f 170//1 175//1 169//1
f 160//1 163//1 159//1
f 163//1 162//1 161//1
f 171//1 170//1 168//1
f 173//1 176//1 170//1
f 176//2 163//2 161//2
f 163//3 173//3 159//3
f 182//1 183//1 181//1
f 186//1 187//1 185//1
f 189//2 186//2 185//2
f 187//3 189//3 185//3
f 193//1 194//1 192//1
f 196//2 193//2 192//2
f 194//3 196//3 192//3
f 202//2 182//2 181//2
f 183//3 202//3 181//3
f 184//1 196//1 183//1
f 193//3 184//3 180//3
f 188//1 199//1 187//1
f 189//1 184//1 182//1
f 184//2 187//2 180//2
f 199//1 195//1 193//1
f 187//1 193//1 180//1
f 199//2 114//2 113//2
f 115//3 199//3 113//3
f 195//2 115//2 111//2
f 114//3 188//3 110//3
f 206//2 118//2 117//2
f 119//3 206//3 117//3
f 209//2 122//2 121//2
f 207//2 121//2 118//2
f 211//2 139//2 138//2
f 140//3 211//3 138//3
f 151//3 214//3 149//3
f 149//3 213//3 140//3
f 116//1 146//1 115//1
f 143//3 116//3 112//3
f 115//1 139//1 111//1
f 195//1 211//1 194//1
f 128//1 167//1 127//1
f 135//1 171//1 134//1
f 134//1 168//1 128//1
f 129//1 116//1 114//1
f 116//2 127//2 112//2
f 119//1 114//1 110//1
f 167//1 145//1 143//1
f 175//1 156//1 154//1
f 169//1 154//1 145//1
f 206//1 188//1 186//1
f 127//1 143//1 112//1
f 188//2 119//2 110//2
f 139//3 195//3 111//3
f 222//1 223//1 221//1
f 223//2 220//2 219//2
f 220//3 222//3 218//3
f 236//2 234//2 233//2
f 235//3 236//3 233//3
f 233//2 222//2 221//2
f 223//3 233//3 221//3
f 228//1 236//1 227//1
f 234//3 228//3 225//3
f 236//1 232//1 230//1
f 232//2 235//2 229//2
f 229//2 223//2 217//2
f 222//3 225//3 216//3
f 244//2 242//2 241//2
f 242//3 243//3 240//3
f 250//2 248//2 247//2
f 248//3 249//3 246//3
f 257//1 258//1 256//1
f 260//2 257//2 256//2
f 258//3 260//3 256//3
f 264//1 265//1 263//1
f 267//2 264//2 263//2
f 265//3 267//3 263//3
f 258//2 245//2 244//2
f 245//3 257//3 243//3
f 265//2 251//2 250//2
f 251//3 264//3 249//3
f 264//3 255//3 254//3
f 252//3 244//3 241//3
f 249//2 252//2 246//2
f 255//2 258//2 254//2
f 244//1 249//1 239//1
f 254//2 244//2 239//2
f 249//3 254//3 239//3
f 241//2 228//2 227//2
f 228//3 240//3 226//3
f 247//2 232//2 231//2
f 232//3 246//3 230//3
f 246//2 236//2 230//2
f 236//3 241//3 227//3
f 275//2 273//2 272//2
f 279//2 278//2 277//2
f 283//2 282//2 281//2
f 286//1 287//1 285//1
f 289//2 286//2 285//2
f 287//3 289//3 285//3
f 293//1 294//1 292//1
f 296//2 293//2 292//2
f 287//2 280//2 279//2
f 294//2 284//2 283//2
f 280//2 281//2 278//2
f 292//1 288//1 286//1
f 290//2 292//2 286//2
f 288//2 283//2 280//2
f 301//2 299//2 298//2
f 304//1 305//1 303//1
f 307//2 304//2 303//2
f 305//3 307//3 303//3
f 315//1 316//1 314//1
f 318//2 315//2 314//2
f 316//3 318//3 314//3
f 316//2 302//2 301//2
f 302//3 315//3 300//3
f 321//2 308//2 307//2
f 299//1 310//1 298//1
f 310//3 301//3 298//3
f 307//1 302//1 300//1
f 302//2 305//2 299//2
f 319//2 321//2 315//2
f 315//2 307//2 300//2
f 331//2 330//2 329//2
f 334//1 335//1 333//1
f 337//2 334//2 333//2
f 335//3 337//3 333//3
f 342//2 341//2 340//2
f 347//2 345//2 344//2
f 346//3 347//3 344//3
f 340//2 332//2 331//2
f 344//2 338//2 337//2
f 339//3 344//3 337//3
f 332//2 335//2 330//2
f 343//2 346//2 341//2
f 341//2 339//2 332//2
f 354//2 353//2 352//2
f 358//2 357//2 356//2
f 364//2 363//2 362//2
f 368//2 367//2 366//2
f 362//2 351//2 350//2
f 366//2 355//2 354//2
f 367//3 361//3 360//3
f 351//1 358//1 350//1
f 355//2 356//2 353//2
f 361//2 362//2 360//2
f 362//1 367//1 360//1
f 367//2 358//2 355//2
f 358//3 362//3 350//3
f 335//2 276//2 275//2
f 276//3 334//3 274//3
f 330//2 275//2 271//2
f 352//2 290//2 289//2
f 356//2 297//2 296//2
f 353//2 296//2 290//2
f 371//2 319//2 318//2
f 273//1 321//1 272//1
f 321//3 275//3 272//3
f 275//1 319//1 271//1
f 308//3 273//3 270//3
f 330//1 371//1 329//1
f 371//3 331//3 329//3
f 374//3 342//3 340//3
f 373//3 340//3 331//3
f 278//1 324//1 277//1
f 324//3 279//3 277//3
f 282//1 327//1 281//1
f 281//1 325//1 278//1
f 289//1 276//1 274//1
f 276//2 287//2 273//2
f 273//2 279//2 270//2
f 308//2 324//2 304//2
f 338//2 352//2 334//2
f 348//2 366//2 345//2
f 345//2 354//2 338//2
f 279//1 308//1 270//1
f 334//2 289//2 274//2
f 319//3 330//3 271//3
f 379//3 380//3 378//3
f 384//3 385//3 383//3
f 393//1 394//1 392//1
f 396//2 393//2 392//2
f 394//3 396//3 392//3
f 400//1 401//1 399//1
f 403//2 400//2 399//2
f 401//3 403//3 399//3
f 401//2 387//2 386//2
f 387//3 400//3 385//3
f 398//3 406//3 396//3
f 387//1 396//1 386//1
f 393//3 387//3 384//3
f 406//3 405//3 401//3
f 388//1 384//1 383//1
f 385//2 388//2 383//2
f 396//3 401//3 386//3
f 410//3 411//3 409//3
f 414//3 415//3 413//3
f 419//1 420//1 418//1
f 422//2 419//2 418//2
f 420//3 422//3 418//3
f 426//1 427//1 425//1
f 427//3 429//3 425//3
f 412//3 419//3 411//3
f 427//2 417//2 416//2
f 417//3 426//3 415//3
f 413//3 412//3 410//3
f 421//1 425//1 420//1
f 425//3 424//3 420//3
f 415//3 421//3 412//3
f 437//3 438//3 436//3
f 441//1 442//1 440//1
f 444//2 441//2 440//2
f 442//3 444//3 440//3
f 448//3 449//3 447//3
f 455//2 453//2 452//2
f 454//3 455//3 452//3
f 439//3 447//3 438//3
f 452//2 445//2 444//2
f 446//3 452//3 444//3
f 441//3 439//3 437//3
f 451//1 455//1 450//1
f 453//3 451//3 448//3
f 445//3 448//3 439//3
f 465//3 466//3 464//3
f 472//3 473//3 471//3
f 479//3 480//3 478//3
f 483//3 484//3 482//3
f 467//3 478//3 466//3
f 470//3 482//3 469//3
f 482//3 477//3 475//3
f 471//3 467//3 465//3
f 473//1 470//1 469//1
f 470//2 472//2 468//2
f 480//1 477//1 476//1
f 477//2 479//2 475//2
f 467//1 469//1 463//1
f 475//2 467//2 463//2
f 469//3 475//3 463//3
f 442//2 382//2 381//2
f 382//3 441//3 380//3
f 380//3 437//3 377//3
f 405//3 458//3 403//3
f 424//3 464//3 422//3
f 430//3 471//3 429//3
f 429//3 465//3 424//3
f 382//1 422//1 381//1
f 419//3 382//3 379//3
f 411//3 379//3 376//3
f 464//3 446//3 442//3
f 478//3 457//3 454//3
f 466//3 454//3 446//3
f 431//3 398//3 394//3
f 406//1 379//1 378//1
f 380//2 406//2 378//2
f 405//1 380//1 377//1
f 379//2 398//2 376//2
f 431//1 410//1 409//1
f 411//2 431//2 409//2
f 434//1 414//1 413//1
f 432//1 413//1 410//1
f 458//1 437//1 436//1
f 438//2 458//2 436//2
f 449//2 461//2 447//2
f 447//2 460//2 438//2
f 398//1 411//1 376//1
f 437//2 405//2 377//2
f 422//3 442//3 381//3
f 305//2 11//2 10//2
f 11//3 304//3 9//3
f 310//2 16//2 15//2
f 17//3 310//3 15//3
f 299//2 10//2 7//2
f 16//3 299//3 7//3
f 324//2 43//2 42//2
f 327//2 51//2 50//2
f 325//2 50//2 43//2
f 304//2 42//2 9//2
f 388//2 66//2 65//2
f 67//3 388//3 65//3
f 394//2 72//2 71//2
f 72//3 393//3 70//3
f 384//2 67//2 61//2
f 70//3 384//3 61//3
f 99//3 431//3 97//3
f 109//3 434//3 107//3
f 107//3 432//3 99//3
f 97//3 394//3 71//3
f 232//1 403//1 231//1
f 400//3 232//3 229//3
f 220//1 388//1 219//1
f 388//3 223//3 219//3
f 223//1 385//1 217//1
f 385//3 229//3 217//3
f 458//3 250//3 247//3
f 461//3 269//3 265//3
f 460//3 265//3 250//3
f 403//3 247//3 231//3
f 14//1 202//1 13//1
f 202//3 17//3 13//3
f 6//1 189//1 5//1
f 186//3 6//3 3//3
f 5//1 182//1 2//1
f 182//3 14//3 2//3
f 28//1 206//1 27//1
f 36//1 209//1 35//1
f 35//1 207//1 28//1
f 27//1 186//1 3//1
f 196//1 60//1 58//1
f 60//2 194//2 57//2
f 202//1 64//1 62//1
f 66//2 202//2 62//2
f 183//1 58//1 56//1
f 64//2 183//2 56//2
f 211//1 81//1 80//1
f 214//1 91//1 89//1
f 213//1 89//1 81//1
f 194//1 80//1 57//1
f 310//1 220//1 218//1
f 222//2 310//2 218//2
f 318//1 228//1 226//1
f 228//2 316//2 225//2
f 301//1 222//1 216//1
f 225//2 301//2 216//2
f 243//2 371//2 240//2
f 261//2 374//2 257//2
f 257//2 373//2 243//2
f 240//2 318//2 226//2
f 17//1 66//1 1//1
f 220//2 17//2 1//2
f 66//3 220//3 1//3
f 489//1 490//1 488//1
f 492//2 489//2 488//2
f 494//4 489//4 493//4
f 498//1 499//1 497//1
f 499//2 496//2 495//2
f 502//1 503//1 501//1
f 505//2 502//2 501//2
f 507//4 502//4 506//4
f 511//1 512//1 510//1
f 512//2 509//2 508//2
f 503//2 487//2 486//2
f 515//2 498//2 497//2
f 487//1 492//1 486//1
f 509//1 515//1 508//1
f 497//1 494//1 493//1
f 494//2 495//2 491//2
f 510//1 507//1 506//1
f 507//2 508//2 504//2
f 508//1 514//1 504//1
f 514//2 497//2 493//2
f 514//4 487//4 504//4
f 528//1 529//1 527//1
f 531//2 528//2 527//2
f 537//1 538//1 536//1
f 538//2 535//2 534//2
f 538//4 533//4 536//4
f 529//2 520//2 519//2
f 529//4 518//4 527//4
f 525//1 531//1 524//1
f 531//4 522//4 524//4
f 533//1 530//1 528//1
f 532//2 533//2 528//2
f 526//1 532//1 525//1
f 530//2 521//2 520//2
f 518//1 500//1 498//1
f 500//2 517//2 496//2
f 523//1 513//1 511//1
f 513//2 522//2 509//2
f 522//1 516//1 509//1
f 516//2 518//2 498//2
f 542//1 543//1 541//1
f 546//1 547//1 545//1
f 550//1 551//1 549//1
f 553//2 550//2 549//2
f 556//1 557//1 555//1
f 559//2 556//2 555//2
f 561//4 556//4 560//4
f 544//1 553//1 543//1
f 548//1 559//1 547//1
f 545//1 544//1 542//1
f 555//1 552//1 550//1
f 554//2 555//2 550//2
f 547//1 554//1 544//1
f 565//1 566//1 564//1
f 572//1 573//1 571//1
f 578//1 579//1 577//1
f 582//1 583//1 581//1
f 587//1 588//1 586//1
f 579//2 570//2 569//2
f 588//4 575//4 586//4
f 570//1 571//1 569//1
f 584//1 586//1 583//1
f 575//1 574//1 572//1
f 581//1 580//1 578//1
f 583//1 585//1 580//1
f 585//2 575//2 572//2
f 585//4 570//4 580//4
f 591//1 592//1 590//1
f 594//2 591//2 590//2
f 596//4 591//4 595//4
f 598//1 599//1 597//1
f 602//1 603//1 601//1
f 606//4 602//4 605//4
f 608//1 609//1 607//1
f 593//1 601//1 592//1
f 605//4 593//4 596//4
f 600//1 607//1 599//1
f 597//1 596//1 595//1
f 607//1 606//1 605//1
f 599//1 605//1 596//1
f 617//1 618//1 616//1
f 620//2 617//2 616//2
f 622//4 617//4 621//4
f 625//1 626//1 624//1
f 632//1 633//1 631//1
f 635//2 632//2 631//2
f 637//4 632//4 636//4
f 638//2 625//2 624//2
f 640//4 625//4 639//4
f 619//1 628//1 618//1
f 627//1 635//1 626//1
f 635//4 623//4 626//4
f 624//1 622//1 621//1
f 622//2 623//2 619//2
f 631//1 630//1 629//1
f 623//1 629//1 619//1
f 611//2 542//2 541//2
f 613//2 546//2 545//2
f 615//4 546//4 614//4
f 612//2 545//2 542//2
f 628//2 565//2 564//2
f 630//4 565//4 629//4
f 630//2 568//2 567//2
f 628//4 562//4 618//4
f 642//2 598//2 597//2
f 644//4 598//4 643//4
f 646//4 608//4 645//4
f 645//4 600//4 644//4
f 552//1 577//1 551//1
f 558//1 581//1 557//1
f 557//1 578//1 552//1
f 567//1 594//1 566//1
f 594//4 563//4 566//4
f 568//1 595//1 567//1
f 634//1 642//1 633//1
f 564//1 561//1 560//1
f 561//2 563//2 558//2
f 562//1 560//1 548//1
f 590//1 584//1 582//1
f 601//1 589//1 587//1
f 592//1 587//1 584//1
f 616//1 615//1 614//1
f 563//1 582//1 558//1
f 615//2 562//2 548//2
f 642//4 568//4 633//4
f 656//1 657//1 655//1
f 657//2 654//2 653//2
f 657//4 652//4 655//4
f 661//1 662//1 660//1
f 665//4 661//4 664//4
f 662//2 651//2 650//2
f 662//4 649//4 660//4
f 654//1 660//1 653//1
f 664//4 654//4 658//4
f 667//1 665//1 664//1
f 665//2 666//2 663//2
f 659//1 664//1 658//1
f 660//4 647//4 653//4
f 673//1 674//1 672//1
f 674//4 670//4 672//4
f 678//1 679//1 677//1
f 681//2 678//2 677//2
f 683//4 678//4 682//4
f 691//1 692//1 690//1
f 692//4 688//4 690//4
f 695//1 696//1 694//1
f 698//2 695//2 694//2
f 700//4 695//4 699//4
f 687//4 673//4 686//4
f 696//4 684//4 694//4
f 675//1 681//1 674//1
f 681//4 671//4 674//4
f 693//1 698//1 692//1
f 698//4 689//4 692//4
f 684//1 683//1 682//1
f 688//1 687//1 686//1
f 676//1 682//1 675//1
f 687//2 676//2 675//2
f 694//4 676//4 689//4
f 651//1 672//1 650//1
f 672//4 648//4 650//4
f 669//1 690//1 668//1
f 690//4 666//4 668//4
f 666//1 686//1 663//1
f 686//4 651//4 663//4
f 703//2 702//2 701//2
f 707//2 706//2 705//2
f 710//1 711//1 709//1
f 713//2 710//2 709//2
f 716//1 717//1 715//1
f 719//2 716//2 715//2
f 721//4 716//4 720//4
f 711//2 704//2 703//2
f 717//2 708//2 707//2
f 704//2 705//2 702//2
f 715//1 712//1 710//1
f 714//2 715//2 710//2
f 712//2 707//2 704//2
f 726//2 724//2 723//2
f 735//1 736//1 734//1
f 738//2 735//2 734//2
f 740//4 735//4 739//4
f 744//2 742//2 741//2
f 754//1 755//1 753//1
f 757//2 754//2 753//2
f 759//4 754//4 758//4
f 750//2 739//2 738//2
f 755//2 745//2 744//2
f 755//4 743//4 753//4
f 742//1 746//1 741//1
f 749//4 742//4 745//4
f 743//1 740//1 739//1
f 740//2 741//2 737//2
f 752//2 753//2 751//2
f 751//2 743//2 739//2
f 764//2 763//2 762//2
f 768//2 767//2 766//2
f 772//2 771//2 770//2
f 779//2 778//2 777//2
f 770//2 761//2 760//2
f 777//2 769//2 768//2
f 761//1 764//1 760//1
f 779//4 774//4 775//4
f 765//2 766//2 763//2
f 773//2 774//2 771//2
f 774//1 776//1 771//1
f 776//2 768//2 765//2
f 776//4 761//4 771//4
f 782//1 783//1 781//1
f 785//2 782//2 781//2
f 787//4 782//4 786//4
f 790//2 789//2 788//2
f 795//2 793//2 792//2
f 797//4 793//4 796//4
f 800//2 799//2 798//2
f 792//2 786//2 785//2
f 794//4 786//4 793//4
f 798//2 791//2 790//2
f 787//2 788//2 784//2
f 797//2 798//2 794//2
f 794//2 790//2 787//2
f 762//2 714//2 713//2
f 766//2 720//2 719//2
f 763//2 719//2 714//2
f 783//2 727//2 726//2
f 783//4 725//4 781//4
f 784//2 728//2 727//2
f 802//2 758//2 757//2
f 702//1 729//1 701//1
f 706//1 731//1 705//1
f 733//4 706//4 708//4
f 705//1 730//1 702//1
f 724//1 750//1 723//1
f 752//4 724//4 727//4
f 728//1 752//1 727//1
f 750//4 722//4 723//4
f 789//1 802//1 788//1
f 804//4 789//4 791//4
f 806//4 799//4 801//4
f 805//4 791//4 799//4
f 725//1 721//1 720//1
f 721//2 723//2 718//2
f 718//2 722//2 708//2
f 733//2 734//2 732//2
f 769//2 781//2 767//2
f 780//2 792//2 778//2
f 778//2 785//2 769//2
f 722//1 733//1 708//1
f 767//2 725//2 720//2
f 802//4 728//4 788//4
f 812//1 813//1 811//1
f 813//2 810//2 809//2
f 813//4 808//4 811//4
f 823//2 821//2 820//2
f 825//4 821//4 824//4
f 820//2 812//2 811//2
f 822//4 812//4 821//4
f 819//1 823//1 818//1
f 823//4 816//4 818//4
f 827//1 825//1 824//1
f 825//2 826//2 822//2
f 822//2 815//2 814//2
f 820//4 807//4 816//4
f 834//2 832//2 831//2
f 834//4 830//4 833//4
f 843//2 841//2 840//2
f 843//4 839//4 842//4
f 846//1 847//1 845//1
f 849//2 846//2 845//2
f 851//4 846//4 850//4
f 855//1 856//1 854//1
f 858//2 855//2 854//2
f 860//4 855//4 859//4
f 847//2 835//2 834//2
f 847//4 833//4 845//4
f 856//2 844//2 843//2
f 856//4 842//4 854//4
f 838//4 832//4 835//4
f 858//4 852//4 853//4
f 838//2 839//2 837//2
f 851//2 852//2 848//2
f 836//1 838//1 835//1
f 848//2 836//2 835//2
f 854//4 836//4 852//4
f 831//2 819//2 818//2
f 831//4 817//4 830//4
f 840//2 829//2 828//2
f 840//4 827//4 839//4
f 837//2 827//2 824//2
f 837//4 819//4 832//4
f 868//4 865//4 867//4
f 871//1 872//1 870//1
f 874//2 871//2 870//2
f 876//4 871//4 875//4
f 878//1 879//1 877//1
f 881//2 878//2 877//2
f 883//4 878//4 882//4
f 879//2 869//2 868//2
f 879//4 867//4 877//4
f 885//4 875//4 884//4
f 869//1 874//1 868//1
f 874//4 866//4 868//4
f 886//4 880//4 883//4
f 865//1 863//1 862//1
f 864//2 865//2 862//2
f 884//4 869//4 880//4
f 892//4 889//4 891//4
f 902//4 899//4 901//4
f 906//4 903//4 905//4
f 909//1 910//1 908//1
f 912//2 909//2 908//2
f 914//4 909//4 913//4
f 916//1 917//1 915//1
f 920//4 916//4 919//4
f 910//4 901//4 908//4
f 917//2 907//2 906//2
f 917//4 905//4 915//4
f 905//4 900//4 902//4
f 911//1 915//1 910//1
f 919//4 911//4 914//4
f 915//4 902//4 910//4
f 929//4 926//4 928//4
f 931//1 932//1 930//1
f 934//2 931//2 930//2
f 936//4 931//4 935//4
f 940//4 937//4 939//4
f 945//2 943//2 942//2
f 947//4 943//4 946//4
f 938//4 928//4 937//4
f 942//2 935//2 934//2
f 944//4 935//4 943//4
f 934//4 927//4 929//4
f 941//1 945//1 940//1
f 945//4 938//4 940//4
f 942//4 929//4 938//4
f 951//4 948//4 950//4
f 956//4 953//4 955//4
f 963//4 960//4 962//4
f 970//4 967//4 969//4
f 961//4 950//4 960//4
f 968//4 958//4 967//4
f 955//4 949//4 951//4
f 969//4 964//4 966//4
f 958//1 956//1 955//1
f 956//2 957//2 954//2
f 965//1 963//1 962//1
f 963//2 964//2 961//2
f 952//1 955//1 951//1
f 961//2 952//2 951//2
f 967//4 952//4 964//4
f 922//4 882//4 921//4
f 932//2 893//2 892//2
f 932//4 891//4 930//4
f 930//4 888//4 927//4
f 949//4 913//4 948//4
f 954//4 919//4 953//4
f 953//4 914//4 949//4
f 896//4 873//4 876//4
f 893//1 912//1 892//1
f 912//4 890//4 892//4
f 908//4 887//4 890//4
f 950//4 933//4 936//4
f 962//4 944//4 947//4
f 960//4 936//4 944//4
f 889//1 885//1 884//1
f 886//2 889//2 884//2
f 888//1 886//1 883//1
f 885//2 887//2 876//2
f 899//1 895//1 894//1
f 896//2 899//2 894//2
f 903//1 898//1 897//1
f 900//1 897//1 895//1
f 926//1 922//1 921//1
f 923//2 926//2 921//2
f 925//2 937//2 924//2
f 924//2 928//2 923//2
f 887//1 896//1 876//1
f 922//2 888//2 883//2
f 948//4 893//4 933//4
f 729//2 506//2 505//2
f 731//2 511//2 510//2
f 730//2 510//2 506//2
f 736//2 525//2 524//2
f 736//4 523//4 734//4
f 746//2 537//2 536//2
f 748//4 537//4 747//4
f 737//2 526//2 525//2
f 746//4 526//4 741//4
f 732//2 523//2 511//2
f 861//2 656//2 655//2
f 863//4 656//4 862//4
f 872//2 669//2 668//2
f 872//4 667//4 870//4
f 863//2 659//2 658//2
f 870//4 659//4 866//4
f 895//4 691//4 894//4
f 898//4 699//4 897//4
f 897//4 693//4 895//4
f 894//4 669//4 873//4
f 491//1 611//1 490//1
f 496//1 613//1 495//1
f 495//1 612//1 491//1
f 520//1 620//1 519//1
f 620//4 517//4 519//4
f 535//1 638//1 534//1
f 641//4 535//4 539//4
f 521//1 621//1 520//1
f 638//4 521//4 534//4
f 517//1 614//1 496//1
f 810//1 861//1 809//1
f 864//4 810//4 814//4
f 829//1 881//1 828//1
f 881//4 826//4 828//4
f 815//1 864//1 814//1
f 877//4 815//4 826//4
f 923//4 841//4 844//4
f 925//4 857//4 860//4
f 924//4 844//4 857//4
f 921//4 829//4 841//4
f 649//1 637//1 636//1
f 637//2 648//2 634//2
f 652//1 640//1 639//1
f 641//2 652//2 639//2
f 647//1 636//1 627//1
f 640//2 647//2 627//2
f 670//1 644//1 643//1
f 677//1 646//1 645//1
f 671//1 645//1 644//1
f 648//1 643//1 634//1
f 808//1 748//1 747//1
f 749//2 808//2 747//2
f 817//1 759//1 758//1
f 759//2 816//2 756//2
f 807//1 749//1 745//1
f 756//2 807//2 745//2
f 804//2 830//2 803//2
f 806//2 845//2 805//2
f 805//2 833//2 804//2
f 803//2 817//2 758//2
f 540//1 641//1 539//1
f 748//2 540//2 539//2
f 861//4 540//4 809//4
f 974//1 975//1 973//1
f 979//5 975//5 976//5
f 975//3 977//3 973//3
f 984//1 985//1 983//1
f 982//3 984//3 981//3
f 988//1 989//1 987//1
f 993//5 989//5 990//5
f 989//3 991//3 987//3
f 997//1 998//1 996//1
f 995//3 997//3 994//3
f 972//3 988//3 971//3
f 985//3 1000//3 983//3
f 993//1 996//1 992//1
f 994//3 993//3 990//3
f 979//1 983//1 978//1
f 981//3 979//3 976//3
f 977//1 972//1 971//1
f 1000//1 995//1 994//1
f 978//1 980//1 972//1
f 1000//5 980//5 983//5
f 980//3 990//3 972//3
f 1012//1 1013//1 1011//1
f 1013//3 1015//3 1011//3
f 1022//1 1023//1 1021//1
f 1022//5 1018//5 1019//5
f 1020//3 1022//3 1019//3
f 1012//5 1003//5 1004//5
f 1005//3 1012//3 1004//3
f 1014//1 1018//1 1013//1
f 1018//3 1016//3 1013//3
f 1015//1 1010//1 1009//1
f 1015//5 1007//5 1011//5
f 1016//1 1017//1 1010//1
f 1006//3 1014//3 1005//3
f 999//1 1008//1 998//1
f 1007//3 999//3 995//3
f 986//1 1003//1 985//1
f 1002//3 986//3 982//3
f 1001//1 1007//1 995//1
f 1003//3 1001//3 985//3
f 1026//1 1027//1 1025//1
f 1030//1 1031//1 1029//1
f 1031//3 1033//3 1029//3
f 1036//1 1037//1 1035//1
f 1040//1 1041//1 1039//1
f 1045//5 1041//5 1042//5
f 1041//3 1043//3 1039//3
f 1028//1 1035//1 1027//1
f 1032//1 1039//1 1031//1
f 1039//3 1034//3 1031//3
f 1033//1 1028//1 1026//1
f 1043//1 1038//1 1036//1
f 1034//1 1036//1 1028//1
f 1049//1 1050//1 1048//1
f 1055//1 1056//1 1054//1
f 1060//1 1061//1 1059//1
f 1064//1 1065//1 1063//1
f 1047//3 1055//3 1046//3
f 1064//5 1052//5 1053//5
f 1057//1 1059//1 1056//1
f 1051//1 1052//1 1050//1
f 1048//1 1047//1 1046//1
f 1063//1 1062//1 1060//1
f 1058//1 1060//1 1057//1
f 1058//5 1047//5 1050//5
f 1052//3 1058//3 1050//3
f 1070//1 1071//1 1069//1
f 1075//1 1076//1 1074//1
f 1080//5 1076//5 1077//5
f 1076//3 1078//3 1074//3
f 1082//1 1083//1 1081//1
f 1086//5 1083//5 1084//5
f 1088//1 1089//1 1087//1
f 1092//1 1093//1 1091//1
f 1080//1 1087//1 1079//1
f 1086//1 1091//1 1085//1
f 1081//1 1077//1 1075//1
f 1085//5 1077//5 1083//5
f 1091//1 1090//1 1088//1
f 1085//1 1088//1 1080//1
f 1101//1 1102//1 1100//1
f 1106//5 1102//5 1103//5
f 1102//3 1104//3 1100//3
f 1112//1 1113//1 1111//1
f 1116//1 1117//1 1115//1
f 1121//5 1117//5 1118//5
f 1117//3 1119//3 1115//3
f 1124//5 1113//5 1114//5
f 1113//3 1122//3 1111//3
f 1106//1 1111//1 1105//1
f 1110//3 1106//3 1103//3
f 1109//1 1115//1 1108//1
f 1107//1 1103//1 1101//1
f 1119//1 1114//1 1112//1
f 1119//5 1110//5 1115//5
f 1108//1 1110//1 1103//1
f 1027//3 1095//3 1025//3
f 1099//5 1037//5 1038//5
f 1037//3 1097//3 1035//3
f 1035//3 1096//3 1027//3
f 1109//5 1071//5 1072//5
f 1071//3 1107//3 1069//3
f 1107//5 1067//5 1069//5
f 1073//3 1109//3 1072//3
f 1128//5 1089//5 1090//5
f 1089//3 1126//3 1087//3
f 1130//5 1093//5 1094//5
f 1129//5 1090//5 1093//5
f 1045//1 1069//1 1044//1
f 1068//3 1045//3 1042//3
f 1044//1 1067//1 1038//1
f 1099//1 1100//1 1098//1
f 1062//1 1074//1 1061//1
f 1066//1 1081//1 1065//1
f 1065//1 1075//1 1062//1
f 1054//1 1032//1 1030//1
f 1059//1 1042//1 1040//1
f 1056//1 1040//1 1032//1
f 1078//1 1072//1 1070//1
f 1078//5 1068//5 1074//5
f 1079//1 1073//1 1072//1
f 1126//1 1118//1 1116//1
f 1061//1 1068//1 1042//1
f 1126//5 1073//5 1087//5
f 1067//3 1099//3 1038//3
f 1141//1 1142//1 1140//1
f 1141//5 1137//5 1138//5
f 1139//3 1141//3 1138//3
f 1145//1 1146//1 1144//1
f 1149//5 1146//5 1147//5
f 1145//5 1134//5 1135//5
f 1136//3 1145//3 1135//3
f 1149//1 1152//1 1148//1
f 1151//3 1149//3 1147//3
f 1144//1 1139//1 1138//1
f 1148//5 1139//5 1146//5
f 1148//1 1150//1 1143//1
f 1144//5 1132//5 1134//5
f 1158//1 1159//1 1157//1
f 1158//5 1155//5 1156//5
f 1162//1 1163//1 1161//1
f 1167//5 1163//5 1164//5
f 1163//3 1165//3 1161//3
f 1176//1 1177//1 1175//1
f 1176//5 1173//5 1174//5
f 1180//1 1181//1 1179//1
f 1185//5 1181//5 1182//5
f 1181//3 1183//3 1179//3
f 1171//5 1159//5 1160//5
f 1180//5 1168//5 1169//5
f 1171//1 1173//1 1170//1
f 1167//1 1168//1 1166//1
f 1165//1 1160//1 1158//1
f 1165//5 1156//5 1161//5
f 1183//1 1178//1 1176//1
f 1183//5 1174//5 1179//5
f 1172//1 1174//1 1171//1
f 1172//5 1160//5 1166//5
f 1168//3 1172//3 1166//3
f 1157//1 1136//1 1135//1
f 1157//5 1133//5 1155//5
f 1175//1 1154//1 1153//1
f 1175//5 1151//5 1173//5
f 1170//1 1151//1 1147//1
f 1170//5 1136//5 1159//5
f 1187//3 1189//3 1186//3
f 1192//3 1193//3 1191//3
f 1196//1 1197//1 1195//1
f 1197//3 1199//3 1195//3
f 1202//1 1203//1 1201//1
f 1207//5 1203//5 1204//5
f 1203//3 1205//3 1201//3
f 1196//5 1188//5 1189//5
f 1190//3 1196//3 1189//3
f 1194//3 1202//3 1193//3
f 1191//3 1190//3 1187//3
f 1198//1 1201//1 1197//1
f 1201//3 1200//3 1197//3
f 1193//3 1198//3 1190//3
f 1215//3 1217//3 1214//3
f 1221//1 1222//1 1220//1
f 1226//5 1222//5 1223//5
f 1222//3 1224//3 1220//3
f 1228//3 1230//3 1227//3
f 1240//1 1241//1 1239//1
f 1245//5 1241//5 1242//5
f 1241//3 1243//3 1239//3
f 1225//3 1236//3 1224//3
f 1240//5 1229//5 1230//5
f 1231//3 1240//3 1230//3
f 1226//1 1229//1 1225//1
f 1227//3 1226//3 1223//3
f 1239//3 1238//3 1237//3
f 1232//1 1228//1 1227//1
f 1235//5 1228//5 1233//5
f 1229//3 1237//3 1225//3
f 1250//3 1251//3 1249//3
f 1255//3 1256//3 1254//3
f 1259//3 1260//3 1258//3
f 1266//3 1267//3 1265//3
f 1248//3 1258//3 1247//3
f 1257//3 1265//3 1256//3
f 1262//3 1261//3 1259//3
f 1254//3 1252//3 1250//3
f 1251//1 1248//1 1247//1
f 1251//5 1246//5 1249//5
f 1267//1 1264//1 1263//1
f 1267//5 1262//5 1265//5
f 1252//1 1253//1 1248//1
f 1265//5 1253//5 1256//5
f 1253//3 1259//3 1248//3
f 1270//1 1271//1 1269//1
f 1275//5 1271//5 1272//5
f 1271//3 1273//3 1269//3
f 1277//3 1278//3 1276//3
f 1285//5 1281//5 1282//5
f 1281//3 1283//3 1280//3
f 1287//3 1289//3 1286//3
f 1282//5 1274//5 1275//5
f 1274//3 1280//3 1273//3
f 1279//3 1286//3 1278//3
f 1276//3 1275//3 1272//3
f 1285//1 1288//1 1284//1
f 1286//3 1285//3 1282//3
f 1278//3 1282//3 1275//3
f 1200//3 1249//3 1199//3
f 1206//3 1254//3 1205//3
f 1205//3 1250//3 1200//3
f 1270//5 1216//5 1217//5
f 1218//3 1270//3 1217//3
f 1219//3 1272//3 1218//3
f 1244//3 1291//3 1243//3
f 1207//1 1216//1 1206//1
f 1214//3 1207//3 1204//3
f 1213//3 1204//3 1194//3
f 1269//3 1257//3 1255//3
f 1280//3 1268//3 1266//3
f 1273//3 1266//3 1257//3
f 1220//3 1212//3 1211//3
f 1208//1 1187//1 1186//1
f 1210//1 1192//1 1191//1
f 1212//5 1192//5 1211//5
f 1209//1 1191//1 1187//1
f 1236//1 1215//1 1214//1
f 1238//5 1215//5 1237//5
f 1238//1 1219//1 1218//1
f 1236//5 1213//5 1224//5
f 1291//1 1277//1 1276//1
f 1293//5 1277//5 1292//5
f 1295//5 1287//5 1294//5
f 1294//5 1279//5 1293//5
f 1212//1 1213//1 1194//1
f 1291//5 1219//5 1243//5
f 1216//3 1255//3 1206//3
f 1301//1 1302//1 1300//1
f 1301//5 1297//5 1298//5
f 1299//3 1301//3 1298//3
f 1314//5 1310//5 1311//5
f 1310//3 1312//3 1309//3
f 1311//5 1302//5 1303//5
f 1302//3 1309//3 1300//3
f 1314//1 1316//1 1313//1
f 1315//3 1314//3 1311//3
f 1312//1 1308//1 1307//1
f 1312//5 1305//5 1309//5
f 1309//5 1296//5 1300//5
f 1304//3 1311//3 1303//3
f 1323//5 1319//5 1320//5
f 1321//3 1323//3 1320//3
f 1332//5 1328//5 1329//5
f 1330//3 1332//3 1329//3
f 1335//1 1336//1 1334//1
f 1340//5 1336//5 1337//5
f 1336//3 1338//3 1334//3
f 1344//1 1345//1 1343//1
f 1349//5 1345//5 1346//5
f 1345//3 1347//3 1343//3
f 1335//5 1322//5 1323//5
f 1324//3 1335//3 1323//3
f 1344//5 1331//5 1332//5
f 1333//3 1344//3 1332//3
f 1341//3 1340//3 1337//3
f 1328//3 1326//3 1325//3
f 1326//5 1321//5 1325//5
f 1347//5 1341//5 1343//5
f 1326//1 1327//1 1324//1
f 1343//5 1327//5 1331//5
f 1327//3 1337//3 1324//3
f 1320//5 1306//5 1307//5
f 1308//3 1320//3 1307//3
f 1329//5 1316//5 1317//5
f 1318//3 1329//3 1317//3
f 1325//5 1308//5 1313//5
f 1316//3 1325//3 1313//3
f 1357//5 1354//5 1355//5
f 1360//1 1361//1 1359//1
f 1365//5 1361//5 1362//5
f 1361//3 1363//3 1359//3
f 1367//1 1368//1 1366//1
f 1372//5 1368//5 1369//5
f 1368//3 1370//3 1366//3
f 1367//5 1356//5 1357//5
f 1358//3 1367//3 1357//3
f 1374//5 1364//5 1365//5
f 1352//1 1354//1 1351//1
f 1354//3 1353//3 1351//3
f 1363//1 1358//1 1357//1
f 1363//5 1355//5 1359//5
f 1375//5 1369//5 1373//5
f 1373//5 1358//5 1364//5
f 1386//5 1383//5 1384//5
f 1391//5 1388//5 1389//5
f 1395//5 1392//5 1393//5
f 1397//1 1398//1 1396//1
f 1402//5 1398//5 1399//5
f 1398//3 1400//3 1396//3
f 1404//1 1405//1 1403//1
f 1408//5 1405//5 1406//5
f 1397//5 1390//5 1391//5
f 1404//5 1394//5 1395//5
f 1394//5 1389//5 1392//5
f 1403//1 1399//1 1397//1
f 1407//5 1399//5 1405//5
f 1403//5 1391//5 1394//5
f 1417//5 1414//5 1415//5
f 1419//1 1420//1 1418//1
f 1424//5 1420//5 1421//5
f 1420//3 1422//3 1418//3
f 1428//5 1425//5 1426//5
f 1434//5 1430//5 1431//5
f 1430//3 1432//3 1429//3
f 1426//5 1416//5 1417//5
f 1431//5 1423//5 1424//5
f 1423//3 1429//3 1422//3
f 1422//5 1415//5 1418//5
f 1432//5 1426//5 1429//5
f 1429//5 1417//5 1422//5
f 1438//5 1435//5 1436//5
f 1442//5 1439//5 1440//5
f 1448//5 1445//5 1446//5
f 1455//5 1452//5 1453//5
f 1446//5 1437//5 1438//5
f 1453//5 1443//5 1444//5
f 1450//3 1448//3 1446//3
f 1442//1 1443//1 1441//1
f 1441//5 1436//5 1439//5
f 1454//5 1450//5 1452//5
f 1449//1 1450//1 1446//1
f 1449//5 1438//5 1441//5
f 1443//3 1449//3 1441//3
f 1410//5 1371//5 1372//5
f 1419//5 1385//5 1386//5
f 1387//3 1419//3 1386//3
f 1418//5 1382//5 1385//5
f 1436//5 1401//5 1402//5
f 1440//5 1407//5 1408//5
f 1439//5 1402//5 1407//5
f 1374//1 1383//1 1373//1
f 1383//3 1375//3 1373//3
f 1375//1 1382//1 1372//1
f 1381//3 1374//3 1365//3
f 1410//1 1414//1 1409//1
f 1414//3 1411//3 1409//3
f 1425//3 1413//3 1412//3
f 1416//3 1412//3 1411//3
f 1377//1 1388//1 1376//1
f 1388//3 1378//3 1376//3
f 1380//1 1392//1 1379//1
f 1379//1 1389//1 1377//1
f 1378//5 1362//5 1376//5
f 1400//1 1387//1 1386//1
f 1400//5 1384//5 1396//5
f 1396//5 1381//5 1390//5
f 1437//5 1421//5 1435//5
f 1447//5 1431//5 1445//5
f 1445//5 1424//5 1437//5
f 1378//1 1381//1 1365//1
f 1435//5 1387//5 1401//5
f 1382//3 1410//3 1372//3
f 992//3 1208//3 991//3
f 998//3 1210//3 996//3
f 996//3 1209//3 992//3
f 1221//5 1008//5 1009//5
f 1010//3 1221//3 1009//3
f 1234//5 1023//5 1024//5
f 1023//3 1232//3 1021//3
f 1232//5 1017//5 1021//5
f 1017//3 1223//3 1010//3
f 1008//3 1211//3 998//3
f 1352//5 1142//5 1143//5
f 1142//3 1350//3 1140//3
f 1360//5 1152//5 1153//5
f 1154//3 1360//3 1153//3
f 1359//5 1150//5 1152//5
f 1150//3 1352//3 1143//3
f 1377//5 1177//5 1178//5
f 1380//5 1184//5 1185//5
f 1379//5 1178//5 1184//5
f 1376//5 1154//5 1177//5
f 1245//1 1306//1 1244//1
f 1305//3 1245//3 1242//3
f 1234//1 1297//1 1233//1
f 1297//3 1235//3 1233//3
f 1235//1 1296//1 1231//1
f 1296//3 1242//3 1231//3
f 1319//3 1293//3 1292//3
f 1334//3 1295//3 1294//3
f 1322//3 1294//3 1293//3
f 1306//3 1292//3 1244//3
f 1124//1 1137//1 1123//1
f 1137//3 1125//3 1123//3
f 1121//1 1134//1 1120//1
f 1133//3 1121//3 1118//3
f 1120//1 1132//1 1114//1
f 1132//3 1124//3 1114//3
f 1128//1 1155//1 1127//1
f 1130//1 1161//1 1129//1
f 1129//1 1156//1 1128//1
f 1127//1 1133//1 1118//1
f 1095//1 976//1 974//1
f 1097//1 982//1 981//1
f 1096//1 981//1 976//1
f 1104//1 1005//1 1004//1
f 1104//5 1002//5 1100//5
f 1122//1 1020//1 1019//1
f 1125//5 1020//5 1123//5
f 1105//1 1006//1 1005//1
f 1122//5 1006//5 1111//5
f 1098//1 1002//1 982//1
f 1350//1 1299//1 1298//1
f 1353//5 1299//5 1351//5
f 1370//1 1318//1 1317//1
f 1370//5 1315//5 1366//5
f 1353//1 1304//1 1303//1
f 1366//5 1304//5 1356//5
f 1411//5 1330//5 1409//5
f 1413//5 1346//5 1412//5
f 1412//5 1333//5 1411//5
f 1409//5 1318//5 1371//5
f 1125//1 1131//1 1024//1
f 1350//5 1131//5 1140//5
f 1131//3 1234//3 1024//3
f 1457//1 1458//1 1456//1
f 1466//1 1467//1 1465//1
f 1470//1 1471//1 1469//1
f 1474//1 1475//1 1473//1
f 1467//4 1460//4 1465//4
f 1470//5 1462//5 1463//5
f 1459//1 1462//1 1458//1
f 1468//1 1473//1 1467//1
f 1460//1 1459//1 1457//1
f 1473//1 1472//1 1470//1
f 1467//1 1470//1 1464//1
f 1467//5 1459//5 1461//5
f 1470//4 1459//4 1464//4
f 1478//1 1479//1 1477//1
f 1482//4 1478//4 1481//4
f 1484//1 1485//1 1483//1
f 1488//1 1489//1 1487//1
f 1493//5 1489//5 1490//5
f 1493//4 1488//4 1491//4
f 1495//1 1496//1 1494//1
f 1480//1 1487//1 1479//1
f 1491//4 1480//4 1482//4
f 1486//1 1494//1 1485//1
f 1483//1 1482//1 1481//1
f 1494//1 1493//1 1491//1
f 1485//1 1491//1 1482//1
f 1499//1 1500//1 1498//1
f 1503//5 1500//5 1501//5
f 1505//1 1506//1 1504//1
f 1510//5 1506//5 1507//5
f 1510//4 1505//4 1508//4
f 1512//1 1513//1 1511//1
f 1516//1 1517//1 1515//1
f 1503//1 1511//1 1502//1
f 1510//1 1515//1 1509//1
f 1504//1 1501//1 1499//1
f 1509//5 1501//5 1506//5
f 1515//1 1514//1 1512//1
f 1509//1 1512//1 1503//1
f 1521//1 1522//1 1520//1
f 1540//1 1541//1 1539//1
f 1545//5 1541//5 1542//5
f 1545//4 1540//4 1543//4
f 1547//1 1548//1 1546//1
f 1552//5 1548//5 1549//5
f 1552//4 1547//4 1550//4
f 1555//1 1556//1 1554//1
f 1560//5 1556//5 1557//5
f 1560//4 1555//4 1558//4
f 1538//1 1546//1 1537//1
f 1545//1 1554//1 1544//1
f 1554//4 1541//4 1544//4
f 1539//1 1538//1 1536//1
f 1554//1 1552//1 1550//1
f 1554//5 1547//5 1553//5
f 1541//1 1547//1 1538//1
f 1527//4 1484//4 1526//4
f 1530//5 1496//5 1497//5
f 1530//4 1495//4 1528//4
f 1528//4 1486//4 1527//4
f 1532//5 1513//5 1514//5
f 1535//5 1517//5 1518//5
f 1535//4 1516//4 1533//4
f 1534//5 1514//5 1517//5
f 1538//5 1522//5 1523//5
f 1538//4 1521//4 1536//4
f 1539//5 1521//5 1524//5
f 1546//4 1522//4 1537//4
f 1472//1 1498//1 1471//1
f 1476//1 1504//1 1475//1
f 1475//1 1499//1 1472//1
f 1493//1 1520//1 1492//1
f 1520//4 1489//4 1492//4
f 1496//1 1521//1 1493//1
f 1530//1 1539//1 1529//1
f 1477//1 1468//1 1466//1
f 1487//1 1476//1 1474//1
f 1479//1 1474//1 1468//1
f 1520//1 1510//1 1508//1
f 1520//5 1505//5 1519//5
f 1522//1 1516//1 1510//1
f 1546//1 1535//1 1533//1
f 1489//1 1505//1 1476//1
f 1546//5 1516//5 1525//5
f 1539//4 1496//4 1529//4
f 1563//1 1564//1 1562//1
f 1568//5 1564//5 1565//5
f 1568//4 1563//4 1566//4
f 1574//1 1575//1 1573//1
f 1575//4 1571//4 1573//4
f 1579//1 1580//1 1578//1
f 1584//5 1580//5 1581//5
f 1584//4 1579//4 1582//4
f 1590//1 1591//1 1589//1
f 1591//4 1587//4 1589//4
f 1580//4 1569//4 1578//4
f 1586//4 1574//4 1585//4
f 1568//1 1573//1 1567//1
f 1573//4 1564//4 1567//4
f 1584//1 1589//1 1583//1
f 1589//4 1580//4 1583//4
f 1569//1 1568//1 1566//1
f 1587//1 1586//1 1585//1
f 1570//1 1574//1 1568//1
f 1587//5 1574//5 1577//5
f 1587//4 1570//4 1580//4
f 1599//1 1600//1 1598//1
f 1603//4 1599//4 1602//4
f 1612//1 1613//1 1611//1
f 1612//5 1608//5 1609//5
f 1613//4 1608//4 1611//4
f 1599//5 1594//5 1595//5
f 1600//4 1594//4 1598//4
f 1601//1 1608//1 1600//1
f 1612//4 1601//4 1603//4
f 1605//1 1603//1 1602//1
f 1605//5 1599//5 1604//5
f 1607//1 1612//1 1603//1
f 1608//4 1596//4 1600//4
f 1576//1 1594//1 1575//1
f 1594//4 1572//4 1575//4
f 1592//1 1605//1 1591//1
f 1605//4 1588//4 1591//4
f 1588//1 1599//1 1586//1
f 1599//4 1576//4 1586//4
f 1617//1 1618//1 1616//1
f 1622//5 1618//5 1619//5
f 1622//4 1617//4 1620//4
f 1626//1 1627//1 1625//1
f 1626//5 1623//5 1624//5
f 1635//1 1636//1 1634//1
f 1640//5 1636//5 1637//5
f 1640//4 1635//4 1638//4
f 1644//1 1645//1 1643//1
f 1644//5 1641//5 1642//5
f 1633//5 1627//5 1628//5
f 1635//5 1629//5 1630//5
f 1622//1 1629//1 1621//1
f 1633//1 1641//1 1632//1
f 1625//1 1622//1 1620//1
f 1625//5 1617//5 1623//5
f 1643//1 1640//1 1638//1
f 1643//5 1635//5 1641//5
f 1632//1 1635//1 1631//1
f 1632//5 1622//5 1627//5
f 1635//4 1622//4 1631//4
f 1653//1 1654//1 1652//1
f 1657//5 1654//5 1655//5
f 1662//1 1663//1 1661//1
f 1662//5 1658//5 1659//5
f 1663//4 1658//4 1661//4
f 1653//5 1648//5 1649//5
f 1654//4 1648//4 1652//4
f 1657//1 1666//1 1656//1
f 1666//4 1654//4 1656//4
f 1658//1 1655//1 1653//1
f 1663//5 1655//5 1660//5
f 1663//1 1667//1 1657//1
f 1658//5 1649//5 1651//5
f 1648//1 1628//1 1626//1
f 1648//5 1624//5 1647//5
f 1666//1 1646//1 1644//1
f 1666//5 1642//5 1665//5
f 1654//1 1642//1 1633//1
f 1654//5 1628//5 1650//5
f 1680//4 1676//4 1678//4
f 1684//4 1681//4 1683//4
f 1686//1 1687//1 1685//1
f 1690//4 1686//4 1689//4
f 1692//1 1693//1 1691//1
f 1697//5 1693//5 1694//5
f 1697//4 1692//4 1695//4
f 1686//5 1678//5 1679//5
f 1687//4 1678//4 1685//4
f 1693//4 1683//4 1691//4
f 1683//4 1677//4 1680//4
f 1688//1 1691//1 1687//1
f 1695//4 1688//4 1690//4
f 1691//4 1680//4 1687//4
f 1699//1 1700//1 1698//1
f 1704//5 1700//5 1701//5
f 1704//4 1699//4 1702//4
f 1713//4 1709//4 1711//4
f 1718//1 1719//1 1717//1
f 1723//5 1719//5 1720//5
f 1723//4 1718//4 1721//4
f 1715//4 1702//4 1714//4
f 1718//5 1711//5 1712//5
f 1719//4 1711//4 1717//4
f 1704//1 1711//1 1703//1
f 1711//4 1700//4 1703//4
f 1721//4 1715//4 1716//4
f 1709//1 1707//1 1705//1
f 1713//5 1707//5 1710//5
f 1718//4 1704//4 1715//4
f 1729//4 1725//4 1727//4
f 1734//4 1731//4 1733//4
f 1741//4 1738//4 1740//4
f 1746//4 1743//4 1745//4
f 1750//4 1747//4 1749//4
f 1744//4 1736//4 1743//4
f 1748//4 1740//4 1747//4
f 1740//4 1732//4 1734//4
f 1752//4 1744//4 1746//4
f 1736//1 1734//1 1733//1
f 1736//5 1731//5 1735//5
f 1752//1 1750//1 1749//1
f 1752//5 1747//5 1751//5
f 1737//1 1740//1 1734//1
f 1751//5 1740//5 1742//5
f 1751//4 1737//4 1744//4
f 1760//1 1761//1 1759//1
f 1765//5 1761//5 1762//5
f 1765//4 1760//4 1763//4
f 1769//4 1766//4 1768//4
f 1775//5 1771//5 1772//5
f 1775//4 1770//4 1773//4
f 1780//4 1776//4 1778//4
f 1772//5 1764//5 1765//5
f 1772//4 1763//4 1770//4
f 1777//4 1768//4 1776//4
f 1768//4 1761//4 1764//4
f 1775//1 1778//1 1774//1
f 1778//4 1771//4 1774//4
f 1776//4 1764//4 1771//4
f 1732//4 1689//4 1731//4
f 1739//4 1695//4 1738//4
f 1738//4 1690//4 1732//4
f 1755//4 1721//4 1754//4
f 1760//5 1727//5 1728//5
f 1761//4 1727//4 1759//4
f 1766//4 1729//4 1761//4
f 1702//4 1674//4 1675//4
f 1697//1 1727//1 1696//1
f 1727//4 1693//4 1696//4
f 1725//4 1684//4 1693//4
f 1763//4 1739//4 1741//4
f 1773//4 1748//4 1750//4
f 1770//4 1741//4 1748//4
f 1676//1 1672//1 1671//1
f 1681//1 1674//1 1673//1
f 1684//5 1674//5 1682//5
f 1677//1 1673//1 1672//1
f 1725//1 1715//1 1714//1
f 1729//5 1715//5 1726//5
f 1729//1 1721//1 1716//1
f 1725//5 1702//5 1724//5
f 1766//1 1755//1 1754//1
f 1769//5 1755//5 1767//5
f 1780//5 1757//5 1777//5
f 1777//5 1756//5 1769//5
f 1684//1 1702//1 1675//1
f 1766//5 1721//5 1730//5
f 1760//4 1697//4 1739//4
f 1791//1 1792//1 1790//1
f 1796//5 1792//5 1793//5
f 1796//4 1791//4 1794//4
f 1800//5 1797//5 1798//5
f 1806//1 1807//1 1805//1
f 1811//5 1807//5 1808//5
f 1811//4 1806//4 1809//4
f 1803//5 1795//5 1796//5
f 1806//5 1799//5 1800//5
f 1807//4 1799//4 1805//4
f 1788//1 1797//1 1787//1
f 1800//4 1788//4 1789//4
f 1799//1 1796//1 1794//1
f 1799//5 1791//5 1797//5
f 1810//5 1803//5 1807//5
f 1807//5 1796//5 1801//5
f 1815//5 1812//5 1813//5
f 1819//5 1816//5 1817//5
f 1821//1 1822//1 1820//1
f 1825//5 1822//5 1823//5
f 1827//1 1828//1 1826//1
f 1832//5 1828//5 1829//5
f 1832//4 1827//4 1830//4
f 1821//5 1814//5 1815//5
f 1827//5 1818//5 1819//5
f 1818//5 1813//5 1816//5
f 1826//1 1823//1 1821//1
f 1831//5 1823//5 1828//5
f 1826//5 1815//5 1818//5
f 1837//5 1834//5 1835//5
f 1848//5 1845//5 1846//5
f 1852//5 1849//5 1850//5
f 1859//5 1856//5 1857//5
f 1863//5 1860//5 1861//5
f 1857//5 1851//5 1852//5
f 1861//5 1853//5 1854//5
f 1848//1 1853//1 1847//1
f 1865//4 1856//4 1858//4
f 1851//5 1846//5 1849//5
f 1865//5 1861//5 1864//5
f 1856//1 1861//1 1855//1
f 1856//5 1848//5 1851//5
f 1861//4 1848//4 1855//4
f 1867//1 1868//1 1866//1
f 1872//5 1868//5 1869//5
f 1872//4 1867//4 1870//4
f 1876//5 1873//5 1874//5
f 1882//5 1878//5 1879//5
f 1882//4 1877//4 1880//4
f 1886//5 1883//5 1884//5
f 1879//5 1871//5 1872//5
f 1879//4 1870//4 1877//4
f 1884//5 1875//5 1876//5
f 1875//5 1867//5 1873//5
f 1885//5 1877//5 1883//5
f 1883//5 1870//5 1875//5
f 1841//5 1810//5 1811//5
f 1846//5 1824//5 1825//5
f 1850//5 1831//5 1832//5
f 1849//5 1825//5 1831//5
f 1867//5 1836//5 1837//5
f 1868//4 1836//4 1866//4
f 1873//5 1837//5 1839//5
f 1782//1 1812//1 1781//1
f 1784//1 1816//1 1783//1
f 1819//4 1784//4 1785//4
f 1783//1 1813//1 1782//1
f 1803//1 1834//1 1802//1
f 1837//4 1803//4 1804//4
f 1810//1 1837//1 1804//1
f 1834//4 1795//4 1802//4
f 1841//1 1873//1 1840//1
f 1876//4 1841//4 1842//4
f 1886//4 1843//4 1844//4
f 1884//4 1842//4 1843//4
f 1795//5 1784//5 1792//5
f 1836//1 1832//1 1830//1
f 1836//5 1827//5 1834//5
f 1834//5 1819//5 1833//5
f 1871//5 1850//5 1868//5
f 1881//5 1857//5 1878//5
f 1878//5 1852//5 1871//5
f 1795//1 1819//1 1785//1
f 1868//5 1832//5 1838//5
f 1873//4 1810//4 1840//4
f 1891//1 1892//1 1890//1
f 1891//5 1887//5 1888//5
f 1892//4 1887//4 1890//4
f 1901//5 1897//5 1898//5
f 1901//4 1896//4 1899//4
f 1898//5 1892//5 1893//5
f 1898//4 1891//4 1896//4
f 1901//1 1907//1 1900//1
f 1907//4 1897//4 1900//4
f 1903//1 1901//1 1899//1
f 1903//5 1896//5 1902//5
f 1902//5 1891//5 1894//5
f 1906//4 1892//4 1897//4
f 1916//5 1912//5 1913//5
f 1917//4 1912//4 1915//4
f 1922//5 1918//5 1919//5
f 1923//4 1918//4 1921//4
f 1926//1 1927//1 1925//1
f 1931//5 1927//5 1928//5
f 1931//4 1926//4 1929//4
f 1933//1 1934//1 1932//1
f 1938//5 1934//5 1935//5
f 1938//4 1933//4 1936//4
f 1926//5 1915//5 1916//5
f 1927//4 1915//4 1925//4
f 1933//5 1921//5 1922//5
f 1934//4 1921//4 1932//4
f 1922//4 1910//4 1911//4
f 1940//4 1927//4 1930//4
f 1917//5 1910//5 1914//5
f 1940//5 1933//5 1939//5
f 1917//1 1922//1 1911//1
f 1939//5 1922//5 1924//5
f 1939//4 1917//4 1927//4
f 1913//5 1903//5 1904//5
f 1914//4 1903//4 1912//4
f 1919//5 1907//5 1908//5
f 1920//4 1907//4 1918//4
f 1914//5 1901//5 1905//5
f 1919//4 1901//4 1910//4
f 1672//4 1582//4 1671//4
f 1674//4 1590//4 1673//4
f 1673//4 1584//4 1672//4
f 1699//5 1605//5 1606//5
f 1700//4 1605//4 1698//4
f 1707//5 1613//5 1614//5
f 1707//4 1612//4 1705//4
f 1709//5 1612//5 1615//5
f 1709//4 1607//4 1700//4
f 1699//4 1592//4 1674//4
f 1782//5 1639//5 1640//5
f 1784//5 1645//5 1646//5
f 1783//5 1640//5 1645//5
f 1788//5 1663//5 1664//5
f 1788//4 1662//4 1786//4
f 1791//5 1666//5 1667//5
f 1792//4 1666//4 1790//4
f 1797//5 1667//5 1669//5
f 1797//4 1663//4 1787//4
f 1792//5 1646//5 1668//5
f 1532//1 1616//1 1531//1
f 1535//1 1623//1 1534//1
f 1534//1 1617//1 1532//1
f 1552//1 1648//1 1551//1
f 1648//4 1548//4 1551//4
f 1560//1 1658//1 1559//1
f 1662//4 1560//4 1561//4
f 1556//1 1649//1 1552//1
f 1658//4 1556//4 1559//4
f 1548//1 1624//1 1535//1
f 1707//1 1887//1 1706//1
f 1891//4 1707//4 1708//4
f 1723//1 1903//1 1722//1
f 1903//4 1719//4 1722//4
f 1713//1 1891//1 1708//1
f 1902//4 1713//4 1719//4
f 1916//4 1755//4 1756//4
f 1929//4 1757//4 1758//4
f 1926//4 1756//4 1757//4
f 1913//4 1723//4 1755//4
f 1562//1 1527//1 1526//1
f 1571//1 1530//1 1528//1
f 1564//1 1528//1 1527//1
f 1594//1 1545//1 1543//1
f 1594//5 1540//5 1593//5
f 1608//1 1560//1 1558//1
f 1613//5 1560//5 1610//5
f 1596//1 1555//1 1545//1
f 1608//5 1555//5 1597//5
f 1572//1 1540//1 1530//1
f 1887//1 1788//1 1786//1
f 1892//5 1788//5 1889//5
f 1907//1 1811//1 1809//1
f 1907//5 1806//5 1906//5
f 1892//1 1800//1 1789//1
f 1906//5 1800//5 1895//5
f 1923//5 1841//5 1920//5
f 1937//5 1843//5 1934//5
f 1934//5 1842//5 1923//5
f 1920//5 1811//5 1909//5
f 1613//1 1662//1 1561//1
f 1887//5 1662//5 1670//5
f 1887//4 1613//4 1706//4
f 1949//6 1946//6 1948//6
f 1946//2 1944//2 1943//2
f 1945//3 1946//3 1943//3
f 1956//6 1953//6 1955//6
f 1953//2 1951//2 1950//2
f 1952//3 1953//3 1950//3
f 1962//2 1960//2 1959//2
f 1960//3 1961//3 1958//3
f 1968//2 1966//2 1965//2
f 1966//3 1967//3 1964//3
f 1959//2 1949//2 1948//2
f 1949//3 1958//3 1947//3
f 1965//2 1956//2 1955//2
f 1956//3 1964//3 1954//3
f 1951//3 1942//3 1941//3
f 1970//3 1962//3 1959//3
f 1942//2 1945//2 1941//2
f 1967//2 1970//2 1964//2
f 1970//6 1957//6 1964//6
f 1957//2 1948//2 1942//2
f 1954//3 1957//3 1942//3
f 1983//2 1981//2 1980//2
f 1982//3 1983//3 1980//3
f 1991//6 1988//6 1990//6
f 1993//2 1991//2 1990//2
f 1991//3 1992//3 1989//3
f 1988//2 1984//2 1983//2
f 1985//3 1988//3 1983//3
f 1981//6 1973//6 1980//6
f 1981//3 1975//3 1974//3
f 1982//6 1976//6 1978//6
f 1979//2 1982//2 1978//2
f 1987//2 1985//2 1979//2
f 1984//3 1986//3 1975//3
f 1973//2 1963//2 1962//2
f 1963//3 1972//3 1961//3
f 1977//2 1969//2 1968//2
f 1969//3 1976//3 1967//3
f 1976//2 1971//2 1967//2
f 1971//3 1973//3 1962//3
f 1997//2 1996//2 1995//2
f 2002//2 2000//2 1999//2
f 2001//3 2002//3 1999//3
f 2007//2 2006//2 2005//2
f 2015//6 2012//6 2014//6
f 2012//2 2010//2 2009//2
f 2011//3 2012//3 2009//3
f 2005//2 1998//2 1997//2
f 2009//2 2003//2 2002//2
f 2004//3 2009//3 2002//3
f 1998//2 2001//2 1996//2
f 2008//2 2011//2 2006//2
f 2006//2 2004//2 1998//2
f 2020//2 2019//2 2018//2
f 2024//2 2023//2 2022//2
f 2031//2 2030//2 2029//2
f 2035//2 2034//2 2033//2
f 2027//2 2021//2 2020//2
f 2029//2 2025//2 2024//2
f 2023//3 2017//3 2016//3
f 2034//6 2027//6 2033//6
f 2017//2 2018//2 2016//2
f 2032//2 2033//2 2030//2
f 2026//6 2017//6 2025//6
f 2030//2 2026//2 2025//2
f 2026//3 2027//3 2020//3
f 2046//2 2045//2 2044//2
f 2055//6 2052//6 2054//6
f 2052//2 2050//2 2049//2
f 2051//3 2052//3 2049//3
f 2061//6 2058//6 2060//6
f 2058//2 2057//2 2056//2
f 2064//2 2063//2 2062//2
f 2068//2 2067//2 2066//2
f 2062//2 2055//2 2054//2
f 2066//2 2061//2 2060//2
f 2060//6 2053//6 2055//6
f 2053//2 2056//2 2050//2
f 2065//2 2066//2 2063//2
f 2063//2 2060//2 2055//2
f 2076//6 2073//6 2075//6
f 2073//2 2071//2 2070//2
f 2072//3 2073//3 2070//3
f 2083//2 2082//2 2081//2
f 2091//6 2088//6 2090//6
f 2088//2 2086//2 2085//2
f 2087//3 2088//3 2085//3
f 2081//2 2076//2 2075//2
f 2076//3 2080//3 2074//3
f 2085//2 2079//2 2078//2
f 2094//6 2083//6 2093//6
f 2092//3 2083//3 2081//3
f 2074//2 2077//2 2071//2
f 2087//6 2080//6 2082//6
f 2084//2 2087//2 2082//2
f 2080//2 2078//2 2074//2
f 2044//2 2015//2 2014//2
f 2015//3 2043//3 2013//3
f 2042//2 2014//2 2008//2
f 2049//2 2032//2 2031//2
f 2056//2 2036//2 2035//2
f 2050//2 2035//2 2032//2
f 2070//2 2041//2 2040//2
f 2037//3 1997//3 1995//3
f 2041//6 2007//6 2040//6
f 2039//3 2007//3 2005//3
f 2038//3 2005//3 1997//3
f 2079//6 2046//6 2078//6
f 2077//3 2046//3 2044//3
f 2077//6 2042//6 2071//6
f 2079//3 2048//3 2047//3
f 2098//6 2064//6 2097//6
f 2096//3 2064//3 2062//3
f 2100//6 2068//6 2099//6
f 2099//6 2065//6 2098//6
f 2003//2 2022//2 2000//2
f 2013//2 2029//2 2010//2
f 2010//2 2024//2 2003//2
f 2051//6 2043//6 2045//6
f 2047//2 2051//2 2045//2
f 2048//2 2054//2 2047//2
f 2089//2 2096//2 2086//2
f 2096//6 2048//6 2086//6
f 2043//2 2031//2 2013//2
f 2041//3 2042//3 2008//3
f 2103//3 2104//3 2101//3
f 2109//2 2107//2 2106//2
f 2108//3 2109//3 2106//3
f 2113//3 2114//3 2112//3
f 2122//6 2119//6 2121//6
f 2119//2 2117//2 2116//2
f 2118//3 2119//3 2116//3
f 2105//3 2112//3 2104//3
f 2116//2 2110//2 2109//2
f 2111//3 2116//3 2109//3
f 2107//6 2102//6 2106//6
f 2107//3 2105//3 2103//3
f 2117//3 2115//3 2113//3
f 2110//3 2113//3 2105//3
f 2132//3 2133//3 2131//3
f 2136//3 2137//3 2135//3
f 2141//3 2142//3 2140//3
f 2148//3 2149//3 2147//3
f 2134//3 2140//3 2133//3
f 2138//3 2144//3 2137//3
f 2135//3 2130//3 2129//3
f 2147//3 2143//3 2141//3
f 2132//6 2128//6 2129//6
f 2130//2 2132//2 2129//2
f 2148//6 2144//6 2145//6
f 2146//2 2148//2 2145//2
f 2147//6 2139//6 2144//6
f 2139//2 2134//2 2130//2
f 2137//3 2139//3 2130//3
f 2154//3 2155//3 2152//3
f 2164//6 2161//6 2163//6
f 2161//2 2159//2 2158//2
f 2160//3 2161//3 2158//3
f 2170//3 2171//3 2168//3
f 2183//6 2180//6 2182//6
f 2180//2 2178//2 2177//2
f 2179//3 2180//3 2177//3
f 2169//2 2164//2 2163//2
f 2164//3 2168//3 2162//3
f 2167//3 2177//3 2166//3
f 2165//3 2163//3 2160//3
f 2178//6 2169//6 2177//6
f 2178//3 2172//3 2170//3
f 2176//6 2171//6 2172//6
f 2171//2 2173//2 2168//2
f 2166//3 2169//3 2163//3
f 2190//6 2187//6 2189//6
f 2187//2 2185//2 2184//2
f 2186//3 2187//3 2184//3
f 2196//6 2193//6 2195//6
f 2192//3 2193//3 2191//3
f 2198//3 2199//3 2197//3
f 2203//3 2204//3 2201//3
f 2190//3 2197//3 2188//3
f 2202//2 2196//2 2195//2
f 2196//3 2201//3 2194//3
f 2194//6 2189//6 2193//6
f 2191//3 2189//3 2186//3
f 2201//3 2200//3 2198//3
f 2194//3 2198//3 2190//3
f 2153//2 2122//2 2121//2
f 2122//3 2152//3 2120//3
f 2120//3 2151//3 2115//3
f 2127//3 2158//3 2126//3
f 2143//3 2184//3 2142//3
f 2150//3 2191//3 2149//3
f 2149//3 2186//3 2143//3
f 2131//3 2111//3 2108//3
f 2140//3 2121//3 2118//3
f 2133//3 2118//3 2111//3
f 2185//6 2153//6 2184//6
f 2185//3 2156//3 2154//3
f 2188//3 2157//3 2156//3
f 2206//3 2182//3 2179//3
f 2104//2 2123//2 2101//2
f 2127//6 2114//6 2115//6
f 2114//2 2125//2 2112//2
f 2112//2 2124//2 2104//2
f 2167//6 2155//6 2156//6
f 2155//2 2165//2 2152//2
f 2165//6 2151//6 2152//6
f 2157//2 2167//2 2156//2
f 2208//6 2199//6 2200//6
f 2199//2 2206//2 2197//2
f 2210//6 2204//6 2205//6
f 2209//6 2200//6 2204//6
f 2206//6 2157//6 2197//6
f 2151//2 2127//2 2115//2
f 2142//3 2153//3 2121//3
f 2220//6 2217//6 2219//6
f 2222//2 2220//2 2219//2
f 2220//3 2221//3 2218//3
f 2229//6 2226//6 2228//6
f 2226//2 2225//2 2224//2
f 2232//2 2229//2 2228//2
f 2229//3 2231//3 2227//3
f 2225//6 2214//6 2224//6
f 2225//3 2216//3 2215//3
f 2228//6 2221//6 2223//6
f 2221//2 2224//2 2218//2
f 2224//6 2212//6 2218//6
f 2230//2 2228//2 2223//2
f 2238//6 2235//6 2237//6
f 2239//2 2238//2 2237//2
f 2247//6 2244//6 2246//6
f 2244//2 2242//2 2241//2
f 2243//3 2244//3 2241//3
f 2256//6 2253//6 2255//6
f 2257//2 2256//2 2255//2
f 2265//6 2262//6 2264//6
f 2262//2 2260//2 2259//2
f 2261//3 2262//3 2259//3
f 2251//2 2247//2 2246//2
f 2253//2 2249//2 2248//2
f 2249//6 2239//6 2248//6
f 2260//6 2251//6 2259//6
f 2243//6 2236//6 2238//6
f 2240//2 2243//2 2238//2
f 2261//6 2254//6 2256//6
f 2258//2 2261//2 2256//2
f 2250//6 2240//6 2249//6
f 2254//2 2250//2 2249//2
f 2250//3 2251//3 2246//3
f 2237//6 2213//6 2215//6
f 2216//2 2237//2 2215//2
f 2255//6 2231//6 2233//6
f 2234//2 2255//2 2233//2
f 2248//6 2216//6 2227//6
f 2231//2 2248//2 2227//2
f 2270//6 2267//6 2269//6
f 2272//2 2270//2 2269//2
f 2270//3 2271//3 2268//3
f 2283//6 2280//6 2282//6
f 2279//3 2280//3 2278//3
f 2286//2 2283//2 2282//2
f 2283//3 2285//3 2281//3
f 2281//6 2272//6 2280//6
f 2278//3 2272//3 2269//3
f 2279//6 2274//6 2276//6
f 2277//2 2279//2 2276//2
f 2278//6 2266//6 2274//6
f 2281//3 2284//3 2273//3
f 2292//6 2289//6 2291//6
f 2292//3 2293//3 2290//3
f 2303//6 2300//6 2302//6
f 2300//2 2298//2 2297//2
f 2299//3 2300//3 2297//3
f 2308//6 2305//6 2307//6
f 2308//3 2309//3 2306//3
f 2319//6 2316//6 2318//6
f 2316//2 2314//2 2313//2
f 2315//3 2316//3 2313//3
f 2296//3 2305//3 2295//3
f 2303//3 2311//3 2301//3
f 2298//6 2291//6 2297//6
f 2298//3 2294//3 2292//3
f 2314//6 2307//6 2313//6
f 2314//3 2310//3 2308//3
f 2296//6 2293//6 2294//6
f 2315//6 2311//6 2312//6
f 2313//6 2304//6 2311//6
f 2304//2 2296//2 2294//2
f 2301//3 2304//3 2294//3
f 2290//6 2275//6 2289//6
f 2290//3 2277//3 2276//3
f 2306//6 2286//6 2305//6
f 2306//3 2288//3 2287//3
f 2295//6 2277//6 2293//6
f 2295//3 2286//3 2282//3
f 2327//6 2324//6 2326//6
f 2335//6 2332//6 2334//6
f 2332//2 2330//2 2329//2
f 2331//3 2332//3 2329//3
f 2342//6 2339//6 2341//6
f 2339//2 2337//2 2336//2
f 2338//3 2339//3 2336//3
f 2324//2 2322//2 2321//2
f 2323//3 2324//3 2321//3
f 2337//6 2326//6 2336//6
f 2337//3 2328//3 2327//3
f 2344//6 2334//6 2343//6
f 2331//6 2325//6 2327//6
f 2328//2 2331//2 2327//2
f 2345//6 2340//6 2342//6
f 2343//6 2328//6 2340//6
f 2361//6 2358//6 2360//6
f 2366//6 2363//6 2365//6
f 2370//6 2367//6 2369//6
f 2377//6 2374//6 2376//6
f 2374//2 2372//2 2371//2
f 2373//3 2374//3 2371//3
f 2383//6 2380//6 2382//6
f 2380//2 2379//2 2378//2
f 2372//6 2365//6 2371//6
f 2379//6 2369//6 2378//6
f 2369//6 2364//6 2366//6
f 2382//6 2375//6 2377//6
f 2375//2 2378//2 2372//2
f 2378//6 2366//6 2372//6
f 2387//6 2384//6 2386//6
f 2394//6 2391//6 2393//6
f 2391//2 2389//2 2388//2
f 2390//3 2391//3 2388//3
f 2398//6 2395//6 2397//6
f 2404//6 2401//6 2403//6
f 2400//3 2401//3 2399//3
f 2396//6 2386//6 2395//6
f 2402//6 2393//6 2401//6
f 2399//3 2393//3 2390//3
f 2390//6 2385//6 2387//6
f 2400//6 2396//6 2398//6
f 2399//6 2387//6 2396//6
f 2408//6 2405//6 2407//6
f 2412//6 2409//6 2411//6
f 2416//6 2413//6 2415//6
f 2425//6 2422//6 2424//6
f 2418//2 2412//2 2411//2
f 2416//3 2420//3 2414//3
f 2414//6 2407//6 2413//6
f 2423//6 2418//6 2422//6
f 2411//6 2406//6 2408//6
f 2424//6 2420//6 2421//6
f 2417//6 2408//6 2414//6
f 2420//2 2417//2 2414//2
f 2417//3 2418//3 2411//3
f 2358//2 2344//2 2343//2
f 2345//3 2358//3 2343//3
f 2357//2 2345//2 2342//2
f 2344//3 2356//3 2335//3
f 2363//2 2347//2 2346//2
f 2348//3 2363//3 2346//3
f 2367//2 2350//2 2349//2
f 2364//2 2349//2 2347//2
f 2384//2 2352//2 2351//2
f 2353//3 2384//3 2351//3
f 2355//3 2395//3 2354//3
f 2354//3 2386//3 2353//3
f 2352//6 2341//6 2351//6
f 2389//6 2360//6 2388//6
f 2389//3 2362//3 2361//3
f 2388//6 2357//6 2385//6
f 2406//6 2376//6 2405//6
f 2410//6 2382//6 2409//6
f 2409//6 2377//6 2406//6
f 2348//6 2333//6 2335//6
f 2373//6 2359//6 2361//6
f 2362//2 2373//2 2361//2
f 2371//6 2356//6 2359//6
f 2407//6 2392//6 2394//6
f 2415//6 2402//6 2404//6
f 2413//6 2394//6 2402//6
f 2405//6 2362//6 2392//6
f 2356//2 2348//2 2335//2
f 2352//3 2357//3 2342//3
f 2214//2 2091//2 2090//2
f 2091//3 2213//3 2089//3
f 2217//2 2094//2 2093//2
f 2095//3 2217//3 2093//3
f 2212//2 2090//2 2084//2
f 2094//3 2212//3 2084//3
f 2235//2 2098//2 2097//2
f 2241//2 2100//2 2099//2
f 2236//2 2099//2 2098//2
f 2213//2 2097//2 2089//2
f 2267//2 2175//2 2174//2
f 2176//3 2267//3 2174//3
f 2275//2 2183//2 2182//2
f 2183//3 2274//3 2181//3
f 2266//2 2176//2 2172//2
f 2181//3 2266//3 2172//3
f 2208//3 2289//3 2207//3
f 2210//3 2297//3 2209//3
f 2209//3 2291//3 2208//3
f 2207//3 2275//3 2182//3
f 2123//3 1955//3 1952//3
f 2125//3 1968//3 1965//3
f 2124//3 1965//3 1955//3
f 2159//6 1977//6 2158//6
f 2159//3 1979//3 1978//3
f 2175//6 1993//6 2174//6
f 2173//3 1993//3 1990//3
f 2173//6 1987//6 2168//6
f 2162//3 1987//3 1979//3
f 2126//3 1977//3 1968//3
f 2322//6 2222//6 2321//6
f 2320//3 2222//3 2219//3
f 2330//6 2232//6 2329//6
f 2330//3 2234//3 2233//3
f 2329//6 2230//6 2325//6
f 2322//3 2230//3 2223//3
f 2347//6 2257//6 2346//6
f 2350//6 2264//6 2349//6
f 2349//6 2258//6 2347//6
f 2346//6 2234//6 2333//6
f 1947//2 2037//2 1944//2
f 1961//2 2039//2 1958//2
f 1958//2 2038//2 1947//2
f 2072//6 1972//6 1974//6
f 1975//2 2072//2 1974//2
f 2095//6 1992//6 1994//6
f 1992//2 2092//2 1989//2
f 2092//6 1986//6 1989//6
f 1986//2 2075//2 1975//2
f 1972//2 2040//2 1961//2
f 2323//6 2271//6 2273//6
f 2271//2 2320//2 2268//2
f 2338//6 2285//6 2287//6
f 2288//2 2338//2 2287//2
f 2336//6 2284//6 2285//6
f 2284//2 2323//2 2273//2
f 2353//6 2309//6 2310//6
f 2355//6 2317//6 2319//6
f 2354//6 2310//6 2317//6
f 2351//6 2288//6 2309//6
f 2320//6 2211//6 2268//6
f 2211//2 2095//2 1994//2
f 2175//3 2211//3 1994//3
f 2428//2 2427//2 2426//2
f 2435//2 2434//2 2433//2
f 2441//2 2440//2 2439//2
f 2445//2 2444//2 2443//2
f 2437//2 2429//2 2428//2
f 2443//2 2436//2 2435//2
f 2440//6 2437//6 2439//6
f 2435//4 2430//4 2431//4
f 2429//2 2430//2 2427//2
f 2442//2 2443//2 2440//2
f 2435//6 2429//6 2432//6
f 2440//2 2435//2 2432//2
f 2440//4 2429//4 2438//4
f 2450//2 2448//2 2447//2
f 2452//4 2448//4 2451//4
f 2455//2 2454//2 2453//2
f 2463//6 2460//6 2462//6
f 2460//2 2458//2 2457//2
f 2463//4 2458//4 2461//4
f 2466//2 2465//2 2464//2
f 2457//2 2451//2 2450//2
f 2459//4 2451//4 2458//4
f 2464//2 2456//2 2455//2
f 2452//2 2453//2 2449//2
f 2463//2 2464//2 2459//2
f 2459//2 2455//2 2452//2
f 2478//6 2475//6 2477//6
f 2475//2 2474//2 2473//2
f 2485//6 2482//6 2484//6
f 2482//2 2480//2 2479//2
f 2485//4 2480//4 2483//4
f 2488//2 2487//2 2486//2
f 2492//2 2491//2 2490//2
f 2486//2 2478//2 2477//2
f 2490//2 2485//2 2484//2
f 2484//6 2476//6 2478//6
f 2476//2 2479//2 2474//2
f 2489//2 2490//2 2487//2
f 2487//2 2484//2 2478//2
f 2497//2 2496//2 2495//2
f 2515//6 2512//6 2514//6
f 2512//2 2510//2 2509//2
f 2515//4 2510//4 2513//4
f 2522//6 2519//6 2521//6
f 2519//2 2517//2 2516//2
f 2522//4 2517//4 2520//4
f 2526//2 2525//2 2524//2
f 2516//2 2508//2 2507//2
f 2524//2 2515//2 2514//2
f 2524//4 2512//4 2523//4
f 2530//6 2526//6 2529//6
f 2530//4 2525//4 2527//4
f 2508//2 2509//2 2506//2
f 2524//6 2517//6 2518//6
f 2522//2 2524//2 2518//2
f 2517//2 2512//2 2508//2
f 2473//2 2442//2 2441//2
f 2479//2 2446//2 2445//2
f 2474//2 2445//2 2442//2
f 2495//2 2463//2 2462//2
f 2495//4 2460//4 2494//4
f 2496//2 2466//2 2463//2
f 2509//2 2472//2 2471//2
f 2502//6 2488//6 2501//6
f 2505//6 2492//6 2504//6
f 2505//4 2491//4 2493//4
f 2504//6 2489//6 2502//6
f 2469//4 2454//4 2456//4
f 2472//6 2466//6 2471//6
f 2472//4 2465//4 2467//4
f 2470//4 2456//4 2465//4
f 2508//6 2497//6 2507//6
f 2508//4 2496//4 2498//4
f 2509//6 2496//6 2506//6
f 2516//4 2497//4 2500//4
f 2436//2 2447//2 2434//2
f 2446//2 2457//2 2444//2
f 2444//2 2450//2 2436//2
f 2495//6 2480//6 2481//6
f 2485//2 2495//2 2481//2
f 2491//2 2497//2 2485//2
f 2505//2 2516//2 2503//2
f 2516//6 2491//6 2503//6
f 2480//2 2460//2 2446//2
f 2509//4 2466//4 2499//4
f 2538//6 2535//6 2537//6
f 2535//2 2533//2 2532//2
f 2538//4 2533//4 2536//4
f 2547//6 2544//6 2546//6
f 2544//2 2542//2 2541//2
f 2547//4 2542//4 2545//4
f 2552//2 2550//2 2549//2
f 2552//4 2548//4 2551//4
f 2561//2 2559//2 2558//2
f 2561//4 2557//4 2560//4
f 2549//2 2538//2 2537//2
f 2549//4 2535//4 2548//4
f 2558//2 2547//2 2546//2
f 2558//4 2544//4 2557//4
f 2556//4 2550//4 2553//4
f 2544//4 2539//4 2540//4
f 2538//2 2539//2 2534//2
f 2556//2 2557//2 2555//2
f 2557//6 2550//6 2555//6
f 2550//2 2540//2 2538//2
f 2557//4 2540//4 2554//4
f 2570//2 2568//2 2567//2
f 2572//4 2568//4 2571//4
f 2581//6 2578//6 2580//6
f 2583//2 2581//2 2580//2
f 2583//4 2578//4 2582//4
f 2578//2 2571//2 2570//2
f 2581//4 2571//4 2579//4
f 2568//6 2564//6 2567//6
f 2570//4 2564//4 2566//4
f 2574//6 2568//6 2569//6
f 2572//2 2574//2 2569//2
f 2581//2 2576//2 2572//2
f 2578//4 2566//4 2577//4
f 2564//2 2553//2 2552//2
f 2564//4 2551//4 2563//4
f 2574//2 2562//2 2561//2
f 2574//4 2560//4 2573//4
f 2568//2 2560//2 2556//2
f 2568//4 2553//4 2565//4
f 2595//4 2591//4 2594//4
f 2599//2 2597//2 2596//2
f 2601//4 2597//4 2600//4
f 2605//4 2602//4 2604//4
f 2612//6 2609//6 2611//6
f 2609//2 2607//2 2606//2
f 2612//4 2607//4 2610//4
f 2603//4 2594//4 2602//4
f 2606//2 2600//2 2599//2
f 2608//4 2600//4 2607//4
f 2597//6 2592//6 2596//6
f 2599//4 2592//4 2595//4
f 2609//4 2603//4 2605//4
f 2606//4 2595//4 2603//4
f 2616//4 2613//4 2615//4
f 2623//4 2620//4 2622//4
f 2627//4 2624//4 2626//4
f 2632//4 2629//4 2631//4
f 2625//4 2615//4 2624//4
f 2634//4 2622//4 2633//4
f 2631//4 2625//4 2627//4
f 2622//4 2618//4 2619//4
f 2618//6 2613//6 2614//6
f 2616//2 2618//2 2614//2
f 2634//6 2629//6 2630//6
f 2632//2 2634//2 2630//2
f 2633//6 2625//6 2629//6
f 2625//2 2619//2 2616//2
f 2633//4 2619//4 2628//4
f 2642//6 2639//6 2641//6
f 2639//2 2637//2 2636//2
f 2642//4 2637//4 2640//4
f 2654//4 2650//4 2653//4
f 2661//6 2658//6 2660//6
f 2658//2 2656//2 2655//2
f 2661//4 2656//4 2659//4
f 2651//2 2642//2 2641//2
f 2651//4 2639//4 2650//4
f 2657//4 2644//4 2656//4
f 2644//4 2638//4 2642//4
f 2656//6 2651//6 2655//6
f 2658//4 2651//4 2654//4
f 2654//6 2648//6 2649//6
f 2648//2 2650//2 2646//2
f 2656//4 2642//4 2652//4
f 2667//4 2663//4 2666//4
f 2680//6 2677//6 2679//6
f 2677//2 2675//2 2674//2
f 2680//4 2675//4 2678//4
f 2686//6 2683//6 2685//6
f 2686//4 2681//4 2684//4
f 2690//4 2687//4 2689//4
f 2695//4 2691//4 2694//4
f 2688//4 2677//4 2687//4
f 2692//2 2686//2 2685//2
f 2692//4 2683//4 2691//4
f 2684//6 2679//6 2683//6
f 2684//4 2676//4 2680//4
f 2694//4 2688//4 2690//4
f 2691//4 2679//4 2688//4
f 2638//4 2589//4 2637//4
f 2664//2 2612//2 2611//2
f 2664//4 2609//4 2663//4
f 2663//4 2605//4 2662//4
f 2676//4 2626//4 2675//4
f 2682//4 2631//4 2681//4
f 2681//4 2627//4 2676//4
f 2670//4 2657//4 2661//4
f 2615//4 2598//4 2601//4
f 2626//4 2608//4 2612//4
f 2624//4 2601//4 2608//4
f 2675//6 2664//6 2674//6
f 2677//4 2664//4 2667//4
f 2687//4 2667//4 2668//4
f 2587//2 2591//2 2586//2
f 2605//6 2589//6 2590//6
f 2589//2 2602//2 2588//2
f 2588//2 2594//2 2587//2
f 2667//6 2644//6 2645//6
f 2644//2 2663//2 2643//2
f 2663//6 2638//6 2643//6
f 2657//2 2667//2 2645//2
f 2690//6 2670//6 2671//6
f 2670//2 2687//2 2669//2
f 2695//6 2672//6 2673//6
f 2694//6 2671//6 2672//6
f 2687//6 2657//6 2669//6
f 2638//2 2605//2 2590//2
f 2675//4 2612//4 2665//4
f 2702//6 2699//6 2701//6
f 2699//2 2697//2 2696//2
f 2702//4 2697//4 2700//4
f 2706//6 2703//6 2705//6
f 2707//2 2706//2 2705//2
f 2720//6 2717//6 2719//6
f 2717//2 2715//2 2714//2
f 2720//4 2715//4 2718//4
f 2724//6 2721//6 2723//6
f 2725//2 2724//2 2723//2
f 2712//2 2702//2 2701//2
f 2721//2 2711//2 2710//2
f 2715//6 2712//6 2714//6
f 2711//6 2707//6 2710//6
f 2705//6 2697//6 2698//6
f 2702//2 2705//2 2698//2
f 2723//6 2715//6 2716//6
f 2720//2 2723//2 2716//2
f 2710//6 2702//6 2709//6
f 2715//2 2710//2 2709//2
f 2715//4 2702//4 2713//4
f 2737//6 2734//6 2736//6
f 2734//2 2733//2 2732//2
f 2741//6 2738//6 2740//6
f 2743//2 2741//2 2740//2
f 2743//4 2738//4 2742//4
f 2746//2 2737//2 2736//2
f 2746//4 2734//4 2745//4
f 2733//6 2728//6 2732//6
f 2734//4 2728//4 2730//4
f 2743//6 2735//6 2737//6
f 2735//2 2738//2 2733//2
f 2738//6 2729//6 2733//6
f 2747//2 2743//2 2737//2
f 2728//6 2704//6 2706//6
f 2708//2 2728//2 2706//2
f 2746//6 2722//6 2724//6
f 2726//2 2746//2 2724//2
f 2734//6 2708//6 2711//6
f 2722//2 2734//2 2711//2
f 2766//6 2763//6 2765//6
f 2763//2 2761//2 2760//2
f 2766//4 2761//4 2764//4
f 2770//6 2767//6 2769//6
f 2781//6 2778//6 2780//6
f 2778//2 2776//2 2775//2
f 2781//4 2776//4 2779//4
f 2767//2 2758//2 2757//2
f 2770//4 2758//4 2768//4
f 2773//6 2765//6 2772//6
f 2776//6 2769//6 2775//6
f 2778//4 2769//4 2771//4
f 2769//6 2761//6 2762//6
f 2766//2 2769//2 2762//2
f 2780//6 2773//6 2774//6
f 2778//6 2766//6 2773//6
f 2790//6 2787//6 2789//6
f 2794//6 2791//6 2793//6
f 2800//6 2797//6 2799//6
f 2797//2 2796//2 2795//2
f 2807//6 2804//6 2806//6
f 2804//2 2802//2 2801//2
f 2807//4 2802//4 2805//4
f 2796//6 2789//6 2795//6
f 2802//6 2793//6 2801//6
f 2793//6 2788//6 2790//6
f 2806//6 2798//6 2800//6
f 2798//2 2801//2 2796//2
f 2801//6 2790//6 2796//6
f 2812//6 2809//6 2811//6
f 2818//6 2815//6 2817//6
f 2822//6 2819//6 2821//6
f 2827//6 2824//6 2826//6
f 2833//6 2830//6 2832//6
f 2828//2 2818//2 2817//2
f 2835//4 2824//4 2834//4
f 2831//6 2828//6 2830//6
f 2825//6 2821//6 2824//6
f 2821//6 2816//6 2818//6
f 2835//6 2831//6 2833//6
f 2824//6 2818//6 2823//6
f 2831//2 2824//2 2823//2
f 2831//4 2818//4 2829//4
f 2842//6 2839//6 2841//6
f 2839//2 2837//2 2836//2
f 2842//4 2837//4 2840//4
f 2846//6 2843//6 2845//6
f 2852//6 2849//6 2851//6
f 2852//4 2847//4 2850//4
f 2856//6 2853//6 2855//6
f 2850//6 2841//6 2849//6
f 2850//4 2838//4 2842//4
f 2854//6 2845//6 2853//6
f 2845//6 2837//6 2838//6
f 2855//6 2847//6 2848//6
f 2853//6 2838//6 2847//6
f 2787//2 2752//2 2751//2
f 2791//2 2754//2 2753//2
f 2794//4 2754//4 2792//4
f 2788//2 2753//2 2752//2
f 2809//2 2773//2 2772//2
f 2812//4 2773//4 2810//4
f 2812//2 2780//2 2774//2
f 2809//4 2765//4 2808//4
f 2843//2 2783//2 2782//2
f 2846//4 2783//4 2844//4
f 2856//4 2785//4 2854//4
f 2854//4 2784//4 2846//4
f 2816//6 2799//6 2815//6
f 2820//6 2806//6 2819//6
f 2819//6 2800//6 2816//6
f 2783//6 2780//6 2782//6
f 2837//6 2811//6 2836//6
f 2839//4 2811//4 2813//4
f 2843//6 2812//6 2837//6
f 2765//6 2754//6 2755//6
f 2811//6 2802//6 2803//6
f 2807//2 2811//2 2803//2
f 2809//6 2794//6 2802//6
f 2841//6 2820//6 2822//6
f 2851//6 2825//6 2827//6
f 2849//6 2822//6 2825//6
f 2839//6 2807//6 2820//6
f 2794//2 2765//2 2755//2
f 2843//4 2780//4 2814//4
f 2860//6 2857//6 2859//6
f 2862//2 2860//2 2859//2
f 2862//4 2857//4 2861//4
f 2870//6 2867//6 2869//6
f 2870//4 2865//4 2868//4
f 2877//2 2870//2 2869//2
f 2877//4 2867//4 2876//4
f 2868//6 2862//6 2867//6
f 2868//4 2860//4 2863//4
f 2872//6 2865//6 2866//6
f 2870//2 2872//2 2866//2
f 2871//6 2860//6 2865//6
f 2876//4 2862//4 2875//4
f 2885//6 2882//6 2884//6
f 2887//4 2882//4 2886//4
f 2894//6 2891//6 2893//6
f 2891//2 2889//2 2888//2
f 2894//4 2889//4 2892//4
f 2898//6 2895//6 2897//6
f 2900//4 2895//4 2899//4
f 2908//6 2905//6 2907//6
f 2905//2 2903//2 2902//2
f 2908//4 2903//4 2906//4
f 2898//4 2880//4 2896//4
f 2910//4 2891//4 2909//4
f 2903//6 2897//6 2902//6
f 2905//4 2897//4 2900//4
f 2889//6 2884//6 2888//6
f 2891//4 2884//4 2887//4
f 2887//6 2880//6 2881//6
f 2910//6 2903//6 2904//6
f 2909//6 2898//6 2903//6
f 2898//2 2887//2 2881//2
f 2909//4 2887//4 2901//4
f 2896//6 2877//6 2895//6
f 2899//4 2877//4 2879//4
f 2883//6 2872//6 2882//6
f 2886//4 2872//4 2874//4
f 2886//6 2870//6 2880//6
f 2896//4 2870//4 2878//4
f 2696//2 2502//2 2501//2
f 2703//2 2505//2 2504//2
f 2697//2 2504//2 2502//2
f 2728//2 2522//2 2521//2
f 2728//4 2519//4 2727//4
f 2738//2 2530//2 2529//2
f 2741//4 2530//4 2739//4
f 2729//2 2526//2 2522//2
f 2738//4 2526//4 2731//4
f 2704//2 2519//2 2505//2
f 2857//2 2648//2 2647//2
f 2860//4 2648//4 2858//4
f 2872//2 2661//2 2660//2
f 2872//4 2658//4 2871//4
f 2860//2 2654//2 2649//2
f 2871//4 2654//4 2864//4
f 2885//4 2670//4 2883//4
f 2890//4 2672//4 2889//4
f 2889//4 2671//4 2885//4
f 2883//4 2661//4 2873//4
f 2752//6 2719//6 2751//6
f 2754//6 2725//6 2753//6
f 2753//6 2720//6 2752//6
f 2761//6 2746//6 2760//6
f 2763//4 2746//4 2748//4
f 2758//6 2743//6 2757//6
f 2758//4 2741//4 2744//4
f 2767//6 2747//6 2761//6
f 2767//4 2743//4 2749//4
f 2763//6 2726//6 2754//6
f 2587//4 2543//4 2547//4
f 2589//4 2559//4 2562//4
f 2588//4 2547//4 2559//4
f 2648//6 2583//6 2647//6
f 2648//4 2581//4 2584//4
f 2637//6 2574//6 2636//6
f 2639//4 2574//4 2576//4
f 2650//6 2581//6 2646//6
f 2650//4 2576//4 2585//4
f 2637//4 2562//4 2575//4
f 2469//2 2532//2 2468//2
f 2472//2 2548//2 2470//2
f 2470//2 2535//2 2469//2
f 2564//6 2510//6 2511//6
f 2515//2 2564//2 2511//2
f 2583//6 2530//6 2531//6
f 2530//2 2578//2 2528//2
f 2578//6 2525//6 2528//6
f 2525//2 2566//2 2515//2
f 2510//2 2551//2 2472//2
f 2862//6 2758//6 2759//6
f 2758//2 2857//2 2756//2
f 2877//6 2776//6 2777//6
f 2781//2 2877//2 2777//2
f 2876//6 2770//6 2776//6
f 2770//2 2862//2 2759//2
f 2900//6 2783//6 2784//6
f 2907//6 2785//6 2786//6
f 2905//6 2784//6 2785//6
f 2899//6 2781//6 2783//6
f 2857//6 2741//6 2756//6
f 2741//2 2583//2 2531//2
f 2857//4 2583//4 2750//4
f 2912//3 2913//3 2911//3
f 2919//3 2920//3 2918//3
f 2926//3 2927//3 2925//3
f 2931//3 2932//3 2930//3
f 2914//3 2922//3 2913//3
f 2921//3 2930//3 2920//3
f 2915//3 2914//3 2912//3
f 2930//3 2928//3 2926//3
f 2919//6 2915//6 2916//6
f 2920//5 2915//5 2918//5
f 2926//6 2922//6 2923//6
f 2927//5 2922//5 2925//5
f 2930//6 2923//6 2929//6
f 2930//5 2917//5 2920//5
f 2917//3 2923//3 2914//3
f 2939//5 2935//5 2936//5
f 2935//3 2937//3 2934//3
f 2942//3 2943//3 2941//3
f 2951//6 2948//6 2950//6
f 2951//5 2946//5 2947//5
f 2946//3 2948//3 2945//3
f 2953//3 2954//3 2952//3
f 2947//5 2938//5 2939//5
f 2938//3 2945//3 2937//3
f 2944//3 2952//3 2943//3
f 2941//6 2935//6 2940//6
f 2941//3 2939//3 2936//3
f 2952//3 2951//3 2947//3
f 2943//3 2947//3 2939//3
f 2966//6 2963//6 2965//6
f 2962//3 2963//3 2961//3
f 2973//6 2970//6 2972//6
f 2973//5 2968//5 2969//5
f 2968//3 2970//3 2967//3
f 2976//3 2977//3 2975//3
f 2980//3 2981//3 2979//3
f 2975//5 2963//5 2964//5
f 2966//3 2975//3 2964//3
f 2973//3 2979//3 2971//3
f 2971//6 2965//6 2970//6
f 2967//3 2965//3 2962//3
f 2979//3 2978//3 2976//3
f 2971//3 2976//3 2966//3
f 2990//3 2991//3 2989//3
f 3004//6 3001//6 3003//6
f 3004//5 2999//5 3000//5
f 2999//3 3001//3 2998//3
f 3011//6 3008//6 3010//6
f 3011//5 3006//5 3007//5
f 3006//3 3008//3 3005//3
f 3014//3 3015//3 3013//3
f 2997//3 3005//3 2996//3
f 3013//5 3001//5 3002//5
f 3004//3 3013//3 3002//3
f 2998//3 2997//3 2995//3
f 3013//6 3006//6 3012//6
f 3013//3 3011//3 3007//3
f 3019//6 3015//6 3016//6
f 3019//5 3014//5 3017//5
f 3001//3 3006//3 2997//3
f 2928//3 2961//3 2927//3
f 2933//3 2967//3 2932//3
f 2932//3 2962//3 2928//3
f 2989//5 2948//5 2949//5
f 2951//3 2989//3 2949//3
f 2954//3 2990//3 2951//3
f 2960//3 2998//3 2959//3
f 2934//3 2921//3 2919//3
f 2945//3 2933//3 2931//3
f 2937//3 2931//3 2921//3
f 2989//6 2968//6 2988//6
f 2989//3 2973//3 2969//3
f 2991//3 2980//3 2973//3
f 3005//3 2987//3 2985//3
f 2957//5 2942//5 2956//5
f 2960//6 2954//6 2955//6
f 2960//5 2953//5 2958//5
f 2958//5 2944//5 2957//5
f 2984//6 2977//6 2978//6
f 2987//6 2981//6 2982//6
f 2987//5 2980//5 2985//5
f 2986//6 2978//6 2981//6
f 2997//6 2991//6 2992//6
f 2997//5 2990//5 2995//5
f 2998//6 2990//6 2993//6
f 3005//5 2991//5 2996//5
f 3005//6 2980//6 2994//6
f 2998//5 2954//5 2959//5
f 2948//3 2968//3 2933//3
f 3027//6 3024//6 3026//6
f 3027//5 3022//5 3023//5
f 3022//3 3024//3 3021//3
f 3036//6 3033//6 3035//6
f 3036//5 3031//5 3032//5
f 3031//3 3033//3 3030//3
f 3041//5 3037//5 3038//5
f 3039//3 3041//3 3038//3
f 3050//5 3046//5 3047//5
f 3048//3 3050//3 3047//3
f 3038//5 3024//5 3025//5
f 3027//3 3038//3 3025//3
f 3047//5 3033//5 3034//5
f 3036//3 3047//3 3034//3
f 3028//3 3027//3 3023//3
f 3046//3 3044//3 3043//3
f 3033//5 3028//5 3030//5
f 3044//5 3039//5 3043//5
f 3046//6 3039//6 3045//6
f 3046//5 3029//5 3033//5
f 3029//3 3039//3 3027//3
f 3061//5 3057//5 3058//5
f 3057//3 3059//3 3056//3
f 3070//6 3067//6 3069//6
f 3072//5 3067//5 3068//5
f 3070//3 3072//3 3068//3
f 3070//5 3060//5 3061//5
f 3060//3 3067//3 3059//3
f 3063//6 3057//6 3062//6
f 3063//3 3061//3 3058//3
f 3057//6 3053//6 3054//6
f 3059//5 3053//5 3056//5
f 3067//5 3055//5 3059//5
f 3065//3 3070//3 3061//3
f 3053//5 3040//5 3041//5
f 3042//3 3053//3 3041//3
f 3063//5 3049//5 3050//5
f 3051//3 3063//3 3050//3
f 3057//5 3042//5 3044//5
f 3049//3 3057//3 3044//3
f 3083//5 3080//5 3081//5
f 3089//5 3085//5 3086//5
f 3085//3 3087//3 3084//3
f 3093//5 3090//5 3091//5
f 3100//6 3097//6 3099//6
f 3100//5 3095//5 3096//5
f 3095//3 3097//3 3094//3
f 3091//5 3082//5 3083//5
f 3096//5 3088//5 3089//5
f 3088//3 3094//3 3087//3
f 3087//5 3081//5 3084//5
f 3097//5 3091//5 3094//5
f 3094//5 3083//5 3087//5
f 3104//5 3101//5 3102//5
f 3111//5 3108//5 3109//5
f 3115//5 3112//5 3113//5
f 3119//5 3116//5 3117//5
f 3113//5 3103//5 3104//5
f 3121//5 3110//5 3111//5
f 3106//3 3104//3 3102//3
f 3121//6 3116//6 3120//6
f 3110//5 3106//5 3108//5
f 3118//5 3113//5 3116//5
f 3110//6 3104//6 3107//6
f 3116//5 3104//5 3105//5
f 3110//3 3116//3 3105//3
f 3128//6 3125//6 3127//6
f 3128//5 3123//5 3124//5
f 3123//3 3125//3 3122//3
f 3140//5 3136//5 3137//5
f 3147//6 3144//6 3146//6
f 3147//5 3142//5 3143//5
f 3142//3 3144//3 3141//3
f 3137//5 3125//5 3126//5
f 3128//3 3137//3 3126//3
f 3143//5 3130//5 3131//5
f 3140//6 3134//6 3139//6
f 3136//3 3134//3 3132//3
f 3130//5 3124//5 3129//5
f 3142//6 3137//6 3138//6
f 3144//5 3137//5 3141//5
f 3142//5 3128//5 3130//5
f 3158//5 3154//5 3155//5
f 3166//6 3163//6 3165//6
f 3166//5 3161//5 3162//5
f 3161//3 3163//3 3160//3
f 3172//6 3169//6 3171//6
f 3172//5 3167//5 3168//5
f 3176//5 3173//5 3174//5
f 3180//5 3177//5 3178//5
f 3174//5 3163//5 3164//5
f 3178//5 3169//5 3170//5
f 3171//6 3164//6 3166//6
f 3171//5 3162//5 3167//5
f 3179//5 3174//5 3177//5
f 3177//5 3164//5 3169//5
f 3124//5 3078//5 3079//5
f 3155//5 3097//5 3098//5
f 3100//3 3155//3 3098//3
f 3154//5 3093//5 3097//5
f 3162//5 3114//5 3115//5
f 3168//5 3118//5 3119//5
f 3167//5 3115//5 3118//5
f 3080//3 3076//3 3075//3
f 3093//6 3078//6 3092//6
f 3090//3 3078//3 3077//3
f 3082//3 3077//3 3076//3
f 3158//6 3130//6 3157//6
f 3154//3 3130//3 3129//3
f 3154//6 3124//6 3153//6
f 3158//3 3143//3 3131//3
f 3176//6 3149//6 3175//6
f 3173//3 3149//3 3148//3
f 3180//6 3151//6 3179//6
f 3179//6 3150//6 3176//6
f 3103//5 3086//5 3101//5
f 3114//5 3096//5 3112//5
f 3112//5 3089//5 3103//5
f 3149//5 3143//5 3148//5
f 3161//6 3155//6 3156//6
f 3163//5 3155//5 3160//5
f 3173//5 3158//5 3163//5
f 3173//6 3143//6 3159//6
f 3161//5 3100//5 3114//5
f 3093//3 3124//3 3079//3
f 3187//6 3184//6 3186//6
f 3187//5 3182//5 3183//5
f 3182//3 3184//3 3181//3
f 3191//6 3188//6 3190//6
f 3191//3 3192//3 3189//3
f 3204//6 3201//6 3203//6
f 3204//5 3199//5 3200//5
f 3199//3 3201//3 3198//3
f 3209//6 3206//6 3208//6
f 3209//3 3210//3 3207//3
f 3187//3 3196//3 3185//3
f 3195//3 3206//3 3194//3
f 3189//6 3182//6 3188//6
f 3189//3 3187//3 3183//3
f 3207//6 3199//6 3206//6
f 3207//3 3204//3 3200//3
f 3195//6 3192//6 3193//6
f 3199//6 3196//6 3197//6
f 3206//6 3197//6 3205//6
f 3206//5 3192//5 3194//5
f 3192//3 3197//3 3187//3
f 3221//6 3218//6 3220//6
f 3217//3 3218//3 3216//3
f 3226//6 3223//6 3225//6
f 3228//5 3223//5 3224//5
f 3226//3 3228//3 3224//3
f 3231//5 3218//5 3219//5
f 3221//3 3231//3 3219//3
f 3228//6 3220//6 3227//6
f 3223//3 3220//3 3217//3
f 3217//6 3213//6 3214//6
f 3218//5 3213//5 3216//5
f 3223//6 3214//6 3222//6
f 3228//3 3232//3 3221//3
f 3213//6 3190//6 3212//6
f 3213//3 3193//3 3191//3
f 3231//6 3208//6 3230//6
f 3231//3 3211//3 3209//3
f 3218//6 3193//6 3215//6
f 3218//3 3208//3 3195//3
f 3250//6 3247//6 3249//6
f 3250//5 3245//5 3246//5
f 3245//3 3247//3 3244//3
f 3257//6 3254//6 3256//6
f 3265//6 3262//6 3264//6
f 3265//5 3260//5 3261//5
f 3260//3 3262//3 3259//3
f 3257//5 3242//5 3243//5
f 3242//3 3254//3 3241//3
f 3255//6 3245//6 3254//6
f 3255//3 3250//3 3246//3
f 3263//6 3252//6 3262//6
f 3252//6 3248//6 3250//6
f 3260//6 3255//6 3257//6
f 3262//5 3255//5 3259//5
f 3262//6 3250//6 3258//6
f 3274//6 3271//6 3273//6
f 3280//6 3277//6 3279//6
f 3276//3 3277//3 3275//3
f 3284//6 3281//6 3283//6
f 3291//6 3288//6 3290//6
f 3291//5 3286//5 3287//5
f 3286//3 3288//3 3285//3
f 3282//6 3273//6 3281//6
f 3289//6 3279//6 3288//6
f 3285//3 3279//3 3276//3
f 3276//6 3272//6 3274//6
f 3286//6 3282//6 3284//6
f 3285//6 3274//6 3282//6
f 3295//6 3292//6 3294//6
f 3300//6 3297//6 3299//6
f 3304//6 3301//6 3303//6
f 3310//6 3307//6 3309//6
f 3295//3 3305//3 3293//3
f 3312//5 3301//5 3302//5
f 3298//6 3294//6 3297//6
f 3312//6 3309//6 3311//6
f 3303//6 3298//6 3300//6
f 3309//6 3305//6 3306//6
f 3301//6 3295//6 3298//6
f 3309//5 3295//5 3296//5
f 3301//3 3309//3 3296//3
f 3317//6 3314//6 3316//6
f 3326//6 3323//6 3325//6
f 3326//5 3321//5 3322//5
f 3321//3 3323//3 3320//3
f 3332//6 3329//6 3331//6
f 3332//5 3327//5 3328//5
f 3336//6 3333//6 3335//6
f 3340//6 3337//6 3339//6
f 3334//6 3321//6 3333//6
f 3338//6 3327//6 3337//6
f 3331//6 3324//6 3326//6
f 3331//5 3322//5 3327//5
f 3339//6 3334//6 3336//6
f 3337//6 3322//6 3334//6
f 3236//3 3271//3 3235//3
f 3284//5 3238//5 3239//5
f 3238//3 3281//3 3237//3
f 3237//3 3273//3 3236//3
f 3317//5 3252//5 3253//5
f 3252//3 3314//3 3251//3
f 3314//5 3248//5 3251//5
f 3263//3 3317//3 3253//3
f 3336//5 3267//5 3268//5
f 3267//3 3333//3 3266//3
f 3340//5 3269//5 3270//5
f 3339//5 3268//5 3269//5
f 3248//6 3238//6 3247//6
f 3315//6 3286//6 3314//6
f 3315//3 3291//3 3287//3
f 3314//6 3284//6 3313//6
f 3324//6 3299//6 3323//6
f 3330//6 3303//6 3329//6
f 3329//6 3300//6 3324//6
f 3267//6 3263//6 3265//6
f 3294//6 3278//6 3280//6
f 3299//6 3289//6 3291//6
f 3297//6 3280//6 3289//6
f 3321//6 3315//6 3317//6
f 3323//5 3315//5 3320//5
f 3333//6 3317//6 3319//6
f 3323//6 3291//6 3318//6
f 3333//5 3263//5 3266//5
f 3248//3 3284//3 3239//3
f 3345//6 3342//6 3344//6
f 3347//5 3342//5 3343//5
f 3345//3 3347//3 3343//3
f 3354//6 3351//6 3353//6
f 3354//5 3349//5 3350//5
f 3362//5 3351//5 3352//5
f 3354//3 3362//3 3352//3
f 3357//6 3349//6 3356//6
f 3357//3 3354//3 3350//3
f 3353//6 3347//6 3348//6
f 3353//5 3345//5 3349//5
f 3356//6 3345//6 3355//6
f 3361//5 3347//5 3351//5
f 3371//6 3368//6 3370//6
f 3373//5 3368//5 3369//5
f 3380//6 3377//6 3379//6
f 3380//5 3375//5 3376//5
f 3375//3 3377//3 3374//3
f 3384//6 3381//6 3383//6
f 3386//5 3381//5 3382//5
f 3393//6 3390//6 3392//6
f 3393//5 3388//5 3389//5
f 3388//3 3390//3 3387//3
f 3384//5 3365//5 3366//5
f 3395//5 3377//5 3378//5
f 3373//6 3365//6 3372//6
f 3395//6 3388//6 3394//6
f 3375//6 3369//6 3371//6
f 3377//5 3369//5 3374//5
f 3388//6 3382//6 3384//6
f 3390//5 3382//5 3387//5
f 3377//6 3366//6 3373//6
f 3388//5 3366//5 3367//5
f 3377//3 3388//3 3367//3
f 3370//6 3357//6 3358//6
f 3372//5 3357//5 3368//5
f 3383//6 3362//6 3363//6
f 3385//5 3362//5 3381//5
f 3372//6 3354//6 3359//6
f 3383//5 3354//5 3365//5
f 2984//3 3181//3 2983//3
f 2987//3 3188//3 2986//3
f 2986//3 3182//3 2984//3
f 3213//5 3008//5 3009//5
f 3011//3 3213//3 3009//3
f 3226//5 3019//5 3020//5
f 3019//3 3223//3 3018//3
f 3223//5 3015//5 3018//5
f 3015//3 3214//3 3011//3
f 3008//3 3190//3 2987//3
f 3345//5 3134//5 3135//5
f 3134//3 3342//3 3133//3
f 3357//5 3144//5 3145//5
f 3147//3 3357//3 3145//3
f 3356//5 3140//5 3144//5
f 3140//3 3345//3 3135//3
f 3371//5 3149//5 3150//5
f 3376//5 3151//5 3152//5
f 3375//5 3150//5 3151//5
f 3370//5 3147//5 3149//5
f 3021//3 2957//3 2956//3
f 3037//3 2960//3 2958//3
f 3024//3 2958//3 2957//3
f 3053//6 2999//6 3052//6
f 3053//3 3004//3 3000//3
f 3072//6 3019//6 3071//6
f 3067//3 3019//3 3017//3
f 3067//6 3014//6 3066//6
f 3055//3 3014//3 3004//3
f 3040//3 2999//3 2960//3
f 3347//6 3242//6 3346//6
f 3342//3 3242//3 3240//3
f 3362//6 3260//6 3361//6
f 3362//3 3265//3 3261//3
f 3361//6 3257//6 3360//6
f 3347//3 3257//3 3243//3
f 3386//6 3267//6 3385//6
f 3391//6 3269//6 3390//6
f 3390//6 3268//6 3386//6
f 3385//6 3265//6 3364//6
f 3076//5 3032//5 3075//5
f 3078//5 3048//5 3077//5
f 3077//5 3036//5 3076//5
f 3123//6 3063//6 3064//6
f 3125//5 3063//5 3122//5
f 3134//6 3072//6 3073//6
f 3134//5 3070//5 3132//5
f 3136//6 3070//6 3074//6
f 3136//5 3065//5 3125//5
f 3123//5 3051//5 3078//5
f 3236//6 3202//6 3204//6
f 3238//6 3210//6 3211//6
f 3237//6 3204//6 3210//6
f 3242//6 3228//6 3229//6
f 3242//5 3226//5 3240//5
f 3245//6 3231//6 3232//6
f 3247//5 3231//5 3244//5
f 3254//6 3232//6 3234//6
f 3254//5 3228//5 3241//5
f 3247//6 3211//6 3233//6
f 3342//6 3226//6 3341//6
f 3342//5 3072//5 3133//5
f 3072//3 3226//3 3020//3
f 3399//4 3396//4 3398//4
f 3403//4 3400//4 3402//4
f 3410//4 3407//4 3409//4
f 3417//4 3414//4 3416//4
f 3412//4 3398//4 3411//4
f 3415//4 3402//4 3414//4
f 3416//4 3408//4 3410//4
f 3406//4 3397//4 3399//4
f 3405//6 3400//6 3401//6
f 3406//5 3400//5 3404//5
f 3412//6 3407//6 3408//6
f 3413//5 3407//5 3411//5
f 3418//6 3408//6 3414//6
f 3418//5 3402//5 3406//5
f 3418//4 3399//4 3412//4
f 3429//5 3425//5 3426//5
f 3429//4 3424//4 3427//4
f 3434//4 3430//4 3433//4
f 3441//6 3438//6 3440//6
f 3441//5 3436//5 3437//5
f 3441//4 3435//4 3439//4
f 3445//4 3442//4 3444//4
f 3437//5 3428//5 3429//5
f 3437//4 3427//4 3435//4
f 3443//4 3433//4 3442//4
f 3431//6 3425//6 3430//6
f 3433//4 3425//4 3428//4
f 3444//4 3436//4 3440//4
f 3442//4 3428//4 3436//4
f 3456//6 3453//6 3455//6
f 3456//4 3451//4 3454//4
f 3463//6 3460//6 3462//6
f 3463//5 3458//5 3459//5
f 3463//4 3457//4 3461//4
f 3468//4 3464//4 3467//4
f 3472//4 3469//4 3471//4
f 3465//5 3453//5 3454//5
f 3466//4 3453//4 3464//4
f 3470//4 3460//4 3469//4
f 3461//6 3455//6 3460//6
f 3461//4 3452//4 3456//4
f 3471//4 3466//4 3468//4
f 3469//4 3455//4 3466//4
f 3482//6 3479//6 3481//6
f 3482//5 3477//5 3478//5
f 3482//4 3476//4 3480//4
f 3489//6 3486//6 3488//6
f 3489//5 3484//5 3485//5
f 3489//4 3483//4 3487//4
f 3498//4 3494//4 3497//4
f 3485//4 3474//4 3483//4
f 3495//5 3479//5 3480//5
f 3496//4 3479//4 3494//4
f 3480//4 3473//4 3475//4
f 3495//6 3484//6 3494//6
f 3497//4 3484//4 3488//4
f 3498//6 3491//6 3493//6
f 3498//5 3490//5 3496//5
f 3495//4 3475//4 3485//4
f 3503//4 3499//4 3502//4
f 3452//4 3409//4 3451//4
f 3459//4 3416//4 3457//4
f 3457//4 3410//4 3452//4
f 3478//4 3422//4 3476//4
f 3500//5 3438//5 3439//5
f 3501//4 3438//4 3499//4
f 3504//4 3440//4 3501//4
f 3487//4 3448//4 3450//4
f 3427//4 3401//4 3403//4
f 3439//4 3415//4 3417//4
f 3435//4 3403//4 3415//4
f 3500//6 3458//6 3499//6
f 3502//4 3458//4 3462//4
f 3505//4 3462//4 3470//4
f 3434//5 3419//5 3432//5
f 3445//6 3422//6 3423//6
f 3445//5 3421//5 3443//5
f 3443//5 3420//5 3434//5
f 3468//6 3446//6 3447//6
f 3472//6 3449//6 3450//6
f 3472//5 3448//5 3470//5
f 3471//6 3447//6 3449//6
f 3503//6 3474//6 3475//6
f 3503//5 3473//5 3501//5
f 3504//6 3473//6 3476//6
f 3505//5 3474//5 3502//5
f 3505//6 3448//6 3483//6
f 3504//5 3422//5 3444//5
f 3500//4 3417//4 3459//4
f 3515//5 3512//5 3513//5
f 3519//5 3516//5 3517//5
f 3525//5 3522//5 3523//5
f 3529//5 3526//5 3527//5
f 3527//5 3514//5 3515//5
f 3531//5 3518//5 3519//5
f 3531//6 3522//6 3530//6
f 3521//4 3512//4 3514//4
f 3521//5 3517//5 3520//5
f 3528//5 3523//5 3526//5
f 3521//6 3511//6 3519//6
f 3526//5 3511//5 3514//5
f 3531//4 3511//4 3523//4
f 3537//5 3533//5 3534//5
f 3537//4 3532//4 3535//4
f 3541//5 3538//5 3539//5
f 3548//6 3545//6 3547//6
f 3548//5 3543//5 3544//5
f 3548//4 3542//4 3546//4
f 3552//5 3549//5 3550//5
f 3544//5 3536//5 3537//5
f 3544//4 3535//4 3542//4
f 3550//5 3540//5 3541//5
f 3540//5 3532//5 3538//5
f 3551//5 3542//5 3549//5
f 3549//5 3535//5 3540//5
f 3567//6 3564//6 3566//6
f 3567//5 3562//5 3563//5
f 3567//4 3561//4 3565//4
f 3578//6 3575//6 3577//6
f 3578//5 3573//5 3574//5
f 3578//4 3572//4 3576//4
f 3583//5 3579//5 3580//5
f 3574//5 3559//5 3560//5
f 3580//5 3564//5 3565//5
f 3581//4 3564//4 3579//4
f 3583//6 3570//6 3582//6
f 3583//4 3568//4 3571//4
f 3566//5 3558//5 3562//5
f 3581//6 3572//6 3574//6
f 3582//5 3572//5 3579//5
f 3581//5 3560//5 3566//5
f 3589//6 3586//6 3588//6
f 3589//5 3584//5 3585//5
f 3596//6 3593//6 3595//6
f 3596//5 3591//5 3592//5
f 3596//4 3590//4 3594//4
f 3600//5 3597//5 3598//5
f 3604//5 3601//5 3602//5
f 3598//5 3586//5 3587//5
f 3602//5 3593//5 3594//5
f 3595//6 3587//6 3589//6
f 3595//5 3585//5 3591//5
f 3603//5 3598//5 3601//5
f 3601//5 3587//5 3593//5
f 3609//5 3605//5 3606//5
f 3563//5 3509//5 3510//5
f 3585//5 3524//5 3525//5
f 3592//5 3528//5 3529//5
f 3591//5 3525//5 3528//5
f 3606//5 3545//5 3546//5
f 3607//4 3545//4 3605//4
f 3610//5 3546//5 3551//5
f 3600//6 3553//6 3599//6
f 3604//6 3556//6 3603//6
f 3604//4 3555//4 3557//4
f 3603//6 3554//6 3600//6
f 3541//4 3506//4 3507//4
f 3552//6 3509//6 3551//6
f 3552//4 3508//4 3510//4
f 3550//4 3507//4 3508//4
f 3609//6 3559//6 3608//6
f 3609//4 3558//4 3560//4
f 3610//6 3558//6 3606//6
f 3611//4 3559//4 3573//4
f 3536//5 3513//5 3533//5
f 3547//5 3527//5 3543//5
f 3543//5 3515//5 3536//5
f 3577//5 3555//5 3573//5
f 3607//6 3590//6 3592//6
f 3608//5 3590//5 3605//5
f 3611//5 3594//5 3608//5
f 3611//6 3555//6 3602//6
f 3607//5 3529//5 3547//5
f 3610//4 3509//4 3562//4
f 3618//6 3615//6 3617//6
f 3618//5 3613//5 3614//5
f 3618//4 3612//4 3616//4
f 3625//6 3622//6 3624//6
f 3625//5 3620//5 3621//5
f 3625//4 3619//4 3623//4
f 3634//5 3630//5 3631//5
f 3635//4 3630//4 3633//4
f 3640//5 3636//5 3637//5
f 3641//4 3636//4 3639//4
f 3631//5 3615//5 3616//5
f 3632//4 3615//4 3630//4
f 3637//5 3622//5 3623//5
f 3638//4 3622//4 3636//4
f 3640//4 3628//4 3629//4
f 3627//4 3613//4 3617//4
f 3627//5 3619//5 3626//5
f 3635//5 3628//5 3632//5
f 3642//6 3628//6 3637//6
f 3642//5 3623//5 3627//5
f 3642//4 3617//4 3632//4
f 3648//5 3644//5 3645//5
f 3648//4 3643//4 3646//4
f 3660//6 3657//6 3659//6
f 3662//5 3657//5 3658//5
f 3663//4 3657//4 3661//4
f 3660//5 3647//5 3648//5
f 3660//4 3646//4 3658//4
f 3654//6 3644//6 3653//6
f 3656//4 3644//4 3647//4
f 3651//6 3643//6 3645//6
f 3652//5 3643//5 3649//5
f 3664//5 3646//5 3652//5
f 3665//4 3647//4 3659//4
f 3650//5 3633//5 3634//5
f 3651//4 3633//4 3649//4
f 3654//5 3639//5 3640//5
f 3655//4 3639//4 3653//4
f 3651//5 3629//5 3635//5
f 3654//4 3629//4 3645//4
f 3689//6 3686//6 3688//6
f 3689//5 3684//5 3685//5
f 3689//4 3683//4 3687//4
f 3696//6 3693//6 3695//6
f 3696//5 3691//5 3692//5
f 3696//4 3690//4 3694//4
f 3700//6 3697//6 3699//6
f 3700//5 3678//5 3679//5
f 3700//4 3677//4 3698//4
f 3694//6 3681//6 3693//6
f 3698//6 3684//6 3697//6
f 3701//4 3684//4 3688//4
f 3688//6 3680//6 3682//6
f 3699//6 3690//6 3692//6
f 3701//5 3690//5 3697//5
f 3701//6 3682//6 3694//6
f 3706//6 3703//6 3705//6
f 3710//6 3707//6 3709//6
f 3714//6 3711//6 3713//6
f 3718//6 3715//6 3717//6
f 3720//4 3703//4 3719//4
f 3722//5 3707//5 3708//5
f 3722//6 3717//6 3721//6
f 3712//6 3705//6 3711//6
f 3713//6 3708//6 3710//6
f 3720//6 3716//6 3718//6
f 3711//6 3702//6 3708//6
f 3720//5 3702//5 3705//5
f 3722//4 3702//4 3718//4
f 3728//6 3725//6 3727//6
f 3728//4 3723//4 3726//4
f 3732//6 3729//6 3731//6
f 3739//6 3736//6 3738//6
f 3739//5 3734//5 3735//5
f 3739//4 3733//4 3737//4
f 3743//6 3740//6 3742//6
f 3737//6 3727//6 3736//6
f 3737//4 3724//4 3728//4
f 3741//6 3731//6 3740//6
f 3731//6 3723//6 3724//6
f 3742//6 3733//6 3735//6
f 3740//6 3724//6 3733//6
f 3749//6 3746//6 3748//6
f 3749//5 3744//5 3745//5
f 3756//6 3753//6 3755//6
f 3756//5 3751//5 3752//5
f 3756//4 3750//4 3754//4
f 3760//6 3757//6 3759//6
f 3764//6 3761//6 3763//6
f 3758//6 3744//6 3757//6
f 3762//6 3751//6 3761//6
f 3755//6 3747//6 3749//6
f 3755//5 3745//5 3751//5
f 3763//6 3758//6 3760//6
f 3761//6 3745//6 3758//6
f 3768//6 3765//6 3767//6
f 3732//4 3666//4 3730//4
f 3743//5 3669//5 3670//5
f 3743//4 3668//4 3741//4
f 3741//4 3667//4 3732//4
f 3760//5 3671//5 3672//5
f 3764//5 3674//5 3675//5
f 3764//4 3673//4 3762//4
f 3763//5 3672//5 3674//5
f 3768//5 3681//5 3682//5
f 3768//4 3680//4 3766//4
f 3770//5 3680//5 3686//5
f 3771//4 3681//4 3767//4
f 3747//6 3709//6 3746//6
f 3754//6 3713//6 3753//6
f 3753//6 3710//6 3747//6
f 3687//6 3669//6 3686//6
f 3766//6 3734//6 3765//6
f 3769//4 3734//4 3738//4
f 3770//6 3735//6 3766//6
f 3695//6 3673//6 3675//6
f 3727//6 3704//6 3706//6
f 3738//6 3712//6 3714//6
f 3736//6 3706//6 3712//6
f 3767//6 3750//6 3752//6
f 3769//5 3750//5 3765//5
f 3771//6 3752//6 3762//6
f 3769//6 3714//6 3754//6
f 3771//5 3673//5 3693//5
f 3770//4 3669//4 3742//4
f 3778//6 3775//6 3777//6
f 3778//5 3773//5 3774//5
f 3778//4 3772//4 3776//4
f 3784//6 3781//6 3783//6
f 3786//4 3781//4 3785//4
f 3793//6 3790//6 3792//6
f 3793//5 3788//5 3789//5
f 3793//4 3787//4 3791//4
f 3799//6 3796//6 3798//6
f 3801//4 3796//4 3800//4
f 3795//4 3775//4 3794//4
f 3799//4 3779//4 3797//4
f 3797//6 3788//6 3796//6
f 3800//4 3788//4 3792//4
f 3782//6 3773//6 3781//6
f 3785//4 3773//4 3777//4
f 3786//6 3779//6 3780//6
f 3795//6 3787//6 3789//6
f 3802//6 3789//6 3797//6
f 3802//5 3779//5 3785//5
f 3802//4 3777//4 3795//4
f 3808//6 3805//6 3807//6
f 3808//4 3803//4 3806//4
f 3816//6 3813//6 3815//6
f 3818//5 3813//5 3814//5
f 3819//4 3813//4 3817//4
f 3822//5 3805//5 3806//5
f 3823//4 3805//4 3821//4
f 3818//6 3807//6 3817//6
f 3818//4 3804//4 3808//4
f 3811//6 3803//6 3804//6
f 3812//5 3803//5 3809//5
f 3820//6 3804//6 3814//6
f 3825//4 3807//4 3823//4
f 3822//6 3798//6 3821//6
f 3824//4 3798//4 3801//4
f 3810//6 3783//6 3809//6
f 3812//4 3783//4 3786//4
f 3812//6 3780//6 3806//6
f 3822//4 3780//4 3799//4
f 3835//6 3832//6 3834//6
f 3835//5 3830//5 3831//5
f 3835//4 3829//4 3833//4
f 3839//6 3836//6 3838//6
f 3841//5 3836//5 3837//5
f 3848//6 3845//6 3847//6
f 3848//5 3843//5 3844//5
f 3848//4 3842//4 3846//4
f 3852//6 3849//6 3851//6
f 3854//5 3849//5 3850//5
f 3852//5 3827//5 3828//5
f 3856//5 3832//5 3833//5
f 3856//6 3843//6 3855//6
f 3841//6 3827//6 3840//6
f 3838//6 3829//6 3831//6
f 3840//5 3829//5 3836//5
f 3851//6 3842//6 3844//6
f 3853//5 3842//5 3849//5
f 3840//6 3826//6 3833//6
f 3851//5 3826//5 3827//5
f 3856//4 3826//4 3844//4
f 3862//6 3859//6 3861//6
f 3862//5 3857//5 3858//5
f 3866//6 3863//6 3865//6
f 3868//5 3863//5 3864//5
f 3869//4 3863//4 3867//4
f 3876//5 3859//5 3860//5
f 3877//4 3859//4 3875//4
f 3871//6 3857//6 3870//6
f 3873//4 3857//4 3861//4
f 3869//6 3860//6 3862//6
f 3869//5 3858//5 3865//5
f 3874//6 3858//6 3871//6
f 3879//5 3860//5 3867//5
f 3872//6 3837//6 3839//6
f 3873//5 3837//5 3870//5
f 3877//6 3850//6 3852//6
f 3878//5 3850//5 3875//5
f 3873//6 3828//6 3841//6
f 3877//5 3828//5 3861//5
f 3774//4 3446//4 3772//4
f 3784//4 3449//4 3782//4
f 3782//4 3447//4 3774//4
f 3810//5 3486//5 3487//5
f 3811//4 3486//4 3809//4
f 3816//5 3492//5 3493//5
f 3816//4 3491//4 3814//4
f 3820//5 3491//5 3497//5
f 3820//4 3488//4 3811//4
f 3810//4 3450//4 3784//4
f 3831//5 3553//5 3554//5
f 3839//5 3556//5 3557//5
f 3838//5 3554//5 3556//5
f 3866//5 3570//5 3571//5
f 3866//4 3569//4 3864//4
f 3871//5 3575//5 3576//5
f 3872//4 3575//4 3870//4
f 3874//5 3576//5 3582//5
f 3874//4 3570//4 3865//4
f 3872//5 3557//5 3577//5
f 3846//6 3671//6 3845//6
f 3854//6 3674//6 3853//6
f 3853//6 3672//6 3846//6
f 3876//6 3691//6 3875//6
f 3878//4 3691//4 3695//4
f 3868//6 3678//6 3867//6
f 3868//4 3676//4 3679//4
f 3879//6 3692//6 3876//6
f 3879//4 3678//4 3699//4
f 3878//6 3675//6 3854//6
f 3616//4 3419//4 3420//4
f 3634//4 3421//4 3423//4
f 3631//4 3420//4 3421//4
f 3662//6 3492//6 3661//6
f 3662//4 3490//4 3493//4
f 3650//6 3477//6 3649//6
f 3652//4 3477//4 3481//4
f 3664//6 3490//6 3658//6
f 3664//4 3481//4 3496//4
f 3650//4 3423//4 3478//4
f 3624//5 3506//5 3620//5
f 3641//5 3508//5 3638//5
f 3638//5 3507//5 3624//5
f 3655//6 3561//6 3563//6
f 3656//5 3561//5 3653//5
f 3663//6 3569//6 3571//6
f 3663//5 3568//5 3659//5
f 3665//6 3568//6 3580//6
f 3665//5 3565//5 3656//5
f 3655//5 3510//5 3641//5
f 3792//6 3666//6 3667//6
f 3801//6 3668//6 3670//6
f 3800//6 3667//6 3668//6
f 3819//6 3677//6 3679//6
f 3819//5 3676//5 3815//5
f 3823//6 3683//6 3685//6
f 3824//5 3683//5 3821//5
f 3825//6 3685//6 3698//6
f 3825//5 3677//5 3817//5
f 3824//6 3670//6 3687//6
f 3880//6 3676//6 3864//6
f 3880//5 3569//5 3661//5
f 3880//4 3492//4 3815//4
f 1943//2 261//2 260//2
f 262//3 1943//3 260//3
f 1950//2 268//2 267//2
f 269//3 1950//3 267//3
f 1941//2 262//2 255//2
f 268//3 1941//3 255//3
f 1995//2 343//2 342//2
f 1999//2 348//2 347//2
f 349//3 1999//3 347//3
f 1996//2 349//2 343//2
f 2018//2 365//2 364//2
f 2022//2 369//2 368//2
f 2016//2 364//2 361//2
f 369//3 2016//3 361//3
f 2000//2 368//2 348//2
f 375//3 1995//3 342//3
f 2102//2 451//2 450//2
f 451//3 2101//3 449//3
f 457//3 2106//3 455//3
f 455//3 2102//3 450//3
f 477//3 2128//3 476//3
f 485//3 2135//3 484//3
f 2128//2 480//2 476//2
f 484//3 2129//3 477//3
f 2101//2 462//2 449//2
f 480//3 2108//3 457//3
f 1944//2 375//2 261//2
f 462//3 1952//3 269//3
f 2426//2 773//2 772//2
f 2433//2 780//2 779//2
f 2427//2 775//2 773//2
f 2433//4 775//4 2430//4
f 2447//2 796//2 795//2
f 2449//4 796//4 2448//4
f 2453//2 801//2 800//2
f 2449//2 800//2 797//2
f 2434//2 795//2 780//2
f 2468//4 801//4 2454//4
f 2532//2 850//2 849//2
f 2534//4 850//4 2533//4
f 2541//2 859//2 858//2
f 2543//4 859//4 2542//4
f 2534//2 853//2 851//2
f 2541//4 853//4 2539//4
f 2592//2 941//2 940//2
f 2592//4 939//4 2591//4
f 2598//4 946//4 2597//4
f 2597//4 941//4 2593//4
f 2618//4 965//4 2617//4
f 2621//4 969//4 2620//4
f 2613//2 965//2 962//2
f 2620//4 966//4 2618//4
f 2586//2 939//2 925//2
f 2613//4 947//4 2598//4
f 2468//2 849//2 806//2
f 2586//4 860//4 2543//4
f 1261//3 2911//3 1260//3
f 1264//3 2915//3 1263//3
f 2919//5 1264//5 1268//5
f 1263//3 2912//3 1261//3
f 1284//3 2934//3 1283//3
f 2941//5 1288//5 1289//5
f 1290//3 2941//3 1289//3
f 1288//3 2935//3 1284//3
f 2956//5 1290//5 1295//5
f 1283//3 2919//3 1268//3
f 3023//5 1339//5 1340//5
f 1339//3 3021//3 1338//3
f 3032//5 1348//5 1349//5
f 1348//3 3030//3 1347//3
f 3030//5 1342//5 1347//5
f 1342//3 3023//3 1340//3
f 3081//5 1427//5 1428//5
f 3086//5 1433//5 1434//5
f 1433//3 3084//3 1432//3
f 3084//5 1428//5 1432//5
f 3102//5 1447//5 1448//5
f 3109//5 1454//5 1455//5
f 3108//5 1451//5 1454//5
f 1451//3 3102//3 1448//3
f 3101//5 1434//5 1447//5
f 1427//3 3075//3 1413//3
f 3075//5 1349//5 1413//5
f 1338//3 2956//3 1295//3
f 3397//4 1745//4 3396//4
f 3405//4 1752//4 3404//4
f 3405//5 1750//5 1753//5
f 3404//4 1746//4 3397//4
f 3426//4 1773//4 3424//4
f 3431//5 1778//5 1779//5
f 3432//4 1778//4 3430//4
f 3431//4 1775//4 3426//4
f 3432//5 1758//5 1780//5
f 3424//4 1750//4 3401//4
f 3513//5 1858//5 1859//5
f 3517//5 1862//5 1863//5
f 3520//5 1863//5 1865//5
f 3520//4 1858//4 3512//4
f 3534//5 1881//5 1882//5
f 3534//4 1880//4 3532//4
f 3539//5 1885//5 1886//5
f 3538//5 1880//5 1885//5
f 3533//5 1859//5 1881//5
f 3539//4 1844//4 3506//4
f 3614//5 1930//5 1931//5
f 3614//4 1929//4 3612//4
f 3621//5 1937//5 1938//5
f 3621//4 1936//4 3619//4
f 3626//5 1936//5 1940//5
f 3626//4 1930//4 3613//4
f 3620//5 1844//5 1937//5
f 3612//4 1758//4 3419//4
f 106//1 987//1 105//1
f 987//3 109//3 105//3
f 91//1 973//1 90//1
f 973//3 94//3 90//3
f 94//1 971//1 87//1
f 971//3 106//3 87//3
f 417//1 1188//1 416//1
f 1186//3 417//3 414//3
f 1195//3 430//3 427//3
f 1188//3 427//3 416//3
f 1246//3 470//3 468//3
f 1258//3 485//3 483//3
f 472//1 1246//1 468//1
f 1247//3 483//3 470//3
f 435//1 1186//1 414//1
f 1199//3 472//3 430//3
f 152//1 1025//1 151//1
f 156//1 1029//1 155//1
f 1029//3 158//3 155//3
f 158//1 1026//1 152//1
f 178//1 1054//1 177//1
f 166//1 1048//1 165//1
f 165//1 1046//1 162//1
f 1046//3 178//3 162//3
f 177//1 1030//1 156//1
f 1025//3 215//3 151//3
f 215//1 974//1 91//1
f 991//3 435//3 109//3
f 2911//3 2138//3 2136//3
f 2922//3 2146//3 2145//3
f 2927//6 2146//6 2924//6
f 2913//3 2145//3 2138//3
f 2961//3 2195//3 2192//3
f 2975//6 2202//6 2974//6
f 2975//3 2205//3 2203//3
f 2963//3 2202//3 2195//3
f 2983//6 2205//6 2977//6
f 2927//3 2192//3 2150//3
f 3185//6 2302//6 3184//6
f 3181//3 2302//3 2299//3
f 3202//6 2318//6 3201//6
f 3198//3 2318//3 2315//3
f 3198//6 2312//6 3196//6
f 3185//3 2312//3 2303//3
f 3272//6 2397//6 3271//6
f 3278//6 2403//6 3277//6
f 3275//3 2403//3 2400//3
f 3275//6 2398//6 3272//6
f 3293//6 2415//6 3292//6
f 3308//6 2424//6 3307//6
f 3307//6 2421//6 3305//6
f 3293//3 2421//3 2416//3
f 3292//6 2404//6 3278//6
f 3235//3 2397//3 2355//3
f 3235//6 2319//6 3202//6
f 2983//3 2299//3 2210//3
f 574//1 1456//1 573//1
f 589//1 1465//1 588//1
f 576//1 1457//1 574//1
f 1465//4 576//4 588//4
f 604//1 1477//1 603//1
f 1481//4 604//4 606//4
f 610//1 1483//1 609//1
f 609//1 1481//1 606//1
f 603//1 1466//1 589//1
f 1526//4 610//4 646//4
f 680//1 1562//1 679//1
f 1566//4 680//4 683//4
f 697//1 1578//1 696//1
f 1582//4 697//4 700//4
f 685//1 1566//1 683//1
f 1578//4 685//4 696//4
f 907//1 1678//1 906//1
f 1678//4 904//4 906//4
f 1689//4 918//4 920//4
f 1686//4 907//4 918//4
f 1736//4 957//4 959//4
f 1745//4 968//4 970//4
f 957//1 1731//1 954//1
f 1743//4 959//4 968//4
f 904//1 1671//1 898//1
f 1731//4 920//4 954//4
f 679//1 1526//1 646//1
f 1671//4 700//4 898//4
f 3716//6 2832//6 3715//6
f 3704//6 2826//6 3703//6
f 3719//6 2833//6 3716//6
f 3719//4 2826//4 2835//4
f 3726//6 2851//6 3725//6
f 3726//4 2848//4 2852//4
f 3730//6 2855//6 3729//6
f 3729//6 2848//6 3723//6
f 3725//6 2827//6 3704//6
f 3730//4 2786//4 2856//4
f 3398//4 2621//4 2623//4
f 3413//4 2634//4 2635//4
f 3413//6 2632//6 3409//6
f 3411//4 2623//4 2634//4
f 3454//4 2682//4 2686//4
f 3465//6 2692//6 3464//6
f 3467//4 2692//4 2695//4
f 3465//4 2686//4 2693//4
f 3467//6 2673//6 3446//6
f 3451//4 2632//4 2682//4
f 3791//6 2907//6 3790//6
f 3791//4 2904//4 2908//4
f 3776//6 2893//6 3775//6
f 3776//4 2890//4 2894//4
f 3794//6 2904//6 3787//6
f 3794//4 2893//4 2910//4
f 3790//6 2786//6 3666//6
f 3772//4 2673//4 2890//4
f 488//1 36//1 34//1
f 38//2 488//2 34//2
f 501//1 49//1 47//1
f 51//2 501//2 47//2
f 486//1 38//1 26//1
f 49//2 486//2 26//2
f 541//1 124//1 122//1
f 549//1 135//1 133//1
f 137//2 549//2 133//2
f 543//1 137//1 124//1
f 571//1 166//1 164//1
f 577//1 174//1 172//1
f 569//1 164//1 160//1
f 174//2 569//2 160//2
f 551//1 172//1 135//1
f 210//2 541//2 122//2
f 284//2 701//2 282//2
f 709//1 295//1 293//1
f 297//2 709//2 293//2
f 295//2 703//2 284//2
f 359//2 762//2 357//2
f 365//2 770//2 363//2
f 760//1 359//1 351//1
f 363//2 760//2 351//2
f 701//1 328//1 282//1
f 357//2 713//2 297//2
f 490//1 210//1 36//1
f 328//2 505//2 51//2
f 1456//1 1051//1 1049//1
f 1469//1 1066//1 1064//1
f 1458//1 1053//1 1051//1
f 1469//5 1053//5 1462//5
f 1498//1 1084//1 1082//1
f 1502//5 1084//5 1500//5
f 1511//1 1094//1 1092//1
f 1502//1 1092//1 1086//1
f 1471//1 1082//1 1066//1
f 1531//5 1094//5 1513//5
f 1616//1 1164//1 1162//1
f 1621//5 1164//5 1618//5
f 1634//1 1182//1 1180//1
f 1639//5 1182//5 1636//5
f 1621//1 1169//1 1167//1
f 1634//5 1169//5 1629//5
f 1814//5 1393//5 1812//5
f 1820//1 1406//1 1404//1
f 1824//5 1406//5 1822//5
f 1820//5 1395//5 1814//5
f 1847//5 1440//5 1845//5
f 1862//5 1453//5 1860//5
f 1847//1 1444//1 1442//1
f 1860//5 1444//5 1853//5
f 1781//1 1393//1 1380//1
f 1845//5 1408//5 1824//5
f 1531//1 1162//1 1130//1
f 1781//5 1185//5 1639//5
f 2021//2 2426//2 2019//2
f 2036//2 2439//2 2034//2
f 2439//6 2028//6 2034//6
f 2028//2 2428//2 2021//2
f 2477//6 2059//6 2061//6
f 2059//2 2473//2 2057//2
f 2069//2 2486//2 2067//2
f 2067//2 2477//2 2061//2
f 2501//6 2069//6 2100//6
f 2057//2 2441//2 2036//2
f 2701//6 2245//6 2247//6
f 2245//2 2696//2 2242//2
f 2719//6 2263//6 2265//6
f 2263//2 2714//2 2260//2
f 2714//6 2252//6 2260//6
f 2252//2 2701//2 2247//2
f 2789//6 2368//6 2370//6
f 2799//6 2381//6 2383//6
f 2381//2 2795//2 2379//2
f 2795//6 2370//6 2379//6
f 2817//6 2410//6 2412//6
f 2832//6 2423//6 2425//6
f 2830//6 2419//6 2423//6
f 2419//2 2817//2 2412//2
f 2815//6 2383//6 2410//6
f 2368//2 2751//2 2350//2
f 2751//6 2265//6 2350//6
f 2242//2 2501//2 2100//2
f 3518//5 3109//5 3516//5
f 3524//5 3117//5 3522//5
f 3530//6 3117//6 3121//6
f 3530//5 3111//5 3518//5
f 3588//6 3170//6 3172//6
f 3588//5 3168//5 3584//5
f 3599//5 3178//5 3597//5
f 3597//5 3170//5 3586//5
f 3599//6 3152//6 3180//6
f 3584//5 3119//5 3524//5
f 3709//6 3302//6 3304//6
f 3717//6 3308//6 3310//6
f 3721//6 3310//6 3312//6
f 3721//5 3302//5 3707//5
f 3748//6 3330//6 3332//6
f 3748//5 3328//5 3744//5
f 3759//6 3338//6 3340//6
f 3757//6 3328//6 3338//6
f 3746//6 3304//6 3330//6
f 3759//5 3270//5 3671//5
f 3834//6 3378//6 3380//6
f 3834//5 3376//5 3830//5
f 3847//6 3391//6 3393//6
f 3847//5 3389//5 3843//5
f 3855//6 3389//6 3395//6
f 3855//5 3378//5 3832//5
f 3845//6 3270//6 3391//6
f 3830//5 3152//5 3553//5
f 573//1 1049//1 166//1
f 3715//6 2425//6 3308//6
f 2019//2 772//2 365//2
f 3516//5 1455//5 1862//5
f 1260//3 2136//3 485//3
f 3396//4 970//4 2621//4
f 16//1 18//1 17//1
f 17//2 18//2 14//2
f 14//3 18//3 16//3
f 20//1 22//1 21//1
f 23//2 24//2 20//2
f 21//2 22//2 6//2
f 6//3 22//3 20//3
f 11//1 24//1 23//1
f 20//3 24//3 11//3
f 19//1 21//1 14//1
f 16//2 23//2 19//2
f 10//1 23//1 16//1
f 14//2 21//2 5//2
f 30//1 32//1 31//1
f 31//2 32//2 28//2
f 34//1 36//1 35//1
f 37//2 38//2 34//2
f 35//3 39//3 37//3
f 43//1 45//1 44//1
f 44//2 45//2 41//2
f 47//1 49//1 48//1
f 50//2 51//2 47//2
f 48//3 52//3 50//3
f 48//2 49//2 26//2
f 53//2 54//2 30//2
f 41//1 54//1 53//1
f 26//1 38//1 37//1
f 37//1 39//1 32//1
f 32//2 39//2 35//2
f 50//1 52//1 45//1
f 45//2 52//2 48//2
f 48//1 55//1 54//1
f 54//2 55//2 37//2
f 37//3 55//3 48//3
f 29//1 31//1 6//1
f 6//2 31//2 27//2
f 42//1 44//1 11//1
f 11//2 44//2 40//2
f 40//1 53//1 20//1
f 20//2 53//2 29//2
f 66//1 68//1 67//1
f 67//2 68//2 64//2
f 64//3 68//3 66//3
f 74//1 76//1 75//1
f 75//3 78//3 77//3
f 75//2 76//2 60//2
f 60//3 76//3 74//3
f 64//1 74//1 73//1
f 73//3 77//3 67//3
f 77//1 78//1 72//1
f 72//2 78//2 75//2
f 67//1 77//1 70//1
f 58//3 74//3 64//3
f 83//1 85//1 84//1
f 81//3 85//3 83//3
f 89//1 91//1 90//1
f 92//2 93//2 89//2
f 90//3 94//3 92//3
f 98//1 100//1 99//1
f 96//3 100//3 98//3
f 104//1 106//1 105//1
f 107//2 108//2 104//2
f 105//3 109//3 107//3
f 84//3 102//3 101//3
f 87//3 106//3 104//3
f 100//1 108//1 107//1
f 104//3 108//3 100//3
f 85//1 93//1 92//1
f 89//3 93//3 85//3
f 92//1 94//1 87//1
f 101//1 102//1 96//1
f 84//1 92//1 86//1
f 96//2 102//2 84//2
f 86//3 104//3 96//3
f 72//1 98//1 97//1
f 95//3 98//3 72//3
f 60//1 83//1 82//1
f 80//3 83//3 60//3
f 75//1 101//1 95//1
f 82//3 101//3 75//3
f 114//1 116//1 115//1
f 118//1 120//1 119//1
f 122//1 124//1 123//1
f 126//1 128//1 127//1
f 129//2 130//2 126//2
f 127//3 131//3 129//3
f 133//1 135//1 134//1
f 136//2 137//2 133//2
f 120//1 130//1 129//1
f 124//1 137//1 136//1
f 121//1 123//1 120//1
f 132//1 134//1 128//1
f 130//2 136//2 132//2
f 123//1 136//1 130//1
f 139//1 141//1 140//1
f 143//1 145//1 144//1
f 146//2 147//2 143//2
f 144//3 148//3 146//3
f 150//1 152//1 151//1
f 154//1 156//1 155//1
f 155//3 158//3 157//3
f 141//1 150//1 149//1
f 145//1 154//1 153//1
f 153//3 157//3 148//3
f 146//1 148//1 141//1
f 157//1 158//1 152//1
f 148//1 157//1 150//1
f 164//1 166//1 165//1
f 168//1 170//1 169//1
f 172//1 174//1 173//1
f 176//1 178//1 177//1
f 173//2 174//2 160//2
f 162//3 178//3 176//3
f 170//1 176//1 175//1
f 160//1 164//1 163//1
f 163//1 165//1 162//1
f 171//1 173//1 170//1
f 173//1 179//1 176//1
f 176//2 179//2 163//2
f 163//3 179//3 173//3
f 182//1 184//1 183//1
f 186//1 188//1 187//1
f 189//2 190//2 186//2
f 187//3 191//3 189//3
f 193//1 195//1 194//1
f 196//2 197//2 193//2
f 194//3 198//3 196//3
f 202//2 203//2 182//2
f 183//3 204//3 202//3
f 184//1 197//1 196//1
f 193//3 197//3 184//3
f 188//1 200//1 199//1
f 189//1 191//1 184//1
f 184//2 191//2 187//2
f 199//1 201//1 195//1
f 187//1 199//1 193//1
f 199//2 200//2 114//2
f 115//3 201//3 199//3
f 195//2 201//2 115//2
f 114//3 200//3 188//3
f 206//2 207//2 118//2
f 119//3 208//3 206//3
f 209//2 210//2 122//2
f 207//2 209//2 121//2
f 211//2 212//2 139//2
f 140//3 213//3 211//3
f 151//3 215//3 214//3
f 149//3 214//3 213//3
f 116//1 147//1 146//1
f 143//3 147//3 116//3
f 115//1 146//1 139//1
f 195//1 212//1 211//1
f 128//1 168//1 167//1
f 135//1 172//1 171//1
f 134//1 171//1 168//1
f 129//1 131//1 116//1
f 116//2 131//2 127//2
f 119//1 129//1 114//1
f 167//1 169//1 145//1
f 175//1 177//1 156//1
f 169//1 175//1 154//1
f 206//1 208//1 188//1
f 127//1 167//1 143//1
f 188//2 208//2 119//2
f 139//3 212//3 195//3
f 222//1 224//1 223//1
f 223//2 224//2 220//2
f 220//3 224//3 222//3
f 236//2 237//2 234//2
f 235//3 238//3 236//3
f 233//2 234//2 222//2
f 223//3 235//3 233//3
f 228//1 237//1 236//1
f 234//3 237//3 228//3
f 236//1 238//1 232//1
f 232//2 238//2 235//2
f 229//2 235//2 223//2
f 222//3 234//3 225//3
f 244//2 245//2 242//2
f 242//3 245//3 243//3
f 250//2 251//2 248//2
f 248//3 251//3 249//3
f 257//1 259//1 258//1
f 260//2 261//2 257//2
f 258//3 262//3 260//3
f 264//1 266//1 265//1
f 267//2 268//2 264//2
f 265//3 269//3 267//3
f 258//2 259//2 245//2
f 245//3 259//3 257//3
f 265//2 266//2 251//2
f 251//3 266//3 264//3
f 264//3 268//3 255//3
f 252//3 253//3 244//3
f 249//2 253//2 252//2
f 255//2 262//2 258//2
f 244//1 253//1 249//1
f 254//2 258//2 244//2
f 249//3 264//3 254//3
f 241//2 242//2 228//2
f 228//3 242//3 240//3
f 247//2 248//2 232//2
f 232//3 248//3 246//3
f 246//2 252//2 236//2
f 236//3 252//3 241//3
f 275//2 276//2 273//2
f 279//2 280//2 278//2
f 283//2 284//2 282//2
f 286//1 288//1 287//1
f 289//2 290//2 286//2
f 287//3 291//3 289//3
f 293//1 295//1 294//1
f 296//2 297//2 293//2
f 287//2 288//2 280//2
f 294//2 295//2 284//2
f 280//2 283//2 281//2
f 292//1 294//1 288//1
f 290//2 296//2 292//2
f 288//2 294//2 283//2
f 301//2 302//2 299//2
f 304//1 306//1 305//1
f 307//2 308//2 304//2
f 305//3 309//3 307//3
f 315//1 317//1 316//1
f 318//2 319//2 315//2
f 316//3 320//3 318//3
f 316//2 317//2 302//2
f 302//3 317//3 315//3
f 321//2 322//2 308//2
f 299//1 311//1 310//1
f 310//3 313//3 301//3
f 307//1 309//1 302//1
f 302//2 309//2 305//2
f 319//2 323//2 321//2
f 315//2 321//2 307//2
f 331//2 332//2 330//2
f 334//1 336//1 335//1
f 337//2 338//2 334//2
f 335//3 339//3 337//3
f 342//2 343//2 341//2
f 347//2 348//2 345//2
f 346//3 349//3 347//3
f 340//2 341//2 332//2
f 344//2 345//2 338//2
f 339//3 346//3 344//3
f 332//2 339//2 335//2
f 343//2 349//2 346//2
f 341//2 346//2 339//2
f 354//2 355//2 353//2
f 358//2 359//2 357//2
f 364//2 365//2 363//2
f 368//2 369//2 367//2
f 362//2 363//2 351//2
f 366//2 367//2 355//2
f 367//3 369//3 361//3
f 351//1 359//1 358//1
f 355//2 358//2 356//2
f 361//2 364//2 362//2
f 362//1 370//1 367//1
f 367//2 370//2 358//2
f 358//3 370//3 362//3
f 335//2 336//2 276//2
f 276//3 336//3 334//3
f 330//2 335//2 275//2
f 352//2 353//2 290//2
f 356//2 357//2 297//2
f 353//2 356//2 296//2
f 371//2 372//2 319//2
f 273//1 322//1 321//1
f 321//3 323//3 275//3
f 275//1 323//1 319//1
f 308//3 322//3 273//3
f 330//1 372//1 371//1
f 371//3 373//3 331//3
f 374//3 375//3 342//3
f 373//3 374//3 340//3
f 278//1 325//1 324//1
f 324//3 326//3 279//3
f 282//1 328//1 327//1
f 281//1 327//1 325//1
f 289//1 291//1 276//1
f 276//2 291//2 287//2
f 273//2 287//2 279//2
f 308//2 326//2 324//2
f 338//2 354//2 352//2
f 348//2 368//2 366//2
f 345//2 366//2 354//2
f 279//1 326//1 308//1
f 334//2 352//2 289//2
f 319//3 372//3 330//3
f 379//3 382//3 380//3
f 384//3 387//3 385//3
f 393//1 395//1 394//1
f 396//2 397//2 393//2
f 394//3 398//3 396//3
f 400//1 402//1 401//1
f 403//2 404//2 400//2
f 401//3 405//3 403//3
f 401//2 402//2 387//2
f 387//3 402//3 400//3
f 398//3 407//3 406//3
f 387//1 397//1 396//1
f 393//3 397//3 387//3
f 406//3 408//3 405//3
f 388//1 390//1 384//1
f 385//2 391//2 388//2
f 396//3 406//3 401//3
f 410//3 412//3 411//3
f 414//3 417//3 415//3
f 419//1 421//1 420//1
f 422//2 423//2 419//2
f 420//3 424//3 422//3
f 426//1 428//1 427//1
f 427//3 430//3 429//3
f 412//3 421//3 419//3
f 427//2 428//2 417//2
f 417//3 428//3 426//3
f 413//3 415//3 412//3
f 421//1 426//1 425//1
f 425//3 429//3 424//3
f 415//3 426//3 421//3
f 437//3 439//3 438//3
f 441//1 443//1 442//1
f 444//2 445//2 441//2
f 442//3 446//3 444//3
f 448//3 451//3 449//3
f 455//2 456//2 453//2
f 454//3 457//3 455//3
f 439//3 448//3 447//3
f 452//2 453//2 445//2
f 446//3 454//3 452//3
f 441//3 445//3 439//3
f 451//1 456//1 455//1
f 453//3 456//3 451//3
f 445//3 453//3 448//3
f 465//3 467//3 466//3
f 472//3 474//3 473//3
f 479//3 481//3 480//3
f 483//3 485//3 484//3
f 467//3 479//3 478//3
f 470//3 483//3 482//3
f 482//3 484//3 477//3
f 471//3 473//3 467//3
f 473//1 474//1 470//1
f 470//2 474//2 472//2
f 480//1 481//1 477//1
f 477//2 481//2 479//2
f 467//1 473//1 469//1
f 475//2 479//2 467//2
f 469//3 482//3 475//3
f 442//2 443//2 382//2
f 382//3 443//3 441//3
f 380//3 441//3 437//3
f 405//3 459//3 458//3
f 424//3 465//3 464//3
f 430//3 472//3 471//3
f 429//3 471//3 465//3
f 382//1 423//1 422//1
f 419//3 423//3 382//3
f 411//3 419//3 379//3
f 464//3 466//3 446//3
f 478//3 480//3 457//3
f 466//3 478//3 454//3
f 431//3 433//3 398//3
f 406//1 407//1 379//1
f 380//2 408//2 406//2
f 405//1 408//1 380//1
f 379//2 407//2 398//2
f 431//1 432//1 410//1
f 411//2 433//2 431//2
f 434//1 435//1 414//1
f 432//1 434//1 413//1
f 458//1 459//1 437//1
f 438//2 460//2 458//2
f 449//2 462//2 461//2
f 447//2 461//2 460//2
f 398//1 433//1 411//1
f 437//2 459//2 405//2
f 422//3 464//3 442//3
f 305//2 306//2 11//2
f 11//3 306//3 304//3
f 310//2 311//2 16//2
f 17//3 312//3 310//3
f 299//2 305//2 10//2
f 16//3 311//3 299//3
f 324//2 325//2 43//2
f 327//2 328//2 51//2
f 325//2 327//2 50//2
f 304//2 324//2 42//2
f 388//2 389//2 66//2
f 67//3 390//3 388//3
f 394//2 395//2 72//2
f 72//3 395//3 393//3
f 384//2 390//2 67//2
f 70//3 393//3 384//3
f 99//3 432//3 431//3
f 109//3 435//3 434//3
f 107//3 434//3 432//3
f 97//3 431//3 394//3
f 232//1 404//1 403//1
f 400//3 404//3 232//3
f 220//1 389//1 388//1
f 388//3 391//3 223//3
f 223//1 391//1 385//1
f 385//3 400//3 229//3
f 458//3 460//3 250//3
f 461//3 462//3 269//3
f 460//3 461//3 265//3
f 403//3 458//3 247//3
f 14//1 203//1 202//1
f 202//3 205//3 17//3
f 6//1 190//1 189//1
f 186//3 190//3 6//3
f 5//1 189//1 182//1
f 182//3 203//3 14//3
f 28//1 207//1 206//1
f 36//1 210//1 209//1
f 35//1 209//1 207//1
f 27//1 206//1 186//1
f 196//1 198//1 60//1
f 60//2 198//2 194//2
f 202//1 204//1 64//1
f 66//2 205//2 202//2
f 183//1 196//1 58//1
f 64//2 204//2 183//2
f 211//1 213//1 81//1
f 214//1 215//1 91//1
f 213//1 214//1 89//1
f 194//1 211//1 80//1
f 310//1 312//1 220//1
f 222//2 313//2 310//2
f 318//1 320//1 228//1
f 228//2 320//2 316//2
f 301//1 313//1 222//1
f 225//2 316//2 301//2
f 243//2 373//2 371//2
f 261//2 375//2 374//2
f 257//2 374//2 373//2
f 240//2 371//2 318//2
f 17//1 205//1 66//1
f 220//2 312//2 17//2
f 66//3 389//3 220//3
f 489//1 491//1 490//1
f 492//2 493//2 489//2
f 494//4 491//4 489//4
f 498//1 500//1 499//1
f 499//2 500//2 496//2
f 502//1 504//1 503//1
f 505//2 506//2 502//2
f 507//4 504//4 502//4
f 511//1 513//1 512//1
f 512//2 513//2 509//2
f 503//2 504//2 487//2
f 515//2 516//2 498//2
f 487//1 493//1 492//1
f 509//1 516//1 515//1
f 497//1 499//1 494//1
f 494//2 499//2 495//2
f 510//1 512//1 507//1
f 507//2 512//2 508//2
f 508//1 515//1 514//1
f 514//2 515//2 497//2
f 514//4 493//4 487//4
f 528//1 530//1 529//1
f 531//2 532//2 528//2
f 537//1 539//1 538//1
f 538//2 539//2 535//2
f 538//4 534//4 533//4
f 529//2 530//2 520//2
f 529//4 519//4 518//4
f 525//1 532//1 531//1
f 531//4 527//4 522//4
f 533//1 534//1 530//1
f 532//2 536//2 533//2
f 526//1 536//1 532//1
f 530//2 534//2 521//2
f 518//1 519//1 500//1
f 500//2 519//2 517//2
f 523//1 524//1 513//1
f 513//2 524//2 522//2
f 522//1 527//1 516//1
f 516//2 527//2 518//2
f 542//1 544//1 543//1
f 546//1 548//1 547//1
f 550//1 552//1 551//1
f 553//2 554//2 550//2
f 556//1 558//1 557//1
f 559//2 560//2 556//2
f 561//4 558//4 556//4
f 544//1 554//1 553//1
f 548//1 560//1 559//1
f 545//1 547//1 544//1
f 555//1 557//1 552//1
f 554//2 559//2 555//2
f 547//1 559//1 554//1
f 565//1 567//1 566//1
f 572//1 574//1 573//1
f 578//1 580//1 579//1
f 582//1 584//1 583//1
f 587//1 589//1 588//1
f 579//2 580//2 570//2
f 588//4 576//4 575//4
f 570//1 572//1 571//1
f 584//1 587//1 586//1
f 575//1 576//1 574//1
f 581//1 583//1 580//1
f 583//1 586//1 585//1
f 585//2 586//2 575//2
f 585//4 572//4 570//4
f 591//1 593//1 592//1
f 594//2 595//2 591//2
f 596//4 593//4 591//4
f 598//1 600//1 599//1
f 602//1 604//1 603//1
f 606//4 604//4 602//4
f 608//1 610//1 609//1
f 593//1 602//1 601//1
f 605//4 602//4 593//4
f 600//1 608//1 607//1
f 597//1 599//1 596//1
f 607//1 609//1 606//1
f 599//1 607//1 605//1
f 617//1 619//1 618//1
f 620//2 621//2 617//2
f 622//4 619//4 617//4
f 625//1 627//1 626//1
f 632//1 634//1 633//1
f 635//2 636//2 632//2
f 637//4 634//4 632//4
f 638//2 639//2 625//2
f 640//4 627//4 625//4
f 619//1 629//1 628//1
f 627//1 636//1 635//1
f 635//4 631//4 623//4
f 624//1 626//1 622//1
f 622//2 626//2 623//2
f 631//1 633//1 630//1
f 623//1 631//1 629//1
f 611//2 612//2 542//2
f 613//2 614//2 546//2
f 615//4 548//4 546//4
f 612//2 613//2 545//2
f 628//2 629//2 565//2
f 630//4 567//4 565//4
f 630//2 633//2 568//2
f 628//4 564//4 562//4
f 642//2 643//2 598//2
f 644//4 600//4 598//4
f 646//4 610//4 608//4
f 645//4 608//4 600//4
f 552//1 578//1 577//1
f 558//1 582//1 581//1
f 557//1 581//1 578//1
f 567//1 595//1 594//1
f 594//4 590//4 563//4
f 568//1 597//1 595//1
f 634//1 643//1 642//1
f 564//1 566//1 561//1
f 561//2 566//2 563//2
f 562//1 564//1 560//1
f 590//1 592//1 584//1
f 601//1 603//1 589//1
f 592//1 601//1 587//1
f 616//1 618//1 615//1
f 563//1 590//1 582//1
f 615//2 618//2 562//2
f 642//4 597//4 568//4
f 656//1 658//1 657//1
f 657//2 658//2 654//2
f 657//4 653//4 652//4
f 661//1 663//1 662//1
f 665//4 663//4 661//4
f 662//2 663//2 651//2
f 662//4 650//4 649//4
f 654//1 661//1 660//1
f 664//4 661//4 654//4
f 667//1 668//1 665//1
f 665//2 668//2 666//2
f 659//1 667//1 664//1
f 660//4 649//4 647//4
f 673//1 675//1 674//1
f 674//4 671//4 670//4
f 678//1 680//1 679//1
f 681//2 682//2 678//2
f 683//4 680//4 678//4
f 691//1 693//1 692//1
f 692//4 689//4 688//4
f 695//1 697//1 696//1
f 698//2 699//2 695//2
f 700//4 697//4 695//4
f 687//4 675//4 673//4
f 696//4 685//4 684//4
f 675//1 682//1 681//1
f 681//4 677//4 671//4
f 693//1 699//1 698//1
f 698//4 694//4 689//4
f 684//1 685//1 683//1
f 688//1 689//1 687//1
f 676//1 684//1 682//1
f 687//2 689//2 676//2
f 694//4 684//4 676//4
f 651//1 673//1 672//1
f 672//4 670//4 648//4
f 669//1 691//1 690//1
f 690//4 688//4 666//4
f 666//1 688//1 686//1
f 686//4 673//4 651//4
f 703//2 704//2 702//2
f 707//2 708//2 706//2
f 710//1 712//1 711//1
f 713//2 714//2 710//2
f 716//1 718//1 717//1
f 719//2 720//2 716//2
f 721//4 718//4 716//4
f 711//2 712//2 704//2
f 717//2 718//2 708//2
f 704//2 707//2 705//2
f 715//1 717//1 712//1
f 714//2 719//2 715//2
f 712//2 717//2 707//2
f 726//2 727//2 724//2
f 735//1 737//1 736//1
f 738//2 739//2 735//2
f 740//4 737//4 735//4
f 744//2 745//2 742//2
f 754//1 756//1 755//1
f 757//2 758//2 754//2
f 759//4 756//4 754//4
f 750//2 751//2 739//2
f 755//2 756//2 745//2
f 755//4 744//4 743//4
f 742//1 747//1 746//1
f 749//4 747//4 742//4
f 743//1 744//1 740//1
f 740//2 744//2 741//2
f 752//2 757//2 753//2
f 751//2 753//2 743//2
f 764//2 765//2 763//2
f 768//2 769//2 767//2
f 772//2 773//2 771//2
f 779//2 780//2 778//2
f 770//2 771//2 761//2
f 777//2 778//2 769//2
f 761//1 765//1 764//1
f 779//4 777//4 774//4
f 765//2 768//2 766//2
f 773//2 775//2 774//2
f 774//1 777//1 776//1
f 776//2 777//2 768//2
f 776//4 765//4 761//4
f 782//1 784//1 783//1
f 785//2 786//2 782//2
f 787//4 784//4 782//4
f 790//2 791//2 789//2
f 795//2 796//2 793//2
f 797//4 794//4 793//4
f 800//2 801//2 799//2
f 792//2 793//2 786//2
f 794//4 787//4 786//4
f 798//2 799//2 791//2
f 787//2 790//2 788//2
f 797//2 800//2 798//2
f 794//2 798//2 790//2
f 762//2 763//2 714//2
f 766//2 767//2 720//2
f 763//2 766//2 719//2
f 783//2 784//2 727//2
f 783//4 726//4 725//4
f 784//2 788//2 728//2
f 802//2 803//2 758//2
f 702//1 730//1 729//1
f 706//1 732//1 731//1
f 733//4 732//4 706//4
f 705//1 731//1 730//1
f 724//1 751//1 750//1
f 752//4 751//4 724//4
f 728//1 757//1 752//1
f 750//4 738//4 722//4
f 789//1 803//1 802//1
f 804//4 803//4 789//4
f 806//4 805//4 799//4
f 805//4 804//4 791//4
f 725//1 726//1 721//1
f 721//2 726//2 723//2
f 718//2 723//2 722//2
f 733//2 738//2 734//2
f 769//2 785//2 781//2
f 780//2 795//2 792//2
f 778//2 792//2 785//2
f 722//1 738//1 733//1
f 767//2 781//2 725//2
f 802//4 757//4 728//4
f 812//1 814//1 813//1
f 813//2 814//2 810//2
f 813//4 809//4 808//4
f 823//2 824//2 821//2
f 825//4 822//4 821//4
f 820//2 821//2 812//2
f 822//4 814//4 812//4
f 819//1 824//1 823//1
f 823//4 820//4 816//4
f 827//1 828//1 825//1
f 825//2 828//2 826//2
f 822//2 826//2 815//2
f 820//4 811//4 807//4
f 834//2 835//2 832//2
f 834//4 831//4 830//4
f 843//2 844//2 841//2
f 843//4 840//4 839//4
f 846//1 848//1 847//1
f 849//2 850//2 846//2
f 851//4 848//4 846//4
f 855//1 857//1 856//1
f 858//2 859//2 855//2
f 860//4 857//4 855//4
f 847//2 848//2 835//2
f 847//4 834//4 833//4
f 856//2 857//2 844//2
f 856//4 843//4 842//4
f 838//4 837//4 832//4
f 858//4 854//4 852//4
f 838//2 842//2 839//2
f 851//2 853//2 852//2
f 836//1 842//1 838//1
f 848//2 852//2 836//2
f 854//4 842//4 836//4
f 831//2 832//2 819//2
f 831//4 818//4 817//4
f 840//2 841//2 829//2
f 840//4 828//4 827//4
f 837//2 839//2 827//2
f 837//4 824//4 819//4
f 868//4 866//4 865//4
f 871//1 873//1 872//1
f 874//2 875//2 871//2
f 876//4 873//4 871//4
f 878//1 880//1 879//1
f 881//2 882//2 878//2
f 883//4 880//4 878//4
f 879//2 880//2 869//2
f 879//4 868//4 867//4
f 885//4 876//4 875//4
f 869//1 875//1 874//1
f 874//4 870//4 866//4
f 886//4 884//4 880//4
f 865//1 866//1 863//1
f 864//2 867//2 865//2
f 884//4 875//4 869//4
f 892//4 890//4 889//4
f 902//4 900//4 899//4
f 906//4 904//4 903//4
f 909//1 911//1 910//1
f 912//2 913//2 909//2
f 914//4 911//4 909//4
f 916//1 918//1 917//1
f 920//4 918//4 916//4
f 910//4 902//4 901//4
f 917//2 918//2 907//2
f 917//4 906//4 905//4
f 905//4 903//4 900//4
f 911//1 916//1 915//1
f 919//4 916//4 911//4
f 915//4 905//4 902//4
f 929//4 927//4 926//4
f 931//1 933//1 932//1
f 934//2 935//2 931//2
f 936//4 933//4 931//4
f 940//4 938//4 937//4
f 945//2 946//2 943//2
f 947//4 944//4 943//4
f 938//4 929//4 928//4
f 942//2 943//2 935//2
f 944//4 936//4 935//4
f 934//4 930//4 927//4
f 941//1 946//1 945//1
f 945//4 942//4 938//4
f 942//4 934//4 929//4
f 951//4 949//4 948//4
f 956//4 954//4 953//4
f 963//4 961//4 960//4
f 970//4 968//4 967//4
f 961//4 951//4 950//4
f 968//4 959//4 958//4
f 955//4 953//4 949//4
f 969//4 967//4 964//4
f 958//1 959//1 956//1
f 956//2 959//2 957//2
f 965//1 966//1 963//1
f 963//2 966//2 964//2
f 952//1 958//1 955//1
f 961//2 964//2 952//2
f 967//4 958//4 952//4
f 922//4 883//4 882//4
f 932//2 933//2 893//2
f 932//4 892//4 891//4
f 930//4 891//4 888//4
f 949//4 914//4 913//4
f 954//4 920//4 919//4
f 953//4 919//4 914//4
f 896//4 894//4 873//4
f 893//1 913//1 912//1
f 912//4 908//4 890//4
f 908//4 901//4 887//4
f 950//4 948//4 933//4
f 962//4 960//4 944//4
f 960//4 950//4 936//4
f 889//1 890//1 885//1
f 886//2 891//2 889//2
f 888//1 891//1 886//1
f 885//2 890//2 887//2
f 899//1 900//1 895//1
f 896//2 901//2 899//2
f 903//1 904//1 898//1
f 900//1 903//1 897//1
f 926//1 927//1 922//1
f 923//2 928//2 926//2
f 925//2 939//2 937//2
f 924//2 937//2 928//2
f 887//1 901//1 896//1
f 922//2 927//2 888//2
f 948//4 913//4 893//4
f 729//2 730//2 506//2
f 731//2 732//2 511//2
f 730//2 731//2 510//2
f 736//2 737//2 525//2
f 736//4 524//4 523//4
f 746//2 747//2 537//2
f 748//4 539//4 537//4
f 737//2 741//2 526//2
f 746//4 536//4 526//4
f 732//2 734//2 523//2
f 861//2 862//2 656//2
f 863//4 658//4 656//4
f 872//2 873//2 669//2
f 872//4 668//4 667//4
f 863//2 866//2 659//2
f 870//4 667//4 659//4
f 895//4 693//4 691//4
f 898//4 700//4 699//4
f 897//4 699//4 693//4
f 894//4 691//4 669//4
f 491//1 612//1 611//1
f 496//1 614//1 613//1
f 495//1 613//1 612//1
f 520//1 621//1 620//1
f 620//4 616//4 517//4
f 535//1 639//1 638//1
f 641//4 639//4 535//4
f 521//1 624//1 621//1
f 638//4 624//4 521//4
f 517//1 616//1 614//1
f 810//1 862//1 861//1
f 864//4 862//4 810//4
f 829//1 882//1 881//1
f 881//4 877//4 826//4
f 815//1 867//1 864//1
f 877//4 867//4 815//4
f 923//4 921//4 841//4
f 925//4 924//4 857//4
f 924//4 923//4 844//4
f 921//4 882//4 829//4
f 649//1 650//1 637//1
f 637//2 650//2 648//2
f 652//1 653//1 640//1
f 641//2 655//2 652//2
f 647//1 649//1 636//1
f 640//2 653//2 647//2
f 670//1 671//1 644//1
f 677//1 679//1 646//1
f 671//1 677//1 645//1
f 648//1 670//1 643//1
f 808//1 809//1 748//1
f 749//2 811//2 808//2
f 817//1 818//1 759//1
f 759//2 818//2 816//2
f 807//1 811//1 749//1
f 756//2 816//2 807//2
f 804//2 833//2 830//2
f 806//2 849//2 845//2
f 805//2 845//2 833//2
f 803//2 830//2 817//2
f 540//1 655//1 641//1
f 748//2 809//2 540//2
f 861//4 655//4 540//4
f 974//1 976//1 975//1
f 979//5 978//5 975//5
f 975//3 978//3 977//3
f 984//1 986//1 985//1
f 982//3 986//3 984//3
f 988//1 990//1 989//1
f 993//5 992//5 989//5
f 989//3 992//3 991//3
f 997//1 999//1 998//1
f 995//3 999//3 997//3
f 972//3 990//3 988//3
f 985//3 1001//3 1000//3
f 993//1 997//1 996//1
f 994//3 997//3 993//3
f 979//1 984//1 983//1
f 981//3 984//3 979//3
f 977//1 978//1 972//1
f 1000//1 1001//1 995//1
f 978//1 983//1 980//1
f 1000//5 994//5 980//5
f 980//3 994//3 990//3
f 1012//1 1014//1 1013//1
f 1013//3 1016//3 1015//3
f 1022//1 1024//1 1023//1
f 1022//5 1021//5 1018//5
f 1020//3 1024//3 1022//3
f 1012//5 1011//5 1003//5
f 1005//3 1014//3 1012//3
f 1014//1 1019//1 1018//1
f 1018//3 1021//3 1016//3
f 1015//1 1016//1 1010//1
f 1015//5 1009//5 1007//5
f 1016//1 1021//1 1017//1
f 1006//3 1019//3 1014//3
f 999//1 1009//1 1008//1
f 1007//3 1009//3 999//3
f 986//1 1004//1 1003//1
f 1002//3 1004//3 986//3
f 1001//1 1011//1 1007//1
f 1003//3 1011//3 1001//3
f 1026//1 1028//1 1027//1
f 1030//1 1032//1 1031//1
f 1031//3 1034//3 1033//3
f 1036//1 1038//1 1037//1
f 1040//1 1042//1 1041//1
f 1045//5 1044//5 1041//5
f 1041//3 1044//3 1043//3
f 1028//1 1036//1 1035//1
f 1032//1 1040//1 1039//1
f 1039//3 1043//3 1034//3
f 1033//1 1034//1 1028//1
f 1043//1 1044//1 1038//1
f 1034//1 1043//1 1036//1
f 1049//1 1051//1 1050//1
f 1055//1 1057//1 1056//1
f 1060//1 1062//1 1061//1
f 1064//1 1066//1 1065//1
f 1047//3 1057//3 1055//3
f 1064//5 1063//5 1052//5
f 1057//1 1060//1 1059//1
f 1051//1 1053//1 1052//1
f 1048//1 1050//1 1047//1
f 1063//1 1065//1 1062//1
f 1058//1 1063//1 1060//1
f 1058//5 1057//5 1047//5
f 1052//3 1063//3 1058//3
f 1070//1 1072//1 1071//1
f 1075//1 1077//1 1076//1
f 1080//5 1079//5 1076//5
f 1076//3 1079//3 1078//3
f 1082//1 1084//1 1083//1
f 1086//5 1085//5 1083//5
f 1088//1 1090//1 1089//1
f 1092//1 1094//1 1093//1
f 1080//1 1088//1 1087//1
f 1086//1 1092//1 1091//1
f 1081//1 1083//1 1077//1
f 1085//5 1080//5 1077//5
f 1091//1 1093//1 1090//1
f 1085//1 1091//1 1088//1
f 1101//1 1103//1 1102//1
f 1106//5 1105//5 1102//5
f 1102//3 1105//3 1104//3
f 1112//1 1114//1 1113//1
f 1116//1 1118//1 1117//1
f 1121//5 1120//5 1117//5
f 1117//3 1120//3 1119//3
f 1124//5 1123//5 1113//5
f 1113//3 1123//3 1122//3
f 1106//1 1112//1 1111//1
f 1110//3 1112//3 1106//3
f 1109//1 1116//1 1115//1
f 1107//1 1108//1 1103//1
f 1119//1 1120//1 1114//1
f 1119//5 1112//5 1110//5
f 1108//1 1115//1 1110//1
f 1027//3 1096//3 1095//3
f 1099//5 1098//5 1037//5
f 1037//3 1098//3 1097//3
f 1035//3 1097//3 1096//3
f 1109//5 1108//5 1071//5
f 1071//3 1108//3 1107//3
f 1107//5 1101//5 1067//5
f 1073//3 1116//3 1109//3
f 1128//5 1127//5 1089//5
f 1089//3 1127//3 1126//3
f 1130//5 1129//5 1093//5
f 1129//5 1128//5 1090//5
f 1045//1 1070//1 1069//1
f 1068//3 1070//3 1045//3
f 1044//1 1069//1 1067//1
f 1099//1 1101//1 1100//1
f 1062//1 1075//1 1074//1
f 1066//1 1082//1 1081//1
f 1065//1 1081//1 1075//1
f 1054//1 1056//1 1032//1
f 1059//1 1061//1 1042//1
f 1056//1 1059//1 1040//1
f 1078//1 1079//1 1072//1
f 1078//5 1070//5 1068//5
f 1079//1 1087//1 1073//1
f 1126//1 1127//1 1118//1
f 1061//1 1074//1 1068//1
f 1126//5 1116//5 1073//5
f 1067//3 1101//3 1099//3
f 1141//1 1143//1 1142//1
f 1141//5 1140//5 1137//5
f 1139//3 1143//3 1141//3
f 1145//1 1147//1 1146//1
f 1149//5 1148//5 1146//5
f 1145//5 1144//5 1134//5
f 1136//3 1147//3 1145//3
f 1149//1 1153//1 1152//1
f 1151//3 1153//3 1149//3
f 1144//1 1146//1 1139//1
f 1148//5 1143//5 1139//5
f 1148//1 1152//1 1150//1
f 1144//5 1138//5 1132//5
f 1158//1 1160//1 1159//1
f 1158//5 1157//5 1155//5
f 1162//1 1164//1 1163//1
f 1167//5 1166//5 1163//5
f 1163//3 1166//3 1165//3
f 1176//1 1178//1 1177//1
f 1176//5 1175//5 1173//5
f 1180//1 1182//1 1181//1
f 1185//5 1184//5 1181//5
f 1181//3 1184//3 1183//3
f 1171//5 1170//5 1159//5
f 1180//5 1179//5 1168//5
f 1171//1 1174//1 1173//1
f 1167//1 1169//1 1168//1
f 1165//1 1166//1 1160//1
f 1165//5 1158//5 1156//5
f 1183//1 1184//1 1178//1
f 1183//5 1176//5 1174//5
f 1172//1 1179//1 1174//1
f 1172//5 1171//5 1160//5
f 1168//3 1179//3 1172//3
f 1157//1 1159//1 1136//1
f 1157//5 1135//5 1133//5
f 1175//1 1177//1 1154//1
f 1175//5 1153//5 1151//5
f 1170//1 1173//1 1151//1
f 1170//5 1147//5 1136//5
f 1187//3 1190//3 1189//3
f 1192//3 1194//3 1193//3
f 1196//1 1198//1 1197//1
f 1197//3 1200//3 1199//3
f 1202//1 1204//1 1203//1
f 1207//5 1206//5 1203//5
f 1203//3 1206//3 1205//3
f 1196//5 1195//5 1188//5
f 1190//3 1198//3 1196//3
f 1194//3 1204//3 1202//3
f 1191//3 1193//3 1190//3
f 1198//1 1202//1 1201//1
f 1201//3 1205//3 1200//3
f 1193//3 1202//3 1198//3
f 1215//3 1218//3 1217//3
f 1221//1 1223//1 1222//1
f 1226//5 1225//5 1222//5
f 1222//3 1225//3 1224//3
f 1228//3 1231//3 1230//3
f 1240//1 1242//1 1241//1
f 1245//5 1244//5 1241//5
f 1241//3 1244//3 1243//3
f 1225//3 1237//3 1236//3
f 1240//5 1239//5 1229//5
f 1231//3 1242//3 1240//3
f 1226//1 1230//1 1229//1
f 1227//3 1230//3 1226//3
f 1239//3 1243//3 1238//3
f 1232//1 1233//1 1228//1
f 1235//5 1231//5 1228//5
f 1229//3 1239//3 1237//3
f 1250//3 1252//3 1251//3
f 1255//3 1257//3 1256//3
f 1259//3 1261//3 1260//3
f 1266//3 1268//3 1267//3
f 1248//3 1259//3 1258//3
f 1257//3 1266//3 1265//3
f 1262//3 1263//3 1261//3
f 1254//3 1256//3 1252//3
f 1251//1 1252//1 1248//1
f 1251//5 1247//5 1246//5
f 1267//1 1268//1 1264//1
f 1267//5 1263//5 1262//5
f 1252//1 1256//1 1253//1
f 1265//5 1262//5 1253//5
f 1253//3 1262//3 1259//3
f 1270//1 1272//1 1271//1
f 1275//5 1274//5 1271//5
f 1271//3 1274//3 1273//3
f 1277//3 1279//3 1278//3
f 1285//5 1284//5 1281//5
f 1281//3 1284//3 1283//3
f 1287//3 1290//3 1289//3
f 1282//5 1281//5 1274//5
f 1274//3 1281//3 1280//3
f 1279//3 1287//3 1286//3
f 1276//3 1278//3 1275//3
f 1285//1 1289//1 1288//1
f 1286//3 1289//3 1285//3
f 1278//3 1286//3 1282//3
f 1200//3 1250//3 1249//3
f 1206//3 1255//3 1254//3
f 1205//3 1254//3 1250//3
f 1270//5 1269//5 1216//5
f 1218//3 1272//3 1270//3
f 1219//3 1276//3 1272//3
f 1244//3 1292//3 1291//3
f 1207//1 1217//1 1216//1
f 1214//3 1217//3 1207//3
f 1213//3 1214//3 1204//3
f 1269//3 1273//3 1257//3
f 1280//3 1283//3 1268//3
f 1273//3 1280//3 1266//3
f 1220//3 1224//3 1212//3
f 1208//1 1209//1 1187//1
f 1210//1 1211//1 1192//1
f 1212//5 1194//5 1192//5
f 1209//1 1210//1 1191//1
f 1236//1 1237//1 1215//1
f 1238//5 1218//5 1215//5
f 1238//1 1243//1 1219//1
f 1236//5 1214//5 1213//5
f 1291//1 1292//1 1277//1
f 1293//5 1279//5 1277//5
f 1295//5 1290//5 1287//5
f 1294//5 1287//5 1279//5
f 1212//1 1224//1 1213//1
f 1291//5 1276//5 1219//5
f 1216//3 1269//3 1255//3
f 1301//1 1303//1 1302//1
f 1301//5 1300//5 1297//5
f 1299//3 1303//3 1301//3
f 1314//5 1313//5 1310//5
f 1310//3 1313//3 1312//3
f 1311//5 1310//5 1302//5
f 1302//3 1310//3 1309//3
f 1314//1 1317//1 1316//1
f 1315//3 1317//3 1314//3
f 1312//1 1313//1 1308//1
f 1312//5 1307//5 1305//5
f 1309//5 1305//5 1296//5
f 1304//3 1315//3 1311//3
f 1323//5 1322//5 1319//5
f 1321//3 1324//3 1323//3
f 1332//5 1331//5 1328//5
f 1330//3 1333//3 1332//3
f 1335//1 1337//1 1336//1
f 1340//5 1339//5 1336//5
f 1336//3 1339//3 1338//3
f 1344//1 1346//1 1345//1
f 1349//5 1348//5 1345//5
f 1345//3 1348//3 1347//3
f 1335//5 1334//5 1322//5
f 1324//3 1337//3 1335//3
f 1344//5 1343//5 1331//5
f 1333//3 1346//3 1344//3
f 1341//3 1342//3 1340//3
f 1328//3 1331//3 1326//3
f 1326//5 1324//5 1321//5
f 1347//5 1342//5 1341//5
f 1326//1 1331//1 1327//1
f 1343//5 1341//5 1327//5
f 1327//3 1341//3 1337//3
f 1320//5 1319//5 1306//5
f 1308//3 1321//3 1320//3
f 1329//5 1328//5 1316//5
f 1318//3 1330//3 1329//3
f 1325//5 1321//5 1308//5
f 1316//3 1328//3 1325//3
f 1357//5 1356//5 1354//5
f 1360//1 1362//1 1361//1
f 1365//5 1364//5 1361//5
f 1361//3 1364//3 1363//3
f 1367//1 1369//1 1368//1
f 1372//5 1371//5 1368//5
f 1368//3 1371//3 1370//3
f 1367//5 1366//5 1356//5
f 1358//3 1369//3 1367//3
f 1374//5 1373//5 1364//5
f 1352//1 1355//1 1354//1
f 1354//3 1356//3 1353//3
f 1363//1 1364//1 1358//1
f 1363//5 1357//5 1355//5
f 1375//5 1372//5 1369//5
f 1373//5 1369//5 1358//5
f 1386//5 1385//5 1383//5
f 1391//5 1390//5 1388//5
f 1395//5 1394//5 1392//5
f 1397//1 1399//1 1398//1
f 1402//5 1401//5 1398//5
f 1398//3 1401//3 1400//3
f 1404//1 1406//1 1405//1
f 1408//5 1407//5 1405//5
f 1397//5 1396//5 1390//5
f 1404//5 1403//5 1394//5
f 1394//5 1391//5 1389//5
f 1403//1 1405//1 1399//1
f 1407//5 1402//5 1399//5
f 1403//5 1397//5 1391//5
f 1417//5 1416//5 1414//5
f 1419//1 1421//1 1420//1
f 1424//5 1423//5 1420//5
f 1420//3 1423//3 1422//3
f 1428//5 1427//5 1425//5
f 1434//5 1433//5 1430//5
f 1430//3 1433//3 1432//3
f 1426//5 1425//5 1416//5
f 1431//5 1430//5 1423//5
f 1423//3 1430//3 1429//3
f 1422//5 1417//5 1415//5
f 1432//5 1428//5 1426//5
f 1429//5 1426//5 1417//5
f 1438//5 1437//5 1435//5
f 1442//5 1441//5 1439//5
f 1448//5 1447//5 1445//5
f 1455//5 1454//5 1452//5
f 1446//5 1445//5 1437//5
f 1453//5 1452//5 1443//5
f 1450//3 1451//3 1448//3
f 1442//1 1444//1 1443//1
f 1441//5 1438//5 1436//5
f 1454//5 1451//5 1450//5
f 1449//1 1452//1 1450//1
f 1449//5 1446//5 1438//5
f 1443//3 1452//3 1449//3
f 1410//5 1409//5 1371//5
f 1419//5 1418//5 1385//5
f 1387//3 1421//3 1419//3
f 1418//5 1415//5 1382//5
f 1436//5 1435//5 1401//5
f 1440//5 1439//5 1407//5
f 1439//5 1436//5 1402//5
f 1374//1 1384//1 1383//1
f 1383//3 1385//3 1375//3
f 1375//1 1385//1 1382//1
f 1381//3 1384//3 1374//3
f 1410//1 1415//1 1414//1
f 1414//3 1416//3 1411//3
f 1425//3 1427//3 1413//3
f 1416//3 1425//3 1412//3
f 1377//1 1389//1 1388//1
f 1388//3 1390//3 1378//3
f 1380//1 1393//1 1392//1
f 1379//1 1392//1 1389//1
f 1378//5 1365//5 1362//5
f 1400//1 1401//1 1387//1
f 1400//5 1386//5 1384//5
f 1396//5 1384//5 1381//5
f 1437//5 1424//5 1421//5
f 1447//5 1434//5 1431//5
f 1445//5 1431//5 1424//5
f 1378//1 1390//1 1381//1
f 1435//5 1421//5 1387//5
f 1382//3 1415//3 1410//3
f 992//3 1209//3 1208//3
f 998//3 1211//3 1210//3
f 996//3 1210//3 1209//3
f 1221//5 1220//5 1008//5
f 1010//3 1223//3 1221//3
f 1234//5 1233//5 1023//5
f 1023//3 1233//3 1232//3
f 1232//5 1227//5 1017//5
f 1017//3 1227//3 1223//3
f 1008//3 1220//3 1211//3
f 1352//5 1351//5 1142//5
f 1142//3 1351//3 1350//3
f 1360//5 1359//5 1152//5
f 1154//3 1362//3 1360//3
f 1359//5 1355//5 1150//5
f 1150//3 1355//3 1352//3
f 1377//5 1376//5 1177//5
f 1380//5 1379//5 1184//5
f 1379//5 1377//5 1178//5
f 1376//5 1362//5 1154//5
f 1245//1 1307//1 1306//1
f 1305//3 1307//3 1245//3
f 1234//1 1298//1 1297//1
f 1297//3 1300//3 1235//3
f 1235//1 1300//1 1296//1
f 1296//3 1305//3 1242//3
f 1319//3 1322//3 1293//3
f 1334//3 1338//3 1295//3
f 1322//3 1334//3 1294//3
f 1306//3 1319//3 1292//3
f 1124//1 1138//1 1137//1
f 1137//3 1140//3 1125//3
f 1121//1 1135//1 1134//1
f 1133//3 1135//3 1121//3
f 1120//1 1134//1 1132//1
f 1132//3 1138//3 1124//3
f 1128//1 1156//1 1155//1
f 1130//1 1162//1 1161//1
f 1129//1 1161//1 1156//1
f 1127//1 1155//1 1133//1
f 1095//1 1096//1 976//1
f 1097//1 1098//1 982//1
f 1096//1 1097//1 981//1
f 1104//1 1105//1 1005//1
f 1104//5 1004//5 1002//5
f 1122//1 1123//1 1020//1
f 1125//5 1024//5 1020//5
f 1105//1 1111//1 1006//1
f 1122//5 1019//5 1006//5
f 1098//1 1100//1 1002//1
f 1350//1 1351//1 1299//1
f 1353//5 1303//5 1299//5
f 1370//1 1371//1 1318//1
f 1370//5 1317//5 1315//5
f 1353//1 1356//1 1304//1
f 1366//5 1315//5 1304//5
f 1411//5 1333//5 1330//5
f 1413//5 1349//5 1346//5
f 1412//5 1346//5 1333//5
f 1409//5 1330//5 1318//5
f 1125//1 1140//1 1131//1
f 1350//5 1298//5 1131//5
f 1131//3 1298//3 1234//3
f 1457//1 1459//1 1458//1
f 1466//1 1468//1 1467//1
f 1470//1 1472//1 1471//1
f 1474//1 1476//1 1475//1
f 1467//4 1461//4 1460//4
f 1470//5 1469//5 1462//5
f 1459//1 1463//1 1462//1
f 1468//1 1474//1 1473//1
f 1460//1 1461//1 1459//1
f 1473//1 1475//1 1472//1
f 1467//1 1473//1 1470//1
f 1467//5 1464//5 1459//5
f 1470//4 1463//4 1459//4
f 1478//1 1480//1 1479//1
f 1482//4 1480//4 1478//4
f 1484//1 1486//1 1485//1
f 1488//1 1490//1 1489//1
f 1493//5 1492//5 1489//5
f 1493//4 1490//4 1488//4
f 1495//1 1497//1 1496//1
f 1480//1 1488//1 1487//1
f 1491//4 1488//4 1480//4
f 1486//1 1495//1 1494//1
f 1483//1 1485//1 1482//1
f 1494//1 1496//1 1493//1
f 1485//1 1494//1 1491//1
f 1499//1 1501//1 1500//1
f 1503//5 1502//5 1500//5
f 1505//1 1507//1 1506//1
f 1510//5 1509//5 1506//5
f 1510//4 1507//4 1505//4
f 1512//1 1514//1 1513//1
f 1516//1 1518//1 1517//1
f 1503//1 1512//1 1511//1
f 1510//1 1516//1 1515//1
f 1504//1 1506//1 1501//1
f 1509//5 1503//5 1501//5
f 1515//1 1517//1 1514//1
f 1509//1 1515//1 1512//1
f 1521//1 1523//1 1522//1
f 1540//1 1542//1 1541//1
f 1545//5 1544//5 1541//5
f 1545//4 1542//4 1540//4
f 1547//1 1549//1 1548//1
f 1552//5 1551//5 1548//5
f 1552//4 1549//4 1547//4
f 1555//1 1557//1 1556//1
f 1560//5 1559//5 1556//5
f 1560//4 1557//4 1555//4
f 1538//1 1547//1 1546//1
f 1545//1 1555//1 1554//1
f 1554//4 1553//4 1541//4
f 1539//1 1541//1 1538//1
f 1554//1 1556//1 1552//1
f 1554//5 1550//5 1547//5
f 1541//1 1553//1 1547//1
f 1527//4 1486//4 1484//4
f 1530//5 1529//5 1496//5
f 1530//4 1497//4 1495//4
f 1528//4 1495//4 1486//4
f 1532//5 1531//5 1513//5
f 1535//5 1534//5 1517//5
f 1535//4 1518//4 1516//4
f 1534//5 1532//5 1514//5
f 1538//5 1537//5 1522//5
f 1538//4 1523//4 1521//4
f 1539//5 1536//5 1521//5
f 1546//4 1525//4 1522//4
f 1472//1 1499//1 1498//1
f 1476//1 1505//1 1504//1
f 1475//1 1504//1 1499//1
f 1493//1 1521//1 1520//1
f 1520//4 1519//4 1489//4
f 1496//1 1524//1 1521//1
f 1530//1 1540//1 1539//1
f 1477//1 1479//1 1468//1
f 1487//1 1489//1 1476//1
f 1479//1 1487//1 1474//1
f 1520//1 1522//1 1510//1
f 1520//5 1508//5 1505//5
f 1522//1 1525//1 1516//1
f 1546//1 1548//1 1535//1
f 1489//1 1519//1 1505//1
f 1546//5 1533//5 1516//5
f 1539//4 1524//4 1496//4
f 1563//1 1565//1 1564//1
f 1568//5 1567//5 1564//5
f 1568//4 1565//4 1563//4
f 1574//1 1576//1 1575//1
f 1575//4 1572//4 1571//4
f 1579//1 1581//1 1580//1
f 1584//5 1583//5 1580//5
f 1584//4 1581//4 1579//4
f 1590//1 1592//1 1591//1
f 1591//4 1588//4 1587//4
f 1580//4 1570//4 1569//4
f 1586//4 1576//4 1574//4
f 1568//1 1574//1 1573//1
f 1573//4 1571//4 1564//4
f 1584//1 1590//1 1589//1
f 1589//4 1587//4 1580//4
f 1569//1 1570//1 1568//1
f 1587//1 1588//1 1586//1
f 1570//1 1577//1 1574//1
f 1587//5 1585//5 1574//5
f 1587//4 1577//4 1570//4
f 1599//1 1601//1 1600//1
f 1603//4 1601//4 1599//4
f 1612//1 1614//1 1613//1
f 1612//5 1611//5 1608//5
f 1613//4 1610//4 1608//4
f 1599//5 1598//5 1594//5
f 1600//4 1596//4 1594//4
f 1601//1 1609//1 1608//1
f 1612//4 1609//4 1601//4
f 1605//1 1607//1 1603//1
f 1605//5 1602//5 1599//5
f 1607//1 1615//1 1612//1
f 1608//4 1597//4 1596//4
f 1576//1 1595//1 1594//1
f 1594//4 1593//4 1572//4
f 1592//1 1606//1 1605//1
f 1605//4 1604//4 1588//4
f 1588//1 1604//1 1599//1
f 1599//4 1595//4 1576//4
f 1617//1 1619//1 1618//1
f 1622//5 1621//5 1618//5
f 1622//4 1619//4 1617//4
f 1626//1 1628//1 1627//1
f 1626//5 1625//5 1623//5
f 1635//1 1637//1 1636//1
f 1640//5 1639//5 1636//5
f 1640//4 1637//4 1635//4
f 1644//1 1646//1 1645//1
f 1644//5 1643//5 1641//5
f 1633//5 1632//5 1627//5
f 1635//5 1634//5 1629//5
f 1622//1 1630//1 1629//1
f 1633//1 1642//1 1641//1
f 1625//1 1627//1 1622//1
f 1625//5 1620//5 1617//5
f 1643//1 1645//1 1640//1
f 1643//5 1638//5 1635//5
f 1632//1 1641//1 1635//1
f 1632//5 1631//5 1622//5
f 1635//4 1630//4 1622//4
f 1653//1 1655//1 1654//1
f 1657//5 1656//5 1654//5
f 1662//1 1664//1 1663//1
f 1662//5 1661//5 1658//5
f 1663//4 1660//4 1658//4
f 1653//5 1652//5 1648//5
f 1654//4 1650//4 1648//4
f 1657//1 1667//1 1666//1
f 1666//4 1665//4 1654//4
f 1658//1 1660//1 1655//1
f 1663//5 1657//5 1655//5
f 1663//1 1669//1 1667//1
f 1658//5 1653//5 1649//5
f 1648//1 1650//1 1628//1
f 1648//5 1626//5 1624//5
f 1666//1 1668//1 1646//1
f 1666//5 1644//5 1642//5
f 1654//1 1665//1 1642//1
f 1654//5 1633//5 1628//5
f 1680//4 1677//4 1676//4
f 1684//4 1682//4 1681//4
f 1686//1 1688//1 1687//1
f 1690//4 1688//4 1686//4
f 1692//1 1694//1 1693//1
f 1697//5 1696//5 1693//5
f 1697//4 1694//4 1692//4
f 1686//5 1685//5 1678//5
f 1687//4 1680//4 1678//4
f 1693//4 1684//4 1683//4
f 1683//4 1681//4 1677//4
f 1688//1 1692//1 1691//1
f 1695//4 1692//4 1688//4
f 1691//4 1683//4 1680//4
f 1699//1 1701//1 1700//1
f 1704//5 1703//5 1700//5
f 1704//4 1701//4 1699//4
f 1713//4 1710//4 1709//4
f 1718//1 1720//1 1719//1
f 1723//5 1722//5 1719//5
f 1723//4 1720//4 1718//4
f 1715//4 1704//4 1702//4
f 1718//5 1717//5 1711//5
f 1719//4 1713//4 1711//4
f 1704//1 1712//1 1711//1
f 1711//4 1709//4 1700//4
f 1721//4 1718//4 1715//4
f 1709//1 1710//1 1707//1
f 1713//5 1708//5 1707//5
f 1718//4 1712//4 1704//4
f 1729//4 1726//4 1725//4
f 1734//4 1732//4 1731//4
f 1741//4 1739//4 1738//4
f 1746//4 1744//4 1743//4
f 1750//4 1748//4 1747//4
f 1744//4 1737//4 1736//4
f 1748//4 1741//4 1740//4
f 1740//4 1738//4 1732//4
f 1752//4 1751//4 1744//4
f 1736//1 1737//1 1734//1
f 1736//5 1733//5 1731//5
f 1752//1 1753//1 1750//1
f 1752//5 1749//5 1747//5
f 1737//1 1742//1 1740//1
f 1751//5 1747//5 1740//5
f 1751//4 1742//4 1737//4
f 1760//1 1762//1 1761//1
f 1765//5 1764//5 1761//5
f 1765//4 1762//4 1760//4
f 1769//4 1767//4 1766//4
f 1775//5 1774//5 1771//5
f 1775//4 1772//4 1770//4
f 1780//4 1777//4 1776//4
f 1772//5 1771//5 1764//5
f 1772//4 1765//4 1763//4
f 1777//4 1769//4 1768//4
f 1768//4 1766//4 1761//4
f 1775//1 1779//1 1778//1
f 1778//4 1776//4 1771//4
f 1776//4 1768//4 1764//4
f 1732//4 1690//4 1689//4
f 1739//4 1697//4 1695//4
f 1738//4 1695//4 1690//4
f 1755//4 1723//4 1721//4
f 1760//5 1759//5 1727//5
f 1761//4 1729//4 1727//4
f 1766//4 1730//4 1729//4
f 1702//4 1699//4 1674//4
f 1697//1 1728//1 1727//1
f 1727//4 1725//4 1693//4
f 1725//4 1724//4 1684//4
f 1763//4 1760//4 1739//4
f 1773//4 1770//4 1748//4
f 1770//4 1763//4 1741//4
f 1676//1 1677//1 1672//1
f 1681//1 1682//1 1674//1
f 1684//5 1675//5 1674//5
f 1677//1 1681//1 1673//1
f 1725//1 1726//1 1715//1
f 1729//5 1716//5 1715//5
f 1729//1 1730//1 1721//1
f 1725//5 1714//5 1702//5
f 1766//1 1767//1 1755//1
f 1769//5 1756//5 1755//5
f 1780//5 1758//5 1757//5
f 1777//5 1757//5 1756//5
f 1684//1 1724//1 1702//1
f 1766//5 1754//5 1721//5
f 1760//4 1728//4 1697//4
f 1791//1 1793//1 1792//1
f 1796//5 1795//5 1792//5
f 1796//4 1793//4 1791//4
f 1800//5 1799//5 1797//5
f 1806//1 1808//1 1807//1
f 1811//5 1810//5 1807//5
f 1811//4 1808//4 1806//4
f 1803//5 1802//5 1795//5
f 1806//5 1805//5 1799//5
f 1807//4 1801//4 1799//4
f 1788//1 1798//1 1797//1
f 1800//4 1798//4 1788//4
f 1799//1 1801//1 1796//1
f 1799//5 1794//5 1791//5
f 1810//5 1804//5 1803//5
f 1807//5 1803//5 1796//5
f 1815//5 1814//5 1812//5
f 1819//5 1818//5 1816//5
f 1821//1 1823//1 1822//1
f 1825//5 1824//5 1822//5
f 1827//1 1829//1 1828//1
f 1832//5 1831//5 1828//5
f 1832//4 1829//4 1827//4
f 1821//5 1820//5 1814//5
f 1827//5 1826//5 1818//5
f 1818//5 1815//5 1813//5
f 1826//1 1828//1 1823//1
f 1831//5 1825//5 1823//5
f 1826//5 1821//5 1815//5
f 1837//5 1836//5 1834//5
f 1848//5 1847//5 1845//5
f 1852//5 1851//5 1849//5
f 1859//5 1858//5 1856//5
f 1863//5 1862//5 1860//5
f 1857//5 1856//5 1851//5
f 1861//5 1860//5 1853//5
f 1848//1 1854//1 1853//1
f 1865//4 1864//4 1856//4
f 1851//5 1848//5 1846//5
f 1865//5 1863//5 1861//5
f 1856//1 1864//1 1861//1
f 1856//5 1855//5 1848//5
f 1861//4 1854//4 1848//4
f 1867//1 1869//1 1868//1
f 1872//5 1871//5 1868//5
f 1872//4 1869//4 1867//4
f 1876//5 1875//5 1873//5
f 1882//5 1881//5 1878//5
f 1882//4 1879//4 1877//4
f 1886//5 1885//5 1883//5
f 1879//5 1878//5 1871//5
f 1879//4 1872//4 1870//4
f 1884//5 1883//5 1875//5
f 1875//5 1870//5 1867//5
f 1885//5 1880//5 1877//5
f 1883//5 1877//5 1870//5
f 1841//5 1840//5 1810//5
f 1846//5 1845//5 1824//5
f 1850//5 1849//5 1831//5
f 1849//5 1846//5 1825//5
f 1867//5 1866//5 1836//5
f 1868//4 1838//4 1836//4
f 1873//5 1867//5 1837//5
f 1782//1 1813//1 1812//1
f 1784//1 1817//1 1816//1
f 1819//4 1817//4 1784//4
f 1783//1 1816//1 1813//1
f 1803//1 1835//1 1834//1
f 1837//4 1835//4 1803//4
f 1810//1 1839//1 1837//1
f 1834//4 1833//4 1795//4
f 1841//1 1874//1 1873//1
f 1876//4 1874//4 1841//4
f 1886//4 1884//4 1843//4
f 1884//4 1876//4 1842//4
f 1795//5 1785//5 1784//5
f 1836//1 1838//1 1832//1
f 1836//5 1830//5 1827//5
f 1834//5 1827//5 1819//5
f 1871//5 1852//5 1850//5
f 1881//5 1859//5 1857//5
f 1878//5 1857//5 1852//5
f 1795//1 1833//1 1819//1
f 1868//5 1850//5 1832//5
f 1873//4 1839//4 1810//4
f 1891//1 1893//1 1892//1
f 1891//5 1890//5 1887//5
f 1892//4 1889//4 1887//4
f 1901//5 1900//5 1897//5
f 1901//4 1898//4 1896//4
f 1898//5 1897//5 1892//5
f 1898//4 1893//4 1891//4
f 1901//1 1908//1 1907//1
f 1907//4 1906//4 1897//4
f 1903//1 1905//1 1901//1
f 1903//5 1899//5 1896//5
f 1902//5 1896//5 1891//5
f 1906//4 1895//4 1892//4
f 1916//5 1915//5 1912//5
f 1917//4 1914//4 1912//4
f 1922//5 1921//5 1918//5
f 1923//4 1920//4 1918//4
f 1926//1 1928//1 1927//1
f 1931//5 1930//5 1927//5
f 1931//4 1928//4 1926//4
f 1933//1 1935//1 1934//1
f 1938//5 1937//5 1934//5
f 1938//4 1935//4 1933//4
f 1926//5 1925//5 1915//5
f 1927//4 1917//4 1915//4
f 1933//5 1932//5 1921//5
f 1934//4 1923//4 1921//4
f 1922//4 1919//4 1910//4
f 1940//4 1939//4 1927//4
f 1917//5 1911//5 1910//5
f 1940//5 1936//5 1933//5
f 1917//1 1924//1 1922//1
f 1939//5 1933//5 1922//5
f 1939//4 1924//4 1917//4
f 1913//5 1912//5 1903//5
f 1914//4 1905//4 1903//4
f 1919//5 1918//5 1907//5
f 1920//4 1909//4 1907//4
f 1914//5 1910//5 1901//5
f 1919//4 1908//4 1901//4
f 1672//4 1584//4 1582//4
f 1674//4 1592//4 1590//4
f 1673//4 1590//4 1584//4
f 1699//5 1698//5 1605//5
f 1700//4 1607//4 1605//4
f 1707//5 1706//5 1613//5
f 1707//4 1614//4 1612//4
f 1709//5 1705//5 1612//5
f 1709//4 1615//4 1607//4
f 1699//4 1606//4 1592//4
f 1782//5 1781//5 1639//5
f 1784//5 1783//5 1645//5
f 1783//5 1782//5 1640//5
f 1788//5 1787//5 1663//5
f 1788//4 1664//4 1662//4
f 1791//5 1790//5 1666//5
f 1792//4 1668//4 1666//4
f 1797//5 1791//5 1667//5
f 1797//4 1669//4 1663//4
f 1792//5 1784//5 1646//5
f 1532//1 1617//1 1616//1
f 1535//1 1624//1 1623//1
f 1534//1 1623//1 1617//1
f 1552//1 1649//1 1648//1
f 1648//4 1647//4 1548//4
f 1560//1 1659//1 1658//1
f 1662//4 1659//4 1560//4
f 1556//1 1651//1 1649//1
f 1658//4 1651//4 1556//4
f 1548//1 1647//1 1624//1
f 1707//1 1888//1 1887//1
f 1891//4 1888//4 1707//4
f 1723//1 1904//1 1903//1
f 1903//4 1902//4 1719//4
f 1713//1 1894//1 1891//1
f 1902//4 1894//4 1713//4
f 1916//4 1913//4 1755//4
f 1929//4 1926//4 1757//4
f 1926//4 1916//4 1756//4
f 1913//4 1904//4 1723//4
f 1562//1 1564//1 1527//1
f 1571//1 1572//1 1530//1
f 1564//1 1571//1 1528//1
f 1594//1 1596//1 1545//1
f 1594//5 1543//5 1540//5
f 1608//1 1610//1 1560//1
f 1613//5 1561//5 1560//5
f 1596//1 1597//1 1555//1
f 1608//5 1558//5 1555//5
f 1572//1 1593//1 1540//1
f 1887//1 1889//1 1788//1
f 1892//5 1789//5 1788//5
f 1907//1 1909//1 1811//1
f 1907//5 1809//5 1806//5
f 1892//1 1895//1 1800//1
f 1906//5 1806//5 1800//5
f 1923//5 1842//5 1841//5
f 1937//5 1844//5 1843//5
f 1934//5 1843//5 1842//5
f 1920//5 1841//5 1811//5
f 1613//1 1670//1 1662//1
f 1887//5 1786//5 1662//5
f 1887//4 1670//4 1613//4
f 1949//6 1947//6 1946//6
f 1946//2 1947//2 1944//2
f 1945//3 1948//3 1946//3
f 1956//6 1954//6 1953//6
f 1953//2 1954//2 1951//2
f 1952//3 1955//3 1953//3
f 1962//2 1963//2 1960//2
f 1960//3 1963//3 1961//3
f 1968//2 1969//2 1966//2
f 1966//3 1969//3 1967//3
f 1959//2 1960//2 1949//2
f 1949//3 1960//3 1958//3
f 1965//2 1966//2 1956//2
f 1956//3 1966//3 1964//3
f 1951//3 1954//3 1942//3
f 1970//3 1971//3 1962//3
f 1942//2 1948//2 1945//2
f 1967//2 1971//2 1970//2
f 1970//6 1959//6 1957//6
f 1957//2 1959//2 1948//2
f 1954//3 1964//3 1957//3
f 1983//2 1984//2 1981//2
f 1982//3 1985//3 1983//3
f 1991//6 1989//6 1988//6
f 1993//2 1994//2 1991//2
f 1991//3 1994//3 1992//3
f 1988//2 1989//2 1984//2
f 1985//3 1990//3 1988//3
f 1981//6 1974//6 1973//6
f 1981//3 1984//3 1975//3
f 1982//6 1980//6 1976//6
f 1979//2 1985//2 1982//2
f 1987//2 1990//2 1985//2
f 1984//3 1989//3 1986//3
f 1973//2 1974//2 1963//2
f 1963//3 1974//3 1972//3
f 1977//2 1978//2 1969//2
f 1969//3 1978//3 1976//3
f 1976//2 1980//2 1971//2
f 1971//3 1980//3 1973//3
f 1997//2 1998//2 1996//2
f 2002//2 2003//2 2000//2
f 2001//3 2004//3 2002//3
f 2007//2 2008//2 2006//2
f 2015//6 2013//6 2012//6
f 2012//2 2013//2 2010//2
f 2011//3 2014//3 2012//3
f 2005//2 2006//2 1998//2
f 2009//2 2010//2 2003//2
f 2004//3 2011//3 2009//3
f 1998//2 2004//2 2001//2
f 2008//2 2014//2 2011//2
f 2006//2 2011//2 2004//2
f 2020//2 2021//2 2019//2
f 2024//2 2025//2 2023//2
f 2031//2 2032//2 2030//2
f 2035//2 2036//2 2034//2
f 2027//2 2028//2 2021//2
f 2029//2 2030//2 2025//2
f 2023//3 2025//3 2017//3
f 2034//6 2028//6 2027//6
f 2017//2 2020//2 2018//2
f 2032//2 2035//2 2033//2
f 2026//6 2020//6 2017//6
f 2030//2 2033//2 2026//2
f 2026//3 2033//3 2027//3
f 2046//2 2047//2 2045//2
f 2055//6 2053//6 2052//6
f 2052//2 2053//2 2050//2
f 2051//3 2054//3 2052//3
f 2061//6 2059//6 2058//6
f 2058//2 2059//2 2057//2
f 2064//2 2065//2 2063//2
f 2068//2 2069//2 2067//2
f 2062//2 2063//2 2055//2
f 2066//2 2067//2 2061//2
f 2060//6 2058//6 2053//6
f 2053//2 2058//2 2056//2
f 2065//2 2068//2 2066//2
f 2063//2 2066//2 2060//2
f 2076//6 2074//6 2073//6
f 2073//2 2074//2 2071//2
f 2072//3 2075//3 2073//3
f 2083//2 2084//2 2082//2
f 2091//6 2089//6 2088//6
f 2088//2 2089//2 2086//2
f 2087//3 2090//3 2088//3
f 2081//2 2082//2 2076//2
f 2076//3 2082//3 2080//3
f 2085//2 2086//2 2079//2
f 2094//6 2084//6 2083//6
f 2092//3 2093//3 2083//3
f 2074//2 2078//2 2077//2
f 2087//6 2085//6 2080//6
f 2084//2 2090//2 2087//2
f 2080//2 2085//2 2078//2
f 2044//2 2045//2 2015//2
f 2015//3 2045//3 2043//3
f 2042//2 2044//2 2014//2
f 2049//2 2050//2 2032//2
f 2056//2 2057//2 2036//2
f 2050//2 2056//2 2035//2
f 2070//2 2071//2 2041//2
f 2037//3 2038//3 1997//3
f 2041//6 2008//6 2007//6
f 2039//3 2040//3 2007//3
f 2038//3 2039//3 2005//3
f 2079//6 2047//6 2046//6
f 2077//3 2078//3 2046//3
f 2077//6 2044//6 2042//6
f 2079//3 2086//3 2048//3
f 2098//6 2065//6 2064//6
f 2096//3 2097//3 2064//3
f 2100//6 2069//6 2068//6
f 2099//6 2068//6 2065//6
f 2003//2 2024//2 2022//2
f 2013//2 2031//2 2029//2
f 2010//2 2029//2 2024//2
f 2051//6 2049//6 2043//6
f 2047//2 2054//2 2051//2
f 2048//2 2062//2 2054//2
f 2089//2 2097//2 2096//2
f 2096//6 2062//6 2048//6
f 2043//2 2049//2 2031//2
f 2041//3 2071//3 2042//3
f 2103//3 2105//3 2104//3
f 2109//2 2110//2 2107//2
f 2108//3 2111//3 2109//3
f 2113//3 2115//3 2114//3
f 2122//6 2120//6 2119//6
f 2119//2 2120//2 2117//2
f 2118//3 2121//3 2119//3
f 2105//3 2113//3 2112//3
f 2116//2 2117//2 2110//2
f 2111//3 2118//3 2116//3
f 2107//6 2103//6 2102//6
f 2107//3 2110//3 2105//3
f 2117//3 2120//3 2115//3
f 2110//3 2117//3 2113//3
f 2132//3 2134//3 2133//3
f 2136//3 2138//3 2137//3
f 2141//3 2143//3 2142//3
f 2148//3 2150//3 2149//3
f 2134//3 2141//3 2140//3
f 2138//3 2145//3 2144//3
f 2135//3 2137//3 2130//3
f 2147//3 2149//3 2143//3
f 2132//6 2131//6 2128//6
f 2130//2 2134//2 2132//2
f 2148//6 2147//6 2144//6
f 2146//2 2150//2 2148//2
f 2147//6 2141//6 2139//6
f 2139//2 2141//2 2134//2
f 2137//3 2144//3 2139//3
f 2154//3 2156//3 2155//3
f 2164//6 2162//6 2161//6
f 2161//2 2162//2 2159//2
f 2160//3 2163//3 2161//3
f 2170//3 2172//3 2171//3
f 2183//6 2181//6 2180//6
f 2180//2 2181//2 2178//2
f 2179//3 2182//3 2180//3
f 2169//2 2170//2 2164//2
f 2164//3 2170//3 2168//3
f 2167//3 2179//3 2177//3
f 2165//3 2166//3 2163//3
f 2178//6 2170//6 2169//6
f 2178//3 2181//3 2172//3
f 2176//6 2174//6 2171//6
f 2171//2 2174//2 2173//2
f 2166//3 2177//3 2169//3
f 2190//6 2188//6 2187//6
f 2187//2 2188//2 2185//2
f 2186//3 2189//3 2187//3
f 2196//6 2194//6 2193//6
f 2192//3 2195//3 2193//3
f 2198//3 2200//3 2199//3
f 2203//3 2205//3 2204//3
f 2190//3 2198//3 2197//3
f 2202//2 2203//2 2196//2
f 2196//3 2203//3 2201//3
f 2194//6 2190//6 2189//6
f 2191//3 2193//3 2189//3
f 2201//3 2204//3 2200//3
f 2194//3 2201//3 2198//3
f 2153//2 2154//2 2122//2
f 2122//3 2154//3 2152//3
f 2120//3 2152//3 2151//3
f 2127//3 2160//3 2158//3
f 2143//3 2186//3 2184//3
f 2150//3 2192//3 2191//3
f 2149//3 2191//3 2186//3
f 2131//3 2133//3 2111//3
f 2140//3 2142//3 2121//3
f 2133//3 2140//3 2118//3
f 2185//6 2154//6 2153//6
f 2185//3 2188//3 2156//3
f 2188//3 2197//3 2157//3
f 2206//3 2207//3 2182//3
f 2104//2 2124//2 2123//2
f 2127//6 2126//6 2114//6
f 2114//2 2126//2 2125//2
f 2112//2 2125//2 2124//2
f 2167//6 2166//6 2155//6
f 2155//2 2166//2 2165//2
f 2165//6 2160//6 2151//6
f 2157//2 2179//2 2167//2
f 2208//6 2207//6 2199//6
f 2199//2 2207//2 2206//2
f 2210//6 2209//6 2204//6
f 2209//6 2208//6 2200//6
f 2206//6 2179//6 2157//6
f 2151//2 2160//2 2127//2
f 2142//3 2184//3 2153//3
f 2220//6 2218//6 2217//6
f 2222//2 2223//2 2220//2
f 2220//3 2223//3 2221//3
f 2229//6 2227//6 2226//6
f 2226//2 2227//2 2225//2
f 2232//2 2233//2 2229//2
f 2229//3 2233//3 2231//3
f 2225//6 2215//6 2214//6
f 2225//3 2227//3 2216//3
f 2228//6 2226//6 2221//6
f 2221//2 2226//2 2224//2
f 2224//6 2214//6 2212//6
f 2230//2 2232//2 2228//2
f 2238//6 2236//6 2235//6
f 2239//2 2240//2 2238//2
f 2247//6 2245//6 2244//6
f 2244//2 2245//2 2242//2
f 2243//3 2246//3 2244//3
f 2256//6 2254//6 2253//6
f 2257//2 2258//2 2256//2
f 2265//6 2263//6 2262//6
f 2262//2 2263//2 2260//2
f 2261//3 2264//3 2262//3
f 2251//2 2252//2 2247//2
f 2253//2 2254//2 2249//2
f 2249//6 2240//6 2239//6
f 2260//6 2252//6 2251//6
f 2243//6 2241//6 2236//6
f 2240//2 2246//2 2243//2
f 2261//6 2259//6 2254//6
f 2258//2 2264//2 2261//2
f 2250//6 2246//6 2240//6
f 2254//2 2259//2 2250//2
f 2250//3 2259//3 2251//3
f 2237//6 2235//6 2213//6
f 2216//2 2239//2 2237//2
f 2255//6 2253//6 2231//6
f 2234//2 2257//2 2255//2
f 2248//6 2239//6 2216//6
f 2231//2 2253//2 2248//2
f 2270//6 2268//6 2267//6
f 2272//2 2273//2 2270//2
f 2270//3 2273//3 2271//3
f 2283//6 2281//6 2280//6
f 2279//3 2282//3 2280//3
f 2286//2 2287//2 2283//2
f 2283//3 2287//3 2285//3
f 2281//6 2273//6 2272//6
f 2278//3 2280//3 2272//3
f 2279//6 2278//6 2274//6
f 2277//2 2282//2 2279//2
f 2278//6 2269//6 2266//6
f 2281//3 2285//3 2284//3
f 2292//6 2290//6 2289//6
f 2292//3 2294//3 2293//3
f 2303//6 2301//6 2300//6
f 2300//2 2301//2 2298//2
f 2299//3 2302//3 2300//3
f 2308//6 2306//6 2305//6
f 2308//3 2310//3 2309//3
f 2319//6 2317//6 2316//6
f 2316//2 2317//2 2314//2
f 2315//3 2318//3 2316//3
f 2296//3 2307//3 2305//3
f 2303//3 2312//3 2311//3
f 2298//6 2292//6 2291//6
f 2298//3 2301//3 2294//3
f 2314//6 2308//6 2307//6
f 2314//3 2317//3 2310//3
f 2296//6 2295//6 2293//6
f 2315//6 2313//6 2311//6
f 2313//6 2307//6 2304//6
f 2304//2 2307//2 2296//2
f 2301//3 2311//3 2304//3
f 2290//6 2276//6 2275//6
f 2290//3 2293//3 2277//3
f 2306//6 2287//6 2286//6
f 2306//3 2309//3 2288//3
f 2295//6 2282//6 2277//6
f 2295//3 2305//3 2286//3
f 2327//6 2325//6 2324//6
f 2335//6 2333//6 2332//6
f 2332//2 2333//2 2330//2
f 2331//3 2334//3 2332//3
f 2342//6 2340//6 2339//6
f 2339//2 2340//2 2337//2
f 2338//3 2341//3 2339//3
f 2324//2 2325//2 2322//2
f 2323//3 2326//3 2324//3
f 2337//6 2327//6 2326//6
f 2337//3 2340//3 2328//3
f 2344//6 2335//6 2334//6
f 2331//6 2329//6 2325//6
f 2328//2 2334//2 2331//2
f 2345//6 2343//6 2340//6
f 2343//6 2334//6 2328//6
f 2361//6 2359//6 2358//6
f 2366//6 2364//6 2363//6
f 2370//6 2368//6 2367//6
f 2377//6 2375//6 2374//6
f 2374//2 2375//2 2372//2
f 2373//3 2376//3 2374//3
f 2383//6 2381//6 2380//6
f 2380//2 2381//2 2379//2
f 2372//6 2366//6 2365//6
f 2379//6 2370//6 2369//6
f 2369//6 2367//6 2364//6
f 2382//6 2380//6 2375//6
f 2375//2 2380//2 2378//2
f 2378//6 2369//6 2366//6
f 2387//6 2385//6 2384//6
f 2394//6 2392//6 2391//6
f 2391//2 2392//2 2389//2
f 2390//3 2393//3 2391//3
f 2398//6 2396//6 2395//6
f 2404//6 2402//6 2401//6
f 2400//3 2403//3 2401//3
f 2396//6 2387//6 2386//6
f 2402//6 2394//6 2393//6
f 2399//3 2401//3 2393//3
f 2390//6 2388//6 2385//6
f 2400//6 2399//6 2396//6
f 2399//6 2390//6 2387//6
f 2408//6 2406//6 2405//6
f 2412//6 2410//6 2409//6
f 2416//6 2414//6 2413//6
f 2425//6 2423//6 2422//6
f 2418//2 2419//2 2412//2
f 2416//3 2421//3 2420//3
f 2414//6 2408//6 2407//6
f 2423//6 2419//6 2418//6
f 2411//6 2409//6 2406//6
f 2424//6 2422//6 2420//6
f 2417//6 2411//6 2408//6
f 2420//2 2422//2 2417//2
f 2417//3 2422//3 2418//3
f 2358//2 2359//2 2344//2
f 2345//3 2360//3 2358//3
f 2357//2 2360//2 2345//2
f 2344//3 2359//3 2356//3
f 2363//2 2364//2 2347//2
f 2348//3 2365//3 2363//3
f 2367//2 2368//2 2350//2
f 2364//2 2367//2 2349//2
f 2384//2 2385//2 2352//2
f 2353//3 2386//3 2384//3
f 2355//3 2397//3 2395//3
f 2354//3 2395//3 2386//3
f 2352//6 2342//6 2341//6
f 2389//6 2361//6 2360//6
f 2389//3 2392//3 2362//3
f 2388//6 2360//6 2357//6
f 2406//6 2377//6 2376//6
f 2410//6 2383//6 2382//6
f 2409//6 2382//6 2377//6
f 2348//6 2346//6 2333//6
f 2373//6 2371//6 2359//6
f 2362//2 2376//2 2373//2
f 2371//6 2365//6 2356//6
f 2407//6 2405//6 2392//6
f 2415//6 2413//6 2402//6
f 2413//6 2407//6 2394//6
f 2405//6 2376//6 2362//6
f 2356//2 2365//2 2348//2
f 2352//3 2385//3 2357//3
f 2214//2 2215//2 2091//2
f 2091//3 2215//3 2213//3
f 2217//2 2218//2 2094//2
f 2095//3 2219//3 2217//3
f 2212//2 2214//2 2090//2
f 2094//3 2218//3 2212//3
f 2235//2 2236//2 2098//2
f 2241//2 2242//2 2100//2
f 2236//2 2241//2 2099//2
f 2213//2 2235//2 2097//2
f 2267//2 2268//2 2175//2
f 2176//3 2269//3 2267//3
f 2275//2 2276//2 2183//2
f 2183//3 2276//3 2274//3
f 2266//2 2269//2 2176//2
f 2181//3 2274//3 2266//3
f 2208//3 2291//3 2289//3
f 2210//3 2299//3 2297//3
f 2209//3 2297//3 2291//3
f 2207//3 2289//3 2275//3
f 2123//3 2124//3 1955//3
f 2125//3 2126//3 1968//3
f 2124//3 2125//3 1965//3
f 2159//6 1978//6 1977//6
f 2159//3 2162//3 1979//3
f 2175//6 1994//6 1993//6
f 2173//3 2174//3 1993//3
f 2173//6 1990//6 1987//6
f 2162//3 2168//3 1987//3
f 2126//3 2158//3 1977//3
f 2322//6 2223//6 2222//6
f 2320//3 2321//3 2222//3
f 2330//6 2233//6 2232//6
f 2330//3 2333//3 2234//3
f 2329//6 2232//6 2230//6
f 2322//3 2325//3 2230//3
f 2347//6 2258//6 2257//6
f 2350//6 2265//6 2264//6
f 2349//6 2264//6 2258//6
f 2346//6 2257//6 2234//6
f 1947//2 2038//2 2037//2
f 1961//2 2040//2 2039//2
f 1958//2 2039//2 2038//2
f 2072//6 2070//6 1972//6
f 1975//2 2075//2 2072//2
f 2095//6 2093//6 1992//6
f 1992//2 2093//2 2092//2
f 2092//6 2081//6 1986//6
f 1986//2 2081//2 2075//2
f 1972//2 2070//2 2040//2
f 2323//6 2321//6 2271//6
f 2271//2 2321//2 2320//2
f 2338//6 2336//6 2285//6
f 2288//2 2341//2 2338//2
f 2336//6 2326//6 2284//6
f 2284//2 2326//2 2323//2
f 2353//6 2351//6 2309//6
f 2355//6 2354//6 2317//6
f 2354//6 2353//6 2310//6
f 2351//6 2341//6 2288//6
f 2320//6 2219//6 2211//6
f 2211//2 2219//2 2095//2
f 2175//3 2268//3 2211//3
f 2428//2 2429//2 2427//2
f 2435//2 2436//2 2434//2
f 2441//2 2442//2 2440//2
f 2445//2 2446//2 2444//2
f 2437//2 2438//2 2429//2
f 2443//2 2444//2 2436//2
f 2440//6 2438//6 2437//6
f 2435//4 2433//4 2430//4
f 2429//2 2431//2 2430//2
f 2442//2 2445//2 2443//2
f 2435//6 2431//6 2429//6
f 2440//2 2443//2 2435//2
f 2440//4 2432//4 2429//4
f 2450//2 2451//2 2448//2
f 2452//4 2449//4 2448//4
f 2455//2 2456//2 2454//2
f 2463//6 2461//6 2460//6
f 2460//2 2461//2 2458//2
f 2463//4 2459//4 2458//4
f 2466//2 2467//2 2465//2
f 2457//2 2458//2 2451//2
f 2459//4 2452//4 2451//4
f 2464//2 2465//2 2456//2
f 2452//2 2455//2 2453//2
f 2463//2 2466//2 2464//2
f 2459//2 2464//2 2455//2
f 2478//6 2476//6 2475//6
f 2475//2 2476//2 2474//2
f 2485//6 2483//6 2482//6
f 2482//2 2483//2 2480//2
f 2485//4 2481//4 2480//4
f 2488//2 2489//2 2487//2
f 2492//2 2493//2 2491//2
f 2486//2 2487//2 2478//2
f 2490//2 2491//2 2485//2
f 2484//6 2482//6 2476//6
f 2476//2 2482//2 2479//2
f 2489//2 2492//2 2490//2
f 2487//2 2490//2 2484//2
f 2497//2 2498//2 2496//2
f 2515//6 2513//6 2512//6
f 2512//2 2513//2 2510//2
f 2515//4 2511//4 2510//4
f 2522//6 2520//6 2519//6
f 2519//2 2520//2 2517//2
f 2522//4 2518//4 2517//4
f 2526//2 2527//2 2525//2
f 2516//2 2517//2 2508//2
f 2524//2 2525//2 2515//2
f 2524//4 2514//4 2512//4
f 2530//6 2527//6 2526//6
f 2530//4 2528//4 2525//4
f 2508//2 2512//2 2509//2
f 2524//6 2523//6 2517//6
f 2522//2 2526//2 2524//2
f 2517//2 2523//2 2512//2
f 2473//2 2474//2 2442//2
f 2479//2 2480//2 2446//2
f 2474//2 2479//2 2445//2
f 2495//2 2496//2 2463//2
f 2495//4 2462//4 2460//4
f 2496//2 2499//2 2466//2
f 2509//2 2510//2 2472//2
f 2502//6 2489//6 2488//6
f 2505//6 2493//6 2492//6
f 2505//4 2503//4 2491//4
f 2504//6 2492//6 2489//6
f 2469//4 2468//4 2454//4
f 2472//6 2467//6 2466//6
f 2472//4 2470//4 2465//4
f 2470//4 2469//4 2456//4
f 2508//6 2498//6 2497//6
f 2508//4 2506//4 2496//4
f 2509//6 2499//6 2496//6
f 2516//4 2507//4 2497//4
f 2436//2 2450//2 2447//2
f 2446//2 2460//2 2457//2
f 2444//2 2457//2 2450//2
f 2495//6 2494//6 2480//6
f 2485//2 2497//2 2495//2
f 2491//2 2500//2 2497//2
f 2505//2 2519//2 2516//2
f 2516//6 2500//6 2491//6
f 2480//2 2494//2 2460//2
f 2509//4 2471//4 2466//4
f 2538//6 2536//6 2535//6
f 2535//2 2536//2 2533//2
f 2538//4 2534//4 2533//4
f 2547//6 2545//6 2544//6
f 2544//2 2545//2 2542//2
f 2547//4 2543//4 2542//4
f 2552//2 2553//2 2550//2
f 2552//4 2549//4 2548//4
f 2561//2 2562//2 2559//2
f 2561//4 2558//4 2557//4
f 2549//2 2550//2 2538//2
f 2549//4 2537//4 2535//4
f 2558//2 2559//2 2547//2
f 2558//4 2546//4 2544//4
f 2556//4 2555//4 2550//4
f 2544//4 2541//4 2539//4
f 2538//2 2540//2 2539//2
f 2556//2 2560//2 2557//2
f 2557//6 2554//6 2550//6
f 2550//2 2554//2 2540//2
f 2557//4 2544//4 2540//4
f 2570//2 2571//2 2568//2
f 2572//4 2569//4 2568//4
f 2581//6 2579//6 2578//6
f 2583//2 2584//2 2581//2
f 2583//4 2580//4 2578//4
f 2578//2 2579//2 2571//2
f 2581//4 2572//4 2571//4
f 2568//6 2565//6 2564//6
f 2570//4 2567//4 2564//4
f 2574//6 2573//6 2568//6
f 2572//2 2576//2 2574//2
f 2581//2 2585//2 2576//2
f 2578//4 2570//4 2566//4
f 2564//2 2565//2 2553//2
f 2564//4 2552//4 2551//4
f 2574//2 2575//2 2562//2
f 2574//4 2561//4 2560//4
f 2568//2 2573//2 2560//2
f 2568//4 2556//4 2553//4
f 2595//4 2592//4 2591//4
f 2599//2 2600//2 2597//2
f 2601//4 2598//4 2597//4
f 2605//4 2603//4 2602//4
f 2612//6 2610//6 2609//6
f 2609//2 2610//2 2607//2
f 2612//4 2608//4 2607//4
f 2603//4 2595//4 2594//4
f 2606//2 2607//2 2600//2
f 2608//4 2601//4 2600//4
f 2597//6 2593//6 2592//6
f 2599//4 2596//4 2592//4
f 2609//4 2606//4 2603//4
f 2606//4 2599//4 2595//4
f 2616//4 2614//4 2613//4
f 2623//4 2621//4 2620//4
f 2627//4 2625//4 2624//4
f 2632//4 2630//4 2629//4
f 2625//4 2616//4 2615//4
f 2634//4 2623//4 2622//4
f 2631//4 2629//4 2625//4
f 2622//4 2620//4 2618//4
f 2618//6 2617//6 2613//6
f 2616//2 2619//2 2618//2
f 2634//6 2633//6 2629//6
f 2632//2 2635//2 2634//2
f 2633//6 2628//6 2625//6
f 2625//2 2628//2 2619//2
f 2633//4 2622//4 2619//4
f 2642//6 2640//6 2639//6
f 2639//2 2640//2 2637//2
f 2642//4 2638//4 2637//4
f 2654//4 2651//4 2650//4
f 2661//6 2659//6 2658//6
f 2658//2 2659//2 2656//2
f 2661//4 2657//4 2656//4
f 2651//2 2652//2 2642//2
f 2651//4 2641//4 2639//4
f 2657//4 2645//4 2644//4
f 2644//4 2643//4 2638//4
f 2656//6 2652//6 2651//6
f 2658//4 2655//4 2651//4
f 2654//6 2653//6 2648//6
f 2648//2 2653//2 2650//2
f 2656//4 2644//4 2642//4
f 2667//4 2664//4 2663//4
f 2680//6 2678//6 2677//6
f 2677//2 2678//2 2675//2
f 2680//4 2676//4 2675//4
f 2686//6 2684//6 2683//6
f 2686//4 2682//4 2681//4
f 2690//4 2688//4 2687//4
f 2695//4 2692//4 2691//4
f 2688//4 2679//4 2677//4
f 2692//2 2693//2 2686//2
f 2692//4 2685//4 2683//4
f 2684//6 2680//6 2679//6
f 2684//4 2681//4 2676//4
f 2694//4 2691//4 2688//4
f 2691//4 2683//4 2679//4
f 2638//4 2590//4 2589//4
f 2664//2 2665//2 2612//2
f 2664//4 2611//4 2609//4
f 2663//4 2609//4 2605//4
f 2676//4 2627//4 2626//4
f 2682//4 2632//4 2631//4
f 2681//4 2631//4 2627//4
f 2670//4 2669//4 2657//4
f 2615//4 2613//4 2598//4
f 2626//4 2624//4 2608//4
f 2624//4 2615//4 2601//4
f 2675//6 2665//6 2664//6
f 2677//4 2674//4 2664//4
f 2687//4 2677//4 2667//4
f 2587//2 2594//2 2591//2
f 2605//6 2604//6 2589//6
f 2589//2 2604//2 2602//2
f 2588//2 2602//2 2594//2
f 2667//6 2666//6 2644//6
f 2644//2 2666//2 2663//2
f 2663//6 2662//6 2638//6
f 2657//2 2668//2 2667//2
f 2690//6 2689//6 2670//6
f 2670//2 2689//2 2687//2
f 2695//6 2694//6 2672//6
f 2694//6 2690//6 2671//6
f 2687//6 2668//6 2657//6
f 2638//2 2662//2 2605//2
f 2675//4 2626//4 2612//4
f 2702//6 2700//6 2699//6
f 2699//2 2700//2 2697//2
f 2702//4 2698//4 2697//4
f 2706//6 2704//6 2703//6
f 2707//2 2708//2 2706//2
f 2720//6 2718//6 2717//6
f 2717//2 2718//2 2715//2
f 2720//4 2716//4 2715//4
f 2724//6 2722//6 2721//6
f 2725//2 2726//2 2724//2
f 2712//2 2713//2 2702//2
f 2721//2 2722//2 2711//2
f 2715//6 2713//6 2712//6
f 2711//6 2708//6 2707//6
f 2705//6 2703//6 2697//6
f 2702//2 2707//2 2705//2
f 2723//6 2721//6 2715//6
f 2720//2 2725//2 2723//2
f 2710//6 2707//6 2702//6
f 2715//2 2721//2 2710//2
f 2715//4 2709//4 2702//4
f 2737//6 2735//6 2734//6
f 2734//2 2735//2 2733//2
f 2741//6 2739//6 2738//6
f 2743//2 2744//2 2741//2
f 2743//4 2740//4 2738//4
f 2746//2 2747//2 2737//2
f 2746//4 2736//4 2734//4
f 2733//6 2729//6 2728//6
f 2734//4 2732//4 2728//4
f 2743//6 2742//6 2735//6
f 2735//2 2742//2 2738//2
f 2738//6 2731//6 2729//6
f 2747//2 2749//2 2743//2
f 2728//6 2727//6 2704//6
f 2708//2 2730//2 2728//2
f 2746//6 2745//6 2722//6
f 2726//2 2748//2 2746//2
f 2734//6 2730//6 2708//6
f 2722//2 2745//2 2734//2
f 2766//6 2764//6 2763//6
f 2763//2 2764//2 2761//2
f 2766//4 2762//4 2761//4
f 2770//6 2768//6 2767//6
f 2781//6 2779//6 2778//6
f 2778//2 2779//2 2776//2
f 2781//4 2777//4 2776//4
f 2767//2 2768//2 2758//2
f 2770//4 2759//4 2758//4
f 2773//6 2766//6 2765//6
f 2776//6 2770//6 2769//6
f 2778//4 2775//4 2769//4
f 2769//6 2767//6 2761//6
f 2766//2 2771//2 2769//2
f 2780//6 2778//6 2773//6
f 2778//6 2771//6 2766//6
f 2790//6 2788//6 2787//6
f 2794//6 2792//6 2791//6
f 2800//6 2798//6 2797//6
f 2797//2 2798//2 2796//2
f 2807//6 2805//6 2804//6
f 2804//2 2805//2 2802//2
f 2807//4 2803//4 2802//4
f 2796//6 2790//6 2789//6
f 2802//6 2794//6 2793//6
f 2793//6 2791//6 2788//6
f 2806//6 2804//6 2798//6
f 2798//2 2804//2 2801//2
f 2801//6 2793//6 2790//6
f 2812//6 2810//6 2809//6
f 2818//6 2816//6 2815//6
f 2822//6 2820//6 2819//6
f 2827//6 2825//6 2824//6
f 2833//6 2831//6 2830//6
f 2828//2 2829//2 2818//2
f 2835//4 2826//4 2824//4
f 2831//6 2829//6 2828//6
f 2825//6 2822//6 2821//6
f 2821//6 2819//6 2816//6
f 2835//6 2834//6 2831//6
f 2824//6 2821//6 2818//6
f 2831//2 2834//2 2824//2
f 2831//4 2823//4 2818//4
f 2842//6 2840//6 2839//6
f 2839//2 2840//2 2837//2
f 2842//4 2838//4 2837//4
f 2846//6 2844//6 2843//6
f 2852//6 2850//6 2849//6
f 2852//4 2848//4 2847//4
f 2856//6 2854//6 2853//6
f 2850//6 2842//6 2841//6
f 2850//4 2847//4 2838//4
f 2854//6 2846//6 2845//6
f 2845//6 2843//6 2837//6
f 2855//6 2853//6 2847//6
f 2853//6 2845//6 2838//6
f 2787//2 2788//2 2752//2
f 2791//2 2792//2 2754//2
f 2794//4 2755//4 2754//4
f 2788//2 2791//2 2753//2
f 2809//2 2810//2 2773//2
f 2812//4 2774//4 2773//4
f 2812//2 2814//2 2780//2
f 2809//4 2772//4 2765//4
f 2843//2 2844//2 2783//2
f 2846//4 2784//4 2783//4
f 2856//4 2786//4 2785//4
f 2854//4 2785//4 2784//4
f 2816//6 2800//6 2799//6
f 2820//6 2807//6 2806//6
f 2819//6 2806//6 2800//6
f 2783//6 2781//6 2780//6
f 2837//6 2812//6 2811//6
f 2839//4 2836//4 2811//4
f 2843//6 2814//6 2812//6
f 2765//6 2763//6 2754//6
f 2811//6 2809//6 2802//6
f 2807//2 2813//2 2811//2
f 2809//6 2808//6 2794//6
f 2841//6 2839//6 2820//6
f 2851//6 2849//6 2825//6
f 2849//6 2841//6 2822//6
f 2839//6 2813//6 2807//6
f 2794//2 2808//2 2765//2
f 2843//4 2782//4 2780//4
f 2860//6 2858//6 2857//6
f 2862//2 2863//2 2860//2
f 2862//4 2859//4 2857//4
f 2870//6 2868//6 2867//6
f 2870//4 2866//4 2865//4
f 2877//2 2878//2 2870//2
f 2877//4 2869//4 2867//4
f 2868//6 2863//6 2862//6
f 2868//4 2865//4 2860//4
f 2872//6 2871//6 2865//6
f 2870//2 2874//2 2872//2
f 2871//6 2864//6 2860//6
f 2876//4 2867//4 2862//4
f 2885//6 2883//6 2882//6
f 2887//4 2884//4 2882//4
f 2894//6 2892//6 2891//6
f 2891//2 2892//2 2889//2
f 2894//4 2890//4 2889//4
f 2898//6 2896//6 2895//6
f 2900//4 2897//4 2895//4
f 2908//6 2906//6 2905//6
f 2905//2 2906//2 2903//2
f 2908//4 2904//4 2903//4
f 2898//4 2881//4 2880//4
f 2910//4 2893//4 2891//4
f 2903//6 2898//6 2897//6
f 2905//4 2902//4 2897//4
f 2889//6 2885//6 2884//6
f 2891//4 2888//4 2884//4
f 2887//6 2886//6 2880//6
f 2910//6 2909//6 2903//6
f 2909//6 2901//6 2898//6
f 2898//2 2901//2 2887//2
f 2909//4 2891//4 2887//4
f 2896//6 2878//6 2877//6
f 2899//4 2895//4 2877//4
f 2883//6 2873//6 2872//6
f 2886//4 2882//4 2872//4
f 2886//6 2874//6 2870//6
f 2896//4 2880//4 2870//4
f 2696//2 2697//2 2502//2
f 2703//2 2704//2 2505//2
f 2697//2 2703//2 2504//2
f 2728//2 2729//2 2522//2
f 2728//4 2521//4 2519//4
f 2738//2 2739//2 2530//2
f 2741//4 2531//4 2530//4
f 2729//2 2731//2 2526//2
f 2738//4 2529//4 2526//4
f 2704//2 2727//2 2519//2
f 2857//2 2858//2 2648//2
f 2860//4 2649//4 2648//4
f 2872//2 2873//2 2661//2
f 2872//4 2660//4 2658//4
f 2860//2 2864//2 2654//2
f 2871//4 2658//4 2654//4
f 2885//4 2671//4 2670//4
f 2890//4 2673//4 2672//4
f 2889//4 2672//4 2671//4
f 2883//4 2670//4 2661//4
f 2752//6 2720//6 2719//6
f 2754//6 2726//6 2725//6
f 2753//6 2725//6 2720//6
f 2761//6 2747//6 2746//6
f 2763//4 2760//4 2746//4
f 2758//6 2744//6 2743//6
f 2758//4 2756//4 2741//4
f 2767//6 2749//6 2747//6
f 2767//4 2757//4 2743//4
f 2763//6 2748//6 2726//6
f 2587//4 2586//4 2543//4
f 2589//4 2588//4 2559//4
f 2588//4 2587//4 2547//4
f 2648//6 2584//6 2583//6
f 2648//4 2646//4 2581//4
f 2637//6 2575//6 2574//6
f 2639//4 2636//4 2574//4
f 2650//6 2585//6 2581//6
f 2650//4 2639//4 2576//4
f 2637//4 2589//4 2562//4
f 2469//2 2535//2 2532//2
f 2472//2 2551//2 2548//2
f 2470//2 2548//2 2535//2
f 2564//6 2563//6 2510//6
f 2515//2 2566//2 2564//2
f 2583//6 2582//6 2530//6
f 2530//2 2582//2 2578//2
f 2578//6 2577//6 2525//6
f 2525//2 2577//2 2566//2
f 2510//2 2563//2 2551//2
f 2862//6 2861//6 2758//6
f 2758//2 2861//2 2857//2
f 2877//6 2876//6 2776//6
f 2781//2 2879//2 2877//2
f 2876//6 2875//6 2770//6
f 2770//2 2875//2 2862//2
f 2900//6 2899//6 2783//6
f 2907//6 2905//6 2785//6
f 2905//6 2900//6 2784//6
f 2899//6 2879//6 2781//6
f 2857//6 2750//6 2741//6
f 2741//2 2750//2 2583//2
f 2857//4 2647//4 2583//4
f 2912//3 2914//3 2913//3
f 2919//3 2921//3 2920//3
f 2926//3 2928//3 2927//3
f 2931//3 2933//3 2932//3
f 2914//3 2923//3 2922//3
f 2921//3 2931//3 2930//3
f 2915//3 2917//3 2914//3
f 2930//3 2932//3 2928//3
f 2919//6 2918//6 2915//6
f 2920//5 2917//5 2915//5
f 2926//6 2925//6 2922//6
f 2927//5 2924//5 2922//5
f 2930//6 2926//6 2923//6
f 2930//5 2929//5 2917//5
f 2917//3 2929//3 2923//3
f 2939//5 2938//5 2935//5
f 2935//3 2938//3 2937//3
f 2942//3 2944//3 2943//3
f 2951//6 2949//6 2948//6
f 2951//5 2950//5 2946//5
f 2946//3 2950//3 2948//3
f 2953//3 2955//3 2954//3
f 2947//5 2946//5 2938//5
f 2938//3 2946//3 2945//3
f 2944//3 2953//3 2952//3
f 2941//6 2936//6 2935//6
f 2941//3 2943//3 2939//3
f 2952//3 2954//3 2951//3
f 2943//3 2952//3 2947//3
f 2966//6 2964//6 2963//6
f 2962//3 2965//3 2963//3
f 2973//6 2971//6 2970//6
f 2973//5 2972//5 2968//5
f 2968//3 2972//3 2970//3
f 2976//3 2978//3 2977//3
f 2980//3 2982//3 2981//3
f 2975//5 2974//5 2963//5
f 2966//3 2976//3 2975//3
f 2973//3 2980//3 2979//3
f 2971//6 2966//6 2965//6
f 2967//3 2970//3 2965//3
f 2979//3 2981//3 2978//3
f 2971//3 2979//3 2976//3
f 2990//3 2992//3 2991//3
f 3004//6 3002//6 3001//6
f 3004//5 3003//5 2999//5
f 2999//3 3003//3 3001//3
f 3011//6 3009//6 3008//6
f 3011//5 3010//5 3006//5
f 3006//3 3010//3 3008//3
f 3014//3 3016//3 3015//3
f 2997//3 3006//3 3005//3
f 3013//5 3012//5 3001//5
f 3004//3 3014//3 3013//3
f 2998//3 3001//3 2997//3
f 3013//6 3007//6 3006//6
f 3013//3 3015//3 3011//3
f 3019//6 3018//6 3015//6
f 3019//5 3016//5 3014//5
f 3001//3 3012//3 3006//3
f 2928//3 2962//3 2961//3
f 2933//3 2968//3 2967//3
f 2932//3 2967//3 2962//3
f 2989//5 2988//5 2948//5
f 2951//3 2990//3 2989//3
f 2954//3 2993//3 2990//3
f 2960//3 2999//3 2998//3
f 2934//3 2937//3 2921//3
f 2945//3 2948//3 2933//3
f 2937//3 2945//3 2931//3
f 2989//6 2969//6 2968//6
f 2989//3 2991//3 2973//3
f 2991//3 2994//3 2980//3
f 3005//3 3008//3 2987//3
f 2957//5 2944//5 2942//5
f 2960//6 2959//6 2954//6
f 2960//5 2955//5 2953//5
f 2958//5 2953//5 2944//5
f 2984//6 2983//6 2977//6
f 2987//6 2986//6 2981//6
f 2987//5 2982//5 2980//5
f 2986//6 2984//6 2978//6
f 2997//6 2996//6 2991//6
f 2997//5 2992//5 2990//5
f 2998//6 2995//6 2990//6
f 3005//5 2994//5 2991//5
f 3005//6 2985//6 2980//6
f 2998//5 2993//5 2954//5
f 2948//3 2988//3 2968//3
f 3027//6 3025//6 3024//6
f 3027//5 3026//5 3022//5
f 3022//3 3026//3 3024//3
f 3036//6 3034//6 3033//6
f 3036//5 3035//5 3031//5
f 3031//3 3035//3 3033//3
f 3041//5 3040//5 3037//5
f 3039//3 3042//3 3041//3
f 3050//5 3049//5 3046//5
f 3048//3 3051//3 3050//3
f 3038//5 3037//5 3024//5
f 3027//3 3039//3 3038//3
f 3047//5 3046//5 3033//5
f 3036//3 3048//3 3047//3
f 3028//3 3029//3 3027//3
f 3046//3 3049//3 3044//3
f 3033//5 3029//5 3028//5
f 3044//5 3042//5 3039//5
f 3046//6 3043//6 3039//6
f 3046//5 3045//5 3029//5
f 3029//3 3045//3 3039//3
f 3061//5 3060//5 3057//5
f 3057//3 3060//3 3059//3
f 3070//6 3068//6 3067//6
f 3072//5 3071//5 3067//5
f 3070//3 3073//3 3072//3
f 3070//5 3069//5 3060//5
f 3060//3 3069//3 3067//3
f 3063//6 3058//6 3057//6
f 3063//3 3065//3 3061//3
f 3057//6 3056//6 3053//6
f 3059//5 3055//5 3053//5
f 3067//5 3066//5 3055//5
f 3065//3 3074//3 3070//3
f 3053//5 3052//5 3040//5
f 3042//3 3054//3 3053//3
f 3063//5 3062//5 3049//5
f 3051//3 3064//3 3063//3
f 3057//5 3054//5 3042//5
f 3049//3 3062//3 3057//3
f 3083//5 3082//5 3080//5
f 3089//5 3088//5 3085//5
f 3085//3 3088//3 3087//3
f 3093//5 3092//5 3090//5
f 3100//6 3098//6 3097//6
f 3100//5 3099//5 3095//5
f 3095//3 3099//3 3097//3
f 3091//5 3090//5 3082//5
f 3096//5 3095//5 3088//5
f 3088//3 3095//3 3094//3
f 3087//5 3083//5 3081//5
f 3097//5 3093//5 3091//5
f 3094//5 3091//5 3083//5
f 3104//5 3103//5 3101//5
f 3111//5 3110//5 3108//5
f 3115//5 3114//5 3112//5
f 3119//5 3118//5 3116//5
f 3113//5 3112//5 3103//5
f 3121//5 3120//5 3110//5
f 3106//3 3107//3 3104//3
f 3121//6 3117//6 3116//6
f 3110//5 3107//5 3106//5
f 3118//5 3115//5 3113//5
f 3110//6 3105//6 3104//6
f 3116//5 3113//5 3104//5
f 3110//3 3120//3 3116//3
f 3128//6 3126//6 3125//6
f 3128//5 3127//5 3123//5
f 3123//3 3127//3 3125//3
f 3140//5 3139//5 3136//5
f 3147//6 3145//6 3144//6
f 3147//5 3146//5 3142//5
f 3142//3 3146//3 3144//3
f 3137//5 3136//5 3125//5
f 3128//3 3138//3 3137//3
f 3143//5 3142//5 3130//5
f 3140//6 3135//6 3134//6
f 3136//3 3139//3 3134//3
f 3130//5 3128//5 3124//5
f 3142//6 3141//6 3137//6
f 3144//5 3140//5 3137//5
f 3142//5 3138//5 3128//5
f 3158//5 3157//5 3154//5
f 3166//6 3164//6 3163//6
f 3166//5 3165//5 3161//5
f 3161//3 3165//3 3163//3
f 3172//6 3170//6 3169//6
f 3172//5 3171//5 3167//5
f 3176//5 3175//5 3173//5
f 3180//5 3179//5 3177//5
f 3174//5 3173//5 3163//5
f 3178//5 3177//5 3169//5
f 3171//6 3169//6 3164//6
f 3171//5 3166//5 3162//5
f 3179//5 3176//5 3174//5
f 3177//5 3174//5 3164//5
f 3124//5 3123//5 3078//5
f 3155//5 3154//5 3097//5
f 3100//3 3156//3 3155//3
f 3154//5 3153//5 3093//5
f 3162//5 3161//5 3114//5
f 3168//5 3167//5 3118//5
f 3167//5 3162//5 3115//5
f 3080//3 3082//3 3076//3
f 3093//6 3079//6 3078//6
f 3090//3 3092//3 3078//3
f 3082//3 3090//3 3077//3
f 3158//6 3131//6 3130//6
f 3154//3 3157//3 3130//3
f 3154//6 3129//6 3124//6
f 3158//3 3159//3 3143//3
f 3176//6 3150//6 3149//6
f 3173//3 3175//3 3149//3
f 3180//6 3152//6 3151//6
f 3179//6 3151//6 3150//6
f 3103//5 3089//5 3086//5
f 3114//5 3100//5 3096//5
f 3112//5 3096//5 3089//5
f 3149//5 3147//5 3143//5
f 3161//6 3160//6 3155//6
f 3163//5 3158//5 3155//5
f 3173//5 3159//5 3158//5
f 3173//6 3148//6 3143//6
f 3161//5 3156//5 3100//5
f 3093//3 3153//3 3124//3
f 3187//6 3185//6 3184//6
f 3187//5 3186//5 3182//5
f 3182//3 3186//3 3184//3
f 3191//6 3189//6 3188//6
f 3191//3 3193//3 3192//3
f 3204//6 3202//6 3201//6
f 3204//5 3203//5 3199//5
f 3199//3 3203//3 3201//3
f 3209//6 3207//6 3206//6
f 3209//3 3211//3 3210//3
f 3187//3 3197//3 3196//3
f 3195//3 3208//3 3206//3
f 3189//6 3183//6 3182//6
f 3189//3 3192//3 3187//3
f 3207//6 3200//6 3199//6
f 3207//3 3210//3 3204//3
f 3195//6 3194//6 3192//6
f 3199//6 3198//6 3196//6
f 3206//6 3199//6 3197//6
f 3206//5 3205//5 3192//5
f 3192//3 3205//3 3197//3
f 3221//6 3219//6 3218//6
f 3217//3 3220//3 3218//3
f 3226//6 3224//6 3223//6
f 3228//5 3227//5 3223//5
f 3226//3 3229//3 3228//3
f 3231//5 3230//5 3218//5
f 3221//3 3232//3 3231//3
f 3228//6 3221//6 3220//6
f 3223//3 3227//3 3220//3
f 3217//6 3216//6 3213//6
f 3218//5 3215//5 3213//5
f 3223//6 3217//6 3214//6
f 3228//3 3234//3 3232//3
f 3213//6 3191//6 3190//6
f 3213//3 3215//3 3193//3
f 3231//6 3209//6 3208//6
f 3231//3 3233//3 3211//3
f 3218//6 3195//6 3193//6
f 3218//3 3230//3 3208//3
f 3250//6 3248//6 3247//6
f 3250//5 3249//5 3245//5
f 3245//3 3249//3 3247//3
f 3257//6 3255//6 3254//6
f 3265//6 3263//6 3262//6
f 3265//5 3264//5 3260//5
f 3260//3 3264//3 3262//3
f 3257//5 3256//5 3242//5
f 3242//3 3256//3 3254//3
f 3255//6 3246//6 3245//6
f 3255//3 3258//3 3250//3
f 3263//6 3253//6 3252//6
f 3252//6 3251//6 3248//6
f 3260//6 3259//6 3255//6
f 3262//5 3258//5 3255//5
f 3262//6 3252//6 3250//6
f 3274//6 3272//6 3271//6
f 3280//6 3278//6 3277//6
f 3276//3 3279//3 3277//3
f 3284//6 3282//6 3281//6
f 3291//6 3289//6 3288//6
f 3291//5 3290//5 3286//5
f 3286//3 3290//3 3288//3
f 3282//6 3274//6 3273//6
f 3289//6 3280//6 3279//6
f 3285//3 3288//3 3279//3
f 3276//6 3275//6 3272//6
f 3286//6 3285//6 3282//6
f 3285//6 3276//6 3274//6
f 3295//6 3293//6 3292//6
f 3300//6 3298//6 3297//6
f 3304//6 3302//6 3301//6
f 3310//6 3308//6 3307//6
f 3295//3 3306//3 3305//3
f 3312//5 3311//5 3301//5
f 3298//6 3295//6 3294//6
f 3312//6 3310//6 3309//6
f 3303//6 3301//6 3298//6
f 3309//6 3307//6 3305//6
f 3301//6 3296//6 3295//6
f 3309//5 3306//5 3295//5
f 3301//3 3311//3 3309//3
f 3317//6 3315//6 3314//6
f 3326//6 3324//6 3323//6
f 3326//5 3325//5 3321//5
f 3321//3 3325//3 3323//3
f 3332//6 3330//6 3329//6
f 3332//5 3331//5 3327//5
f 3336//6 3334//6 3333//6
f 3340//6 3338//6 3337//6
f 3334//6 3322//6 3321//6
f 3338//6 3328//6 3327//6
f 3331//6 3329//6 3324//6
f 3331//5 3326//5 3322//5
f 3339//6 3337//6 3334//6
f 3337//6 3327//6 3322//6
f 3236//3 3273//3 3271//3
f 3284//5 3283//5 3238//5
f 3238//3 3283//3 3281//3
f 3237//3 3281//3 3273//3
f 3317//5 3316//5 3252//5
f 3252//3 3316//3 3314//3
f 3314//5 3313//5 3248//5
f 3263//3 3319//3 3317//3
f 3336//5 3335//5 3267//5
f 3267//3 3335//3 3333//3
f 3340//5 3339//5 3269//5
f 3339//5 3336//5 3268//5
f 3248//6 3239//6 3238//6
f 3315//6 3287//6 3286//6
f 3315//3 3318//3 3291//3
f 3314//6 3286//6 3284//6
f 3324//6 3300//6 3299//6
f 3330//6 3304//6 3303//6
f 3329//6 3303//6 3300//6
f 3267//6 3266//6 3263//6
f 3294//6 3292//6 3278//6
f 3299//6 3297//6 3289//6
f 3297//6 3294//6 3280//6
f 3321//6 3320//6 3315//6
f 3323//5 3318//5 3315//5
f 3333//6 3321//6 3317//6
f 3323//6 3299//6 3291//6
f 3333//5 3319//5 3263//5
f 3248//3 3313//3 3284//3
f 3345//6 3343//6 3342//6
f 3347//5 3346//5 3342//5
f 3345//3 3348//3 3347//3
f 3354//6 3352//6 3351//6
f 3354//5 3353//5 3349//5
f 3362//5 3361//5 3351//5
f 3354//3 3363//3 3362//3
f 3357//6 3350//6 3349//6
f 3357//3 3359//3 3354//3
f 3353//6 3351//6 3347//6
f 3353//5 3348//5 3345//5
f 3356//6 3349//6 3345//6
f 3361//5 3360//5 3347//5
f 3371//6 3369//6 3368//6
f 3373//5 3372//5 3368//5
f 3380//6 3378//6 3377//6
f 3380//5 3379//5 3375//5
f 3375//3 3379//3 3377//3
f 3384//6 3382//6 3381//6
f 3386//5 3385//5 3381//5
f 3393//6 3391//6 3390//6
f 3393//5 3392//5 3388//5
f 3388//3 3392//3 3390//3
f 3384//5 3383//5 3365//5
f 3395//5 3394//5 3377//5
f 3373//6 3366//6 3365//6
f 3395//6 3389//6 3388//6
f 3375//6 3374//6 3369//6
f 3377//5 3373//5 3369//5
f 3388//6 3387//6 3382//6
f 3390//5 3386//5 3382//5
f 3377//6 3367//6 3366//6
f 3388//5 3384//5 3366//5
f 3377//3 3394//3 3388//3
f 3370//6 3368//6 3357//6
f 3372//5 3359//5 3357//5
f 3383//6 3381//6 3362//6
f 3385//5 3364//5 3362//5
f 3372//6 3365//6 3354//6
f 3383//5 3363//5 3354//5
f 2984//3 3182//3 3181//3
f 2987//3 3190//3 3188//3
f 2986//3 3188//3 3182//3
f 3213//5 3212//5 3008//5
f 3011//3 3214//3 3213//3
f 3226//5 3225//5 3019//5
f 3019//3 3225//3 3223//3
f 3223//5 3222//5 3015//5
f 3015//3 3222//3 3214//3
f 3008//3 3212//3 3190//3
f 3345//5 3344//5 3134//5
f 3134//3 3344//3 3342//3
f 3357//5 3356//5 3144//5
f 3147//3 3358//3 3357//3
f 3356//5 3355//5 3140//5
f 3140//3 3355//3 3345//3
f 3371//5 3370//5 3149//5
f 3376//5 3375//5 3151//5
f 3375//5 3371//5 3150//5
f 3370//5 3358//5 3147//5
f 3021//3 3024//3 2957//3
f 3037//3 3040//3 2960//3
f 3024//3 3037//3 2958//3
f 3053//6 3000//6 2999//6
f 3053//3 3055//3 3004//3
f 3072//6 3020//6 3019//6
f 3067//3 3071//3 3019//3
f 3067//6 3017//6 3014//6
f 3055//3 3066//3 3014//3
f 3040//3 3052//3 2999//3
f 3347//6 3243//6 3242//6
f 3342//3 3346//3 3242//3
f 3362//6 3261//6 3260//6
f 3362//3 3364//3 3265//3
f 3361//6 3260//6 3257//6
f 3347//3 3360//3 3257//3
f 3386//6 3268//6 3267//6
f 3391//6 3270//6 3269//6
f 3390//6 3269//6 3268//6
f 3385//6 3267//6 3265//6
f 3076//5 3036//5 3032//5
f 3078//5 3051//5 3048//5
f 3077//5 3048//5 3036//5
f 3123//6 3122//6 3063//6
f 3125//5 3065//5 3063//5
f 3134//6 3133//6 3072//6
f 3134//5 3073//5 3070//5
f 3136//6 3132//6 3070//6
f 3136//5 3074//5 3065//5
f 3123//5 3064//5 3051//5
f 3236//6 3235//6 3202//6
f 3238//6 3237//6 3210//6
f 3237//6 3236//6 3204//6
f 3242//6 3241//6 3228//6
f 3242//5 3229//5 3226//5
f 3245//6 3244//6 3231//6
f 3247//5 3233//5 3231//5
f 3254//6 3245//6 3232//6
f 3254//5 3234//5 3228//5
f 3247//6 3238//6 3211//6
f 3342//6 3240//6 3226//6
f 3342//5 3341//5 3072//5
f 3072//3 3341//3 3226//3
f 3399//4 3397//4 3396//4
f 3403//4 3401//4 3400//4
f 3410//4 3408//4 3407//4
f 3417//4 3415//4 3414//4
f 3412//4 3399//4 3398//4
f 3415//4 3403//4 3402//4
f 3416//4 3414//4 3408//4
f 3406//4 3404//4 3397//4
f 3405//6 3404//6 3400//6
f 3406//5 3402//5 3400//5
f 3412//6 3411//6 3407//6
f 3413//5 3409//5 3407//5
f 3418//6 3412//6 3408//6
f 3418//5 3414//5 3402//5
f 3418//4 3406//4 3399//4
f 3429//5 3428//5 3425//5
f 3429//4 3426//4 3424//4
f 3434//4 3432//4 3430//4
f 3441//6 3439//6 3438//6
f 3441//5 3440//5 3436//5
f 3441//4 3437//4 3435//4
f 3445//4 3443//4 3442//4
f 3437//5 3436//5 3428//5
f 3437//4 3429//4 3427//4
f 3443//4 3434//4 3433//4
f 3431//6 3426//6 3425//6
f 3433//4 3430//4 3425//4
f 3444//4 3442//4 3436//4
f 3442//4 3433//4 3428//4
f 3456//6 3454//6 3453//6
f 3456//4 3452//4 3451//4
f 3463//6 3461//6 3460//6
f 3463//5 3462//5 3458//5
f 3463//4 3459//4 3457//4
f 3468//4 3466//4 3464//4
f 3472//4 3470//4 3469//4
f 3465//5 3464//5 3453//5
f 3466//4 3455//4 3453//4
f 3470//4 3462//4 3460//4
f 3461//6 3456//6 3455//6
f 3461//4 3457//4 3452//4
f 3471//4 3469//4 3466//4
f 3469//4 3460//4 3455//4
f 3482//6 3480//6 3479//6
f 3482//5 3481//5 3477//5
f 3482//4 3478//4 3476//4
f 3489//6 3487//6 3486//6
f 3489//5 3488//5 3484//5
f 3489//4 3485//4 3483//4
f 3498//4 3496//4 3494//4
f 3485//4 3475//4 3474//4
f 3495//5 3494//5 3479//5
f 3496//4 3481//4 3479//4
f 3480//4 3476//4 3473//4
f 3495//6 3485//6 3484//6
f 3497//4 3494//4 3484//4
f 3498//6 3497//6 3491//6
f 3498//5 3493//5 3490//5
f 3495//4 3480//4 3475//4
f 3503//4 3501//4 3499//4
f 3452//4 3410//4 3409//4
f 3459//4 3417//4 3416//4
f 3457//4 3416//4 3410//4
f 3478//4 3423//4 3422//4
f 3500//5 3499//5 3438//5
f 3501//4 3440//4 3438//4
f 3504//4 3444//4 3440//4
f 3487//4 3483//4 3448//4
f 3427//4 3424//4 3401//4
f 3439//4 3435//4 3415//4
f 3435//4 3427//4 3403//4
f 3500//6 3459//6 3458//6
f 3502//4 3499//4 3458//4
f 3505//4 3502//4 3462//4
f 3434//5 3420//5 3419//5
f 3445//6 3444//6 3422//6
f 3445//5 3423//5 3421//5
f 3443//5 3421//5 3420//5
f 3468//6 3467//6 3446//6
f 3472//6 3471//6 3449//6
f 3472//5 3450//5 3448//5
f 3471//6 3468//6 3447//6
f 3503//6 3502//6 3474//6
f 3503//5 3475//5 3473//5
f 3504//6 3501//6 3473//6
f 3505//5 3483//5 3474//5
f 3505//6 3470//6 3448//6
f 3504//5 3476//5 3422//5
f 3500//4 3439//4 3417//4
f 3515//5 3514//5 3512//5
f 3519//5 3518//5 3516//5
f 3525//5 3524//5 3522//5
f 3529//5 3528//5 3526//5
f 3527//5 3526//5 3514//5
f 3531//5 3530//5 3518//5
f 3531//6 3523//6 3522//6
f 3521//4 3520//4 3512//4
f 3521//5 3519//5 3517//5
f 3528//5 3525//5 3523//5
f 3521//6 3514//6 3511//6
f 3526//5 3523//5 3511//5
f 3531//4 3519//4 3511//4
f 3537//5 3536//5 3533//5
f 3537//4 3534//4 3532//4
f 3541//5 3540//5 3538//5
f 3548//6 3546//6 3545//6
f 3548//5 3547//5 3543//5
f 3548//4 3544//4 3542//4
f 3552//5 3551//5 3549//5
f 3544//5 3543//5 3536//5
f 3544//4 3537//4 3535//4
f 3550//5 3549//5 3540//5
f 3540//5 3535//5 3532//5
f 3551//5 3546//5 3542//5
f 3549//5 3542//5 3535//5
f 3567//6 3565//6 3564//6
f 3567//5 3566//5 3562//5
f 3567//4 3563//4 3561//4
f 3578//6 3576//6 3575//6
f 3578//5 3577//5 3573//5
f 3578//4 3574//4 3572//4
f 3583//5 3582//5 3579//5
f 3574//5 3573//5 3559//5
f 3580//5 3579//5 3564//5
f 3581//4 3566//4 3564//4
f 3583//6 3571//6 3570//6
f 3583//4 3580//4 3568//4
f 3566//5 3560//5 3558//5
f 3581//6 3579//6 3572//6
f 3582//5 3576//5 3572//5
f 3581//5 3574//5 3560//5
f 3589//6 3587//6 3586//6
f 3589//5 3588//5 3584//5
f 3596//6 3594//6 3593//6
f 3596//5 3595//5 3591//5
f 3596//4 3592//4 3590//4
f 3600//5 3599//5 3597//5
f 3604//5 3603//5 3601//5
f 3598//5 3597//5 3586//5
f 3602//5 3601//5 3593//5
f 3595//6 3593//6 3587//6
f 3595//5 3589//5 3585//5
f 3603//5 3600//5 3598//5
f 3601//5 3598//5 3587//5
f 3609//5 3608//5 3605//5
f 3563//5 3562//5 3509//5
f 3585//5 3584//5 3524//5
f 3592//5 3591//5 3528//5
f 3591//5 3585//5 3525//5
f 3606//5 3605//5 3545//5
f 3607//4 3547//4 3545//4
f 3610//5 3606//5 3546//5
f 3600//6 3554//6 3553//6
f 3604//6 3557//6 3556//6
f 3604//4 3602//4 3555//4
f 3603//6 3556//6 3554//6
f 3541//4 3539//4 3506//4
f 3552//6 3510//6 3509//6
f 3552//4 3550//4 3508//4
f 3550//4 3541//4 3507//4
f 3609//6 3560//6 3559//6
f 3609//4 3606//4 3558//4
f 3610//6 3562//6 3558//6
f 3611//4 3608//4 3559//4
f 3536//5 3515//5 3513//5
f 3547//5 3529//5 3527//5
f 3543//5 3527//5 3515//5
f 3577//5 3557//5 3555//5
f 3607//6 3605//6 3590//6
f 3608//5 3594//5 3590//5
f 3611//5 3602//5 3594//5
f 3611//6 3573//6 3555//6
f 3607//5 3592//5 3529//5
f 3610//4 3551//4 3509//4
f 3618//6 3616//6 3615//6
f 3618//5 3617//5 3613//5
f 3618//4 3614//4 3612//4
f 3625//6 3623//6 3622//6
f 3625//5 3624//5 3620//5
f 3625//4 3621//4 3619//4
f 3634//5 3633//5 3630//5
f 3635//4 3632//4 3630//4
f 3640//5 3639//5 3636//5
f 3641//4 3638//4 3636//4
f 3631//5 3630//5 3615//5
f 3632//4 3617//4 3615//4
f 3637//5 3636//5 3622//5
f 3638//4 3624//4 3622//4
f 3640//4 3637//4 3628//4
f 3627//4 3626//4 3613//4
f 3627//5 3623//5 3619//5
f 3635//5 3629//5 3628//5
f 3642//6 3632//6 3628//6
f 3642//5 3637//5 3623//5
f 3642//4 3627//4 3617//4
f 3648//5 3647//5 3644//5
f 3648//4 3645//4 3643//4
f 3660//6 3658//6 3657//6
f 3662//5 3661//5 3657//5
f 3663//4 3659//4 3657//4
f 3660//5 3659//5 3647//5
f 3660//4 3648//4 3646//4
f 3654//6 3645//6 3644//6
f 3656//4 3653//4 3644//4
f 3651//6 3649//6 3643//6
f 3652//5 3646//5 3643//5
f 3664//5 3658//5 3646//5
f 3665//4 3656//4 3647//4
f 3650//5 3649//5 3633//5
f 3651//4 3635//4 3633//4
f 3654//5 3653//5 3639//5
f 3655//4 3641//4 3639//4
f 3651//5 3645//5 3629//5
f 3654//4 3640//4 3629//4
f 3689//6 3687//6 3686//6
f 3689//5 3688//5 3684//5
f 3689//4 3685//4 3683//4
f 3696//6 3694//6 3693//6
f 3696//5 3695//5 3691//5
f 3696//4 3692//4 3690//4
f 3700//6 3698//6 3697//6
f 3700//5 3699//5 3678//5
f 3700//4 3679//4 3677//4
f 3694//6 3682//6 3681//6
f 3698//6 3685//6 3684//6
f 3701//4 3697//4 3684//4
f 3688//6 3686//6 3680//6
f 3699//6 3697//6 3690//6
f 3701//5 3694//5 3690//5
f 3701//6 3688//6 3682//6
f 3706//6 3704//6 3703//6
f 3710//6 3708//6 3707//6
f 3714//6 3712//6 3711//6
f 3718//6 3716//6 3715//6
f 3720//4 3705//4 3703//4
f 3722//5 3721//5 3707//5
f 3722//6 3718//6 3717//6
f 3712//6 3706//6 3705//6
f 3713//6 3711//6 3708//6
f 3720//6 3719//6 3716//6
f 3711//6 3705//6 3702//6
f 3720//5 3718//5 3702//5
f 3722//4 3708//4 3702//4
f 3728//6 3726//6 3725//6
f 3728//4 3724//4 3723//4
f 3732//6 3730//6 3729//6
f 3739//6 3737//6 3736//6
f 3739//5 3738//5 3734//5
f 3739//4 3735//4 3733//4
f 3743//6 3741//6 3740//6
f 3737//6 3728//6 3727//6
f 3737//4 3733//4 3724//4
f 3741//6 3732//6 3731//6
f 3731//6 3729//6 3723//6
f 3742//6 3740//6 3733//6
f 3740//6 3731//6 3724//6
f 3749//6 3747//6 3746//6
f 3749//5 3748//5 3744//5
f 3756//6 3754//6 3753//6
f 3756//5 3755//5 3751//5
f 3756//4 3752//4 3750//4
f 3760//6 3758//6 3757//6
f 3764//6 3762//6 3761//6
f 3758//6 3745//6 3744//6
f 3762//6 3752//6 3751//6
f 3755//6 3753//6 3747//6
f 3755//5 3749//5 3745//5
f 3763//6 3761//6 3758//6
f 3761//6 3751//6 3745//6
f 3768//6 3766//6 3765//6
f 3732//4 3667//4 3666//4
f 3743//5 3742//5 3669//5
f 3743//4 3670//4 3668//4
f 3741//4 3668//4 3667//4
f 3760//5 3759//5 3671//5
f 3764//5 3763//5 3674//5
f 3764//4 3675//4 3673//4
f 3763//5 3760//5 3672//5
f 3768//5 3767//5 3681//5
f 3768//4 3682//4 3680//4
f 3770//5 3766//5 3680//5
f 3771//4 3693//4 3681//4
f 3747//6 3710//6 3709//6
f 3754//6 3714//6 3713//6
f 3753//6 3713//6 3710//6
f 3687//6 3670//6 3669//6
f 3766//6 3735//6 3734//6
f 3769//4 3765//4 3734//4
f 3770//6 3742//6 3735//6
f 3695//6 3693//6 3673//6
f 3727//6 3725//6 3704//6
f 3738//6 3736//6 3712//6
f 3736//6 3727//6 3706//6
f 3767//6 3765//6 3750//6
f 3769//5 3754//5 3750//5
f 3771//6 3767//6 3752//6
f 3769//6 3738//6 3714//6
f 3771//5 3762//5 3673//5
f 3770//4 3686//4 3669//4
f 3778//6 3776//6 3775//6
f 3778//5 3777//5 3773//5
f 3778//4 3774//4 3772//4
f 3784//6 3782//6 3781//6
f 3786//4 3783//4 3781//4
f 3793//6 3791//6 3790//6
f 3793//5 3792//5 3788//5
f 3793//4 3789//4 3787//4
f 3799//6 3797//6 3796//6
f 3801//4 3798//4 3796//4
f 3795//4 3777//4 3775//4
f 3799//4 3780//4 3779//4
f 3797//6 3789//6 3788//6
f 3800//4 3796//4 3788//4
f 3782//6 3774//6 3773//6
f 3785//4 3781//4 3773//4
f 3786//6 3785//6 3779//6
f 3795//6 3794//6 3787//6
f 3802//6 3795//6 3789//6
f 3802//5 3797//5 3779//5
f 3802//4 3785//4 3777//4
f 3808//6 3806//6 3805//6
f 3808//4 3804//4 3803//4
f 3816//6 3814//6 3813//6
f 3818//5 3817//5 3813//5
f 3819//4 3815//4 3813//4
f 3822//5 3821//5 3805//5
f 3823//4 3807//4 3805//4
f 3818//6 3808//6 3807//6
f 3818//4 3814//4 3804//4
f 3811//6 3809//6 3803//6
f 3812//5 3806//5 3803//5
f 3820//6 3811//6 3804//6
f 3825//4 3817//4 3807//4
f 3822//6 3799//6 3798//6
f 3824//4 3821//4 3798//4
f 3810//6 3784//6 3783//6
f 3812//4 3809//4 3783//4
f 3812//6 3786//6 3780//6
f 3822//4 3806//4 3780//4
f 3835//6 3833//6 3832//6
f 3835//5 3834//5 3830//5
f 3835//4 3831//4 3829//4
f 3839//6 3837//6 3836//6
f 3841//5 3840//5 3836//5
f 3848//6 3846//6 3845//6
f 3848//5 3847//5 3843//5
f 3848//4 3844//4 3842//4
f 3852//6 3850//6 3849//6
f 3854//5 3853//5 3849//5
f 3852//5 3851//5 3827//5
f 3856//5 3855//5 3832//5
f 3856//6 3844//6 3843//6
f 3841//6 3828//6 3827//6
f 3838//6 3836//6 3829//6
f 3840//5 3833//5 3829//5
f 3851//6 3849//6 3842//6
f 3853//5 3846//5 3842//5
f 3840//6 3827//6 3826//6
f 3851//5 3844//5 3826//5
f 3856//4 3833//4 3826//4
f 3862//6 3860//6 3859//6
f 3862//5 3861//5 3857//5
f 3866//6 3864//6 3863//6
f 3868//5 3867//5 3863//5
f 3869//4 3865//4 3863//4
f 3876//5 3875//5 3859//5
f 3877//4 3861//4 3859//4
f 3871//6 3858//6 3857//6
f 3873//4 3870//4 3857//4
f 3869//6 3867//6 3860//6
f 3869//5 3862//5 3858//5
f 3874//6 3865//6 3858//6
f 3879//5 3876//5 3860//5
f 3872//6 3870//6 3837//6
f 3873//5 3841//5 3837//5
f 3877//6 3875//6 3850//6
f 3878//5 3854//5 3850//5
f 3873//6 3861//6 3828//6
f 3877//5 3852//5 3828//5
f 3774//4 3447//4 3446//4
f 3784//4 3450//4 3449//4
f 3782//4 3449//4 3447//4
f 3810//5 3809//5 3486//5
f 3811//4 3488//4 3486//4
f 3816//5 3815//5 3492//5
f 3816//4 3493//4 3491//4
f 3820//5 3814//5 3491//5
f 3820//4 3497//4 3488//4
f 3810//4 3487//4 3450//4
f 3831//5 3830//5 3553//5
f 3839//5 3838//5 3556//5
f 3838//5 3831//5 3554//5
f 3866//5 3865//5 3570//5
f 3866//4 3571//4 3569//4
f 3871//5 3870//5 3575//5
f 3872//4 3577//4 3575//4
f 3874//5 3871//5 3576//5
f 3874//4 3582//4 3570//4
f 3872//5 3839//5 3557//5
f 3846//6 3672//6 3671//6
f 3854//6 3675//6 3674//6
f 3853//6 3674//6 3672//6
f 3876//6 3692//6 3691//6
f 3878//4 3875//4 3691//4
f 3868//6 3679//6 3678//6
f 3868//4 3864//4 3676//4
f 3879//6 3699//6 3692//6
f 3879//4 3867//4 3678//4
f 3878//6 3695//6 3675//6
f 3616//4 3612//4 3419//4
f 3634//4 3631//4 3421//4
f 3631//4 3616//4 3420//4
f 3662//6 3493//6 3492//6
f 3662//4 3658//4 3490//4
f 3650//6 3478//6 3477//6
f 3652//4 3649//4 3477//4
f 3664//6 3496//6 3490//6
f 3664//4 3652//4 3481//4
f 3650//4 3634//4 3423//4
f 3624//5 3507//5 3506//5
f 3641//5 3510//5 3508//5
f 3638//5 3508//5 3507//5
f 3655//6 3653//6 3561//6
f 3656//5 3565//5 3561//5
f 3663//6 3661//6 3569//6
f 3663//5 3571//5 3568//5
f 3665//6 3659//6 3568//6
f 3665//5 3580//5 3565//5
f 3655//5 3563//5 3510//5
f 3792//6 3790//6 3666//6
f 3801//6 3800//6 3668//6
f 3800//6 3792//6 3667//6
f 3819//6 3817//6 3677//6
f 3819//5 3679//5 3676//5
f 3823//6 3821//6 3683//6
f 3824//5 3687//5 3683//5
f 3825//6 3823//6 3685//6
f 3825//5 3698//5 3677//5
f 3824//6 3801//6 3670//6
f 3880//6 3815//6 3676//6
f 3880//5 3864//5 3569//5
f 3880//4 3661//4 3492//4
f 1943//2 1944//2 261//2
f 262//3 1945//3 1943//3
f 1950//2 1951//2 268//2
f 269//3 1952//3 1950//3
f 1941//2 1945//2 262//2
f 268//3 1951//3 1941//3
f 1995//2 1996//2 343//2
f 1999//2 2000//2 348//2
f 349//3 2001//3 1999//3
f 1996//2 2001//2 349//2
f 2018//2 2019//2 365//2
f 2022//2 2023//2 369//2
f 2016//2 2018//2 364//2
f 369//3 2023//3 2016//3
f 2000//2 2022//2 368//2
f 375//3 2037//3 1995//3
f 2102//2 2103//2 451//2
f 451//3 2103//3 2101//3
f 457//3 2108//3 2106//3
f 455//3 2106//3 2102//3
f 477//3 2129//3 2128//3
f 485//3 2136//3 2135//3
f 2128//2 2131//2 480//2
f 484//3 2135//3 2129//3
f 2101//2 2123//2 462//2
f 480//3 2131//3 2108//3
f 1944//2 2037//2 375//2
f 462//3 2123//3 1952//3
f 2426//2 2427//2 773//2
f 2433//2 2434//2 780//2
f 2427//2 2430//2 775//2
f 2433//4 779//4 775//4
f 2447//2 2448//2 796//2
f 2449//4 797//4 796//4
f 2453//2 2454//2 801//2
f 2449//2 2453//2 800//2
f 2434//2 2447//2 795//2
f 2468//4 806//4 801//4
f 2532//2 2533//2 850//2
f 2534//4 851//4 850//4
f 2541//2 2542//2 859//2
f 2543//4 860//4 859//4
f 2534//2 2539//2 853//2
f 2541//4 858//4 853//4
f 2592//2 2593//2 941//2
f 2592//4 940//4 939//4
f 2598//4 947//4 946//4
f 2597//4 946//4 941//4
f 2618//4 966//4 965//4
f 2621//4 970//4 969//4
f 2613//2 2617//2 965//2
f 2620//4 969//4 966//4
f 2586//2 2591//2 939//2
f 2613//4 962//4 947//4
f 2468//2 2532//2 849//2
f 2586//4 925//4 860//4
f 1261//3 2912//3 2911//3
f 1264//3 2916//3 2915//3
f 2919//5 2916//5 1264//5
f 1263//3 2915//3 2912//3
f 1284//3 2935//3 2934//3
f 2941//5 2940//5 1288//5
f 1290//3 2942//3 2941//3
f 1288//3 2940//3 2935//3
f 2956//5 2942//5 1290//5
f 1283//3 2934//3 2919//3
f 3023//5 3022//5 1339//5
f 1339//3 3022//3 3021//3
f 3032//5 3031//5 1348//5
f 1348//3 3031//3 3030//3
f 3030//5 3028//5 1342//5
f 1342//3 3028//3 3023//3
f 3081//5 3080//5 1427//5
f 3086//5 3085//5 1433//5
f 1433//3 3085//3 3084//3
f 3084//5 3081//5 1428//5
f 3102//5 3101//5 1447//5
f 3109//5 3108//5 1454//5
f 3108//5 3106//5 1451//5
f 1451//3 3106//3 3102//3
f 3101//5 3086//5 1434//5
f 1427//3 3080//3 3075//3
f 3075//5 3032//5 1349//5
f 1338//3 3021//3 2956//3
f 3397//4 1746//4 1745//4
f 3405//4 1753//4 1752//4
f 3405//5 3401//5 1750//5
f 3404//4 1752//4 1746//4
f 3426//4 1775//4 1773//4
f 3431//5 3430//5 1778//5
f 3432//4 1780//4 1778//4
f 3431//4 1779//4 1775//4
f 3432//5 3419//5 1758//5
f 3424//4 1773//4 1750//4
f 3513//5 3512//5 1858//5
f 3517//5 3516//5 1862//5
f 3520//5 3517//5 1863//5
f 3520//4 1865//4 1858//4
f 3534//5 3533//5 1881//5
f 3534//4 1882//4 1880//4
f 3539//5 3538//5 1885//5
f 3538//5 3532//5 1880//5
f 3533//5 3513//5 1859//5
f 3539//4 1886//4 1844//4
f 3614//5 3613//5 1930//5
f 3614//4 1931//4 1929//4
f 3621//5 3620//5 1937//5
f 3621//4 1938//4 1936//4
f 3626//5 3619//5 1936//5
f 3626//4 1940//4 1930//4
f 3620//5 3506//5 1844//5
f 3612//4 1929//4 1758//4
f 106//1 988//1 987//1
f 987//3 991//3 109//3
f 91//1 974//1 973//1
f 973//3 977//3 94//3
f 94//1 977//1 971//1
f 971//3 988//3 106//3
f 417//1 1189//1 1188//1
f 1186//3 1189//3 417//3
f 1195//3 1199//3 430//3
f 1188//3 1195//3 427//3
f 1246//3 1247//3 470//3
f 1258//3 1260//3 485//3
f 472//1 1249//1 1246//1
f 1247//3 1258//3 483//3
f 435//1 1208//1 1186//1
f 1199//3 1249//3 472//3
f 152//1 1026//1 1025//1
f 156//1 1030//1 1029//1
f 1029//3 1033//3 158//3
f 158//1 1033//1 1026//1
f 178//1 1055//1 1054//1
f 166//1 1049//1 1048//1
f 165//1 1048//1 1046//1
f 1046//3 1055//3 178//3
f 177//1 1054//1 1030//1
f 1025//3 1095//3 215//3
f 215//1 1095//1 974//1
f 991//3 1208//3 435//3
f 2911//3 2913//3 2138//3
f 2922//3 2924//3 2146//3
f 2927//6 2150//6 2146//6
f 2913//3 2922//3 2145//3
f 2961//3 2963//3 2195//3
f 2975//6 2203//6 2202//6
f 2975//3 2977//3 2205//3
f 2963//3 2974//3 2202//3
f 2983//6 2210//6 2205//6
f 2927//3 2961//3 2192//3
f 3185//6 2303//6 2302//6
f 3181//3 3184//3 2302//3
f 3202//6 2319//6 2318//6
f 3198//3 3201//3 2318//3
f 3198//6 2315//6 2312//6
f 3185//3 3196//3 2312//3
f 3272//6 2398//6 2397//6
f 3278//6 2404//6 2403//6
f 3275//3 3277//3 2403//3
f 3275//6 2400//6 2398//6
f 3293//6 2416//6 2415//6
f 3308//6 2425//6 2424//6
f 3307//6 2424//6 2421//6
f 3293//3 3305//3 2421//3
f 3292//6 2415//6 2404//6
f 3235//3 3271//3 2397//3
f 3235//6 2355//6 2319//6
f 2983//3 3181//3 2299//3
f 574//1 1457//1 1456//1
f 589//1 1466//1 1465//1
f 576//1 1460//1 1457//1
f 1465//4 1460//4 576//4
f 604//1 1478//1 1477//1
f 1481//4 1478//4 604//4
f 610//1 1484//1 1483//1
f 609//1 1483//1 1481//1
f 603//1 1477//1 1466//1
f 1526//4 1484//4 610//4
f 680//1 1563//1 1562//1
f 1566//4 1563//4 680//4
f 697//1 1579//1 1578//1
f 1582//4 1579//4 697//4
f 685//1 1569//1 1566//1
f 1578//4 1569//4 685//4
f 907//1 1679//1 1678//1
f 1678//4 1676//4 904//4
f 1689//4 1686//4 918//4
f 1686//4 1679//4 907//4
f 1736//4 1735//4 957//4
f 1745//4 1743//4 968//4
f 957//1 1735//1 1731//1
f 1743//4 1736//4 959//4
f 904//1 1676//1 1671//1
f 1731//4 1689//4 920//4
f 679//1 1562//1 1526//1
f 1671//4 1582//4 700//4
f 3716//6 2833//6 2832//6
f 3704//6 2827//6 2826//6
f 3719//6 2835//6 2833//6
f 3719//4 3703//4 2826//4
f 3726//6 2852//6 2851//6
f 3726//4 3723//4 2848//4
f 3730//6 2856//6 2855//6
f 3729//6 2855//6 2848//6
f 3725//6 2851//6 2827//6
f 3730//4 3666//4 2786//4
f 3398//4 3396//4 2621//4
f 3413//4 3411//4 2634//4
f 3413//6 2635//6 2632//6
f 3411//4 3398//4 2623//4
f 3454//4 3451//4 2682//4
f 3465//6 2693//6 2692//6
f 3467//4 3464//4 2692//4
f 3465//4 3454//4 2686//4
f 3467//6 2695//6 2673//6
f 3451//4 3409//4 2632//4
f 3791//6 2908//6 2907//6
f 3791//4 3787//4 2904//4
f 3776//6 2894//6 2893//6
f 3776//4 3772//4 2890//4
f 3794//6 2910//6 2904//6
f 3794//4 3775//4 2893//4
f 3790//6 2907//6 2786//6
f 3772//4 3446//4 2673//4
f 488//1 490//1 36//1
f 38//2 492//2 488//2
f 501//1 503//1 49//1
f 51//2 505//2 501//2
f 486//1 492//1 38//1
f 49//2 503//2 486//2
f 541//1 543//1 124//1
f 549//1 551//1 135//1
f 137//2 553//2 549//2
f 543//1 553//1 137//1
f 571//1 573//1 166//1
f 577//1 579//1 174//1
f 569//1 571//1 164//1
f 174//2 579//2 569//2
f 551//1 577//1 172//1
f 210//2 611//2 541//2
f 284//2 703//2 701//2
f 709//1 711//1 295//1
f 297//2 713//2 709//2
f 295//2 711//2 703//2
f 359//2 764//2 762//2
f 365//2 772//2 770//2
f 760//1 764//1 359//1
f 363//2 770//2 760//2
f 701//1 729//1 328//1
f 357//2 762//2 713//2
f 490//1 611//1 210//1
f 328//2 729//2 505//2
f 1456//1 1458//1 1051//1
f 1469//1 1471//1 1066//1
f 1458//1 1462//1 1053//1
f 1469//5 1064//5 1053//5
f 1498//1 1500//1 1084//1
f 1502//5 1086//5 1084//5
f 1511//1 1513//1 1094//1
f 1502//1 1511//1 1092//1
f 1471//1 1498//1 1082//1
f 1531//5 1130//5 1094//5
f 1616//1 1618//1 1164//1
f 1621//5 1167//5 1164//5
f 1634//1 1636//1 1182//1
f 1639//5 1185//5 1182//5
f 1621//1 1629//1 1169//1
f 1634//5 1180//5 1169//5
f 1814//5 1395//5 1393//5
f 1820//1 1822//1 1406//1
f 1824//5 1408//5 1406//5
f 1820//5 1404//5 1395//5
f 1847//5 1442//5 1440//5
f 1862//5 1455//5 1453//5
f 1847//1 1853//1 1444//1
f 1860//5 1453//5 1444//5
f 1781//1 1812//1 1393//1
f 1845//5 1440//5 1408//5
f 1531//1 1616//1 1162//1
f 1781//5 1380//5 1185//5
f 2021//2 2428//2 2426//2
f 2036//2 2441//2 2439//2
f 2439//6 2437//6 2028//6
f 2028//2 2437//2 2428//2
f 2477//6 2475//6 2059//6
f 2059//2 2475//2 2473//2
f 2069//2 2488//2 2486//2
f 2067//2 2486//2 2477//2
f 2501//6 2488//6 2069//6
f 2057//2 2473//2 2441//2
f 2701//6 2699//6 2245//6
f 2245//2 2699//2 2696//2
f 2719//6 2717//6 2263//6
f 2263//2 2717//2 2714//2
f 2714//6 2712//6 2252//6
f 2252//2 2712//2 2701//2
f 2789//6 2787//6 2368//6
f 2799//6 2797//6 2381//6
f 2381//2 2797//2 2795//2
f 2795//6 2789//6 2370//6
f 2817//6 2815//6 2410//6
f 2832//6 2830//6 2423//6
f 2830//6 2828//6 2419//6
f 2419//2 2828//2 2817//2
f 2815//6 2799//6 2383//6
f 2368//2 2787//2 2751//2
f 2751//6 2719//6 2265//6
f 2242//2 2696//2 2501//2
f 3518//5 3111//5 3109//5
f 3524//5 3119//5 3117//5
f 3530//6 3522//6 3117//6
f 3530//5 3121//5 3111//5
f 3588//6 3586//6 3170//6
f 3588//5 3172//5 3168//5
f 3599//5 3180//5 3178//5
f 3597//5 3178//5 3170//5
f 3599//6 3553//6 3152//6
f 3584//5 3168//5 3119//5
f 3709//6 3707//6 3302//6
f 3717//6 3715//6 3308//6
f 3721//6 3717//6 3310//6
f 3721//5 3312//5 3302//5
f 3748//6 3746//6 3330//6
f 3748//5 3332//5 3328//5
f 3759//6 3757//6 3338//6
f 3757//6 3744//6 3328//6
f 3746//6 3709//6 3304//6
f 3759//5 3340//5 3270//5
f 3834//6 3832//6 3378//6
f 3834//5 3380//5 3376//5
f 3847//6 3845//6 3391//6
f 3847//5 3393//5 3389//5
f 3855//6 3843//6 3389//6
f 3855//5 3395//5 3378//5
f 3845//6 3671//6 3270//6
f 3830//5 3376//5 3152//5
f 573//1 1456//1 1049//1
f 3715//6 2832//6 2425//6
f 2019//2 2426//2 772//2
f 3516//5 3109//5 1455//5
f 1260//3 2911//3 2136//3
f 3396//4 1745//4 970//4
